kit: licensed
baking the light
t 0.0 s · summed work 236.6 ms (tick 0.0, mesh 1.4, encode 204.3, wait 30.9) · raised 0 · pieces 0 · chunks 0 · sprites 0 · Meteor Showcase · 0 meteors in flight · 1: cast eight · R: rebuild · the caster casts again after each rebuild
t 1.0 s · summed work 5.0 ms (tick 0.4, mesh 0.9, encode 1.1, wait 2.6) · raised 0 · pieces 0 · chunks 0 · sprites 0 · Meteor Showcase · 0 meteors in flight · 1: cast eight · R: rebuild · the caster casts again after each rebuild
t 2.0 s · summed work 4.5 ms (tick 0.2, mesh 0.8, encode 0.8, wait 2.7) · raised 0 · pieces 0 · chunks 0 · sprites 0 · Meteor Showcase · 0 meteors in flight · 1: cast eight · R: rebuild · the caster casts again after each rebuild
t 3.0 s · summed work 4.6 ms (tick 0.1, mesh 0.9, encode 1.0, wait 2.6) · raised 0 · pieces 0 · chunks 0 · sprites 1 · Meteor Showcase · 0 meteors in flight · 1: cast eight · R: rebuild · the caster casts again after each rebuild
t 4.0 s · summed work 4.5 ms (tick 0.1, mesh 1.0, encode 0.9, wait 2.5) · raised 0 · pieces 0 · chunks 0 · sprites 63 · Meteor Showcase · 0 meteors in flight · 1: cast eight · R: rebuild · the caster casts again after each rebuild
t 5.0 s · summed work 5.8 ms (tick 0.1, mesh 1.0, encode 0.9, wait 3.8) · raised 0 · pieces 0 · chunks 0 · sprites 60 · Meteor Showcase · 0 meteors in flight · 1: cast eight · R: rebuild · the caster casts again after each rebuild
t 6.0 s · summed work 7.0 ms (tick 0.1, mesh 0.8, encode 1.0, wait 5.1) · raised 0 · pieces 0 · chunks 0 · sprites 141 · Meteor Showcase · 0 meteors in flight · 1: cast eight · R: rebuild · the caster casts again after each rebuild
t 7.0 s · summed work 25.5 ms (tick 9.6, mesh 1.4, encode 6.8, wait 7.7) · raised 2 · pieces 286 · chunks 700 · sprites 1161 · Meteor Showcase · 0 meteors in flight · 1: cast eight · R: rebuild · the caster casts again after each rebuild
t 8.0 s · summed work 12.0 ms (tick 5.0, mesh 1.1, encode 2.1, wait 3.8) · raised 2 · pieces 286 · chunks 700 · sprites 1628 · Meteor Showcase · 0 meteors in flight · 1: cast eight · R: rebuild · the caster casts again after each rebuild
t 9.0 s · summed work 15.1 ms (tick 7.0, mesh 1.0, encode 1.9, wait 5.1) · raised 2 · pieces 286 · chunks 700 · sprites 1011 · Meteor Showcase · 0 meteors in flight · 1: cast eight · R: rebuild · the caster casts again after each rebuild
t 10.0 s · summed work 14.8 ms (tick 8.0, mesh 1.0, encode 1.8, wait 3.9) · raised 2 · pieces 286 · chunks 700 · sprites 452 · Meteor Showcase · 0 meteors in flight · 1: cast eight · R: rebuild · the caster casts again after each rebuild
t 11.0 s · summed work 16.6 ms (tick 8.6, mesh 1.0, encode 1.9, wait 5.1) · raised 2 · pieces 286 · chunks 700 · sprites 404 · Meteor Showcase · 0 meteors in flight · 1: cast eight · R: rebuild · the caster casts again after each rebuild
t 12.0 s · summed work 10.9 ms (tick 4.3, mesh 1.0, encode 1.8, wait 3.8) · raised 2 · pieces 286 · chunks 700 · sprites 381 · Meteor Showcase · 0 meteors in flight · 1: cast eight · R: rebuild · the caster casts again after each rebuild
t 13.0 s · summed work 11.5 ms (tick 2.1, mesh 1.0, encode 2.0, wait 6.3) · raised 2 · pieces 286 · chunks 700 · sprites 351 · Meteor Showcase · 0 meteors in flight · 1: cast eight · R: rebuild · the caster casts again after each rebuild
t 14.0 s · summed work 8.9 ms (tick 1.8, mesh 1.1, encode 2.2, wait 3.8) · raised 2 · pieces 286 · chunks 700 · sprites 323 · Meteor Showcase · 0 meteors in flight · 1: cast eight · R: rebuild · the caster casts again after each rebuild
t 15.0 s · summed work 12.9 ms (tick 1.1, mesh 2.3, encode 5.5, wait 4.0) · raised 2 · pieces 286 · chunks 700 · sprites 310 · Meteor Showcase · 0 meteors in flight · 1: cast eight · R: rebuild · the caster casts again after each rebuild
{
  "mode": "live",
  "camera_path": "director",
  "static_houses": false,
  "sequence_frames": null,
  "readback_every_frame": false,
  "submission_timing": {
    "policy": "serial_explicit",
    "serial_frames_flag": true,
    "pending_frame_limit": 1,
    "maximum_pending_frames": 1,
    "submitted_frames": 960,
    "completed_frames": 960,
    "temporal_baseline_submitted_frames": null,
    "temporal_baseline_completed_frames": null,
    "elapsed_through_final_drain_ms": 11488.1485,
    "completed_frames_per_second": 83.56437941240053,
    "final_drain_ms": 0.0017920000245794654,
    "final_drain_charged_to_frame": 959,
    "warmup_submissions": 0,
    "warmup_drain_ms": 0.0,
    "warmup_method": "This stage required no separate exposure warm-up submissions.",
    "png_writes_and_progress_logs_deferred": false,
    "deferred_png_memory_bound_bytes": 1073741824,
    "continuous_iteration_ms": {
      "p50": 9.050666809082031,
      "p99": 20.7293758392334,
      "max": 642.2488403320312
    },
    "start_to_observed_completion_ms": {
      "p50": 9.03758430480957,
      "p99": 19.90045928955078,
      "max": 234.31166076660156
    },
    "submit_to_observed_completion_ms": {
      "p50": 3.817958116531372,
      "p99": 8.788790702819824,
      "max": 28.538917541503906
    },
    "frames": [
      {
        "index": 0,
        "started_ms": 0.0,
        "submitted_ms": 205.77275,
        "observed_completed_ms": 234.311667,
        "start_to_observed_completion_ms": 234.311667,
        "submit_to_observed_completion_ms": 28.538916999999998,
        "continuous_iteration_ms": 642.2488403320312,
        "frame_ms": 236.6137237548828,
        "component_sum_ms": 236.6137237548828,
        "tick_ms": 0.0,
        "dynamic_mesh_ms": 1.4316660165786743,
        "encode_ms": 204.32867431640625,
        "admission_or_completion_ms": 30.853374481201172
      },
      {
        "index": 1,
        "started_ms": 642.248917,
        "submitted_ms": 644.9783329999999,
        "observed_completed_ms": 652.5765,
        "start_to_observed_completion_ms": 10.327583000000004,
        "submit_to_observed_completion_ms": 7.598167000000103,
        "continuous_iteration_ms": 10.337791442871094,
        "frame_ms": 10.326292991638184,
        "component_sum_ms": 10.326292991638184,
        "tick_ms": 0.2765839993953705,
        "dynamic_mesh_ms": 1.0240000486373901,
        "encode_ms": 1.4208749532699585,
        "admission_or_completion_ms": 7.604834079742432
      },
      {
        "index": 2,
        "started_ms": 652.5867079999999,
        "submitted_ms": 655.1305,
        "observed_completed_ms": 658.9578750000001,
        "start_to_observed_completion_ms": 6.371167000000128,
        "submit_to_observed_completion_ms": 3.8273750000000746,
        "continuous_iteration_ms": 6.380167007446289,
        "frame_ms": 6.369832992553711,
        "component_sum_ms": 6.369832992553711,
        "tick_ms": 0.27399998903274536,
        "dynamic_mesh_ms": 1.066499948501587,
        "encode_ms": 1.1944169998168945,
        "admission_or_completion_ms": 3.834916114807129
      },
      {
        "index": 3,
        "started_ms": 658.966875,
        "submitted_ms": 661.713333,
        "observed_completed_ms": 665.117042,
        "start_to_observed_completion_ms": 6.15016700000001,
        "submit_to_observed_completion_ms": 3.4037089999999353,
        "continuous_iteration_ms": 6.158375263214111,
        "frame_ms": 6.149166107177734,
        "component_sum_ms": 6.149166107177734,
        "tick_ms": 0.2862499952316284,
        "dynamic_mesh_ms": 1.1460000276565552,
        "encode_ms": 1.3092080354690552,
        "admission_or_completion_ms": 3.407707929611206
      },
      {
        "index": 4,
        "started_ms": 665.12525,
        "submitted_ms": 667.721,
        "observed_completed_ms": 670.2927920000001,
        "start_to_observed_completion_ms": 5.167542000000026,
        "submit_to_observed_completion_ms": 2.571792000000073,
        "continuous_iteration_ms": 5.177542209625244,
        "frame_ms": 5.166584014892578,
        "component_sum_ms": 5.166584014892578,
        "tick_ms": 0.4816669821739197,
        "dynamic_mesh_ms": 1.0083330869674683,
        "encode_ms": 1.1015419960021973,
        "admission_or_completion_ms": 2.5750420093536377
      },
      {
        "index": 5,
        "started_ms": 670.302792,
        "submitted_ms": 672.75525,
        "observed_completed_ms": 675.3127920000001,
        "start_to_observed_completion_ms": 5.010000000000105,
        "submit_to_observed_completion_ms": 2.557542000000012,
        "continuous_iteration_ms": 5.018290996551514,
        "frame_ms": 5.007416725158691,
        "component_sum_ms": 5.007416725158691,
        "tick_ms": 0.17854200303554535,
        "dynamic_mesh_ms": 1.108375072479248,
        "encode_ms": 1.1571249961853027,
        "admission_or_completion_ms": 2.5633747577667236
      },
      {
        "index": 6,
        "started_ms": 675.321083,
        "submitted_ms": 677.695875,
        "observed_completed_ms": 680.267458,
        "start_to_observed_completion_ms": 4.946374999999989,
        "submit_to_observed_completion_ms": 2.5715830000000324,
        "continuous_iteration_ms": 4.955459117889404,
        "frame_ms": 4.944208145141602,
        "component_sum_ms": 4.944208145141602,
        "tick_ms": 0.1904579997062683,
        "dynamic_mesh_ms": 1.0064170360565186,
        "encode_ms": 1.1737079620361328,
        "admission_or_completion_ms": 2.573625087738037
      },
      {
        "index": 7,
        "started_ms": 680.276542,
        "submitted_ms": 682.570417,
        "observed_completed_ms": 686.392333,
        "start_to_observed_completion_ms": 6.115791000000058,
        "submit_to_observed_completion_ms": 3.8219159999999874,
        "continuous_iteration_ms": 6.1246657371521,
        "frame_ms": 6.1158342361450195,
        "component_sum_ms": 6.1158342361450195,
        "tick_ms": 0.20250000059604645,
        "dynamic_mesh_ms": 0.9899999499320984,
        "encode_ms": 1.0982919931411743,
        "admission_or_completion_ms": 3.8250420093536377
      },
      {
        "index": 8,
        "started_ms": 686.401208,
        "submitted_ms": 689.008792,
        "observed_completed_ms": 691.555083,
        "start_to_observed_completion_ms": 5.153874999999971,
        "submit_to_observed_completion_ms": 2.5462909999999965,
        "continuous_iteration_ms": 5.16087532043457,
        "frame_ms": 5.150625228881836,
        "component_sum_ms": 5.150625228881836,
        "tick_ms": 0.4474579989910126,
        "dynamic_mesh_ms": 1.0209579467773438,
        "encode_ms": 1.1278749704360962,
        "admission_or_completion_ms": 2.5543341636657715
      },
      {
        "index": 9,
        "started_ms": 691.562083,
        "submitted_ms": 694.149917,
        "observed_completed_ms": 696.7283749999999,
        "start_to_observed_completion_ms": 5.166291999999885,
        "submit_to_observed_completion_ms": 2.578457999999955,
        "continuous_iteration_ms": 5.174458980560303,
        "frame_ms": 5.164709091186523,
        "component_sum_ms": 5.164709091186523,
        "tick_ms": 0.3034590184688568,
        "dynamic_mesh_ms": 1.0112910270690918,
        "encode_ms": 1.269084095954895,
        "admission_or_completion_ms": 2.5808749198913574
      },
      {
        "index": 10,
        "started_ms": 696.736542,
        "submitted_ms": 698.9230829999999,
        "observed_completed_ms": 701.493208,
        "start_to_observed_completion_ms": 4.756665999999996,
        "submit_to_observed_completion_ms": 2.5701250000000755,
        "continuous_iteration_ms": 4.769333362579346,
        "frame_ms": 4.756792068481445,
        "component_sum_ms": 4.756792068481445,
        "tick_ms": 0.17149999737739563,
        "dynamic_mesh_ms": 0.9678329825401306,
        "encode_ms": 1.0443750619888306,
        "admission_or_completion_ms": 2.5730838775634766
      },
      {
        "index": 11,
        "started_ms": 701.505875,
        "submitted_ms": 703.7826670000001,
        "observed_completed_ms": 706.3335830000001,
        "start_to_observed_completion_ms": 4.827708000000143,
        "submit_to_observed_completion_ms": 2.5509160000000293,
        "continuous_iteration_ms": 4.834875106811523,
        "frame_ms": 4.8273749351501465,
        "component_sum_ms": 4.8273749351501465,
        "tick_ms": 0.22295799851417542,
        "dynamic_mesh_ms": 1.0297499895095825,
        "encode_ms": 1.0209169387817383,
        "admission_or_completion_ms": 2.5537500381469727
      },
      {
        "index": 12,
        "started_ms": 706.34075,
        "submitted_ms": 708.553792,
        "observed_completed_ms": 712.363208,
        "start_to_observed_completion_ms": 6.022458000000029,
        "submit_to_observed_completion_ms": 3.809415999999942,
        "continuous_iteration_ms": 6.028666973114014,
        "frame_ms": 6.021458148956299,
        "component_sum_ms": 6.021458148956299,
        "tick_ms": 0.249208003282547,
        "dynamic_mesh_ms": 1.0167920589447021,
        "encode_ms": 0.9448340535163879,
        "admission_or_completion_ms": 3.810624122619629
      },
      {
        "index": 13,
        "started_ms": 712.369417,
        "submitted_ms": 714.703042,
        "observed_completed_ms": 717.241583,
        "start_to_observed_completion_ms": 4.872165999999993,
        "submit_to_observed_completion_ms": 2.5385410000000093,
        "continuous_iteration_ms": 4.877915859222412,
        "frame_ms": 4.871708869934082,
        "component_sum_ms": 4.871708869934082,
        "tick_ms": 0.4457080066204071,
        "dynamic_mesh_ms": 0.9712499976158142,
        "encode_ms": 0.9147090315818787,
        "admission_or_completion_ms": 2.540041923522949
      },
      {
        "index": 14,
        "started_ms": 717.247333,
        "submitted_ms": 719.320208,
        "observed_completed_ms": 721.8675420000001,
        "start_to_observed_completion_ms": 4.620209000000045,
        "submit_to_observed_completion_ms": 2.5473340000000917,
        "continuous_iteration_ms": 4.626375198364258,
        "frame_ms": 4.619502067565918,
        "component_sum_ms": 4.619502067565918,
        "tick_ms": 0.2462090104818344,
        "dynamic_mesh_ms": 0.9629589915275574,
        "encode_ms": 0.8613330125808716,
        "admission_or_completion_ms": 2.5490009784698486
      },
      {
        "index": 15,
        "started_ms": 721.873708,
        "submitted_ms": 723.922792,
        "observed_completed_ms": 726.462208,
        "start_to_observed_completion_ms": 4.588500000000067,
        "submit_to_observed_completion_ms": 2.539416000000074,
        "continuous_iteration_ms": 4.6232500076293945,
        "frame_ms": 4.588167190551758,
        "component_sum_ms": 4.588167190551758,
        "tick_ms": 0.21400000154972076,
        "dynamic_mesh_ms": 0.9486249685287476,
        "encode_ms": 0.8850839734077454,
        "admission_or_completion_ms": 2.5404579639434814
      },
      {
        "index": 16,
        "started_ms": 726.4969580000001,
        "submitted_ms": 728.781208,
        "observed_completed_ms": 731.3222499999999,
        "start_to_observed_completion_ms": 4.825291999999877,
        "submit_to_observed_completion_ms": 2.5410419999999476,
        "continuous_iteration_ms": 4.83220911026001,
        "frame_ms": 4.824708938598633,
        "component_sum_ms": 4.824708938598633,
        "tick_ms": 0.28700000047683716,
        "dynamic_mesh_ms": 0.9908339977264404,
        "encode_ms": 1.0042500495910645,
        "admission_or_completion_ms": 2.5426249504089355
      },
      {
        "index": 17,
        "started_ms": 731.329167,
        "submitted_ms": 733.3125,
        "observed_completed_ms": 735.859083,
        "start_to_observed_completion_ms": 4.529916000000071,
        "submit_to_observed_completion_ms": 2.546583000000055,
        "continuous_iteration_ms": 4.538125038146973,
        "frame_ms": 4.529417037963867,
        "component_sum_ms": 4.529417037963867,
        "tick_ms": 0.15858399868011475,
        "dynamic_mesh_ms": 0.9589580297470093,
        "encode_ms": 0.8638330101966858,
        "admission_or_completion_ms": 2.548041820526123
      },
      {
        "index": 18,
        "started_ms": 735.867292,
        "submitted_ms": 737.947708,
        "observed_completed_ms": 740.488958,
        "start_to_observed_completion_ms": 4.621666000000005,
        "submit_to_observed_completion_ms": 2.541249999999991,
        "continuous_iteration_ms": 4.6267499923706055,
        "frame_ms": 4.621417045593262,
        "component_sum_ms": 4.621417045593262,
        "tick_ms": 0.1942090094089508,
        "dynamic_mesh_ms": 0.9776250123977661,
        "encode_ms": 0.9066250324249268,
        "admission_or_completion_ms": 2.5429580211639404
      },
      {
        "index": 19,
        "started_ms": 740.494042,
        "submitted_ms": 742.507875,
        "observed_completed_ms": 745.06,
        "start_to_observed_completion_ms": 4.56595799999991,
        "submit_to_observed_completion_ms": 2.5521249999999327,
        "continuous_iteration_ms": 4.572249889373779,
        "frame_ms": 4.565792083740234,
        "component_sum_ms": 4.565792083740234,
        "tick_ms": 0.22916699945926666,
        "dynamic_mesh_ms": 0.9492079615592957,
        "encode_ms": 0.8338750004768372,
        "admission_or_completion_ms": 2.553542137145996
      },
      {
        "index": 20,
        "started_ms": 745.066292,
        "submitted_ms": 747.2893750000001,
        "observed_completed_ms": 749.826333,
        "start_to_observed_completion_ms": 4.760041000000001,
        "submit_to_observed_completion_ms": 2.5369579999999132,
        "continuous_iteration_ms": 4.764458179473877,
        "frame_ms": 4.758872985839844,
        "component_sum_ms": 4.758872985839844,
        "tick_ms": 0.24208299815654755,
        "dynamic_mesh_ms": 0.9971660375595093,
        "encode_ms": 0.9813329577445984,
        "admission_or_completion_ms": 2.5382909774780273
      },
      {
        "index": 21,
        "started_ms": 749.83075,
        "submitted_ms": 751.9623330000001,
        "observed_completed_ms": 754.5102919999999,
        "start_to_observed_completion_ms": 4.6795419999999694,
        "submit_to_observed_completion_ms": 2.547958999999878,
        "continuous_iteration_ms": 4.685583114624023,
        "frame_ms": 4.679208278656006,
        "component_sum_ms": 4.679208278656006,
        "tick_ms": 0.16383299231529236,
        "dynamic_mesh_ms": 0.9806250333786011,
        "encode_ms": 0.9850830435752869,
        "admission_or_completion_ms": 2.5496671199798584
      },
      {
        "index": 22,
        "started_ms": 754.516333,
        "submitted_ms": 756.4885,
        "observed_completed_ms": 759.027167,
        "start_to_observed_completion_ms": 4.510833999999932,
        "submit_to_observed_completion_ms": 2.5386669999999185,
        "continuous_iteration_ms": 4.515250205993652,
        "frame_ms": 4.510499000549316,
        "component_sum_ms": 4.510499000549316,
        "tick_ms": 0.17783300578594208,
        "dynamic_mesh_ms": 0.9382500052452087,
        "encode_ms": 0.8545829653739929,
        "admission_or_completion_ms": 2.5398330688476562
      },
      {
        "index": 23,
        "started_ms": 759.031583,
        "submitted_ms": 761.275667,
        "observed_completed_ms": 763.8125,
        "start_to_observed_completion_ms": 4.780917000000045,
        "submit_to_observed_completion_ms": 2.5368330000000014,
        "continuous_iteration_ms": 4.78529167175293,
        "frame_ms": 4.779876232147217,
        "component_sum_ms": 4.779876232147217,
        "tick_ms": 0.3525420129299164,
        "dynamic_mesh_ms": 0.9263330101966858,
        "encode_ms": 0.9622089862823486,
        "admission_or_completion_ms": 2.538792133331299
      },
      {
        "index": 24,
        "started_ms": 763.816875,
        "submitted_ms": 765.68375,
        "observed_completed_ms": 769.4957919999999,
        "start_to_observed_completion_ms": 5.678916999999956,
        "submit_to_observed_completion_ms": 3.812041999999906,
        "continuous_iteration_ms": 5.686417102813721,
        "frame_ms": 5.678999900817871,
        "component_sum_ms": 5.678999900817871,
        "tick_ms": 0.2087080031633377,
        "dynamic_mesh_ms": 0.8853750228881836,
        "encode_ms": 0.7717919945716858,
        "admission_or_completion_ms": 3.8131251335144043
      },
      {
        "index": 25,
        "started_ms": 769.503292,
        "submitted_ms": 771.557875,
        "observed_completed_ms": 774.090333,
        "start_to_observed_completion_ms": 4.587040999999999,
        "submit_to_observed_completion_ms": 2.5324580000000196,
        "continuous_iteration_ms": 4.591958045959473,
        "frame_ms": 4.586291313171387,
        "component_sum_ms": 4.586291313171387,
        "tick_ms": 0.23274999856948853,
        "dynamic_mesh_ms": 0.9239159822463989,
        "encode_ms": 0.8960829973220825,
        "admission_or_completion_ms": 2.5335419178009033
      },
      {
        "index": 26,
        "started_ms": 774.09525,
        "submitted_ms": 776.0298329999999,
        "observed_completed_ms": 778.378333,
        "start_to_observed_completion_ms": 4.283083000000033,
        "submit_to_observed_completion_ms": 2.348500000000058,
        "continuous_iteration_ms": 4.297749996185303,
        "frame_ms": 4.282792091369629,
        "component_sum_ms": 4.282792091369629,
        "tick_ms": 0.21433301270008087,
        "dynamic_mesh_ms": 0.8871249556541443,
        "encode_ms": 0.8314999938011169,
        "admission_or_completion_ms": 2.3498339653015137
      },
      {
        "index": 27,
        "started_ms": 778.393,
        "submitted_ms": 780.783375,
        "observed_completed_ms": 783.3184170000001,
        "start_to_observed_completion_ms": 4.925417000000039,
        "submit_to_observed_completion_ms": 2.5350420000000895,
        "continuous_iteration_ms": 4.930042266845703,
        "frame_ms": 4.924166679382324,
        "component_sum_ms": 4.924166679382324,
        "tick_ms": 0.4424999952316284,
        "dynamic_mesh_ms": 0.9629579782485962,
        "encode_ms": 0.9817919731140137,
        "admission_or_completion_ms": 2.536916971206665
      },
      {
        "index": 28,
        "started_ms": 783.323042,
        "submitted_ms": 785.267042,
        "observed_completed_ms": 787.8221669999999,
        "start_to_observed_completion_ms": 4.499124999999935,
        "submit_to_observed_completion_ms": 2.5551249999999754,
        "continuous_iteration_ms": 4.507332801818848,
        "frame_ms": 4.499000072479248,
        "component_sum_ms": 4.499000072479248,
        "tick_ms": 0.14333300292491913,
        "dynamic_mesh_ms": 0.9016250371932983,
        "encode_ms": 0.8969590067863464,
        "admission_or_completion_ms": 2.5570831298828125
      },
      {
        "index": 29,
        "started_ms": 787.830375,
        "submitted_ms": 789.902833,
        "observed_completed_ms": 793.709917,
        "start_to_observed_completion_ms": 5.879542000000015,
        "submit_to_observed_completion_ms": 3.8070840000000317,
        "continuous_iteration_ms": 5.88658332824707,
        "frame_ms": 5.879499912261963,
        "component_sum_ms": 5.879499912261963,
        "tick_ms": 0.16729100048542023,
        "dynamic_mesh_ms": 0.9210420250892639,
        "encode_ms": 0.9820410013198853,
        "admission_or_completion_ms": 3.8091259002685547
      },
      {
        "index": 30,
        "started_ms": 793.716958,
        "submitted_ms": 795.773458,
        "observed_completed_ms": 798.3074999999999,
        "start_to_observed_completion_ms": 4.590541999999914,
        "submit_to_observed_completion_ms": 2.5340419999998858,
        "continuous_iteration_ms": 4.595749855041504,
        "frame_ms": 4.589749813079834,
        "component_sum_ms": 4.589749813079834,
        "tick_ms": 0.18916699290275574,
        "dynamic_mesh_ms": 0.9137089848518372,
        "encode_ms": 0.951541006565094,
        "admission_or_completion_ms": 2.5353329181671143
      },
      {
        "index": 31,
        "started_ms": 798.3127079999999,
        "submitted_ms": 800.323708,
        "observed_completed_ms": 804.125708,
        "start_to_observed_completion_ms": 5.813000000000102,
        "submit_to_observed_completion_ms": 3.802000000000021,
        "continuous_iteration_ms": 5.819125175476074,
        "frame_ms": 5.812292098999023,
        "component_sum_ms": 5.812292098999023,
        "tick_ms": 0.264833003282547,
        "dynamic_mesh_ms": 0.8957920074462891,
        "encode_ms": 0.8487079739570618,
        "admission_or_completion_ms": 3.8029592037200928
      },
      {
        "index": 32,
        "started_ms": 804.131833,
        "submitted_ms": 806.087667,
        "observed_completed_ms": 808.624333,
        "start_to_observed_completion_ms": 4.49249999999995,
        "submit_to_observed_completion_ms": 2.5366659999999683,
        "continuous_iteration_ms": 4.498709201812744,
        "frame_ms": 4.4922075271606445,
        "component_sum_ms": 4.4922075271606445,
        "tick_ms": 0.21820800006389618,
        "dynamic_mesh_ms": 0.8919169902801514,
        "encode_ms": 0.844124972820282,
        "admission_or_completion_ms": 2.5379579067230225
      },
      {
        "index": 33,
        "started_ms": 808.630542,
        "submitted_ms": 810.6524579999999,
        "observed_completed_ms": 813.197708,
        "start_to_observed_completion_ms": 4.567166000000043,
        "submit_to_observed_completion_ms": 2.5452500000001237,
        "continuous_iteration_ms": 4.572000026702881,
        "frame_ms": 4.565459251403809,
        "component_sum_ms": 4.565459251403809,
        "tick_ms": 0.14829200506210327,
        "dynamic_mesh_ms": 0.9578750133514404,
        "encode_ms": 0.9125000238418579,
        "admission_or_completion_ms": 2.5467920303344727
      },
      {
        "index": 34,
        "started_ms": 813.202542,
        "submitted_ms": 815.0905,
        "observed_completed_ms": 817.64125,
        "start_to_observed_completion_ms": 4.43870800000002,
        "submit_to_observed_completion_ms": 2.5507499999999936,
        "continuous_iteration_ms": 4.447041034698486,
        "frame_ms": 4.438374996185303,
        "component_sum_ms": 4.438374996185303,
        "tick_ms": 0.15479199588298798,
        "dynamic_mesh_ms": 0.8866659998893738,
        "encode_ms": 0.8448749780654907,
        "admission_or_completion_ms": 2.552042007446289
      },
      {
        "index": 35,
        "started_ms": 817.649583,
        "submitted_ms": 819.6535419999999,
        "observed_completed_ms": 822.196417,
        "start_to_observed_completion_ms": 4.54683399999999,
        "submit_to_observed_completion_ms": 2.5428750000000946,
        "continuous_iteration_ms": 4.552584171295166,
        "frame_ms": 4.545458793640137,
        "component_sum_ms": 4.545458793640137,
        "tick_ms": 0.2348330020904541,
        "dynamic_mesh_ms": 0.8870000243186951,
        "encode_ms": 0.879709005355835,
        "admission_or_completion_ms": 2.543916940689087
      },
      {
        "index": 36,
        "started_ms": 822.202167,
        "submitted_ms": 824.306417,
        "observed_completed_ms": 828.1095419999999,
        "start_to_observed_completion_ms": 5.907374999999888,
        "submit_to_observed_completion_ms": 3.803124999999909,
        "continuous_iteration_ms": 5.916416168212891,
        "frame_ms": 5.907582759857178,
        "component_sum_ms": 5.907582759857178,
        "tick_ms": 0.3483330011367798,
        "dynamic_mesh_ms": 0.8891249895095825,
        "encode_ms": 0.8651670217514038,
        "admission_or_completion_ms": 3.804957866668701
      },
      {
        "index": 37,
        "started_ms": 828.118583,
        "submitted_ms": 830.324833,
        "observed_completed_ms": 832.871167,
        "start_to_observed_completion_ms": 4.75258400000007,
        "submit_to_observed_completion_ms": 2.5463340000000017,
        "continuous_iteration_ms": 4.75837516784668,
        "frame_ms": 4.751874923706055,
        "component_sum_ms": 4.751874923706055,
        "tick_ms": 0.2470419853925705,
        "dynamic_mesh_ms": 0.999875009059906,
        "encode_ms": 0.9566249847412109,
        "admission_or_completion_ms": 2.548332929611206
      },
      {
        "index": 38,
        "started_ms": 832.876958,
        "submitted_ms": 835.1413749999999,
        "observed_completed_ms": 837.690958,
        "start_to_observed_completion_ms": 4.814000000000078,
        "submit_to_observed_completion_ms": 2.549583000000098,
        "continuous_iteration_ms": 4.819999694824219,
        "frame_ms": 4.813667297363281,
        "component_sum_ms": 4.813667297363281,
        "tick_ms": 0.21033300459384918,
        "dynamic_mesh_ms": 0.9135410189628601,
        "encode_ms": 1.1390420198440552,
        "admission_or_completion_ms": 2.550751209259033
      },
      {
        "index": 39,
        "started_ms": 837.696958,
        "submitted_ms": 839.780333,
        "observed_completed_ms": 842.327042,
        "start_to_observed_completion_ms": 4.630084000000011,
        "submit_to_observed_completion_ms": 2.5467089999999644,
        "continuous_iteration_ms": 4.637542247772217,
        "frame_ms": 4.629374027252197,
        "component_sum_ms": 4.629374027252197,
        "tick_ms": 0.3459160029888153,
        "dynamic_mesh_ms": 0.8867079615592957,
        "encode_ms": 0.8490409851074219,
        "admission_or_completion_ms": 2.5477089881896973
      },
      {
        "index": 40,
        "started_ms": 842.3344999999999,
        "submitted_ms": 844.245625,
        "observed_completed_ms": 846.794083,
        "start_to_observed_completion_ms": 4.459583000000066,
        "submit_to_observed_completion_ms": 2.5484579999999823,
        "continuous_iteration_ms": 4.466291904449463,
        "frame_ms": 4.459208011627197,
        "component_sum_ms": 4.459208011627197,
        "tick_ms": 0.15150000154972076,
        "dynamic_mesh_ms": 0.8785420060157776,
        "encode_ms": 0.878957986831665,
        "admission_or_completion_ms": 2.55020809173584
      },
      {
        "index": 41,
        "started_ms": 846.800792,
        "submitted_ms": 848.7735,
        "observed_completed_ms": 852.5443329999999,
        "start_to_observed_completion_ms": 5.7435409999999365,
        "submit_to_observed_completion_ms": 3.770832999999925,
        "continuous_iteration_ms": 5.749374866485596,
        "frame_ms": 5.742917060852051,
        "component_sum_ms": 5.742917060852051,
        "tick_ms": 0.16437500715255737,
        "dynamic_mesh_ms": 0.9322920441627502,
        "encode_ms": 0.8746670484542847,
        "admission_or_completion_ms": 3.771583080291748
      },
      {
        "index": 42,
        "started_ms": 852.550167,
        "submitted_ms": 854.697042,
        "observed_completed_ms": 857.237458,
        "start_to_observed_completion_ms": 4.687290999999959,
        "submit_to_observed_completion_ms": 2.5404159999999365,
        "continuous_iteration_ms": 4.691790580749512,
        "frame_ms": 4.677917003631592,
        "component_sum_ms": 4.677917003631592,
        "tick_ms": 0.32408398389816284,
        "dynamic_mesh_ms": 0.9304580092430115,
        "encode_ms": 0.8808339834213257,
        "admission_or_completion_ms": 2.542541027069092
      },
      {
        "index": 43,
        "started_ms": 857.2419580000001,
        "submitted_ms": 859.2860420000001,
        "observed_completed_ms": 861.8295,
        "start_to_observed_completion_ms": 4.587541999999985,
        "submit_to_observed_completion_ms": 2.543457999999987,
        "continuous_iteration_ms": 4.592584133148193,
        "frame_ms": 4.58725118637085,
        "component_sum_ms": 4.58725118637085,
        "tick_ms": 0.2865830063819885,
        "dynamic_mesh_ms": 0.8856669664382935,
        "encode_ms": 0.8704590201377869,
        "admission_or_completion_ms": 2.544542074203491
      },
      {
        "index": 44,
        "started_ms": 861.8345419999999,
        "submitted_ms": 863.707625,
        "observed_completed_ms": 866.242708,
        "start_to_observed_completion_ms": 4.408166000000051,
        "submit_to_observed_completion_ms": 2.535082999999986,
        "continuous_iteration_ms": 4.41179084777832,
        "frame_ms": 4.407625198364258,
        "component_sum_ms": 4.407625198364258,
        "tick_ms": 0.15787500143051147,
        "dynamic_mesh_ms": 0.8612499833106995,
        "encode_ms": 0.8525829911231995,
        "admission_or_completion_ms": 2.535917043685913
      },
      {
        "index": 45,
        "started_ms": 866.2463329999999,
        "submitted_ms": 868.30775,
        "observed_completed_ms": 870.858167,
        "start_to_observed_completion_ms": 4.611834000000044,
        "submit_to_observed_completion_ms": 2.550416999999925,
        "continuous_iteration_ms": 4.617709159851074,
        "frame_ms": 4.611249923706055,
        "component_sum_ms": 4.611249923706055,
        "tick_ms": 0.15974999964237213,
        "dynamic_mesh_ms": 0.8366249799728394,
        "encode_ms": 1.063499927520752,
        "admission_or_completion_ms": 2.551375150680542
      },
      {
        "index": 46,
        "started_ms": 870.864042,
        "submitted_ms": 872.918333,
        "observed_completed_ms": 875.453667,
        "start_to_observed_completion_ms": 4.589624999999955,
        "submit_to_observed_completion_ms": 2.5353340000000344,
        "continuous_iteration_ms": 4.594124794006348,
        "frame_ms": 4.58870792388916,
        "component_sum_ms": 4.58870792388916,
        "tick_ms": 0.26750001311302185,
        "dynamic_mesh_ms": 0.9028750061988831,
        "encode_ms": 0.881583034992218,
        "admission_or_completion_ms": 2.536750078201294
      },
      {
        "index": 47,
        "started_ms": 875.458167,
        "submitted_ms": 877.4142919999999,
        "observed_completed_ms": 879.953792,
        "start_to_observed_completion_ms": 4.495625000000018,
        "submit_to_observed_completion_ms": 2.539500000000089,
        "continuous_iteration_ms": 4.4995832443237305,
        "frame_ms": 4.494376182556152,
        "component_sum_ms": 4.494376182556152,
        "tick_ms": 0.17612500488758087,
        "dynamic_mesh_ms": 0.9002499580383301,
        "encode_ms": 0.8775839805603027,
        "admission_or_completion_ms": 2.540416955947876
      },
      {
        "index": 48,
        "started_ms": 879.95775,
        "submitted_ms": 881.762958,
        "observed_completed_ms": 884.3106670000001,
        "start_to_observed_completion_ms": 4.352917000000048,
        "submit_to_observed_completion_ms": 2.5477090000000544,
        "continuous_iteration_ms": 4.360583305358887,
        "frame_ms": 4.352334022521973,
        "component_sum_ms": 4.352334022521973,
        "tick_ms": 0.16483300924301147,
        "dynamic_mesh_ms": 0.8282920122146606,
        "encode_ms": 0.8105409741401672,
        "admission_or_completion_ms": 2.548668146133423
      },
      {
        "index": 49,
        "started_ms": 884.3183329999999,
        "submitted_ms": 886.1367919999999,
        "observed_completed_ms": 888.5499169999999,
        "start_to_observed_completion_ms": 4.231583999999998,
        "submit_to_observed_completion_ms": 2.4131250000000364,
        "continuous_iteration_ms": 4.236499786376953,
        "frame_ms": 4.231165885925293,
        "component_sum_ms": 4.231165885925293,
        "tick_ms": 0.172542005777359,
        "dynamic_mesh_ms": 0.8449159860610962,
        "encode_ms": 0.7993749976158142,
        "admission_or_completion_ms": 2.4143331050872803
      },
      {
        "index": 50,
        "started_ms": 888.554833,
        "submitted_ms": 890.613125,
        "observed_completed_ms": 893.1694580000001,
        "start_to_observed_completion_ms": 4.614625000000046,
        "submit_to_observed_completion_ms": 2.5563330000001088,
        "continuous_iteration_ms": 4.621999740600586,
        "frame_ms": 4.614250183105469,
        "component_sum_ms": 4.614250183105469,
        "tick_ms": 0.15458300709724426,
        "dynamic_mesh_ms": 0.918874979019165,
        "encode_ms": 0.9816250801086426,
        "admission_or_completion_ms": 2.55916690826416
      },
      {
        "index": 51,
        "started_ms": 893.176833,
        "submitted_ms": 895.3367079999999,
        "observed_completed_ms": 897.8808329999999,
        "start_to_observed_completion_ms": 4.703999999999951,
        "submit_to_observed_completion_ms": 2.544125000000008,
        "continuous_iteration_ms": 4.71037483215332,
        "frame_ms": 4.703457832336426,
        "component_sum_ms": 4.703457832336426,
        "tick_ms": 0.18712499737739563,
        "dynamic_mesh_ms": 0.9132500290870667,
        "encode_ms": 1.057582974433899,
        "admission_or_completion_ms": 2.5455000400543213
      },
      {
        "index": 52,
        "started_ms": 897.887208,
        "submitted_ms": 899.78475,
        "observed_completed_ms": 903.583167,
        "start_to_observed_completion_ms": 5.695959000000016,
        "submit_to_observed_completion_ms": 3.798416999999972,
        "continuous_iteration_ms": 5.702208995819092,
        "frame_ms": 5.6957502365112305,
        "component_sum_ms": 5.6957502365112305,
        "tick_ms": 0.17283299565315247,
        "dynamic_mesh_ms": 0.8677499890327454,
        "encode_ms": 0.8555830121040344,
        "admission_or_completion_ms": 3.799583911895752
      },
      {
        "index": 53,
        "started_ms": 903.5894169999999,
        "submitted_ms": 905.568208,
        "observed_completed_ms": 908.1268329999999,
        "start_to_observed_completion_ms": 4.537416000000007,
        "submit_to_observed_completion_ms": 2.5586249999998927,
        "continuous_iteration_ms": 4.545041084289551,
        "frame_ms": 4.537165641784668,
        "component_sum_ms": 4.537165641784668,
        "tick_ms": 0.1769160032272339,
        "dynamic_mesh_ms": 0.8884580135345459,
        "encode_ms": 0.9114159941673279,
        "admission_or_completion_ms": 2.560375928878784
      },
      {
        "index": 54,
        "started_ms": 908.134458,
        "submitted_ms": 910.570125,
        "observed_completed_ms": 914.456042,
        "start_to_observed_completion_ms": 6.32158400000003,
        "submit_to_observed_completion_ms": 3.885917000000063,
        "continuous_iteration_ms": 6.332334041595459,
        "frame_ms": 6.320333003997803,
        "component_sum_ms": 6.320333003997803,
        "tick_ms": 0.18062499165534973,
        "dynamic_mesh_ms": 0.9783329367637634,
        "encode_ms": 1.2728749513626099,
        "admission_or_completion_ms": 3.888500213623047
      },
      {
        "index": 55,
        "started_ms": 914.466792,
        "submitted_ms": 917.418708,
        "observed_completed_ms": 922.379708,
        "start_to_observed_completion_ms": 7.912915999999996,
        "submit_to_observed_completion_ms": 4.961000000000013,
        "continuous_iteration_ms": 7.924458026885986,
        "frame_ms": 7.911750793457031,
        "component_sum_ms": 7.911750793457031,
        "tick_ms": 0.2556670010089874,
        "dynamic_mesh_ms": 1.171333909034729,
        "encode_ms": 1.5177079439163208,
        "admission_or_completion_ms": 4.967041969299316
      },
      {
        "index": 56,
        "started_ms": 922.39125,
        "submitted_ms": 925.1923330000001,
        "observed_completed_ms": 929.050292,
        "start_to_observed_completion_ms": 6.6590419999999995,
        "submit_to_observed_completion_ms": 3.857958999999937,
        "continuous_iteration_ms": 6.666583061218262,
        "frame_ms": 6.657290935516357,
        "component_sum_ms": 6.657290935516357,
        "tick_ms": 0.2302909940481186,
        "dynamic_mesh_ms": 1.0679999589920044,
        "encode_ms": 1.4973750114440918,
        "admission_or_completion_ms": 3.8616249561309814
      },
      {
        "index": 57,
        "started_ms": 929.057833,
        "submitted_ms": 931.701333,
        "observed_completed_ms": 934.2972080000001,
        "start_to_observed_completion_ms": 5.239375000000109,
        "submit_to_observed_completion_ms": 2.595875000000092,
        "continuous_iteration_ms": 5.250959396362305,
        "frame_ms": 5.238916873931885,
        "component_sum_ms": 5.238916873931885,
        "tick_ms": 0.24625001847743988,
        "dynamic_mesh_ms": 1.028749942779541,
        "encode_ms": 1.3641250133514404,
        "admission_or_completion_ms": 2.599792003631592
      },
      {
        "index": 58,
        "started_ms": 934.308792,
        "submitted_ms": 937.3813749999999,
        "observed_completed_ms": 939.980708,
        "start_to_observed_completion_ms": 5.67191600000001,
        "submit_to_observed_completion_ms": 2.599333000000115,
        "continuous_iteration_ms": 5.683332920074463,
        "frame_ms": 5.670373916625977,
        "component_sum_ms": 5.670373916625977,
        "tick_ms": 0.2615000009536743,
        "dynamic_mesh_ms": 1.0697910785675049,
        "encode_ms": 1.7345420122146606,
        "admission_or_completion_ms": 2.604541063308716
      },
      {
        "index": 59,
        "started_ms": 939.992125,
        "submitted_ms": 943.1620419999999,
        "observed_completed_ms": 945.7305419999999,
        "start_to_observed_completion_ms": 5.738416999999913,
        "submit_to_observed_completion_ms": 2.568499999999972,
        "continuous_iteration_ms": 5.746500015258789,
        "frame_ms": 5.736291885375977,
        "component_sum_ms": 5.736291885375977,
        "tick_ms": 0.22979199886322021,
        "dynamic_mesh_ms": 1.0814169645309448,
        "encode_ms": 1.8526250123977661,
        "admission_or_completion_ms": 2.572458028793335
      },
      {
        "index": 60,
        "started_ms": 945.7386250000001,
        "submitted_ms": 948.136042,
        "observed_completed_ms": 950.748333,
        "start_to_observed_completion_ms": 5.009707999999932,
        "submit_to_observed_completion_ms": 2.6122910000000275,
        "continuous_iteration_ms": 5.068292140960693,
        "frame_ms": 5.00895881652832,
        "component_sum_ms": 5.00895881652832,
        "tick_ms": 0.39308300614356995,
        "dynamic_mesh_ms": 0.9279589653015137,
        "encode_ms": 1.0730839967727661,
        "admission_or_completion_ms": 2.614833116531372
      },
      {
        "index": 61,
        "started_ms": 950.806917,
        "submitted_ms": 954.38975,
        "observed_completed_ms": 956.9572499999999,
        "start_to_observed_completion_ms": 6.150332999999932,
        "submit_to_observed_completion_ms": 2.5674999999998818,
        "continuous_iteration_ms": 6.159124851226807,
        "frame_ms": 6.136041164398193,
        "component_sum_ms": 6.136041164398193,
        "tick_ms": 0.7581660151481628,
        "dynamic_mesh_ms": 1.0968750715255737,
        "encode_ms": 1.707332968711853,
        "admission_or_completion_ms": 2.573667049407959
      },
      {
        "index": 62,
        "started_ms": 956.966042,
        "submitted_ms": 959.608958,
        "observed_completed_ms": 962.181792,
        "start_to_observed_completion_ms": 5.215749999999957,
        "submit_to_observed_completion_ms": 2.5728339999999434,
        "continuous_iteration_ms": 5.223708152770996,
        "frame_ms": 5.214458465576172,
        "component_sum_ms": 5.214458465576172,
        "tick_ms": 0.6541249752044678,
        "dynamic_mesh_ms": 0.9406249523162842,
        "encode_ms": 1.0430830717086792,
        "admission_or_completion_ms": 2.576625108718872
      },
      {
        "index": 63,
        "started_ms": 962.18975,
        "submitted_ms": 964.422583,
        "observed_completed_ms": 966.96875,
        "start_to_observed_completion_ms": 4.778999999999996,
        "submit_to_observed_completion_ms": 2.5461669999999685,
        "continuous_iteration_ms": 4.785542011260986,
        "frame_ms": 4.778373718261719,
        "component_sum_ms": 4.778373718261719,
        "tick_ms": 0.4075410068035126,
        "dynamic_mesh_ms": 0.9041249752044678,
        "encode_ms": 0.9189580082893372,
        "admission_or_completion_ms": 2.5477499961853027
      },
      {
        "index": 64,
        "started_ms": 966.975292,
        "submitted_ms": 969.164375,
        "observed_completed_ms": 971.712625,
        "start_to_observed_completion_ms": 4.737333000000035,
        "submit_to_observed_completion_ms": 2.5482500000000528,
        "continuous_iteration_ms": 4.747791290283203,
        "frame_ms": 4.736166954040527,
        "component_sum_ms": 4.736166954040527,
        "tick_ms": 0.2770000100135803,
        "dynamic_mesh_ms": 0.9477920532226562,
        "encode_ms": 0.9610419869422913,
        "admission_or_completion_ms": 2.550333023071289
      },
      {
        "index": 65,
        "started_ms": 971.723083,
        "submitted_ms": 973.827667,
        "observed_completed_ms": 977.706583,
        "start_to_observed_completion_ms": 5.983500000000049,
        "submit_to_observed_completion_ms": 3.878916000000004,
        "continuous_iteration_ms": 5.991042137145996,
        "frame_ms": 5.982791900634766,
        "component_sum_ms": 5.982791900634766,
        "tick_ms": 0.24562500417232513,
        "dynamic_mesh_ms": 0.8909580111503601,
        "encode_ms": 0.9656670093536377,
        "admission_or_completion_ms": 3.880542039871216
      },
      {
        "index": 66,
        "started_ms": 977.714125,
        "submitted_ms": 980.0495,
        "observed_completed_ms": 982.588208,
        "start_to_observed_completion_ms": 4.8740830000000415,
        "submit_to_observed_completion_ms": 2.5387080000000424,
        "continuous_iteration_ms": 4.881457805633545,
        "frame_ms": 4.872875213623047,
        "component_sum_ms": 4.872875213623047,
        "tick_ms": 0.35533398389816284,
        "dynamic_mesh_ms": 0.9679999947547913,
        "encode_ms": 1.006708025932312,
        "admission_or_completion_ms": 2.542833089828491
      },
      {
        "index": 67,
        "started_ms": 982.595583,
        "submitted_ms": 984.776208,
        "observed_completed_ms": 987.34075,
        "start_to_observed_completion_ms": 4.745166999999924,
        "submit_to_observed_completion_ms": 2.5645419999999604,
        "continuous_iteration_ms": 4.753749847412109,
        "frame_ms": 4.744792938232422,
        "component_sum_ms": 4.744792938232422,
        "tick_ms": 0.22783400118350983,
        "dynamic_mesh_ms": 0.9274170398712158,
        "encode_ms": 1.0232501029968262,
        "admission_or_completion_ms": 2.5662920475006104
      },
      {
        "index": 68,
        "started_ms": 987.349333,
        "submitted_ms": 989.508167,
        "observed_completed_ms": 992.0545830000001,
        "start_to_observed_completion_ms": 4.705250000000092,
        "submit_to_observed_completion_ms": 2.5464160000001357,
        "continuous_iteration_ms": 4.71208381652832,
        "frame_ms": 4.703958034515381,
        "component_sum_ms": 4.703958034515381,
        "tick_ms": 0.24379099905490875,
        "dynamic_mesh_ms": 0.9425419569015503,
        "encode_ms": 0.9691669940948486,
        "admission_or_completion_ms": 2.5484580993652344
      },
      {
        "index": 69,
        "started_ms": 992.0614169999999,
        "submitted_ms": 994.2445,
        "observed_completed_ms": 996.8135,
        "start_to_observed_completion_ms": 4.752083000000084,
        "submit_to_observed_completion_ms": 2.56899999999996,
        "continuous_iteration_ms": 4.761958122253418,
        "frame_ms": 4.751750946044922,
        "component_sum_ms": 4.751750946044922,
        "tick_ms": 0.2129170000553131,
        "dynamic_mesh_ms": 0.9577089548110962,
        "encode_ms": 1.0089999437332153,
        "admission_or_completion_ms": 2.57212495803833
      },
      {
        "index": 70,
        "started_ms": 996.8233749999999,
        "submitted_ms": 998.936875,
        "observed_completed_ms": 1002.668042,
        "start_to_observed_completion_ms": 5.844667000000072,
        "submit_to_observed_completion_ms": 3.7311670000000277,
        "continuous_iteration_ms": 5.852292060852051,
        "frame_ms": 5.844375133514404,
        "component_sum_ms": 5.844375133514404,
        "tick_ms": 0.2792080044746399,
        "dynamic_mesh_ms": 0.8864589929580688,
        "encode_ms": 0.9459999799728394,
        "admission_or_completion_ms": 3.732707977294922
      },
      {
        "index": 71,
        "started_ms": 1002.6756670000001,
        "submitted_ms": 1005.249042,
        "observed_completed_ms": 1007.7945,
        "start_to_observed_completion_ms": 5.118832999999881,
        "submit_to_observed_completion_ms": 2.5454579999999396,
        "continuous_iteration_ms": 5.1257500648498535,
        "frame_ms": 5.11729097366333,
        "component_sum_ms": 5.11729097366333,
        "tick_ms": 0.7054579854011536,
        "dynamic_mesh_ms": 0.9242080450057983,
        "encode_ms": 0.9384999871253967,
        "admission_or_completion_ms": 2.5491249561309814
      },
      {
        "index": 72,
        "started_ms": 1007.801417,
        "submitted_ms": 1009.9169999999999,
        "observed_completed_ms": 1012.4793329999999,
        "start_to_observed_completion_ms": 4.677915999999868,
        "submit_to_observed_completion_ms": 2.562332999999967,
        "continuous_iteration_ms": 4.688040733337402,
        "frame_ms": 4.677791118621826,
        "component_sum_ms": 4.677791118621826,
        "tick_ms": 0.1567080020904541,
        "dynamic_mesh_ms": 0.9131659865379333,
        "encode_ms": 1.0437079668045044,
        "admission_or_completion_ms": 2.564208984375
      },
      {
        "index": 73,
        "started_ms": 1012.4894579999999,
        "submitted_ms": 1014.614458,
        "observed_completed_ms": 1017.159667,
        "start_to_observed_completion_ms": 4.6702090000001135,
        "submit_to_observed_completion_ms": 2.545209,
        "continuous_iteration_ms": 4.675875186920166,
        "frame_ms": 4.669332981109619,
        "component_sum_ms": 4.669332981109619,
        "tick_ms": 0.21691599488258362,
        "dynamic_mesh_ms": 0.9277920126914978,
        "encode_ms": 0.9778330326080322,
        "admission_or_completion_ms": 2.5467920303344727
      },
      {
        "index": 74,
        "started_ms": 1017.1653329999999,
        "submitted_ms": 1019.3288330000001,
        "observed_completed_ms": 1021.8785829999999,
        "start_to_observed_completion_ms": 4.713250000000016,
        "submit_to_observed_completion_ms": 2.54974999999979,
        "continuous_iteration_ms": 4.721167087554932,
        "frame_ms": 4.712125778198242,
        "component_sum_ms": 4.712125778198242,
        "tick_ms": 0.16391699016094208,
        "dynamic_mesh_ms": 0.9259999990463257,
        "encode_ms": 1.0703749656677246,
        "admission_or_completion_ms": 2.5518341064453125
      },
      {
        "index": 75,
        "started_ms": 1021.8865,
        "submitted_ms": 1023.94325,
        "observed_completed_ms": 1026.4989170000001,
        "start_to_observed_completion_ms": 4.612417000000164,
        "submit_to_observed_completion_ms": 2.555667000000085,
        "continuous_iteration_ms": 4.623833179473877,
        "frame_ms": 4.612793922424316,
        "component_sum_ms": 4.612793922424316,
        "tick_ms": 0.2293339967727661,
        "dynamic_mesh_ms": 0.9065840244293213,
        "encode_ms": 0.9191669821739197,
        "admission_or_completion_ms": 2.557709217071533
      },
      {
        "index": 76,
        "started_ms": 1026.510333,
        "submitted_ms": 1028.758167,
        "observed_completed_ms": 1031.311417,
        "start_to_observed_completion_ms": 4.801083999999946,
        "submit_to_observed_completion_ms": 2.5532499999999345,
        "continuous_iteration_ms": 4.80791711807251,
        "frame_ms": 4.799831867218018,
        "component_sum_ms": 4.799831867218018,
        "tick_ms": 0.3543750047683716,
        "dynamic_mesh_ms": 0.985166072845459,
        "encode_ms": 0.9045419692993164,
        "admission_or_completion_ms": 2.55574893951416
      },
      {
        "index": 77,
        "started_ms": 1031.31825,
        "submitted_ms": 1033.325792,
        "observed_completed_ms": 1037.201458,
        "start_to_observed_completion_ms": 5.883207999999968,
        "submit_to_observed_completion_ms": 3.87566599999991,
        "continuous_iteration_ms": 5.893249988555908,
        "frame_ms": 5.883500099182129,
        "component_sum_ms": 5.883500099182129,
        "tick_ms": 0.27379199862480164,
        "dynamic_mesh_ms": 0.8715000152587891,
        "encode_ms": 0.8603749871253967,
        "admission_or_completion_ms": 3.8778328895568848
      },
      {
        "index": 78,
        "started_ms": 1037.2115,
        "submitted_ms": 1039.2171669999998,
        "observed_completed_ms": 1041.765,
        "start_to_observed_completion_ms": 4.553500000000213,
        "submit_to_observed_completion_ms": 2.5478330000003098,
        "continuous_iteration_ms": 4.559124946594238,
        "frame_ms": 4.552917957305908,
        "component_sum_ms": 4.552917957305908,
        "tick_ms": 0.16179201006889343,
        "dynamic_mesh_ms": 0.9068339467048645,
        "encode_ms": 0.9347089529037476,
        "admission_or_completion_ms": 2.5495829582214355
      },
      {
        "index": 79,
        "started_ms": 1041.770625,
        "submitted_ms": 1043.805417,
        "observed_completed_ms": 1046.3742920000002,
        "start_to_observed_completion_ms": 4.603667000000087,
        "submit_to_observed_completion_ms": 2.568875000000162,
        "continuous_iteration_ms": 4.611833095550537,
        "frame_ms": 4.603625297546387,
        "component_sum_ms": 4.603625297546387,
        "tick_ms": 0.1537500023841858,
        "dynamic_mesh_ms": 0.909375011920929,
        "encode_ms": 0.9695839881896973,
        "admission_or_completion_ms": 2.570915937423706
      },
      {
        "index": 80,
        "started_ms": 1046.382458,
        "submitted_ms": 1048.3559579999999,
        "observed_completed_ms": 1050.904583,
        "start_to_observed_completion_ms": 4.52212499999996,
        "submit_to_observed_completion_ms": 2.548625000000129,
        "continuous_iteration_ms": 4.527667045593262,
        "frame_ms": 4.521124839782715,
        "component_sum_ms": 4.521124839782715,
        "tick_ms": 0.19670800864696503,
        "dynamic_mesh_ms": 0.8829590082168579,
        "encode_ms": 0.8913329839706421,
        "admission_or_completion_ms": 2.5501248836517334
      },
      {
        "index": 81,
        "started_ms": 1050.9101249999999,
        "submitted_ms": 1053.1085,
        "observed_completed_ms": 1055.672167,
        "start_to_observed_completion_ms": 4.762042000000065,
        "submit_to_observed_completion_ms": 2.563666999999896,
        "continuous_iteration_ms": 4.769042015075684,
        "frame_ms": 4.761247634887695,
        "component_sum_ms": 4.761247634887695,
        "tick_ms": 0.3380409777164459,
        "dynamic_mesh_ms": 0.8883330225944519,
        "encode_ms": 0.9691250324249268,
        "admission_or_completion_ms": 2.565748929977417
      },
      {
        "index": 82,
        "started_ms": 1055.679167,
        "submitted_ms": 1057.7195829999998,
        "observed_completed_ms": 1061.525292,
        "start_to_observed_completion_ms": 5.846125000000029,
        "submit_to_observed_completion_ms": 3.8057090000002063,
        "continuous_iteration_ms": 5.853833198547363,
        "frame_ms": 5.845999240875244,
        "component_sum_ms": 5.845999240875244,
        "tick_ms": 0.30958300828933716,
        "dynamic_mesh_ms": 0.8382920026779175,
        "encode_ms": 0.8905829787254333,
        "admission_or_completion_ms": 3.8075411319732666
      },
      {
        "index": 83,
        "started_ms": 1061.5330000000001,
        "submitted_ms": 1063.702792,
        "observed_completed_ms": 1066.240917,
        "start_to_observed_completion_ms": 4.707916999999952,
        "submit_to_observed_completion_ms": 2.5381250000000364,
        "continuous_iteration_ms": 4.7118754386901855,
        "frame_ms": 4.706333160400391,
        "component_sum_ms": 4.706333160400391,
        "tick_ms": 0.31891700625419617,
        "dynamic_mesh_ms": 0.8644999861717224,
        "encode_ms": 0.983083963394165,
        "admission_or_completion_ms": 2.53983211517334
      },
      {
        "index": 84,
        "started_ms": 1066.244875,
        "submitted_ms": 1068.280583,
        "observed_completed_ms": 1070.8371670000001,
        "start_to_observed_completion_ms": 4.592292000000043,
        "submit_to_observed_completion_ms": 2.556584000000157,
        "continuous_iteration_ms": 4.597874641418457,
        "frame_ms": 4.59174919128418,
        "component_sum_ms": 4.59174919128418,
        "tick_ms": 0.1871660053730011,
        "dynamic_mesh_ms": 0.8443750143051147,
        "encode_ms": 1.0027079582214355,
        "admission_or_completion_ms": 2.557500123977661
      },
      {
        "index": 85,
        "started_ms": 1070.84275,
        "submitted_ms": 1072.899042,
        "observed_completed_ms": 1076.70325,
        "start_to_observed_completion_ms": 5.860500000000002,
        "submit_to_observed_completion_ms": 3.804208000000017,
        "continuous_iteration_ms": 5.868542194366455,
        "frame_ms": 5.860374450683594,
        "component_sum_ms": 5.860374450683594,
        "tick_ms": 0.397458016872406,
        "dynamic_mesh_ms": 0.8214579820632935,
        "encode_ms": 0.8353750109672546,
        "admission_or_completion_ms": 3.8060832023620605
      },
      {
        "index": 86,
        "started_ms": 1076.711292,
        "submitted_ms": 1078.813625,
        "observed_completed_ms": 1082.6149169999999,
        "start_to_observed_completion_ms": 5.90362499999992,
        "submit_to_observed_completion_ms": 3.8012919999998758,
        "continuous_iteration_ms": 5.909457683563232,
        "frame_ms": 5.903375625610352,
        "component_sum_ms": 5.903375625610352,
        "tick_ms": 0.14900000393390656,
        "dynamic_mesh_ms": 0.9098749756813049,
        "encode_ms": 1.04116690158844,
        "admission_or_completion_ms": 3.8033339977264404
      },
      {
        "index": 87,
        "started_ms": 1082.62075,
        "submitted_ms": 1084.49525,
        "observed_completed_ms": 1086.897125,
        "start_to_observed_completion_ms": 4.276374999999916,
        "submit_to_observed_completion_ms": 2.401875000000018,
        "continuous_iteration_ms": 4.285249710083008,
        "frame_ms": 4.276124954223633,
        "component_sum_ms": 4.276124954223633,
        "tick_ms": 0.1469999998807907,
        "dynamic_mesh_ms": 0.8266249895095825,
        "encode_ms": 0.8995829820632935,
        "admission_or_completion_ms": 2.40291690826416
      },
      {
        "index": 88,
        "started_ms": 1086.906,
        "submitted_ms": 1088.937292,
        "observed_completed_ms": 1091.472542,
        "start_to_observed_completion_ms": 4.566542000000027,
        "submit_to_observed_completion_ms": 2.5352499999999054,
        "continuous_iteration_ms": 4.570457935333252,
        "frame_ms": 4.565500259399414,
        "component_sum_ms": 4.565500259399414,
        "tick_ms": 0.2655840218067169,
        "dynamic_mesh_ms": 0.8702910542488098,
        "encode_ms": 0.8931249976158142,
        "admission_or_completion_ms": 2.5364999771118164
      },
      {
        "index": 89,
        "started_ms": 1091.476458,
        "submitted_ms": 1093.347583,
        "observed_completed_ms": 1095.8964170000002,
        "start_to_observed_completion_ms": 4.419959000000063,
        "submit_to_observed_completion_ms": 2.54883400000017,
        "continuous_iteration_ms": 4.426042079925537,
        "frame_ms": 4.420000076293945,
        "component_sum_ms": 4.420000076293945,
        "tick_ms": 0.19008299708366394,
        "dynamic_mesh_ms": 0.8194169998168945,
        "encode_ms": 0.8605409860610962,
        "admission_or_completion_ms": 2.5499589443206787
      },
      {
        "index": 90,
        "started_ms": 1095.9025,
        "submitted_ms": 1097.69025,
        "observed_completed_ms": 1100.2268749999998,
        "start_to_observed_completion_ms": 4.324374999999918,
        "submit_to_observed_completion_ms": 2.536624999999731,
        "continuous_iteration_ms": 4.328999996185303,
        "frame_ms": 4.32354211807251,
        "component_sum_ms": 4.32354211807251,
        "tick_ms": 0.14133299887180328,
        "dynamic_mesh_ms": 0.8129589557647705,
        "encode_ms": 0.8315420150756836,
        "admission_or_completion_ms": 2.537708044052124
      },
      {
        "index": 91,
        "started_ms": 1100.2315,
        "submitted_ms": 1102.17,
        "observed_completed_ms": 1104.72825,
        "start_to_observed_completion_ms": 4.496749999999793,
        "submit_to_observed_completion_ms": 2.5582499999998163,
        "continuous_iteration_ms": 4.5055832862854,
        "frame_ms": 4.495833873748779,
        "component_sum_ms": 4.495833873748779,
        "tick_ms": 0.15929199755191803,
        "dynamic_mesh_ms": 0.8840420246124268,
        "encode_ms": 0.8919999599456787,
        "admission_or_completion_ms": 2.560499906539917
      },
      {
        "index": 92,
        "started_ms": 1104.737083,
        "submitted_ms": 1106.876042,
        "observed_completed_ms": 1110.6706669999999,
        "start_to_observed_completion_ms": 5.9335839999998825,
        "submit_to_observed_completion_ms": 3.794624999999769,
        "continuous_iteration_ms": 5.940249919891357,
        "frame_ms": 5.933625221252441,
        "component_sum_ms": 5.933625221252441,
        "tick_ms": 0.36408302187919617,
        "dynamic_mesh_ms": 0.8614580035209656,
        "encode_ms": 0.9109589457511902,
        "admission_or_completion_ms": 3.7971251010894775
      },
      {
        "index": 93,
        "started_ms": 1110.6773329999999,
        "submitted_ms": 1112.8975,
        "observed_completed_ms": 1115.435333,
        "start_to_observed_completion_ms": 4.758000000000038,
        "submit_to_observed_completion_ms": 2.537832999999864,
        "continuous_iteration_ms": 4.763542175292969,
        "frame_ms": 4.757040977478027,
        "component_sum_ms": 4.757040977478027,
        "tick_ms": 0.2219580113887787,
        "dynamic_mesh_ms": 0.9841249585151672,
        "encode_ms": 1.0107920169830322,
        "admission_or_completion_ms": 2.540166139602661
      },
      {
        "index": 94,
        "started_ms": 1115.440875,
        "submitted_ms": 1117.275167,
        "observed_completed_ms": 1120.9575419999999,
        "start_to_observed_completion_ms": 5.51666699999987,
        "submit_to_observed_completion_ms": 3.6823749999998654,
        "continuous_iteration_ms": 5.525417327880859,
        "frame_ms": 5.5168328285217285,
        "component_sum_ms": 5.5168328285217285,
        "tick_ms": 0.19624999165534973,
        "dynamic_mesh_ms": 0.8233329653739929,
        "encode_ms": 0.8132500052452087,
        "admission_or_completion_ms": 3.68399977684021
      },
      {
        "index": 95,
        "started_ms": 1120.966292,
        "submitted_ms": 1122.986708,
        "observed_completed_ms": 1125.530167,
        "start_to_observed_completion_ms": 4.563874999999825,
        "submit_to_observed_completion_ms": 2.5434589999999844,
        "continuous_iteration_ms": 4.56974983215332,
        "frame_ms": 4.563456058502197,
        "component_sum_ms": 4.563456058502197,
        "tick_ms": 0.1947910040616989,
        "dynamic_mesh_ms": 0.8477909564971924,
        "encode_ms": 0.9759159684181213,
        "admission_or_completion_ms": 2.5449581146240234
      },
      {
        "index": 96,
        "started_ms": 1125.536042,
        "submitted_ms": 1127.52175,
        "observed_completed_ms": 1129.9336250000001,
        "start_to_observed_completion_ms": 4.397583000000168,
        "submit_to_observed_completion_ms": 2.411875000000009,
        "continuous_iteration_ms": 4.404665946960449,
        "frame_ms": 4.397250175476074,
        "component_sum_ms": 4.397250175476074,
        "tick_ms": 0.30124998092651367,
        "dynamic_mesh_ms": 0.8366659879684448,
        "encode_ms": 0.8452079892158508,
        "admission_or_completion_ms": 2.414125919342041
      },
      {
        "index": 97,
        "started_ms": 1129.9407079999999,
        "submitted_ms": 1131.952958,
        "observed_completed_ms": 1134.4676670000001,
        "start_to_observed_completion_ms": 4.526959000000261,
        "submit_to_observed_completion_ms": 2.514709000000039,
        "continuous_iteration_ms": 4.534374713897705,
        "frame_ms": 4.527291297912598,
        "component_sum_ms": 4.527291297912598,
        "tick_ms": 0.30870798230171204,
        "dynamic_mesh_ms": 0.8570830225944519,
        "encode_ms": 0.8447080254554749,
        "admission_or_completion_ms": 2.516792058944702
      },
      {
        "index": 98,
        "started_ms": 1134.4750829999998,
        "submitted_ms": 1136.236083,
        "observed_completed_ms": 1138.7884999999999,
        "start_to_observed_completion_ms": 4.313417000000072,
        "submit_to_observed_completion_ms": 2.5524169999998776,
        "continuous_iteration_ms": 4.319875240325928,
        "frame_ms": 4.312583923339844,
        "component_sum_ms": 4.312583923339844,
        "tick_ms": 0.14445899426937103,
        "dynamic_mesh_ms": 0.8161250352859497,
        "encode_ms": 0.7981249690055847,
        "admission_or_completion_ms": 2.553875207901001
      },
      {
        "index": 99,
        "started_ms": 1138.7949580000002,
        "submitted_ms": 1140.677417,
        "observed_completed_ms": 1144.4809579999999,
        "start_to_observed_completion_ms": 5.685999999999694,
        "submit_to_observed_completion_ms": 3.8035409999997682,
        "continuous_iteration_ms": 5.692584037780762,
        "frame_ms": 5.68549919128418,
        "component_sum_ms": 5.68549919128418,
        "tick_ms": 0.15024998784065247,
        "dynamic_mesh_ms": 0.8440000414848328,
        "encode_ms": 0.8866250514984131,
        "admission_or_completion_ms": 3.804624080657959
      },
      {
        "index": 100,
        "started_ms": 1144.487542,
        "submitted_ms": 1146.413,
        "observed_completed_ms": 1148.952333,
        "start_to_observed_completion_ms": 4.464790999999877,
        "submit_to_observed_completion_ms": 2.5393329999999423,
        "continuous_iteration_ms": 4.47112512588501,
        "frame_ms": 4.464791297912598,
        "component_sum_ms": 4.464791297912598,
        "tick_ms": 0.15041600167751312,
        "dynamic_mesh_ms": 0.8498749732971191,
        "encode_ms": 0.9233329892158508,
        "admission_or_completion_ms": 2.5411670207977295
      },
      {
        "index": 101,
        "started_ms": 1148.958667,
        "submitted_ms": 1150.96175,
        "observed_completed_ms": 1153.5120000000002,
        "start_to_observed_completion_ms": 4.553333000000066,
        "submit_to_observed_completion_ms": 2.550250000000233,
        "continuous_iteration_ms": 4.559332847595215,
        "frame_ms": 4.552791595458984,
        "component_sum_ms": 4.552791595458984,
        "tick_ms": 0.22358299791812897,
        "dynamic_mesh_ms": 0.8401250243186951,
        "encode_ms": 0.9375829696655273,
        "admission_or_completion_ms": 2.5515007972717285
      },
      {
        "index": 102,
        "started_ms": 1153.518,
        "submitted_ms": 1155.4705000000001,
        "observed_completed_ms": 1158.00325,
        "start_to_observed_completion_ms": 4.485249999999951,
        "submit_to_observed_completion_ms": 2.532749999999851,
        "continuous_iteration_ms": 4.490583419799805,
        "frame_ms": 4.484624862670898,
        "component_sum_ms": 4.484624862670898,
        "tick_ms": 0.27216699719429016,
        "dynamic_mesh_ms": 0.8228750228881836,
        "encode_ms": 0.8550000190734863,
        "admission_or_completion_ms": 2.5345828533172607
      },
      {
        "index": 103,
        "started_ms": 1158.008583,
        "submitted_ms": 1159.847667,
        "observed_completed_ms": 1162.3925829999998,
        "start_to_observed_completion_ms": 4.383999999999787,
        "submit_to_observed_completion_ms": 2.54491599999983,
        "continuous_iteration_ms": 4.390833854675293,
        "frame_ms": 4.383334159851074,
        "component_sum_ms": 4.383334159851074,
        "tick_ms": 0.18787500262260437,
        "dynamic_mesh_ms": 0.817084014415741,
        "encode_ms": 0.8322920203208923,
        "admission_or_completion_ms": 2.5460829734802246
      },
      {
        "index": 104,
        "started_ms": 1162.399417,
        "submitted_ms": 1164.278333,
        "observed_completed_ms": 1166.8245,
        "start_to_observed_completion_ms": 4.425082999999859,
        "submit_to_observed_completion_ms": 2.5461669999999685,
        "continuous_iteration_ms": 4.430500030517578,
        "frame_ms": 4.4241251945495605,
        "component_sum_ms": 4.4241251945495605,
        "tick_ms": 0.16220900416374207,
        "dynamic_mesh_ms": 0.8494160175323486,
        "encode_ms": 0.8650000095367432,
        "admission_or_completion_ms": 2.5475001335144043
      },
      {
        "index": 105,
        "started_ms": 1166.829917,
        "submitted_ms": 1168.634583,
        "observed_completed_ms": 1170.931333,
        "start_to_observed_completion_ms": 4.101415999999972,
        "submit_to_observed_completion_ms": 2.2967499999999745,
        "continuous_iteration_ms": 4.106583118438721,
        "frame_ms": 4.100874900817871,
        "component_sum_ms": 4.100874900817871,
        "tick_ms": 0.14379200339317322,
        "dynamic_mesh_ms": 0.8315829634666443,
        "encode_ms": 0.8273330330848694,
        "admission_or_completion_ms": 2.2981669902801514
      },
      {
        "index": 106,
        "started_ms": 1170.9365,
        "submitted_ms": 1172.668292,
        "observed_completed_ms": 1175.2015000000001,
        "start_to_observed_completion_ms": 4.2650000000001,
        "submit_to_observed_completion_ms": 2.5332080000000587,
        "continuous_iteration_ms": 4.269625186920166,
        "frame_ms": 4.2645416259765625,
        "component_sum_ms": 4.2645416259765625,
        "tick_ms": 0.15816698968410492,
        "dynamic_mesh_ms": 0.7981249690055847,
        "encode_ms": 0.774167001247406,
        "admission_or_completion_ms": 2.5340828895568848
      },
      {
        "index": 107,
        "started_ms": 1175.206125,
        "submitted_ms": 1177.139375,
        "observed_completed_ms": 1179.6876249999998,
        "start_to_observed_completion_ms": 4.481499999999869,
        "submit_to_observed_completion_ms": 2.5482499999998254,
        "continuous_iteration_ms": 4.487458229064941,
        "frame_ms": 4.481083869934082,
        "component_sum_ms": 4.481083869934082,
        "tick_ms": 0.3295830190181732,
        "dynamic_mesh_ms": 0.8053340315818787,
        "encode_ms": 0.7963330149650574,
        "admission_or_completion_ms": 2.5498340129852295
      },
      {
        "index": 108,
        "started_ms": 1179.693583,
        "submitted_ms": 1181.538833,
        "observed_completed_ms": 1184.0859169999999,
        "start_to_observed_completion_ms": 4.392333999999892,
        "submit_to_observed_completion_ms": 2.5470839999998134,
        "continuous_iteration_ms": 4.398874759674072,
        "frame_ms": 4.392416954040527,
        "component_sum_ms": 4.392416954040527,
        "tick_ms": 0.23616699874401093,
        "dynamic_mesh_ms": 0.8064170479774475,
        "encode_ms": 0.8007499575614929,
        "admission_or_completion_ms": 2.5490829944610596
      },
      {
        "index": 109,
        "started_ms": 1184.092458,
        "submitted_ms": 1186.0157920000001,
        "observed_completed_ms": 1188.564125,
        "start_to_observed_completion_ms": 4.471667000000025,
        "submit_to_observed_completion_ms": 2.548332999999957,
        "continuous_iteration_ms": 4.47883415222168,
        "frame_ms": 4.470958709716797,
        "component_sum_ms": 4.470958709716797,
        "tick_ms": 0.2368749976158142,
        "dynamic_mesh_ms": 0.8219580054283142,
        "encode_ms": 0.8621670007705688,
        "admission_or_completion_ms": 2.5499589443206787
      },
      {
        "index": 110,
        "started_ms": 1188.571292,
        "submitted_ms": 1190.494917,
        "observed_completed_ms": 1193.0441250000001,
        "start_to_observed_completion_ms": 4.472833000000037,
        "submit_to_observed_completion_ms": 2.549208000000135,
        "continuous_iteration_ms": 4.484291076660156,
        "frame_ms": 4.473168849945068,
        "component_sum_ms": 4.473168849945068,
        "tick_ms": 0.2008339911699295,
        "dynamic_mesh_ms": 0.8414170145988464,
        "encode_ms": 0.879833996295929,
        "admission_or_completion_ms": 2.55108380317688
      },
      {
        "index": 111,
        "started_ms": 1193.055583,
        "submitted_ms": 1195.4647499999999,
        "observed_completed_ms": 1198.008333,
        "start_to_observed_completion_ms": 4.952749999999924,
        "submit_to_observed_completion_ms": 2.543583000000126,
        "continuous_iteration_ms": 4.958792209625244,
        "frame_ms": 4.952249050140381,
        "component_sum_ms": 4.952249050140381,
        "tick_ms": 0.3739579916000366,
        "dynamic_mesh_ms": 0.8369579911231995,
        "encode_ms": 1.1965420246124268,
        "admission_or_completion_ms": 2.5447909832000732
      },
      {
        "index": 112,
        "started_ms": 1198.014375,
        "submitted_ms": 1199.7655,
        "observed_completed_ms": 1203.5770000000002,
        "start_to_observed_completion_ms": 5.562625000000253,
        "submit_to_observed_completion_ms": 3.811500000000251,
        "continuous_iteration_ms": 5.570167064666748,
        "frame_ms": 5.562541961669922,
        "component_sum_ms": 5.562541961669922,
        "tick_ms": 0.13712500035762787,
        "dynamic_mesh_ms": 0.8032919764518738,
        "encode_ms": 0.8091250061988831,
        "admission_or_completion_ms": 3.812999963760376
      },
      {
        "index": 113,
        "started_ms": 1203.584542,
        "submitted_ms": 1205.3927500000002,
        "observed_completed_ms": 1207.9321670000002,
        "start_to_observed_completion_ms": 4.347625000000107,
        "submit_to_observed_completion_ms": 2.5394169999999576,
        "continuous_iteration_ms": 4.352833271026611,
        "frame_ms": 4.347166061401367,
        "component_sum_ms": 4.347166061401367,
        "tick_ms": 0.1458750069141388,
        "dynamic_mesh_ms": 0.8177499771118164,
        "encode_ms": 0.8427500128746033,
        "admission_or_completion_ms": 2.5407910346984863
      },
      {
        "index": 114,
        "started_ms": 1207.937375,
        "submitted_ms": 1209.8726669999999,
        "observed_completed_ms": 1212.414958,
        "start_to_observed_completion_ms": 4.477583000000095,
        "submit_to_observed_completion_ms": 2.542291000000205,
        "continuous_iteration_ms": 4.484250068664551,
        "frame_ms": 4.477458953857422,
        "component_sum_ms": 4.477458953857422,
        "tick_ms": 0.21112500131130219,
        "dynamic_mesh_ms": 0.8192089796066284,
        "encode_ms": 0.9034169912338257,
        "admission_or_completion_ms": 2.543707847595215
      },
      {
        "index": 115,
        "started_ms": 1212.421625,
        "submitted_ms": 1214.2557080000001,
        "observed_completed_ms": 1216.791333,
        "start_to_observed_completion_ms": 4.369707999999946,
        "submit_to_observed_completion_ms": 2.5356249999997544,
        "continuous_iteration_ms": 4.374667167663574,
        "frame_ms": 4.36904239654541,
        "component_sum_ms": 4.36904239654541,
        "tick_ms": 0.20887500047683716,
        "dynamic_mesh_ms": 0.8417500257492065,
        "encode_ms": 0.7817500233650208,
        "admission_or_completion_ms": 2.5366671085357666
      },
      {
        "index": 116,
        "started_ms": 1216.796292,
        "submitted_ms": 1218.568417,
        "observed_completed_ms": 1221.113333,
        "start_to_observed_completion_ms": 4.3170410000000174,
        "submit_to_observed_completion_ms": 2.5449160000000575,
        "continuous_iteration_ms": 4.323415756225586,
        "frame_ms": 4.316624641418457,
        "component_sum_ms": 4.316624641418457,
        "tick_ms": 0.13804200291633606,
        "dynamic_mesh_ms": 0.796875,
        "encode_ms": 0.8352919816970825,
        "admission_or_completion_ms": 2.5464158058166504
      },
      {
        "index": 117,
        "started_ms": 1221.119708,
        "submitted_ms": 1222.830042,
        "observed_completed_ms": 1225.368083,
        "start_to_observed_completion_ms": 4.248375000000124,
        "submit_to_observed_completion_ms": 2.538041000000021,
        "continuous_iteration_ms": 4.25266695022583,
        "frame_ms": 4.247582912445068,
        "component_sum_ms": 4.247582912445068,
        "tick_ms": 0.1616249978542328,
        "dynamic_mesh_ms": 0.784375011920929,
        "encode_ms": 0.762749969959259,
        "admission_or_completion_ms": 2.538832902908325
      },
      {
        "index": 118,
        "started_ms": 1225.3723750000001,
        "submitted_ms": 1227.394292,
        "observed_completed_ms": 1229.934625,
        "start_to_observed_completion_ms": 4.562249999999949,
        "submit_to_observed_completion_ms": 2.540333000000146,
        "continuous_iteration_ms": 4.567625045776367,
        "frame_ms": 4.561791896820068,
        "component_sum_ms": 4.561791896820068,
        "tick_ms": 0.3291250169277191,
        "dynamic_mesh_ms": 0.8204169869422913,
        "encode_ms": 0.8707500100135803,
        "admission_or_completion_ms": 2.5414998531341553
      },
      {
        "index": 119,
        "started_ms": 1229.94,
        "submitted_ms": 1231.655417,
        "observed_completed_ms": 1234.214208,
        "start_to_observed_completion_ms": 4.274208000000044,
        "submit_to_observed_completion_ms": 2.5587910000001557,
        "continuous_iteration_ms": 4.279333114624023,
        "frame_ms": 4.274458885192871,
        "component_sum_ms": 4.274458885192871,
        "tick_ms": 0.1509999930858612,
        "dynamic_mesh_ms": 0.7963749766349792,
        "encode_ms": 0.766959011554718,
        "admission_or_completion_ms": 2.5601248741149902
      },
      {
        "index": 120,
        "started_ms": 1234.219333,
        "submitted_ms": 1236.049875,
        "observed_completed_ms": 1238.591375,
        "start_to_observed_completion_ms": 4.372041999999965,
        "submit_to_observed_completion_ms": 2.541500000000042,
        "continuous_iteration_ms": 302.1247863769531,
        "frame_ms": 4.484790802001953,
        "component_sum_ms": 4.484790802001953,
        "tick_ms": 0.16974999010562897,
        "dynamic_mesh_ms": 0.8125419616699219,
        "encode_ms": 0.846625030040741,
        "admission_or_completion_ms": 2.6558737754821777
      },
      {
        "index": 121,
        "started_ms": 1536.3441249999998,
        "submitted_ms": 1538.536208,
        "observed_completed_ms": 1546.134333,
        "start_to_observed_completion_ms": 9.79020800000012,
        "submit_to_observed_completion_ms": 7.598124999999982,
        "continuous_iteration_ms": 9.8010835647583,
        "frame_ms": 9.788583755493164,
        "component_sum_ms": 9.788583755493164,
        "tick_ms": 0.20637500286102295,
        "dynamic_mesh_ms": 0.8723329901695251,
        "encode_ms": 1.1054999828338623,
        "admission_or_completion_ms": 7.60437536239624
      },
      {
        "index": 122,
        "started_ms": 1546.145208,
        "submitted_ms": 1548.165375,
        "observed_completed_ms": 1551.9831669999999,
        "start_to_observed_completion_ms": 5.837958999999955,
        "submit_to_observed_completion_ms": 3.8177919999998267,
        "continuous_iteration_ms": 5.84837532043457,
        "frame_ms": 5.83774995803833,
        "component_sum_ms": 5.83774995803833,
        "tick_ms": 0.20216698944568634,
        "dynamic_mesh_ms": 0.8607499599456787,
        "encode_ms": 0.9544579982757568,
        "admission_or_completion_ms": 3.8203749656677246
      },
      {
        "index": 123,
        "started_ms": 1551.993583,
        "submitted_ms": 1554.250583,
        "observed_completed_ms": 1556.790875,
        "start_to_observed_completion_ms": 4.79729199999997,
        "submit_to_observed_completion_ms": 2.5402919999999085,
        "continuous_iteration_ms": 4.8043341636657715,
        "frame_ms": 4.796624183654785,
        "component_sum_ms": 4.796624183654785,
        "tick_ms": 0.18437500298023224,
        "dynamic_mesh_ms": 0.8640829920768738,
        "encode_ms": 1.205833077430725,
        "admission_or_completion_ms": 2.5423331260681152
      },
      {
        "index": 124,
        "started_ms": 1556.7979169999999,
        "submitted_ms": 1558.6285,
        "observed_completed_ms": 1562.434667,
        "start_to_observed_completion_ms": 5.63675000000012,
        "submit_to_observed_completion_ms": 3.8061669999999594,
        "continuous_iteration_ms": 5.647040843963623,
        "frame_ms": 5.636584281921387,
        "component_sum_ms": 5.636584281921387,
        "tick_ms": 0.16904200613498688,
        "dynamic_mesh_ms": 0.8436660170555115,
        "encode_ms": 0.8159999847412109,
        "admission_or_completion_ms": 3.8078761100769043
      },
      {
        "index": 125,
        "started_ms": 1562.444958,
        "submitted_ms": 1564.303417,
        "observed_completed_ms": 1566.8432920000002,
        "start_to_observed_completion_ms": 4.3983340000002045,
        "submit_to_observed_completion_ms": 2.5398750000001655,
        "continuous_iteration_ms": 4.403042316436768,
        "frame_ms": 4.397334098815918,
        "component_sum_ms": 4.397334098815918,
        "tick_ms": 0.18425001204013824,
        "dynamic_mesh_ms": 0.8327920436859131,
        "encode_ms": 0.8385419845581055,
        "admission_or_completion_ms": 2.541749954223633
      },
      {
        "index": 126,
        "started_ms": 1566.848,
        "submitted_ms": 1568.6487499999998,
        "observed_completed_ms": 1571.198167,
        "start_to_observed_completion_ms": 4.350167000000056,
        "submit_to_observed_completion_ms": 2.549417000000176,
        "continuous_iteration_ms": 4.357500076293945,
        "frame_ms": 4.349123954772949,
        "component_sum_ms": 4.349123954772949,
        "tick_ms": 0.1565829962491989,
        "dynamic_mesh_ms": 0.8220829963684082,
        "encode_ms": 0.8193749785423279,
        "admission_or_completion_ms": 2.5510830879211426
      },
      {
        "index": 127,
        "started_ms": 1571.2055,
        "submitted_ms": 1573.077708,
        "observed_completed_ms": 1575.6109999999999,
        "start_to_observed_completion_ms": 4.405499999999847,
        "submit_to_observed_completion_ms": 2.5332919999998467,
        "continuous_iteration_ms": 4.411083221435547,
        "frame_ms": 4.405040740966797,
        "component_sum_ms": 4.405040740966797,
        "tick_ms": 0.16545799374580383,
        "dynamic_mesh_ms": 0.848207950592041,
        "encode_ms": 0.8569160103797913,
        "admission_or_completion_ms": 2.534459114074707
      },
      {
        "index": 128,
        "started_ms": 1575.616583,
        "submitted_ms": 1577.457833,
        "observed_completed_ms": 1580.009292,
        "start_to_observed_completion_ms": 4.392708999999968,
        "submit_to_observed_completion_ms": 2.5514590000000226,
        "continuous_iteration_ms": 4.4025421142578125,
        "frame_ms": 4.39133358001709,
        "component_sum_ms": 4.39133358001709,
        "tick_ms": 0.15208400785923004,
        "dynamic_mesh_ms": 0.821291983127594,
        "encode_ms": 0.8651660084724426,
        "admission_or_completion_ms": 2.5527918338775635
      },
      {
        "index": 129,
        "started_ms": 1580.019125,
        "submitted_ms": 1581.8100419999998,
        "observed_completed_ms": 1584.362,
        "start_to_observed_completion_ms": 4.342875000000049,
        "submit_to_observed_completion_ms": 2.5519580000002406,
        "continuous_iteration_ms": 4.351541996002197,
        "frame_ms": 4.342666149139404,
        "component_sum_ms": 4.342666149139404,
        "tick_ms": 0.1588750034570694,
        "dynamic_mesh_ms": 0.803957998752594,
        "encode_ms": 0.8262500166893005,
        "admission_or_completion_ms": 2.5535831451416016
      },
      {
        "index": 130,
        "started_ms": 1584.370667,
        "submitted_ms": 1586.3827079999999,
        "observed_completed_ms": 1588.928333,
        "start_to_observed_completion_ms": 4.557666000000154,
        "submit_to_observed_completion_ms": 2.5456250000002,
        "continuous_iteration_ms": 4.564540863037109,
        "frame_ms": 4.55658483505249,
        "component_sum_ms": 4.55658483505249,
        "tick_ms": 0.1918340027332306,
        "dynamic_mesh_ms": 0.8755840063095093,
        "encode_ms": 0.9421249628067017,
        "admission_or_completion_ms": 2.547041893005371
      },
      {
        "index": 131,
        "started_ms": 1588.935208,
        "submitted_ms": 1590.812458,
        "observed_completed_ms": 1594.610708,
        "start_to_observed_completion_ms": 5.675499999999829,
        "submit_to_observed_completion_ms": 3.7982499999998254,
        "continuous_iteration_ms": 5.68179178237915,
        "frame_ms": 5.674666881561279,
        "component_sum_ms": 5.674666881561279,
        "tick_ms": 0.16249999403953552,
        "dynamic_mesh_ms": 0.8522080183029175,
        "encode_ms": 0.8604999780654907,
        "admission_or_completion_ms": 3.7994589805603027
      },
      {
        "index": 132,
        "started_ms": 1594.617,
        "submitted_ms": 1596.529792,
        "observed_completed_ms": 1599.061375,
        "start_to_observed_completion_ms": 4.444375000000036,
        "submit_to_observed_completion_ms": 2.531582999999955,
        "continuous_iteration_ms": 4.448750019073486,
        "frame_ms": 4.443209171295166,
        "component_sum_ms": 4.443209171295166,
        "tick_ms": 0.15958300232887268,
        "dynamic_mesh_ms": 0.8368340134620667,
        "encode_ms": 0.9139170050621033,
        "admission_or_completion_ms": 2.5328750610351562
      },
      {
        "index": 133,
        "started_ms": 1599.0657499999998,
        "submitted_ms": 1600.804833,
        "observed_completed_ms": 1603.345,
        "start_to_observed_completion_ms": 4.279250000000275,
        "submit_to_observed_completion_ms": 2.5401670000001104,
        "continuous_iteration_ms": 4.2860002517700195,
        "frame_ms": 4.278792858123779,
        "component_sum_ms": 4.278792858123779,
        "tick_ms": 0.15279199182987213,
        "dynamic_mesh_ms": 0.8121669888496399,
        "encode_ms": 0.7725830078125,
        "admission_or_completion_ms": 2.5412509441375732
      },
      {
        "index": 134,
        "started_ms": 1603.3517499999998,
        "submitted_ms": 1605.128875,
        "observed_completed_ms": 1607.661458,
        "start_to_observed_completion_ms": 4.309708000000228,
        "submit_to_observed_completion_ms": 2.5325829999999314,
        "continuous_iteration_ms": 4.313999652862549,
        "frame_ms": 4.308916091918945,
        "component_sum_ms": 4.308916091918945,
        "tick_ms": 0.1488330066204071,
        "dynamic_mesh_ms": 0.8226249814033508,
        "encode_ms": 0.8032079935073853,
        "admission_or_completion_ms": 2.534250020980835
      },
      {
        "index": 135,
        "started_ms": 1607.6657500000001,
        "submitted_ms": 1609.376125,
        "observed_completed_ms": 1611.92575,
        "start_to_observed_completion_ms": 4.259999999999991,
        "submit_to_observed_completion_ms": 2.5496250000001055,
        "continuous_iteration_ms": 4.267958164215088,
        "frame_ms": 4.26008415222168,
        "component_sum_ms": 4.26008415222168,
        "tick_ms": 0.15150000154972076,
        "dynamic_mesh_ms": 0.7978749871253967,
        "encode_ms": 0.7596670389175415,
        "admission_or_completion_ms": 2.551042079925537
      },
      {
        "index": 136,
        "started_ms": 1611.933708,
        "submitted_ms": 1613.9852079999998,
        "observed_completed_ms": 1616.57275,
        "start_to_observed_completion_ms": 4.639042000000018,
        "submit_to_observed_completion_ms": 2.5875420000002123,
        "continuous_iteration_ms": 4.6465840339660645,
        "frame_ms": 4.638124942779541,
        "component_sum_ms": 4.638124942779541,
        "tick_ms": 0.2000420093536377,
        "dynamic_mesh_ms": 0.920415997505188,
        "encode_ms": 0.9275830388069153,
        "admission_or_completion_ms": 2.5900838375091553
      },
      {
        "index": 137,
        "started_ms": 1616.580292,
        "submitted_ms": 1618.973917,
        "observed_completed_ms": 1621.562292,
        "start_to_observed_completion_ms": 4.981999999999971,
        "submit_to_observed_completion_ms": 2.588375000000042,
        "continuous_iteration_ms": 4.996666431427002,
        "frame_ms": 4.981207847595215,
        "component_sum_ms": 4.981207847595215,
        "tick_ms": 0.5106669664382935,
        "dynamic_mesh_ms": 0.838916003704071,
        "encode_ms": 1.0413750410079956,
        "admission_or_completion_ms": 2.590250015258789
      },
      {
        "index": 138,
        "started_ms": 1621.5769579999999,
        "submitted_ms": 1623.892708,
        "observed_completed_ms": 1626.265292,
        "start_to_observed_completion_ms": 4.688334000000168,
        "submit_to_observed_completion_ms": 2.3725839999999607,
        "continuous_iteration_ms": 4.697750091552734,
        "frame_ms": 4.686790943145752,
        "component_sum_ms": 4.686790943145752,
        "tick_ms": 0.49491697549819946,
        "dynamic_mesh_ms": 0.8489999771118164,
        "encode_ms": 0.9684159755706787,
        "admission_or_completion_ms": 2.374458074569702
      },
      {
        "index": 139,
        "started_ms": 1626.274708,
        "submitted_ms": 1628.8841249999998,
        "observed_completed_ms": 1631.442875,
        "start_to_observed_completion_ms": 5.1681670000000395,
        "submit_to_observed_completion_ms": 2.5587500000001455,
        "continuous_iteration_ms": 5.176750183105469,
        "frame_ms": 5.167541027069092,
        "component_sum_ms": 5.167541027069092,
        "tick_ms": 0.5452919602394104,
        "dynamic_mesh_ms": 0.8541659712791443,
        "encode_ms": 1.2072080373764038,
        "admission_or_completion_ms": 2.5608749389648438
      },
      {
        "index": 140,
        "started_ms": 1631.451458,
        "submitted_ms": 1633.692,
        "observed_completed_ms": 1637.5339580000002,
        "start_to_observed_completion_ms": 6.082500000000209,
        "submit_to_observed_completion_ms": 3.8419580000002043,
        "continuous_iteration_ms": 6.093374729156494,
        "frame_ms": 6.082207679748535,
        "component_sum_ms": 6.082207679748535,
        "tick_ms": 0.4949580132961273,
        "dynamic_mesh_ms": 0.8521249890327454,
        "encode_ms": 0.8909580111503601,
        "admission_or_completion_ms": 3.8441669940948486
      },
      {
        "index": 141,
        "started_ms": 1637.544833,
        "submitted_ms": 1639.5952499999999,
        "observed_completed_ms": 1642.145417,
        "start_to_observed_completion_ms": 4.600584000000026,
        "submit_to_observed_completion_ms": 2.5501670000001013,
        "continuous_iteration_ms": 4.607959270477295,
        "frame_ms": 4.599374771118164,
        "component_sum_ms": 4.599374771118164,
        "tick_ms": 0.26308301091194153,
        "dynamic_mesh_ms": 0.8532919883728027,
        "encode_ms": 0.9307079911231995,
        "admission_or_completion_ms": 2.5522918701171875
      },
      {
        "index": 142,
        "started_ms": 1642.152792,
        "submitted_ms": 1644.0897080000002,
        "observed_completed_ms": 1646.6459169999998,
        "start_to_observed_completion_ms": 4.493124999999736,
        "submit_to_observed_completion_ms": 2.556208999999626,
        "continuous_iteration_ms": 4.500791072845459,
        "frame_ms": 4.491957187652588,
        "component_sum_ms": 4.491957187652588,
        "tick_ms": 0.26741600036621094,
        "dynamic_mesh_ms": 0.8339999914169312,
        "encode_ms": 0.8322080373764038,
        "admission_or_completion_ms": 2.558333158493042
      },
      {
        "index": 143,
        "started_ms": 1646.653583,
        "submitted_ms": 1648.627333,
        "observed_completed_ms": 1651.1710000000003,
        "start_to_observed_completion_ms": 4.5174170000002505,
        "submit_to_observed_completion_ms": 2.5436670000003687,
        "continuous_iteration_ms": 4.523375034332275,
        "frame_ms": 4.516458034515381,
        "component_sum_ms": 4.516458034515381,
        "tick_ms": 0.2254590094089508,
        "dynamic_mesh_ms": 0.8405830264091492,
        "encode_ms": 0.9052079916000366,
        "admission_or_completion_ms": 2.545207977294922
      },
      {
        "index": 144,
        "started_ms": 1651.176958,
        "submitted_ms": 1653.0477079999998,
        "observed_completed_ms": 1655.5162079999998,
        "start_to_observed_completion_ms": 4.339249999999765,
        "submit_to_observed_completion_ms": 2.468499999999949,
        "continuous_iteration_ms": 4.34475040435791,
        "frame_ms": 4.33870792388916,
        "component_sum_ms": 4.33870792388916,
        "tick_ms": 0.22545799612998962,
        "dynamic_mesh_ms": 0.8373749852180481,
        "encode_ms": 0.8057500123977661,
        "admission_or_completion_ms": 2.4701249599456787
      },
      {
        "index": 145,
        "started_ms": 1655.521708,
        "submitted_ms": 1657.287917,
        "observed_completed_ms": 1659.682708,
        "start_to_observed_completion_ms": 4.161000000000058,
        "submit_to_observed_completion_ms": 2.394790999999941,
        "continuous_iteration_ms": 4.169334411621094,
        "frame_ms": 4.161332130432129,
        "component_sum_ms": 4.161332130432129,
        "tick_ms": 0.12691599130630493,
        "dynamic_mesh_ms": 0.8090829849243164,
        "encode_ms": 0.8286250233650208,
        "admission_or_completion_ms": 2.3967080116271973
      },
      {
        "index": 146,
        "started_ms": 1659.691042,
        "submitted_ms": 1661.617042,
        "observed_completed_ms": 1664.168875,
        "start_to_observed_completion_ms": 4.477833000000146,
        "submit_to_observed_completion_ms": 2.551832999999988,
        "continuous_iteration_ms": 4.485374927520752,
        "frame_ms": 4.477084159851074,
        "component_sum_ms": 4.477084159851074,
        "tick_ms": 0.1410840004682541,
        "dynamic_mesh_ms": 0.8316670060157776,
        "encode_ms": 0.9510419964790344,
        "admission_or_completion_ms": 2.553290843963623
      },
      {
        "index": 147,
        "started_ms": 1664.176417,
        "submitted_ms": 1666.0637920000001,
        "observed_completed_ms": 1669.620583,
        "start_to_observed_completion_ms": 5.444165999999996,
        "submit_to_observed_completion_ms": 3.5567909999997482,
        "continuous_iteration_ms": 5.450707912445068,
        "frame_ms": 5.4435834884643555,
        "component_sum_ms": 5.4435834884643555,
        "tick_ms": 0.13658300042152405,
        "dynamic_mesh_ms": 0.8477080464363098,
        "encode_ms": 0.9014999866485596,
        "admission_or_completion_ms": 3.5577921867370605
      },
      {
        "index": 148,
        "started_ms": 1669.627125,
        "submitted_ms": 1671.4947919999997,
        "observed_completed_ms": 1674.030792,
        "start_to_observed_completion_ms": 4.403667000000041,
        "submit_to_observed_completion_ms": 2.5360000000002856,
        "continuous_iteration_ms": 4.408332824707031,
        "frame_ms": 4.402833938598633,
        "component_sum_ms": 4.402833938598633,
        "tick_ms": 0.1441670060157776,
        "dynamic_mesh_ms": 0.8445419669151306,
        "encode_ms": 0.8762499690055847,
        "admission_or_completion_ms": 2.537874937057495
      },
      {
        "index": 149,
        "started_ms": 1674.035458,
        "submitted_ms": 1675.894583,
        "observed_completed_ms": 1679.7012919999997,
        "start_to_observed_completion_ms": 5.665833999999677,
        "submit_to_observed_completion_ms": 3.806708999999728,
        "continuous_iteration_ms": 5.672584056854248,
        "frame_ms": 5.665791034698486,
        "component_sum_ms": 5.665791034698486,
        "tick_ms": 0.12679100036621094,
        "dynamic_mesh_ms": 0.8298329710960388,
        "encode_ms": 0.9009999632835388,
        "admission_or_completion_ms": 3.808166980743408
      },
      {
        "index": 150,
        "started_ms": 1679.7080420000002,
        "submitted_ms": 1681.569042,
        "observed_completed_ms": 1684.1153749999999,
        "start_to_observed_completion_ms": 4.407332999999653,
        "submit_to_observed_completion_ms": 2.546332999999777,
        "continuous_iteration_ms": 4.414541244506836,
        "frame_ms": 4.4072489738464355,
        "component_sum_ms": 4.4072489738464355,
        "tick_ms": 0.12974999845027924,
        "dynamic_mesh_ms": 0.8270829916000366,
        "encode_ms": 0.902541995048523,
        "admission_or_completion_ms": 2.5478739738464355
      },
      {
        "index": 151,
        "started_ms": 1684.1225829999998,
        "submitted_ms": 1685.920917,
        "observed_completed_ms": 1688.464542,
        "start_to_observed_completion_ms": 4.341959000000088,
        "submit_to_observed_completion_ms": 2.54362500000002,
        "continuous_iteration_ms": 4.347084045410156,
        "frame_ms": 4.341248035430908,
        "component_sum_ms": 4.341248035430908,
        "tick_ms": 0.13883300125598907,
        "dynamic_mesh_ms": 0.8341659903526306,
        "encode_ms": 0.8231669664382935,
        "admission_or_completion_ms": 2.5450820922851562
      },
      {
        "index": 152,
        "started_ms": 1688.469667,
        "submitted_ms": 1690.277917,
        "observed_completed_ms": 1692.857042,
        "start_to_observed_completion_ms": 4.38737500000002,
        "submit_to_observed_completion_ms": 2.5791250000002037,
        "continuous_iteration_ms": 4.397665977478027,
        "frame_ms": 4.387665748596191,
        "component_sum_ms": 4.387665748596191,
        "tick_ms": 0.1280830055475235,
        "dynamic_mesh_ms": 0.8180000185966492,
        "encode_ms": 0.8605419993400574,
        "admission_or_completion_ms": 2.581040859222412
      },
      {
        "index": 153,
        "started_ms": 1692.8673330000001,
        "submitted_ms": 1694.6463330000001,
        "observed_completed_ms": 1697.203875,
        "start_to_observed_completion_ms": 4.336541999999781,
        "submit_to_observed_completion_ms": 2.557541999999785,
        "continuous_iteration_ms": 4.343667030334473,
        "frame_ms": 4.336166858673096,
        "component_sum_ms": 4.336166858673096,
        "tick_ms": 0.1443749964237213,
        "dynamic_mesh_ms": 0.8124589920043945,
        "encode_ms": 0.8203749656677246,
        "admission_or_completion_ms": 2.558958053588867
      },
      {
        "index": 154,
        "started_ms": 1697.211,
        "submitted_ms": 1699.127458,
        "observed_completed_ms": 1702.9195829999999,
        "start_to_observed_completion_ms": 5.708582999999862,
        "submit_to_observed_completion_ms": 3.792124999999942,
        "continuous_iteration_ms": 5.714666843414307,
        "frame_ms": 5.708375930786133,
        "component_sum_ms": 5.708375930786133,
        "tick_ms": 0.1350420117378235,
        "dynamic_mesh_ms": 0.8420830368995667,
        "encode_ms": 0.9375,
        "admission_or_completion_ms": 3.7937510013580322
      },
      {
        "index": 155,
        "started_ms": 1702.9256670000002,
        "submitted_ms": 1704.841667,
        "observed_completed_ms": 1707.3766670000002,
        "start_to_observed_completion_ms": 4.451000000000022,
        "submit_to_observed_completion_ms": 2.5350000000003092,
        "continuous_iteration_ms": 4.454708099365234,
        "frame_ms": 4.450375556945801,
        "component_sum_ms": 4.450375556945801,
        "tick_ms": 0.1309169977903366,
        "dynamic_mesh_ms": 0.8460839986801147,
        "encode_ms": 0.9367920160293579,
        "admission_or_completion_ms": 2.5365822315216064
      },
      {
        "index": 156,
        "started_ms": 1707.380375,
        "submitted_ms": 1709.1891249999999,
        "observed_completed_ms": 1711.735375,
        "start_to_observed_completion_ms": 4.355000000000018,
        "submit_to_observed_completion_ms": 2.5462500000001,
        "continuous_iteration_ms": 4.360208034515381,
        "frame_ms": 4.355168342590332,
        "component_sum_ms": 4.355168342590332,
        "tick_ms": 0.12358400225639343,
        "dynamic_mesh_ms": 0.7928749918937683,
        "encode_ms": 0.8912919759750366,
        "admission_or_completion_ms": 2.547417163848877
      },
      {
        "index": 157,
        "started_ms": 1711.740583,
        "submitted_ms": 1713.512667,
        "observed_completed_ms": 1716.0441250000001,
        "start_to_observed_completion_ms": 4.303542000000107,
        "submit_to_observed_completion_ms": 2.531458000000157,
        "continuous_iteration_ms": 4.307834148406982,
        "frame_ms": 4.302667140960693,
        "component_sum_ms": 4.302667140960693,
        "tick_ms": 0.13112498819828033,
        "dynamic_mesh_ms": 0.8130840063095093,
        "encode_ms": 0.8260840177536011,
        "admission_or_completion_ms": 2.532374143600464
      },
      {
        "index": 158,
        "started_ms": 1716.0484170000002,
        "submitted_ms": 1717.7904580000002,
        "observed_completed_ms": 1720.334583,
        "start_to_observed_completion_ms": 4.2861659999998665,
        "submit_to_observed_completion_ms": 2.5441249999998945,
        "continuous_iteration_ms": 4.292999744415283,
        "frame_ms": 4.2857513427734375,
        "component_sum_ms": 4.2857513427734375,
        "tick_ms": 0.12425000220537186,
        "dynamic_mesh_ms": 0.8062089681625366,
        "encode_ms": 0.8100830316543579,
        "admission_or_completion_ms": 2.5452091693878174
      },
      {
        "index": 159,
        "started_ms": 1720.341417,
        "submitted_ms": 1722.1015,
        "observed_completed_ms": 1724.638667,
        "start_to_observed_completion_ms": 4.297249999999849,
        "submit_to_observed_completion_ms": 2.537166999999954,
        "continuous_iteration_ms": 4.301499843597412,
        "frame_ms": 4.296375274658203,
        "component_sum_ms": 4.296375274658203,
        "tick_ms": 0.13250000774860382,
        "dynamic_mesh_ms": 0.8064579963684082,
        "encode_ms": 0.8195000290870667,
        "admission_or_completion_ms": 2.537917137145996
      },
      {
        "index": 160,
        "started_ms": 1724.6429170000001,
        "submitted_ms": 1726.3871669999999,
        "observed_completed_ms": 1728.9375,
        "start_to_observed_completion_ms": 4.294582999999875,
        "submit_to_observed_completion_ms": 2.550333000000137,
        "continuous_iteration_ms": 4.301249980926514,
        "frame_ms": 4.293957233428955,
        "component_sum_ms": 4.293957233428955,
        "tick_ms": 0.12183299660682678,
        "dynamic_mesh_ms": 0.8009580373764038,
        "encode_ms": 0.8201670050621033,
        "admission_or_completion_ms": 2.550999164581299
      },
      {
        "index": 161,
        "started_ms": 1728.9441669999999,
        "submitted_ms": 1730.703833,
        "observed_completed_ms": 1733.251667,
        "start_to_observed_completion_ms": 4.307500000000118,
        "submit_to_observed_completion_ms": 2.547833999999966,
        "continuous_iteration_ms": 4.313582897186279,
        "frame_ms": 4.307415962219238,
        "component_sum_ms": 4.307415962219238,
        "tick_ms": 0.1337909996509552,
        "dynamic_mesh_ms": 0.819083034992218,
        "encode_ms": 0.8053330183029175,
        "admission_or_completion_ms": 2.549208879470825
      },
      {
        "index": 162,
        "started_ms": 1733.25775,
        "submitted_ms": 1735.334125,
        "observed_completed_ms": 1737.6898330000001,
        "start_to_observed_completion_ms": 4.432083000000148,
        "submit_to_observed_completion_ms": 2.3557080000000497,
        "continuous_iteration_ms": 4.438167095184326,
        "frame_ms": 4.43154239654541,
        "component_sum_ms": 4.43154239654541,
        "tick_ms": 0.12995800375938416,
        "dynamic_mesh_ms": 0.8456249833106995,
        "encode_ms": 1.0987499952316284,
        "admission_or_completion_ms": 2.3572092056274414
      },
      {
        "index": 163,
        "started_ms": 1737.695917,
        "submitted_ms": 1739.417708,
        "observed_completed_ms": 1741.963833,
        "start_to_observed_completion_ms": 4.267916000000014,
        "submit_to_observed_completion_ms": 2.5461250000000746,
        "continuous_iteration_ms": 4.274040699005127,
        "frame_ms": 4.267332077026367,
        "component_sum_ms": 4.267332077026367,
        "tick_ms": 0.12754100561141968,
        "dynamic_mesh_ms": 0.7929159998893738,
        "encode_ms": 0.7994580268859863,
        "admission_or_completion_ms": 2.547417163848877
      },
      {
        "index": 164,
        "started_ms": 1741.969958,
        "submitted_ms": 1743.910333,
        "observed_completed_ms": 1746.459792,
        "start_to_observed_completion_ms": 4.489834000000201,
        "submit_to_observed_completion_ms": 2.54945900000007,
        "continuous_iteration_ms": 4.498125076293945,
        "frame_ms": 4.488958835601807,
        "component_sum_ms": 4.488958835601807,
        "tick_ms": 0.12849999964237213,
        "dynamic_mesh_ms": 0.8732919692993164,
        "encode_ms": 0.9337080121040344,
        "admission_or_completion_ms": 2.5534589290618896
      },
      {
        "index": 165,
        "started_ms": 1746.468083,
        "submitted_ms": 1748.2907500000001,
        "observed_completed_ms": 1750.841,
        "start_to_observed_completion_ms": 4.372916999999916,
        "submit_to_observed_completion_ms": 2.550249999999778,
        "continuous_iteration_ms": 4.379459381103516,
        "frame_ms": 4.3722076416015625,
        "component_sum_ms": 4.3722076416015625,
        "tick_ms": 0.14387500286102295,
        "dynamic_mesh_ms": 0.8267079591751099,
        "encode_ms": 0.8496249914169312,
        "admission_or_completion_ms": 2.551999807357788
      },
      {
        "index": 166,
        "started_ms": 1750.847542,
        "submitted_ms": 1752.785625,
        "observed_completed_ms": 1755.3429999999998,
        "start_to_observed_completion_ms": 4.495457999999871,
        "submit_to_observed_completion_ms": 2.5573749999998654,
        "continuous_iteration_ms": 4.503000259399414,
        "frame_ms": 4.495165824890137,
        "component_sum_ms": 4.495165824890137,
        "tick_ms": 0.1387920081615448,
        "dynamic_mesh_ms": 0.8749159574508667,
        "encode_ms": 0.922124981880188,
        "admission_or_completion_ms": 2.559332847595215
      },
      {
        "index": 167,
        "started_ms": 1755.350542,
        "submitted_ms": 1757.1427079999999,
        "observed_completed_ms": 1760.949042,
        "start_to_observed_completion_ms": 5.598500000000058,
        "submit_to_observed_completion_ms": 3.8063340000001062,
        "continuous_iteration_ms": 5.606249809265137,
        "frame_ms": 5.598208427429199,
        "component_sum_ms": 5.598208427429199,
        "tick_ms": 0.13141699135303497,
        "dynamic_mesh_ms": 0.8031660318374634,
        "encode_ms": 0.8557909727096558,
        "admission_or_completion_ms": 3.8078341484069824
      },
      {
        "index": 168,
        "started_ms": 1760.956792,
        "submitted_ms": 1762.960958,
        "observed_completed_ms": 1765.5140000000001,
        "start_to_observed_completion_ms": 4.557208000000173,
        "submit_to_observed_completion_ms": 2.5530420000002323,
        "continuous_iteration_ms": 4.5637078285217285,
        "frame_ms": 4.556584358215332,
        "component_sum_ms": 4.556584358215332,
        "tick_ms": 0.13270899653434753,
        "dynamic_mesh_ms": 0.8924160003662109,
        "encode_ms": 0.9754999876022339,
        "admission_or_completion_ms": 2.5559589862823486
      },
      {
        "index": 169,
        "started_ms": 1765.5205,
        "submitted_ms": 1767.363917,
        "observed_completed_ms": 1769.91175,
        "start_to_observed_completion_ms": 4.3912499999999,
        "submit_to_observed_completion_ms": 2.5478330000000824,
        "continuous_iteration_ms": 4.397500038146973,
        "frame_ms": 4.3898749351501465,
        "component_sum_ms": 4.3898749351501465,
        "tick_ms": 0.1368749886751175,
        "dynamic_mesh_ms": 0.8437079787254333,
        "encode_ms": 0.8604999780654907,
        "admission_or_completion_ms": 2.5487921237945557
      },
      {
        "index": 170,
        "started_ms": 1769.9180000000001,
        "submitted_ms": 1771.781375,
        "observed_completed_ms": 1774.3235,
        "start_to_observed_completion_ms": 4.405499999999847,
        "submit_to_observed_completion_ms": 2.542124999999942,
        "continuous_iteration_ms": 4.409291744232178,
        "frame_ms": 4.404750823974609,
        "component_sum_ms": 4.404750823974609,
        "tick_ms": 0.12820899486541748,
        "dynamic_mesh_ms": 0.8489999771118164,
        "encode_ms": 0.8833749890327454,
        "admission_or_completion_ms": 2.5441668033599854
      },
      {
        "index": 171,
        "started_ms": 1774.327292,
        "submitted_ms": 1776.305792,
        "observed_completed_ms": 1778.865208,
        "start_to_observed_completion_ms": 4.537915999999996,
        "submit_to_observed_completion_ms": 2.5594159999998283,
        "continuous_iteration_ms": 4.544707775115967,
        "frame_ms": 4.53729248046875,
        "component_sum_ms": 4.53729248046875,
        "tick_ms": 0.12491700053215027,
        "dynamic_mesh_ms": 0.8217920064926147,
        "encode_ms": 1.0304170846939087,
        "admission_or_completion_ms": 2.560166120529175
      },
      {
        "index": 172,
        "started_ms": 1778.872,
        "submitted_ms": 1780.747125,
        "observed_completed_ms": 1783.293792,
        "start_to_observed_completion_ms": 4.4217919999998685,
        "submit_to_observed_completion_ms": 2.546666999999843,
        "continuous_iteration_ms": 4.427792072296143,
        "frame_ms": 4.421083927154541,
        "component_sum_ms": 4.421083927154541,
        "tick_ms": 0.149958997964859,
        "dynamic_mesh_ms": 0.835457980632782,
        "encode_ms": 0.8875419497489929,
        "admission_or_completion_ms": 2.5481250286102295
      },
      {
        "index": 173,
        "started_ms": 1783.299792,
        "submitted_ms": 1785.1930419999999,
        "observed_completed_ms": 1787.793208,
        "start_to_observed_completion_ms": 4.493416000000025,
        "submit_to_observed_completion_ms": 2.600166000000172,
        "continuous_iteration_ms": 4.500165939331055,
        "frame_ms": 4.492959022521973,
        "component_sum_ms": 4.492959022521973,
        "tick_ms": 0.12791699171066284,
        "dynamic_mesh_ms": 0.80491703748703,
        "encode_ms": 0.958541989326477,
        "admission_or_completion_ms": 2.6015830039978027
      },
      {
        "index": 174,
        "started_ms": 1787.7999579999998,
        "submitted_ms": 1789.733583,
        "observed_completed_ms": 1793.345458,
        "start_to_observed_completion_ms": 5.545500000000175,
        "submit_to_observed_completion_ms": 3.6118750000000546,
        "continuous_iteration_ms": 5.556416988372803,
        "frame_ms": 5.545499801635742,
        "component_sum_ms": 5.545499801635742,
        "tick_ms": 0.13574999570846558,
        "dynamic_mesh_ms": 0.8576670289039612,
        "encode_ms": 0.9374580383300781,
        "admission_or_completion_ms": 3.6146249771118164
      },
      {
        "index": 175,
        "started_ms": 1793.356375,
        "submitted_ms": 1795.333208,
        "observed_completed_ms": 1797.844875,
        "start_to_observed_completion_ms": 4.488499999999931,
        "submit_to_observed_completion_ms": 2.5116669999999885,
        "continuous_iteration_ms": 4.494000434875488,
        "frame_ms": 4.486999988555908,
        "component_sum_ms": 4.486999988555908,
        "tick_ms": 0.1507919877767563,
        "dynamic_mesh_ms": 0.8511250019073486,
        "encode_ms": 0.9712499976158142,
        "admission_or_completion_ms": 2.5138330459594727
      },
      {
        "index": 176,
        "started_ms": 1797.850375,
        "submitted_ms": 1799.741958,
        "observed_completed_ms": 1803.354125,
        "start_to_observed_completion_ms": 5.503750000000082,
        "submit_to_observed_completion_ms": 3.6121669999999995,
        "continuous_iteration_ms": 5.511667251586914,
        "frame_ms": 5.503334999084473,
        "component_sum_ms": 5.503334999084473,
        "tick_ms": 0.13212500512599945,
        "dynamic_mesh_ms": 0.8563339710235596,
        "encode_ms": 0.900833010673523,
        "admission_or_completion_ms": 3.6140429973602295
      },
      {
        "index": 177,
        "started_ms": 1803.362042,
        "submitted_ms": 1805.229708,
        "observed_completed_ms": 1807.778167,
        "start_to_observed_completion_ms": 4.416124999999965,
        "submit_to_observed_completion_ms": 2.548458999999866,
        "continuous_iteration_ms": 4.422082901000977,
        "frame_ms": 4.415542125701904,
        "component_sum_ms": 4.415542125701904,
        "tick_ms": 0.14295899868011475,
        "dynamic_mesh_ms": 0.8303329944610596,
        "encode_ms": 0.8923749923706055,
        "admission_or_completion_ms": 2.549875020980835
      },
      {
        "index": 178,
        "started_ms": 1807.784125,
        "submitted_ms": 1809.67025,
        "observed_completed_ms": 1812.238333,
        "start_to_observed_completion_ms": 4.454208000000108,
        "submit_to_observed_completion_ms": 2.568083000000115,
        "continuous_iteration_ms": 4.46054220199585,
        "frame_ms": 4.453415870666504,
        "component_sum_ms": 4.453415870666504,
        "tick_ms": 0.12633299827575684,
        "dynamic_mesh_ms": 0.8187080025672913,
        "encode_ms": 0.9393750429153442,
        "admission_or_completion_ms": 2.569000005722046
      },
      {
        "index": 179,
        "started_ms": 1812.244667,
        "submitted_ms": 1814.073542,
        "observed_completed_ms": 1816.6215829999999,
        "start_to_observed_completion_ms": 4.376915999999937,
        "submit_to_observed_completion_ms": 2.5480409999997846,
        "continuous_iteration_ms": 4.382957935333252,
        "frame_ms": 4.376372814178467,
        "component_sum_ms": 4.376372814178467,
        "tick_ms": 0.13016599416732788,
        "dynamic_mesh_ms": 0.8283330202102661,
        "encode_ms": 0.8685420155525208,
        "admission_or_completion_ms": 2.5493319034576416
      },
      {
        "index": 180,
        "started_ms": 1816.627625,
        "submitted_ms": 1818.83475,
        "observed_completed_ms": 1821.393042,
        "start_to_observed_completion_ms": 4.765416999999843,
        "submit_to_observed_completion_ms": 2.5582919999999376,
        "continuous_iteration_ms": 4.80620813369751,
        "frame_ms": 4.634040832519531,
        "component_sum_ms": 4.634040832519531,
        "tick_ms": 0.12562499940395355,
        "dynamic_mesh_ms": 0.9467080235481262,
        "encode_ms": 1.0020829439163208,
        "admission_or_completion_ms": 2.5596251487731934
      },
      {
        "index": 181,
        "started_ms": 1821.433833,
        "submitted_ms": 1823.39675,
        "observed_completed_ms": 1825.954333,
        "start_to_observed_completion_ms": 4.520499999999856,
        "submit_to_observed_completion_ms": 2.557582999999795,
        "continuous_iteration_ms": 4.529541969299316,
        "frame_ms": 4.519999980926514,
        "component_sum_ms": 4.519999980926514,
        "tick_ms": 0.12999999523162842,
        "dynamic_mesh_ms": 0.9268749952316284,
        "encode_ms": 0.9041249752044678,
        "admission_or_completion_ms": 2.559000015258789
      },
      {
        "index": 182,
        "started_ms": 1825.9633750000003,
        "submitted_ms": 1827.933792,
        "observed_completed_ms": 1830.273875,
        "start_to_observed_completion_ms": 4.31049999999982,
        "submit_to_observed_completion_ms": 2.3400830000000497,
        "continuous_iteration_ms": 4.319999694824219,
        "frame_ms": 4.310250282287598,
        "component_sum_ms": 4.310250282287598,
        "tick_ms": 0.13541699945926666,
        "dynamic_mesh_ms": 0.9655830264091492,
        "encode_ms": 0.8666670322418213,
        "admission_or_completion_ms": 2.342582941055298
      },
      {
        "index": 183,
        "started_ms": 1830.283375,
        "submitted_ms": 1832.330792,
        "observed_completed_ms": 1834.88625,
        "start_to_observed_completion_ms": 4.60287500000004,
        "submit_to_observed_completion_ms": 2.555458000000044,
        "continuous_iteration_ms": 4.610457897186279,
        "frame_ms": 4.602416038513184,
        "component_sum_ms": 4.602416038513184,
        "tick_ms": 0.1458750069141388,
        "dynamic_mesh_ms": 1.0204579830169678,
        "encode_ms": 0.8782089948654175,
        "admission_or_completion_ms": 2.5578739643096924
      },
      {
        "index": 184,
        "started_ms": 1834.893833,
        "submitted_ms": 1836.94875,
        "observed_completed_ms": 1839.5014999999999,
        "start_to_observed_completion_ms": 4.607666999999765,
        "submit_to_observed_completion_ms": 2.5527499999998327,
        "continuous_iteration_ms": 4.612916946411133,
        "frame_ms": 4.607001304626465,
        "component_sum_ms": 4.607001304626465,
        "tick_ms": 0.1287500113248825,
        "dynamic_mesh_ms": 0.9226669669151306,
        "encode_ms": 1.001792073249817,
        "admission_or_completion_ms": 2.5537919998168945
      },
      {
        "index": 185,
        "started_ms": 1839.50675,
        "submitted_ms": 1841.487167,
        "observed_completed_ms": 1845.152167,
        "start_to_observed_completion_ms": 5.645416999999952,
        "submit_to_observed_completion_ms": 3.6649999999999636,
        "continuous_iteration_ms": 5.653291702270508,
        "frame_ms": 5.64500093460083,
        "component_sum_ms": 5.64500093460083,
        "tick_ms": 0.12787500023841858,
        "dynamic_mesh_ms": 0.9591670036315918,
        "encode_ms": 0.8908340334892273,
        "admission_or_completion_ms": 3.6671249866485596
      },
      {
        "index": 186,
        "started_ms": 1845.1600419999997,
        "submitted_ms": 1847.06725,
        "observed_completed_ms": 1849.528292,
        "start_to_observed_completion_ms": 4.3682500000002165,
        "submit_to_observed_completion_ms": 2.4610419999999067,
        "continuous_iteration_ms": 4.374374866485596,
        "frame_ms": 4.367709159851074,
        "component_sum_ms": 4.367709159851074,
        "tick_ms": 0.12666700780391693,
        "dynamic_mesh_ms": 0.9002499580383301,
        "encode_ms": 0.8785420060157776,
        "admission_or_completion_ms": 2.462250232696533
      },
      {
        "index": 187,
        "started_ms": 1849.534417,
        "submitted_ms": 1851.587833,
        "observed_completed_ms": 1854.1479170000002,
        "start_to_observed_completion_ms": 4.613500000000158,
        "submit_to_observed_completion_ms": 2.560084000000188,
        "continuous_iteration_ms": 4.621333122253418,
        "frame_ms": 4.613332748413086,
        "component_sum_ms": 4.613332748413086,
        "tick_ms": 0.1296669989824295,
        "dynamic_mesh_ms": 0.9321659803390503,
        "encode_ms": 0.9897080063819885,
        "admission_or_completion_ms": 2.5617918968200684
      },
      {
        "index": 188,
        "started_ms": 1854.15575,
        "submitted_ms": 1856.1005420000001,
        "observed_completed_ms": 1858.641375,
        "start_to_observed_completion_ms": 4.485625000000027,
        "submit_to_observed_completion_ms": 2.540832999999793,
        "continuous_iteration_ms": 4.491499900817871,
        "frame_ms": 4.484831809997559,
        "component_sum_ms": 4.484831809997559,
        "tick_ms": 0.14133299887180328,
        "dynamic_mesh_ms": 0.9369580149650574,
        "encode_ms": 0.8640000224113464,
        "admission_or_completion_ms": 2.5425407886505127
      },
      {
        "index": 189,
        "started_ms": 1858.64725,
        "submitted_ms": 1860.7689579999999,
        "observed_completed_ms": 1863.315208,
        "start_to_observed_completion_ms": 4.667957999999999,
        "submit_to_observed_completion_ms": 2.5462500000001,
        "continuous_iteration_ms": 4.674417018890381,
        "frame_ms": 4.667001247406006,
        "component_sum_ms": 4.667001247406006,
        "tick_ms": 0.14441700279712677,
        "dynamic_mesh_ms": 0.9712090492248535,
        "encode_ms": 1.0031249523162842,
        "admission_or_completion_ms": 2.548250198364258
      },
      {
        "index": 190,
        "started_ms": 1863.3216670000002,
        "submitted_ms": 1865.2507919999998,
        "observed_completed_ms": 1869.0625830000001,
        "start_to_observed_completion_ms": 5.74091599999997,
        "submit_to_observed_completion_ms": 3.811791000000312,
        "continuous_iteration_ms": 5.748208045959473,
        "frame_ms": 5.740708351135254,
        "component_sum_ms": 5.740708351135254,
        "tick_ms": 0.12970800697803497,
        "dynamic_mesh_ms": 0.9220409989356995,
        "encode_ms": 0.8757920265197754,
        "admission_or_completion_ms": 3.813167095184326
      },
      {
        "index": 191,
        "started_ms": 1869.0698750000001,
        "submitted_ms": 1871.2674580000003,
        "observed_completed_ms": 1873.822583,
        "start_to_observed_completion_ms": 4.752707999999757,
        "submit_to_observed_completion_ms": 2.5551249999996344,
        "continuous_iteration_ms": 4.760250091552734,
        "frame_ms": 4.752625942230225,
        "component_sum_ms": 4.752625942230225,
        "tick_ms": 0.13145899772644043,
        "dynamic_mesh_ms": 0.9466249942779541,
        "encode_ms": 1.1167500019073486,
        "admission_or_completion_ms": 2.5577919483184814
      },
      {
        "index": 192,
        "started_ms": 1873.830125,
        "submitted_ms": 1875.8422500000001,
        "observed_completed_ms": 1879.553542,
        "start_to_observed_completion_ms": 5.723417000000154,
        "submit_to_observed_completion_ms": 3.7112919999999576,
        "continuous_iteration_ms": 5.731374740600586,
        "frame_ms": 5.722748756408691,
        "component_sum_ms": 5.722748756408691,
        "tick_ms": 0.1368749886751175,
        "dynamic_mesh_ms": 0.9415410161018372,
        "encode_ms": 0.9315420389175415,
        "admission_or_completion_ms": 3.7127909660339355
      },
      {
        "index": 193,
        "started_ms": 1879.5614999999998,
        "submitted_ms": 1881.602542,
        "observed_completed_ms": 1884.169708,
        "start_to_observed_completion_ms": 4.608208000000104,
        "submit_to_observed_completion_ms": 2.5671659999998155,
        "continuous_iteration_ms": 4.61758279800415,
        "frame_ms": 4.607333183288574,
        "component_sum_ms": 4.607333183288574,
        "tick_ms": 0.13512499630451202,
        "dynamic_mesh_ms": 0.9529579877853394,
        "encode_ms": 0.9506250023841858,
        "admission_or_completion_ms": 2.5686252117156982
      },
      {
        "index": 194,
        "started_ms": 1884.179083,
        "submitted_ms": 1886.253792,
        "observed_completed_ms": 1888.8183330000002,
        "start_to_observed_completion_ms": 4.639250000000175,
        "submit_to_observed_completion_ms": 2.5645410000001903,
        "continuous_iteration_ms": 4.6485419273376465,
        "frame_ms": 4.638416767120361,
        "component_sum_ms": 4.638416767120361,
        "tick_ms": 0.15491700172424316,
        "dynamic_mesh_ms": 0.9879999756813049,
        "encode_ms": 0.9287500381469727,
        "admission_or_completion_ms": 2.5667498111724854
      },
      {
        "index": 195,
        "started_ms": 1888.827625,
        "submitted_ms": 1890.9349579999998,
        "observed_completed_ms": 1893.487375,
        "start_to_observed_completion_ms": 4.659750000000031,
        "submit_to_observed_completion_ms": 2.552417000000105,
        "continuous_iteration_ms": 4.668707847595215,
        "frame_ms": 4.658041954040527,
        "component_sum_ms": 4.658041954040527,
        "tick_ms": 0.16112500429153442,
        "dynamic_mesh_ms": 0.9929999709129333,
        "encode_ms": 0.9488749504089355,
        "admission_or_completion_ms": 2.555042028427124
      },
      {
        "index": 196,
        "started_ms": 1893.4963329999998,
        "submitted_ms": 1895.587167,
        "observed_completed_ms": 1898.126417,
        "start_to_observed_completion_ms": 4.630084000000124,
        "submit_to_observed_completion_ms": 2.539250000000038,
        "continuous_iteration_ms": 4.636125087738037,
        "frame_ms": 4.62904167175293,
        "component_sum_ms": 4.62904167175293,
        "tick_ms": 0.14012500643730164,
        "dynamic_mesh_ms": 0.9694169759750366,
        "encode_ms": 0.9791669249534607,
        "admission_or_completion_ms": 2.5403330326080322
      },
      {
        "index": 197,
        "started_ms": 1898.132458,
        "submitted_ms": 1900.0267920000001,
        "observed_completed_ms": 1903.839583,
        "start_to_observed_completion_ms": 5.707124999999905,
        "submit_to_observed_completion_ms": 3.8127909999998337,
        "continuous_iteration_ms": 5.714791774749756,
        "frame_ms": 5.7070417404174805,
        "component_sum_ms": 5.7070417404174805,
        "tick_ms": 0.13429099321365356,
        "dynamic_mesh_ms": 0.9202499985694885,
        "encode_ms": 0.8381669521331787,
        "admission_or_completion_ms": 3.814333915710449
      },
      {
        "index": 198,
        "started_ms": 1903.84725,
        "submitted_ms": 1905.9465420000001,
        "observed_completed_ms": 1908.485625,
        "start_to_observed_completion_ms": 4.638374999999996,
        "submit_to_observed_completion_ms": 2.5390829999998914,
        "continuous_iteration_ms": 4.6444172859191895,
        "frame_ms": 4.6376237869262695,
        "component_sum_ms": 4.6376237869262695,
        "tick_ms": 0.14308300614356995,
        "dynamic_mesh_ms": 0.9783329367637634,
        "encode_ms": 0.9754169583320618,
        "admission_or_completion_ms": 2.5407910346984863
      },
      {
        "index": 199,
        "started_ms": 1908.4916669999998,
        "submitted_ms": 1910.486542,
        "observed_completed_ms": 1912.930458,
        "start_to_observed_completion_ms": 4.438791000000265,
        "submit_to_observed_completion_ms": 2.4439159999999447,
        "continuous_iteration_ms": 4.444540977478027,
        "frame_ms": 4.437874794006348,
        "component_sum_ms": 4.437874794006348,
        "tick_ms": 0.13120800256729126,
        "dynamic_mesh_ms": 0.9420000314712524,
        "encode_ms": 0.9193750023841858,
        "admission_or_completion_ms": 2.4452919960021973
      },
      {
        "index": 200,
        "started_ms": 1912.936208,
        "submitted_ms": 1914.803875,
        "observed_completed_ms": 1918.41125,
        "start_to_observed_completion_ms": 5.47504200000003,
        "submit_to_observed_completion_ms": 3.6073750000000473,
        "continuous_iteration_ms": 5.480916976928711,
        "frame_ms": 5.474582672119141,
        "component_sum_ms": 5.474582672119141,
        "tick_ms": 0.12891599535942078,
        "dynamic_mesh_ms": 0.9139999747276306,
        "encode_ms": 0.8232499957084656,
        "admission_or_completion_ms": 3.60841703414917
      },
      {
        "index": 201,
        "started_ms": 1918.417125,
        "submitted_ms": 1920.48075,
        "observed_completed_ms": 1923.0252920000003,
        "start_to_observed_completion_ms": 4.608167000000321,
        "submit_to_observed_completion_ms": 2.5445420000003196,
        "continuous_iteration_ms": 4.6155829429626465,
        "frame_ms": 4.607916831970215,
        "component_sum_ms": 4.607916831970215,
        "tick_ms": 0.1301250010728836,
        "dynamic_mesh_ms": 0.9112919569015503,
        "encode_ms": 1.0203750133514404,
        "admission_or_completion_ms": 2.5461249351501465
      },
      {
        "index": 202,
        "started_ms": 1923.032708,
        "submitted_ms": 1924.984625,
        "observed_completed_ms": 1928.6825,
        "start_to_observed_completion_ms": 5.649791999999934,
        "submit_to_observed_completion_ms": 3.69787499999984,
        "continuous_iteration_ms": 5.657500267028809,
        "frame_ms": 5.649250030517578,
        "component_sum_ms": 5.649250030517578,
        "tick_ms": 0.14925000071525574,
        "dynamic_mesh_ms": 0.9654589891433716,
        "encode_ms": 0.8351249694824219,
        "admission_or_completion_ms": 3.699415922164917
      },
      {
        "index": 203,
        "started_ms": 1928.690208,
        "submitted_ms": 1930.64225,
        "observed_completed_ms": 1933.182833,
        "start_to_observed_completion_ms": 4.492625000000089,
        "submit_to_observed_completion_ms": 2.5405829999999696,
        "continuous_iteration_ms": 4.498499870300293,
        "frame_ms": 4.49233341217041,
        "component_sum_ms": 4.49233341217041,
        "tick_ms": 0.13483299314975739,
        "dynamic_mesh_ms": 0.9342079758644104,
        "encode_ms": 0.8810830116271973,
        "admission_or_completion_ms": 2.5422091484069824
      },
      {
        "index": 204,
        "started_ms": 1933.188708,
        "submitted_ms": 1935.154917,
        "observed_completed_ms": 1937.7214999999999,
        "start_to_observed_completion_ms": 4.532791999999972,
        "submit_to_observed_completion_ms": 2.5665829999998095,
        "continuous_iteration_ms": 4.5402092933654785,
        "frame_ms": 4.53249979019165,
        "component_sum_ms": 4.53249979019165,
        "tick_ms": 0.1316249966621399,
        "dynamic_mesh_ms": 0.9339579939842224,
        "encode_ms": 0.8982499837875366,
        "admission_or_completion_ms": 2.568666696548462
      },
      {
        "index": 205,
        "started_ms": 1937.7289170000001,
        "submitted_ms": 1939.6959580000002,
        "observed_completed_ms": 1942.280167,
        "start_to_observed_completion_ms": 4.551249999999754,
        "submit_to_observed_completion_ms": 2.584208999999646,
        "continuous_iteration_ms": 4.562375068664551,
        "frame_ms": 4.551750183105469,
        "component_sum_ms": 4.551750183105469,
        "tick_ms": 0.14225000143051147,
        "dynamic_mesh_ms": 0.953125,
        "encode_ms": 0.870415985584259,
        "admission_or_completion_ms": 2.585958957672119
      },
      {
        "index": 206,
        "started_ms": 1942.2912919999999,
        "submitted_ms": 1944.1894579999998,
        "observed_completed_ms": 1946.733375,
        "start_to_observed_completion_ms": 4.442083000000139,
        "submit_to_observed_completion_ms": 2.5439170000001923,
        "continuous_iteration_ms": 4.4473748207092285,
        "frame_ms": 4.440791130065918,
        "component_sum_ms": 4.440791130065918,
        "tick_ms": 0.13854099810123444,
        "dynamic_mesh_ms": 0.90625,
        "encode_ms": 0.8510830402374268,
        "admission_or_completion_ms": 2.544917106628418
      },
      {
        "index": 207,
        "started_ms": 1946.738667,
        "submitted_ms": 1948.576417,
        "observed_completed_ms": 1952.376583,
        "start_to_observed_completion_ms": 5.637915999999905,
        "submit_to_observed_completion_ms": 3.80016599999999,
        "continuous_iteration_ms": 5.645290851593018,
        "frame_ms": 5.637959957122803,
        "component_sum_ms": 5.637959957122803,
        "tick_ms": 0.12816700339317322,
        "dynamic_mesh_ms": 0.8909170031547546,
        "encode_ms": 0.817333996295929,
        "admission_or_completion_ms": 3.801542043685913
      },
      {
        "index": 208,
        "started_ms": 1952.383958,
        "submitted_ms": 1954.49225,
        "observed_completed_ms": 1957.034417,
        "start_to_observed_completion_ms": 4.650459000000183,
        "submit_to_observed_completion_ms": 2.542167000000063,
        "continuous_iteration_ms": 4.654624938964844,
        "frame_ms": 4.649083137512207,
        "component_sum_ms": 4.649083137512207,
        "tick_ms": 0.1366250067949295,
        "dynamic_mesh_ms": 0.960582971572876,
        "encode_ms": 1.0082080364227295,
        "admission_or_completion_ms": 2.5436670780181885
      },
      {
        "index": 209,
        "started_ms": 1957.038583,
        "submitted_ms": 1958.898708,
        "observed_completed_ms": 1962.7275,
        "start_to_observed_completion_ms": 5.688916999999947,
        "submit_to_observed_completion_ms": 3.8287920000000213,
        "continuous_iteration_ms": 5.697499752044678,
        "frame_ms": 5.688959121704102,
        "component_sum_ms": 5.688959121704102,
        "tick_ms": 0.12741701304912567,
        "dynamic_mesh_ms": 0.9026249647140503,
        "encode_ms": 0.8286250233650208,
        "admission_or_completion_ms": 3.830292224884033
      },
      {
        "index": 210,
        "started_ms": 1962.736083,
        "submitted_ms": 1964.8194999999998,
        "observed_completed_ms": 1967.394583,
        "start_to_observed_completion_ms": 4.658500000000004,
        "submit_to_observed_completion_ms": 2.575083000000177,
        "continuous_iteration_ms": 4.67912483215332,
        "frame_ms": 4.658291816711426,
        "component_sum_ms": 4.658291816711426,
        "tick_ms": 0.14058400690555573,
        "dynamic_mesh_ms": 0.9537920355796814,
        "encode_ms": 0.9865829348564148,
        "admission_or_completion_ms": 2.5773327350616455
      },
      {
        "index": 211,
        "started_ms": 1967.4152080000001,
        "submitted_ms": 1969.379333,
        "observed_completed_ms": 1971.9449579999998,
        "start_to_observed_completion_ms": 4.529749999999694,
        "submit_to_observed_completion_ms": 2.565624999999727,
        "continuous_iteration_ms": 4.538625240325928,
        "frame_ms": 4.528709888458252,
        "component_sum_ms": 4.528709888458252,
        "tick_ms": 0.1595420092344284,
        "dynamic_mesh_ms": 0.9198749661445618,
        "encode_ms": 0.8811249732971191,
        "admission_or_completion_ms": 2.5681679248809814
      },
      {
        "index": 212,
        "started_ms": 1971.9538330000003,
        "submitted_ms": 1974.159417,
        "observed_completed_ms": 1977.97775,
        "start_to_observed_completion_ms": 6.023916999999756,
        "submit_to_observed_completion_ms": 3.8183329999999387,
        "continuous_iteration_ms": 6.044041633605957,
        "frame_ms": 6.023499965667725,
        "component_sum_ms": 6.023499965667725,
        "tick_ms": 0.1450829952955246,
        "dynamic_mesh_ms": 0.9841660261154175,
        "encode_ms": 1.0740420818328857,
        "admission_or_completion_ms": 3.82020902633667
      },
      {
        "index": 213,
        "started_ms": 1977.997875,
        "submitted_ms": 1980.255542,
        "observed_completed_ms": 1982.799208,
        "start_to_observed_completion_ms": 4.801332999999886,
        "submit_to_observed_completion_ms": 2.543665999999803,
        "continuous_iteration_ms": 4.807999610900879,
        "frame_ms": 4.800124168395996,
        "component_sum_ms": 4.800124168395996,
        "tick_ms": 0.22383300960063934,
        "dynamic_mesh_ms": 1.0318750143051147,
        "encode_ms": 0.9984170198440552,
        "admission_or_completion_ms": 2.545999050140381
      },
      {
        "index": 214,
        "started_ms": 1982.805875,
        "submitted_ms": 1984.9242920000002,
        "observed_completed_ms": 1987.268875,
        "start_to_observed_completion_ms": 4.462999999999965,
        "submit_to_observed_completion_ms": 2.3445829999998296,
        "continuous_iteration_ms": 4.470707893371582,
        "frame_ms": 4.4625420570373535,
        "component_sum_ms": 4.4625420570373535,
        "tick_ms": 0.13499999046325684,
        "dynamic_mesh_ms": 0.9516249895095825,
        "encode_ms": 1.0296670198440552,
        "admission_or_completion_ms": 2.346250057220459
      },
      {
        "index": 215,
        "started_ms": 1987.2765829999998,
        "submitted_ms": 1989.309,
        "observed_completed_ms": 1991.864208,
        "start_to_observed_completion_ms": 4.587625000000116,
        "submit_to_observed_completion_ms": 2.5552079999999933,
        "continuous_iteration_ms": 4.5950422286987305,
        "frame_ms": 4.586791038513184,
        "component_sum_ms": 4.586791038513184,
        "tick_ms": 0.14208298921585083,
        "dynamic_mesh_ms": 0.9687080383300781,
        "encode_ms": 0.9191669821739197,
        "admission_or_completion_ms": 2.556833028793335
      },
      {
        "index": 216,
        "started_ms": 1991.871625,
        "submitted_ms": 1993.89975,
        "observed_completed_ms": 1996.272375,
        "start_to_observed_completion_ms": 4.400750000000016,
        "submit_to_observed_completion_ms": 2.372624999999971,
        "continuous_iteration_ms": 4.408041954040527,
        "frame_ms": 4.400416374206543,
        "component_sum_ms": 4.400416374206543,
        "tick_ms": 0.13625000417232513,
        "dynamic_mesh_ms": 0.9621250033378601,
        "encode_ms": 0.9275000095367432,
        "admission_or_completion_ms": 2.3745410442352295
      },
      {
        "index": 217,
        "started_ms": 1996.279667,
        "submitted_ms": 1998.272625,
        "observed_completed_ms": 2000.8331670000002,
        "start_to_observed_completion_ms": 4.553500000000213,
        "submit_to_observed_completion_ms": 2.5605420000001686,
        "continuous_iteration_ms": 4.5625,
        "frame_ms": 4.553457260131836,
        "component_sum_ms": 4.553457260131836,
        "tick_ms": 0.13358300924301147,
        "dynamic_mesh_ms": 0.9203749895095825,
        "encode_ms": 0.9366250038146973,
        "admission_or_completion_ms": 2.5628740787506104
      },
      {
        "index": 218,
        "started_ms": 2000.842167,
        "submitted_ms": 2002.864917,
        "observed_completed_ms": 2005.4248330000003,
        "start_to_observed_completion_ms": 4.582666000000245,
        "submit_to_observed_completion_ms": 2.5599160000001575,
        "continuous_iteration_ms": 4.589916229248047,
        "frame_ms": 4.582000255584717,
        "component_sum_ms": 4.582000255584717,
        "tick_ms": 0.1547500044107437,
        "dynamic_mesh_ms": 0.9786670804023743,
        "encode_ms": 0.886292040348053,
        "admission_or_completion_ms": 2.562291145324707
      },
      {
        "index": 219,
        "started_ms": 2005.4320830000001,
        "submitted_ms": 2007.7111250000003,
        "observed_completed_ms": 2011.5565000000001,
        "start_to_observed_completion_ms": 6.124416999999994,
        "submit_to_observed_completion_ms": 3.8453749999998763,
        "continuous_iteration_ms": 6.132584095001221,
        "frame_ms": 6.123041152954102,
        "component_sum_ms": 6.123041152954102,
        "tick_ms": 0.13445799052715302,
        "dynamic_mesh_ms": 0.9970409870147705,
        "encode_ms": 1.143791913986206,
        "admission_or_completion_ms": 3.847749948501587
      },
      {
        "index": 220,
        "started_ms": 2011.564667,
        "submitted_ms": 2013.707958,
        "observed_completed_ms": 2016.2515829999998,
        "start_to_observed_completion_ms": 4.6869159999996555,
        "submit_to_observed_completion_ms": 2.5436249999997926,
        "continuous_iteration_ms": 4.692624568939209,
        "frame_ms": 4.685166358947754,
        "component_sum_ms": 4.685166358947754,
        "tick_ms": 0.17566600441932678,
        "dynamic_mesh_ms": 0.9944999814033508,
        "encode_ms": 0.9691250324249268,
        "admission_or_completion_ms": 2.545875072479248
      },
      {
        "index": 221,
        "started_ms": 2016.2572920000002,
        "submitted_ms": 2018.303458,
        "observed_completed_ms": 2020.8560420000001,
        "start_to_observed_completion_ms": 4.598749999999882,
        "submit_to_observed_completion_ms": 2.5525840000000244,
        "continuous_iteration_ms": 4.606040954589844,
        "frame_ms": 4.598625183105469,
        "component_sum_ms": 4.598625183105469,
        "tick_ms": 0.13045799732208252,
        "dynamic_mesh_ms": 0.9269170165061951,
        "encode_ms": 0.987250030040741,
        "admission_or_completion_ms": 2.55400013923645
      },
      {
        "index": 222,
        "started_ms": 2020.8633329999998,
        "submitted_ms": 2022.8160420000002,
        "observed_completed_ms": 2025.36525,
        "start_to_observed_completion_ms": 4.501917000000276,
        "submit_to_observed_completion_ms": 2.5492079999999078,
        "continuous_iteration_ms": 4.5094170570373535,
        "frame_ms": 4.501248836517334,
        "component_sum_ms": 4.501248836517334,
        "tick_ms": 0.1414160132408142,
        "dynamic_mesh_ms": 0.9252079725265503,
        "encode_ms": 0.883791983127594,
        "admission_or_completion_ms": 2.550832986831665
      },
      {
        "index": 223,
        "started_ms": 2025.3727499999998,
        "submitted_ms": 2027.4126250000002,
        "observed_completed_ms": 2029.974917,
        "start_to_observed_completion_ms": 4.602167000000236,
        "submit_to_observed_completion_ms": 2.562291999999843,
        "continuous_iteration_ms": 4.609708309173584,
        "frame_ms": 4.601417064666748,
        "component_sum_ms": 4.601417064666748,
        "tick_ms": 0.14816699922084808,
        "dynamic_mesh_ms": 0.9757080078125,
        "encode_ms": 0.9133750200271606,
        "admission_or_completion_ms": 2.564167022705078
      },
      {
        "index": 224,
        "started_ms": 2029.9824580000002,
        "submitted_ms": 2032.0127499999999,
        "observed_completed_ms": 2034.582667,
        "start_to_observed_completion_ms": 4.600208999999722,
        "submit_to_observed_completion_ms": 2.569917000000032,
        "continuous_iteration_ms": 4.611541748046875,
        "frame_ms": 4.599874973297119,
        "component_sum_ms": 4.599874973297119,
        "tick_ms": 0.13645899295806885,
        "dynamic_mesh_ms": 0.9496249556541443,
        "encode_ms": 0.9409579634666443,
        "admission_or_completion_ms": 2.5728330612182617
      },
      {
        "index": 225,
        "started_ms": 2034.5939999999998,
        "submitted_ms": 2036.7001249999998,
        "observed_completed_ms": 2039.262833,
        "start_to_observed_completion_ms": 4.668833000000177,
        "submit_to_observed_completion_ms": 2.562708000000157,
        "continuous_iteration_ms": 4.6774582862854,
        "frame_ms": 4.668584823608398,
        "component_sum_ms": 4.668584823608398,
        "tick_ms": 0.14783400297164917,
        "dynamic_mesh_ms": 0.9554589986801147,
        "encode_ms": 1.0007920265197754,
        "admission_or_completion_ms": 2.564499855041504
      },
      {
        "index": 226,
        "started_ms": 2039.271458,
        "submitted_ms": 2041.364583,
        "observed_completed_ms": 2046.280167,
        "start_to_observed_completion_ms": 7.0087089999999534,
        "submit_to_observed_completion_ms": 4.915583999999853,
        "continuous_iteration_ms": 7.016541957855225,
        "frame_ms": 7.0081682205200195,
        "component_sum_ms": 7.0081682205200195,
        "tick_ms": 0.13650000095367432,
        "dynamic_mesh_ms": 0.9780420064926147,
        "encode_ms": 0.9756249785423279,
        "admission_or_completion_ms": 4.918001174926758
      },
      {
        "index": 227,
        "started_ms": 2046.288,
        "submitted_ms": 2048.3669999999997,
        "observed_completed_ms": 2053.432833,
        "start_to_observed_completion_ms": 7.144832999999835,
        "submit_to_observed_completion_ms": 5.0658330000001115,
        "continuous_iteration_ms": 7.150958061218262,
        "frame_ms": 7.143917083740234,
        "component_sum_ms": 7.143917083740234,
        "tick_ms": 0.13941699266433716,
        "dynamic_mesh_ms": 0.9555420279502869,
        "encode_ms": 0.9815829992294312,
        "admission_or_completion_ms": 5.067375183105469
      },
      {
        "index": 228,
        "started_ms": 2053.438958,
        "submitted_ms": 2055.4824580000004,
        "observed_completed_ms": 2058.027458,
        "start_to_observed_completion_ms": 4.58849999999984,
        "submit_to_observed_completion_ms": 2.544999999999618,
        "continuous_iteration_ms": 4.595917224884033,
        "frame_ms": 4.5884599685668945,
        "component_sum_ms": 4.5884599685668945,
        "tick_ms": 0.13145899772644043,
        "dynamic_mesh_ms": 0.9508340358734131,
        "encode_ms": 0.9584580063819885,
        "admission_or_completion_ms": 2.5477089881896973
      },
      {
        "index": 229,
        "started_ms": 2058.0348750000003,
        "submitted_ms": 2060.163083,
        "observed_completed_ms": 2062.7221250000002,
        "start_to_observed_completion_ms": 4.687249999999949,
        "submit_to_observed_completion_ms": 2.559042000000318,
        "continuous_iteration_ms": 4.695958137512207,
        "frame_ms": 4.687084197998047,
        "component_sum_ms": 4.687084197998047,
        "tick_ms": 0.14070899784564972,
        "dynamic_mesh_ms": 0.9620000123977661,
        "encode_ms": 1.02354097366333,
        "admission_or_completion_ms": 2.5608339309692383
      },
      {
        "index": 230,
        "started_ms": 2062.7308329999996,
        "submitted_ms": 2064.700792,
        "observed_completed_ms": 2067.253167,
        "start_to_observed_completion_ms": 4.522334000000228,
        "submit_to_observed_completion_ms": 2.5523749999997563,
        "continuous_iteration_ms": 4.529541969299316,
        "frame_ms": 4.521667957305908,
        "component_sum_ms": 4.521667957305908,
        "tick_ms": 0.1384589970111847,
        "dynamic_mesh_ms": 0.9556670188903809,
        "encode_ms": 0.8738340139389038,
        "admission_or_completion_ms": 2.5537078380584717
      },
      {
        "index": 231,
        "started_ms": 2067.260375,
        "submitted_ms": 2069.291583,
        "observed_completed_ms": 2071.845125,
        "start_to_observed_completion_ms": 4.5847499999999854,
        "submit_to_observed_completion_ms": 2.553541999999652,
        "continuous_iteration_ms": 4.592082977294922,
        "frame_ms": 4.58391809463501,
        "component_sum_ms": 4.58391809463501,
        "tick_ms": 0.13437500596046448,
        "dynamic_mesh_ms": 0.9706250429153442,
        "encode_ms": 0.9226250052452087,
        "admission_or_completion_ms": 2.55629301071167
      },
      {
        "index": 232,
        "started_ms": 2071.852458,
        "submitted_ms": 2073.8402499999997,
        "observed_completed_ms": 2077.643583,
        "start_to_observed_completion_ms": 5.791125000000193,
        "submit_to_observed_completion_ms": 3.8033330000002934,
        "continuous_iteration_ms": 5.798125267028809,
        "frame_ms": 5.790249824523926,
        "component_sum_ms": 5.790249824523926,
        "tick_ms": 0.13120800256729126,
        "dynamic_mesh_ms": 0.9235829710960388,
        "encode_ms": 0.930417001247406,
        "admission_or_completion_ms": 3.805042028427124
      },
      {
        "index": 233,
        "started_ms": 2077.650583,
        "submitted_ms": 2079.729042,
        "observed_completed_ms": 2082.2668329999997,
        "start_to_observed_completion_ms": 4.616249999999582,
        "submit_to_observed_completion_ms": 2.537790999999743,
        "continuous_iteration_ms": 4.622791767120361,
        "frame_ms": 4.615665912628174,
        "component_sum_ms": 4.615665912628174,
        "tick_ms": 0.13512499630451202,
        "dynamic_mesh_ms": 0.9894580841064453,
        "encode_ms": 0.9515420198440552,
        "admission_or_completion_ms": 2.5395407676696777
      },
      {
        "index": 234,
        "started_ms": 2082.273375,
        "submitted_ms": 2084.207208,
        "observed_completed_ms": 2088.021125,
        "start_to_observed_completion_ms": 5.747749999999996,
        "submit_to_observed_completion_ms": 3.8139170000004015,
        "continuous_iteration_ms": 5.755457878112793,
        "frame_ms": 5.747583866119385,
        "component_sum_ms": 5.747583866119385,
        "tick_ms": 0.1341250091791153,
        "dynamic_mesh_ms": 0.9252920150756836,
        "encode_ms": 0.8727079629898071,
        "admission_or_completion_ms": 3.8154590129852295
      },
      {
        "index": 235,
        "started_ms": 2088.0288330000003,
        "submitted_ms": 2090.046917,
        "observed_completed_ms": 2092.634625,
        "start_to_observed_completion_ms": 4.605791999999838,
        "submit_to_observed_completion_ms": 2.5877080000000205,
        "continuous_iteration_ms": 4.617583751678467,
        "frame_ms": 4.605833053588867,
        "component_sum_ms": 4.605833053588867,
        "tick_ms": 0.14162500202655792,
        "dynamic_mesh_ms": 0.9606249928474426,
        "encode_ms": 0.9134999513626099,
        "admission_or_completion_ms": 2.590082883834839
      },
      {
        "index": 236,
        "started_ms": 2092.646417,
        "submitted_ms": 2094.747375,
        "observed_completed_ms": 2097.306,
        "start_to_observed_completion_ms": 4.6595830000001115,
        "submit_to_observed_completion_ms": 2.55862500000012,
        "continuous_iteration_ms": 4.666625022888184,
        "frame_ms": 4.659001350402832,
        "component_sum_ms": 4.659001350402832,
        "tick_ms": 0.14887499809265137,
        "dynamic_mesh_ms": 0.9541670083999634,
        "encode_ms": 0.9956669807434082,
        "admission_or_completion_ms": 2.5602920055389404
      },
      {
        "index": 237,
        "started_ms": 2097.313042,
        "submitted_ms": 2099.257708,
        "observed_completed_ms": 2103.02225,
        "start_to_observed_completion_ms": 5.709207999999762,
        "submit_to_observed_completion_ms": 3.764541999999892,
        "continuous_iteration_ms": 5.717165946960449,
        "frame_ms": 5.709123611450195,
        "component_sum_ms": 5.709123611450195,
        "tick_ms": 0.13079200685024261,
        "dynamic_mesh_ms": 0.9097079634666443,
        "encode_ms": 0.9024579524993896,
        "admission_or_completion_ms": 3.7661657333374023
      },
      {
        "index": 238,
        "started_ms": 2103.0302079999997,
        "submitted_ms": 2105.332042,
        "observed_completed_ms": 2107.875333,
        "start_to_observed_completion_ms": 4.84512500000028,
        "submit_to_observed_completion_ms": 2.543290999999954,
        "continuous_iteration_ms": 4.85212516784668,
        "frame_ms": 4.843708038330078,
        "component_sum_ms": 4.843708038330078,
        "tick_ms": 0.14704199135303497,
        "dynamic_mesh_ms": 1.0379999876022339,
        "encode_ms": 1.111541986465454,
        "admission_or_completion_ms": 2.547124147415161
      },
      {
        "index": 239,
        "started_ms": 2107.882333,
        "submitted_ms": 2110.0696669999998,
        "observed_completed_ms": 2112.628917,
        "start_to_observed_completion_ms": 4.746583999999984,
        "submit_to_observed_completion_ms": 2.5592500000002474,
        "continuous_iteration_ms": 4.753417015075684,
        "frame_ms": 4.745832920074463,
        "component_sum_ms": 4.745832920074463,
        "tick_ms": 0.14795799553394318,
        "dynamic_mesh_ms": 0.975957989692688,
        "encode_ms": 1.0612499713897705,
        "admission_or_completion_ms": 2.560667037963867
      },
      {
        "index": 240,
        "started_ms": 2112.63575,
        "submitted_ms": 2114.627833,
        "observed_completed_ms": 2117.175167,
        "start_to_observed_completion_ms": 4.539416999999958,
        "submit_to_observed_completion_ms": 2.5473339999998643,
        "continuous_iteration_ms": 4.581042289733887,
        "frame_ms": 4.5389580726623535,
        "component_sum_ms": 4.5389580726623535,
        "tick_ms": 0.139708012342453,
        "dynamic_mesh_ms": 0.9588750004768372,
        "encode_ms": 0.8915410041809082,
        "admission_or_completion_ms": 2.5488340854644775
      },
      {
        "index": 241,
        "started_ms": 2117.2167919999997,
        "submitted_ms": 2119.336542,
        "observed_completed_ms": 2121.8945,
        "start_to_observed_completion_ms": 4.677708000000166,
        "submit_to_observed_completion_ms": 2.5579579999998714,
        "continuous_iteration_ms": 4.6857500076293945,
        "frame_ms": 4.677542686462402,
        "component_sum_ms": 4.677542686462402,
        "tick_ms": 0.14558400213718414,
        "dynamic_mesh_ms": 1.0167499780654907,
        "encode_ms": 0.955083966255188,
        "admission_or_completion_ms": 2.5601248741149902
      },
      {
        "index": 242,
        "started_ms": 2121.902542,
        "submitted_ms": 2123.961917,
        "observed_completed_ms": 2127.768917,
        "start_to_observed_completion_ms": 5.866375000000062,
        "submit_to_observed_completion_ms": 3.806999999999789,
        "continuous_iteration_ms": 5.873083114624023,
        "frame_ms": 5.865459442138672,
        "component_sum_ms": 5.865459442138672,
        "tick_ms": 0.14379200339317322,
        "dynamic_mesh_ms": 0.9859580397605896,
        "encode_ms": 0.9273750185966492,
        "admission_or_completion_ms": 3.8083341121673584
      },
      {
        "index": 243,
        "started_ms": 2127.7756249999998,
        "submitted_ms": 2129.912917,
        "observed_completed_ms": 2132.4581249999997,
        "start_to_observed_completion_ms": 4.682499999999891,
        "submit_to_observed_completion_ms": 2.5452079999995476,
        "continuous_iteration_ms": 4.689332962036133,
        "frame_ms": 4.681708335876465,
        "component_sum_ms": 4.681708335876465,
        "tick_ms": 0.13445799052715302,
        "dynamic_mesh_ms": 1.0305839776992798,
        "encode_ms": 0.968999981880188,
        "admission_or_completion_ms": 2.5476667881011963
      },
      {
        "index": 244,
        "started_ms": 2132.464958,
        "submitted_ms": 2134.435417,
        "observed_completed_ms": 2138.2961250000003,
        "start_to_observed_completion_ms": 5.831167000000278,
        "submit_to_observed_completion_ms": 3.860708000000159,
        "continuous_iteration_ms": 5.83945894241333,
        "frame_ms": 5.830750465393066,
        "component_sum_ms": 5.830750465393066,
        "tick_ms": 0.1437089890241623,
        "dynamic_mesh_ms": 0.9542499780654907,
        "encode_ms": 0.8705419898033142,
        "admission_or_completion_ms": 3.8622498512268066
      },
      {
        "index": 245,
        "started_ms": 2138.3044170000003,
        "submitted_ms": 2140.5211670000003,
        "observed_completed_ms": 2144.335667,
        "start_to_observed_completion_ms": 6.031249999999545,
        "submit_to_observed_completion_ms": 3.814499999999498,
        "continuous_iteration_ms": 6.039083003997803,
        "frame_ms": 6.030791759490967,
        "component_sum_ms": 6.030791759490967,
        "tick_ms": 0.14087499678134918,
        "dynamic_mesh_ms": 0.9805420637130737,
        "encode_ms": 1.0931249856948853,
        "admission_or_completion_ms": 3.8162498474121094
      },
      {
        "index": 246,
        "started_ms": 2144.3435000000004,
        "submitted_ms": 2146.540708,
        "observed_completed_ms": 2149.0861250000003,
        "start_to_observed_completion_ms": 4.742624999999862,
        "submit_to_observed_completion_ms": 2.5454170000002705,
        "continuous_iteration_ms": 4.748667240142822,
        "frame_ms": 4.741334915161133,
        "component_sum_ms": 4.741334915161133,
        "tick_ms": 0.14641700685024261,
        "dynamic_mesh_ms": 1.0670840740203857,
        "encode_ms": 0.9802499413490295,
        "admission_or_completion_ms": 2.547584056854248
      },
      {
        "index": 247,
        "started_ms": 2149.0921670000002,
        "submitted_ms": 2151.1925,
        "observed_completed_ms": 2154.967292,
        "start_to_observed_completion_ms": 5.875124999999571,
        "submit_to_observed_completion_ms": 3.7747919999997066,
        "continuous_iteration_ms": 5.881540775299072,
        "frame_ms": 5.874875068664551,
        "component_sum_ms": 5.874875068664551,
        "tick_ms": 0.13204199075698853,
        "dynamic_mesh_ms": 0.9863750338554382,
        "encode_ms": 0.9803749918937683,
        "admission_or_completion_ms": 3.776082992553711
      },
      {
        "index": 248,
        "started_ms": 2154.973708,
        "submitted_ms": 2156.999833,
        "observed_completed_ms": 2160.806583,
        "start_to_observed_completion_ms": 5.832875000000058,
        "submit_to_observed_completion_ms": 3.806750000000193,
        "continuous_iteration_ms": 5.839209079742432,
        "frame_ms": 5.831666946411133,
        "component_sum_ms": 5.831666946411133,
        "tick_ms": 0.13204099237918854,
        "dynamic_mesh_ms": 0.9731670022010803,
        "encode_ms": 0.9183749556541443,
        "admission_or_completion_ms": 3.808084011077881
      },
      {
        "index": 249,
        "started_ms": 2160.8129169999997,
        "submitted_ms": 2163.065833,
        "observed_completed_ms": 2165.613667,
        "start_to_observed_completion_ms": 4.800750000000335,
        "submit_to_observed_completion_ms": 2.547833999999966,
        "continuous_iteration_ms": 4.807833194732666,
        "frame_ms": 4.800207138061523,
        "component_sum_ms": 4.800207138061523,
        "tick_ms": 0.13191699981689453,
        "dynamic_mesh_ms": 1.0002909898757935,
        "encode_ms": 1.1177080869674683,
        "admission_or_completion_ms": 2.550291061401367
      },
      {
        "index": 250,
        "started_ms": 2165.62075,
        "submitted_ms": 2167.650375,
        "observed_completed_ms": 2171.470125,
        "start_to_observed_completion_ms": 5.849374999999782,
        "submit_to_observed_completion_ms": 3.819749999999658,
        "continuous_iteration_ms": 5.8576250076293945,
        "frame_ms": 5.849207878112793,
        "component_sum_ms": 5.849207878112793,
        "tick_ms": 0.1439579874277115,
        "dynamic_mesh_ms": 0.9875829815864563,
        "encode_ms": 0.8964170217514038,
        "admission_or_completion_ms": 3.8212499618530273
      },
      {
        "index": 251,
        "started_ms": 2171.478375,
        "submitted_ms": 2173.841167,
        "observed_completed_ms": 2177.644417,
        "start_to_observed_completion_ms": 6.166041999999834,
        "submit_to_observed_completion_ms": 3.8032499999999345,
        "continuous_iteration_ms": 6.174167156219482,
        "frame_ms": 6.165709018707275,
        "component_sum_ms": 6.165709018707275,
        "tick_ms": 0.14949999749660492,
        "dynamic_mesh_ms": 1.1820420026779175,
        "encode_ms": 1.0280420780181885,
        "admission_or_completion_ms": 3.8061249256134033
      },
      {
        "index": 252,
        "started_ms": 2177.6525420000003,
        "submitted_ms": 2179.886042,
        "observed_completed_ms": 2182.426958,
        "start_to_observed_completion_ms": 4.774415999999746,
        "submit_to_observed_completion_ms": 2.5409159999999247,
        "continuous_iteration_ms": 4.779332637786865,
        "frame_ms": 4.7731242179870605,
        "component_sum_ms": 4.7731242179870605,
        "tick_ms": 0.1503330022096634,
        "dynamic_mesh_ms": 1.0448750257492065,
        "encode_ms": 1.0354169607162476,
        "admission_or_completion_ms": 2.54249906539917
      },
      {
        "index": 253,
        "started_ms": 2182.4318749999998,
        "submitted_ms": 2184.37225,
        "observed_completed_ms": 2188.1873330000003,
        "start_to_observed_completion_ms": 5.755458000000544,
        "submit_to_observed_completion_ms": 3.8150830000004134,
        "continuous_iteration_ms": 5.76295804977417,
        "frame_ms": 5.754915714263916,
        "component_sum_ms": 5.754915714263916,
        "tick_ms": 0.13416600227355957,
        "dynamic_mesh_ms": 0.953249990940094,
        "encode_ms": 0.851207971572876,
        "admission_or_completion_ms": 3.8162918090820312
      },
      {
        "index": 254,
        "started_ms": 2188.194833,
        "submitted_ms": 2190.292,
        "observed_completed_ms": 2194.10225,
        "start_to_observed_completion_ms": 5.907416999999896,
        "submit_to_observed_completion_ms": 3.8102499999999964,
        "continuous_iteration_ms": 5.914208889007568,
        "frame_ms": 5.9067511558532715,
        "component_sum_ms": 5.9067511558532715,
        "tick_ms": 0.142208993434906,
        "dynamic_mesh_ms": 0.9757499694824219,
        "encode_ms": 0.9772500395774841,
        "admission_or_completion_ms": 3.81154203414917
      },
      {
        "index": 255,
        "started_ms": 2194.109042,
        "submitted_ms": 2196.3874579999997,
        "observed_completed_ms": 2198.9278329999997,
        "start_to_observed_completion_ms": 4.818790999999692,
        "submit_to_observed_completion_ms": 2.54037500000004,
        "continuous_iteration_ms": 4.824832916259766,
        "frame_ms": 4.817791938781738,
        "component_sum_ms": 4.817791938781738,
        "tick_ms": 0.14054200053215027,
        "dynamic_mesh_ms": 0.998583972454071,
        "encode_ms": 1.1364580392837524,
        "admission_or_completion_ms": 2.542207956314087
      },
      {
        "index": 256,
        "started_ms": 2198.9338749999997,
        "submitted_ms": 2200.9002920000003,
        "observed_completed_ms": 2204.7147919999998,
        "start_to_observed_completion_ms": 5.780917000000045,
        "submit_to_observed_completion_ms": 3.814499999999498,
        "continuous_iteration_ms": 5.792375087738037,
        "frame_ms": 5.780874252319336,
        "component_sum_ms": 5.780874252319336,
        "tick_ms": 0.13545800745487213,
        "dynamic_mesh_ms": 0.9455829858779907,
        "encode_ms": 0.8841249942779541,
        "admission_or_completion_ms": 3.8157081604003906
      },
      {
        "index": 257,
        "started_ms": 2204.72625,
        "submitted_ms": 2206.7992919999997,
        "observed_completed_ms": 2210.6026669999997,
        "start_to_observed_completion_ms": 5.876416999999492,
        "submit_to_observed_completion_ms": 3.80337499999996,
        "continuous_iteration_ms": 5.883125305175781,
        "frame_ms": 5.875833511352539,
        "component_sum_ms": 5.875833511352539,
        "tick_ms": 0.1391250044107437,
        "dynamic_mesh_ms": 0.9868330359458923,
        "encode_ms": 0.9450420141220093,
        "admission_or_completion_ms": 3.804833173751831
      },
      {
        "index": 258,
        "started_ms": 2210.6093749999995,
        "submitted_ms": 2212.7014169999998,
        "observed_completed_ms": 2215.241042,
        "start_to_observed_completion_ms": 4.6316670000005615,
        "submit_to_observed_completion_ms": 2.539625000000342,
        "continuous_iteration_ms": 4.6379170417785645,
        "frame_ms": 4.630624771118164,
        "component_sum_ms": 4.630624771118164,
        "tick_ms": 0.13474999368190765,
        "dynamic_mesh_ms": 0.977791965007782,
        "encode_ms": 0.9768749475479126,
        "admission_or_completion_ms": 2.541208028793335
      },
      {
        "index": 259,
        "started_ms": 2215.247292,
        "submitted_ms": 2217.233708,
        "observed_completed_ms": 2221.0441250000003,
        "start_to_observed_completion_ms": 5.796833000000333,
        "submit_to_observed_completion_ms": 3.810417000000143,
        "continuous_iteration_ms": 5.804832935333252,
        "frame_ms": 5.796293258666992,
        "component_sum_ms": 5.796293258666992,
        "tick_ms": 0.13933400809764862,
        "dynamic_mesh_ms": 0.9635420441627502,
        "encode_ms": 0.8820000290870667,
        "admission_or_completion_ms": 3.8114171028137207
      },
      {
        "index": 260,
        "started_ms": 2221.052125,
        "submitted_ms": 2223.056042,
        "observed_completed_ms": 2226.8676250000003,
        "start_to_observed_completion_ms": 5.815500000000156,
        "submit_to_observed_completion_ms": 3.811583000000155,
        "continuous_iteration_ms": 5.824749946594238,
        "frame_ms": 5.815125942230225,
        "component_sum_ms": 5.815125942230225,
        "tick_ms": 0.14241699874401093,
        "dynamic_mesh_ms": 0.9802080392837524,
        "encode_ms": 0.879209041595459,
        "admission_or_completion_ms": 3.8132920265197754
      },
      {
        "index": 261,
        "started_ms": 2226.876875,
        "submitted_ms": 2229.049625,
        "observed_completed_ms": 2231.589208,
        "start_to_observed_completion_ms": 4.712332999999944,
        "submit_to_observed_completion_ms": 2.539582999999766,
        "continuous_iteration_ms": 4.717916965484619,
        "frame_ms": 4.711709022521973,
        "component_sum_ms": 4.711709022521973,
        "tick_ms": 0.15333399176597595,
        "dynamic_mesh_ms": 1.028459072113037,
        "encode_ms": 0.988582968711853,
        "admission_or_completion_ms": 2.541332960128784
      },
      {
        "index": 262,
        "started_ms": 2231.5947920000003,
        "submitted_ms": 2233.56475,
        "observed_completed_ms": 2237.3824170000003,
        "start_to_observed_completion_ms": 5.7876249999999345,
        "submit_to_observed_completion_ms": 3.817667000000256,
        "continuous_iteration_ms": 5.7946248054504395,
        "frame_ms": 5.786999702453613,
        "component_sum_ms": 5.786999702453613,
        "tick_ms": 0.1336669921875,
        "dynamic_mesh_ms": 0.9702500104904175,
        "encode_ms": 0.8644579648971558,
        "admission_or_completion_ms": 3.818624973297119
      },
      {
        "index": 263,
        "started_ms": 2237.3894170000003,
        "submitted_ms": 2239.4026670000003,
        "observed_completed_ms": 2241.945542,
        "start_to_observed_completion_ms": 4.556124999999611,
        "submit_to_observed_completion_ms": 2.54287499999964,
        "continuous_iteration_ms": 4.562749862670898,
        "frame_ms": 4.555291175842285,
        "component_sum_ms": 4.555291175842285,
        "tick_ms": 0.13975000381469727,
        "dynamic_mesh_ms": 0.9667080044746399,
        "encode_ms": 0.9047500491142273,
        "admission_or_completion_ms": 2.5440828800201416
      },
      {
        "index": 264,
        "started_ms": 2241.952167,
        "submitted_ms": 2244.142292,
        "observed_completed_ms": 2246.689042,
        "start_to_observed_completion_ms": 4.736875000000055,
        "submit_to_observed_completion_ms": 2.5467499999999745,
        "continuous_iteration_ms": 4.742791175842285,
        "frame_ms": 4.736166000366211,
        "component_sum_ms": 4.736166000366211,
        "tick_ms": 0.13283298909664154,
        "dynamic_mesh_ms": 0.9851669669151306,
        "encode_ms": 1.0697089433670044,
        "admission_or_completion_ms": 2.548456907272339
      },
      {
        "index": 265,
        "started_ms": 2246.694958,
        "submitted_ms": 2248.640667,
        "observed_completed_ms": 2252.4388750000003,
        "start_to_observed_completion_ms": 5.743917000000238,
        "submit_to_observed_completion_ms": 3.798208000000159,
        "continuous_iteration_ms": 5.750625133514404,
        "frame_ms": 5.743500709533691,
        "component_sum_ms": 5.743500709533691,
        "tick_ms": 0.1347920000553131,
        "dynamic_mesh_ms": 0.942458987236023,
        "encode_ms": 0.8667919635772705,
        "admission_or_completion_ms": 3.7994580268859863
      },
      {
        "index": 266,
        "started_ms": 2252.445583,
        "submitted_ms": 2254.516083,
        "observed_completed_ms": 2257.065958,
        "start_to_observed_completion_ms": 4.620374999999967,
        "submit_to_observed_completion_ms": 2.5498750000001564,
        "continuous_iteration_ms": 4.626667022705078,
        "frame_ms": 4.619458198547363,
        "component_sum_ms": 4.619458198547363,
        "tick_ms": 0.13258299231529236,
        "dynamic_mesh_ms": 0.9695829749107361,
        "encode_ms": 0.9660830497741699,
        "admission_or_completion_ms": 2.551208972930908
      },
      {
        "index": 267,
        "started_ms": 2257.07225,
        "submitted_ms": 2259.035833,
        "observed_completed_ms": 2262.841458,
        "start_to_observed_completion_ms": 5.769207999999708,
        "submit_to_observed_completion_ms": 3.8056249999999636,
        "continuous_iteration_ms": 5.776166915893555,
        "frame_ms": 5.7685418128967285,
        "component_sum_ms": 5.7685418128967285,
        "tick_ms": 0.1400420069694519,
        "dynamic_mesh_ms": 0.9472500085830688,
        "encode_ms": 0.8743749856948853,
        "admission_or_completion_ms": 3.806874990463257
      },
      {
        "index": 268,
        "started_ms": 2262.8484169999997,
        "submitted_ms": 2264.796167,
        "observed_completed_ms": 2268.602375,
        "start_to_observed_completion_ms": 5.753958000000239,
        "submit_to_observed_completion_ms": 3.8062079999999696,
        "continuous_iteration_ms": 5.760790824890137,
        "frame_ms": 5.754000663757324,
        "component_sum_ms": 5.754000663757324,
        "tick_ms": 0.13666699826717377,
        "dynamic_mesh_ms": 0.9462499618530273,
        "encode_ms": 0.8630419969558716,
        "admission_or_completion_ms": 3.80804181098938
      },
      {
        "index": 269,
        "started_ms": 2268.609208,
        "submitted_ms": 2270.682667,
        "observed_completed_ms": 2273.22275,
        "start_to_observed_completion_ms": 4.613542000000052,
        "submit_to_observed_completion_ms": 2.5400829999998678,
        "continuous_iteration_ms": 4.618375301361084,
        "frame_ms": 4.612500190734863,
        "component_sum_ms": 4.612500190734863,
        "tick_ms": 0.13512499630451202,
        "dynamic_mesh_ms": 0.9537090063095093,
        "encode_ms": 0.9823750257492065,
        "admission_or_completion_ms": 2.5412912368774414
      },
      {
        "index": 270,
        "started_ms": 2273.2275830000003,
        "submitted_ms": 2275.147875,
        "observed_completed_ms": 2278.9480829999998,
        "start_to_observed_completion_ms": 5.720499999999447,
        "submit_to_observed_completion_ms": 3.8002079999996567,
        "continuous_iteration_ms": 5.7271246910095215,
        "frame_ms": 5.7200422286987305,
        "component_sum_ms": 5.7200422286987305,
        "tick_ms": 0.12937499582767487,
        "dynamic_mesh_ms": 0.9348750114440918,
        "encode_ms": 0.8544169664382935,
        "admission_or_completion_ms": 3.801375150680542
      },
      {
        "index": 271,
        "started_ms": 2278.954708,
        "submitted_ms": 2280.90175,
        "observed_completed_ms": 2284.716,
        "start_to_observed_completion_ms": 5.761291999999685,
        "submit_to_observed_completion_ms": 3.8142499999999018,
        "continuous_iteration_ms": 5.7710418701171875,
        "frame_ms": 5.761790752410889,
        "component_sum_ms": 5.761790752410889,
        "tick_ms": 0.1337919980287552,
        "dynamic_mesh_ms": 0.9402909874916077,
        "encode_ms": 0.8714169859886169,
        "admission_or_completion_ms": 3.816290855407715
      },
      {
        "index": 272,
        "started_ms": 2284.7257499999996,
        "submitted_ms": 2286.776583,
        "observed_completed_ms": 2289.319917,
        "start_to_observed_completion_ms": 4.594167000000198,
        "submit_to_observed_completion_ms": 2.543333999999959,
        "continuous_iteration_ms": 4.599332809448242,
        "frame_ms": 4.594000816345215,
        "component_sum_ms": 4.594000816345215,
        "tick_ms": 0.14716699719429016,
        "dynamic_mesh_ms": 0.9567500352859497,
        "encode_ms": 0.9453750252723694,
        "admission_or_completion_ms": 2.5447089672088623
      },
      {
        "index": 273,
        "started_ms": 2289.325083,
        "submitted_ms": 2291.194625,
        "observed_completed_ms": 2294.999083,
        "start_to_observed_completion_ms": 5.673999999999978,
        "submit_to_observed_completion_ms": 3.804458000000068,
        "continuous_iteration_ms": 5.681000232696533,
        "frame_ms": 5.673915863037109,
        "component_sum_ms": 5.673915863037109,
        "tick_ms": 0.12999999523162842,
        "dynamic_mesh_ms": 0.9100409746170044,
        "encode_ms": 0.8282079696655273,
        "admission_or_completion_ms": 3.805666923522949
      },
      {
        "index": 274,
        "started_ms": 2295.006083,
        "submitted_ms": 2297.098,
        "observed_completed_ms": 2299.646,
        "start_to_observed_completion_ms": 4.6399169999999685,
        "submit_to_observed_completion_ms": 2.548000000000229,
        "continuous_iteration_ms": 4.6460418701171875,
        "frame_ms": 4.639499664306641,
        "component_sum_ms": 4.639499664306641,
        "tick_ms": 0.13895799219608307,
        "dynamic_mesh_ms": 1.0358749628067017,
        "encode_ms": 0.9149169921875,
        "admission_or_completion_ms": 2.5497498512268066
      },
      {
        "index": 275,
        "started_ms": 2299.652125,
        "submitted_ms": 2301.759583,
        "observed_completed_ms": 2304.272667,
        "start_to_observed_completion_ms": 4.620542000000114,
        "submit_to_observed_completion_ms": 2.5130840000001626,
        "continuous_iteration_ms": 4.62624979019165,
        "frame_ms": 4.6192498207092285,
        "component_sum_ms": 4.6192498207092285,
        "tick_ms": 0.14100000262260437,
        "dynamic_mesh_ms": 1.0113749504089355,
        "encode_ms": 0.9529159665107727,
        "admission_or_completion_ms": 2.5139589309692383
      },
      {
        "index": 276,
        "started_ms": 2304.278375,
        "submitted_ms": 2306.215542,
        "observed_completed_ms": 2308.766,
        "start_to_observed_completion_ms": 4.487625000000207,
        "submit_to_observed_completion_ms": 2.5504580000001624,
        "continuous_iteration_ms": 4.492917060852051,
        "frame_ms": 4.487250328063965,
        "component_sum_ms": 4.487250328063965,
        "tick_ms": 0.1334580034017563,
        "dynamic_mesh_ms": 0.9355000257492065,
        "encode_ms": 0.8668340444564819,
        "admission_or_completion_ms": 2.5514581203460693
      },
      {
        "index": 277,
        "started_ms": 2308.771292,
        "submitted_ms": 2310.755333,
        "observed_completed_ms": 2313.263167,
        "start_to_observed_completion_ms": 4.491875000000164,
        "submit_to_observed_completion_ms": 2.5078340000000026,
        "continuous_iteration_ms": 4.498790740966797,
        "frame_ms": 4.4913330078125,
        "component_sum_ms": 4.4913330078125,
        "tick_ms": 0.1427920013666153,
        "dynamic_mesh_ms": 0.9267500042915344,
        "encode_ms": 0.9124580025672913,
        "admission_or_completion_ms": 2.5093331336975098
      },
      {
        "index": 278,
        "started_ms": 2313.270083,
        "submitted_ms": 2315.641667,
        "observed_completed_ms": 2319.4705830000003,
        "start_to_observed_completion_ms": 6.200500000000375,
        "submit_to_observed_completion_ms": 3.8289160000003903,
        "continuous_iteration_ms": 6.207958698272705,
        "frame_ms": 6.200291156768799,
        "component_sum_ms": 6.200291156768799,
        "tick_ms": 0.132082998752594,
        "dynamic_mesh_ms": 0.952165961265564,
        "encode_ms": 1.2855000495910645,
        "admission_or_completion_ms": 3.8305420875549316
      },
      {
        "index": 279,
        "started_ms": 2319.478042,
        "submitted_ms": 2321.8576249999996,
        "observed_completed_ms": 2324.405,
        "start_to_observed_completion_ms": 4.926958000000013,
        "submit_to_observed_completion_ms": 2.5473750000005566,
        "continuous_iteration_ms": 4.934750080108643,
        "frame_ms": 4.926210403442383,
        "component_sum_ms": 4.926210403442383,
        "tick_ms": 0.1332090049982071,
        "dynamic_mesh_ms": 1.1934590339660645,
        "encode_ms": 1.0477920770645142,
        "admission_or_completion_ms": 2.5517501831054688
      },
      {
        "index": 280,
        "started_ms": 2324.412792,
        "submitted_ms": 2326.754083,
        "observed_completed_ms": 2329.2712500000002,
        "start_to_observed_completion_ms": 4.858458000000155,
        "submit_to_observed_completion_ms": 2.517167000000427,
        "continuous_iteration_ms": 4.865957736968994,
        "frame_ms": 4.85745906829834,
        "component_sum_ms": 4.85745906829834,
        "tick_ms": 0.15570800006389618,
        "dynamic_mesh_ms": 0.9895840287208557,
        "encode_ms": 1.1940410137176514,
        "admission_or_completion_ms": 2.5181260108947754
      },
      {
        "index": 281,
        "started_ms": 2329.27875,
        "submitted_ms": 2331.3112079999996,
        "observed_completed_ms": 2335.1128750000003,
        "start_to_observed_completion_ms": 5.834125000000313,
        "submit_to_observed_completion_ms": 3.8016670000006343,
        "continuous_iteration_ms": 5.841917037963867,
        "frame_ms": 5.834083080291748,
        "component_sum_ms": 5.834083080291748,
        "tick_ms": 0.14145800471305847,
        "dynamic_mesh_ms": 0.9710000157356262,
        "encode_ms": 0.9183329939842224,
        "admission_or_completion_ms": 3.8032920360565186
      },
      {
        "index": 282,
        "started_ms": 2335.120667,
        "submitted_ms": 2337.5922920000003,
        "observed_completed_ms": 2340.137375,
        "start_to_observed_completion_ms": 5.016707999999653,
        "submit_to_observed_completion_ms": 2.545082999999522,
        "continuous_iteration_ms": 5.023166179656982,
        "frame_ms": 5.016208648681641,
        "component_sum_ms": 5.016208648681641,
        "tick_ms": 0.13591699302196503,
        "dynamic_mesh_ms": 0.9699580073356628,
        "encode_ms": 1.363834023475647,
        "admission_or_completion_ms": 2.5464999675750732
      },
      {
        "index": 283,
        "started_ms": 2340.143833,
        "submitted_ms": 2342.200458,
        "observed_completed_ms": 2346.046542,
        "start_to_observed_completion_ms": 5.902708999999959,
        "submit_to_observed_completion_ms": 3.8460840000002463,
        "continuous_iteration_ms": 5.910959243774414,
        "frame_ms": 5.902002334594727,
        "component_sum_ms": 5.902002334594727,
        "tick_ms": 0.1426670104265213,
        "dynamic_mesh_ms": 1.0072089433670044,
        "encode_ms": 0.9046249985694885,
        "admission_or_completion_ms": 3.847501039505005
      },
      {
        "index": 284,
        "started_ms": 2346.054792,
        "submitted_ms": 2348.013042,
        "observed_completed_ms": 2351.810542,
        "start_to_observed_completion_ms": 5.755750000000262,
        "submit_to_observed_completion_ms": 3.7975000000001273,
        "continuous_iteration_ms": 5.76295804977417,
        "frame_ms": 5.755415916442871,
        "component_sum_ms": 5.755415916442871,
        "tick_ms": 0.14041700959205627,
        "dynamic_mesh_ms": 0.9267079830169678,
        "encode_ms": 0.8895000219345093,
        "admission_or_completion_ms": 3.79879093170166
      },
      {
        "index": 285,
        "started_ms": 2351.8177499999997,
        "submitted_ms": 2353.953833,
        "observed_completed_ms": 2356.496458,
        "start_to_observed_completion_ms": 4.67870800000037,
        "submit_to_observed_completion_ms": 2.5426250000000437,
        "continuous_iteration_ms": 4.685874938964844,
        "frame_ms": 4.678250312805176,
        "component_sum_ms": 4.678250312805176,
        "tick_ms": 0.13341599702835083,
        "dynamic_mesh_ms": 0.910207986831665,
        "encode_ms": 1.0908750295639038,
        "admission_or_completion_ms": 2.5437510013580322
      },
      {
        "index": 286,
        "started_ms": 2356.5036250000003,
        "submitted_ms": 2358.495292,
        "observed_completed_ms": 2362.309917,
        "start_to_observed_completion_ms": 5.8062919999997575,
        "submit_to_observed_completion_ms": 3.814624999999978,
        "continuous_iteration_ms": 5.813292026519775,
        "frame_ms": 5.805541038513184,
        "component_sum_ms": 5.805541038513184,
        "tick_ms": 0.1393750011920929,
        "dynamic_mesh_ms": 0.9776250123977661,
        "encode_ms": 0.8722500205039978,
        "admission_or_completion_ms": 3.816291093826294
      },
      {
        "index": 287,
        "started_ms": 2362.316917,
        "submitted_ms": 2364.2411669999997,
        "observed_completed_ms": 2368.046625,
        "start_to_observed_completion_ms": 5.729707999999846,
        "submit_to_observed_completion_ms": 3.8054580000002716,
        "continuous_iteration_ms": 5.738125324249268,
        "frame_ms": 5.729125022888184,
        "component_sum_ms": 5.729125022888184,
        "tick_ms": 0.13774999976158142,
        "dynamic_mesh_ms": 0.9235420227050781,
        "encode_ms": 0.8611249923706055,
        "admission_or_completion_ms": 3.8067080974578857
      },
      {
        "index": 288,
        "started_ms": 2368.055042,
        "submitted_ms": 2370.002208,
        "observed_completed_ms": 2373.8069579999997,
        "start_to_observed_completion_ms": 5.75191599999971,
        "submit_to_observed_completion_ms": 3.8047499999997854,
        "continuous_iteration_ms": 5.757540702819824,
        "frame_ms": 5.751375198364258,
        "component_sum_ms": 5.751375198364258,
        "tick_ms": 0.1381250023841858,
        "dynamic_mesh_ms": 0.9097920060157776,
        "encode_ms": 0.8975830078125,
        "admission_or_completion_ms": 3.805875062942505
      },
      {
        "index": 289,
        "started_ms": 2373.812583,
        "submitted_ms": 2375.901208,
        "observed_completed_ms": 2379.709583,
        "start_to_observed_completion_ms": 5.8969999999999345,
        "submit_to_observed_completion_ms": 3.8083749999996144,
        "continuous_iteration_ms": 5.904167175292969,
        "frame_ms": 5.896873950958252,
        "component_sum_ms": 5.896873950958252,
        "tick_ms": 0.13224999606609344,
        "dynamic_mesh_ms": 0.9245830178260803,
        "encode_ms": 1.0303330421447754,
        "admission_or_completion_ms": 3.8097078800201416
      },
      {
        "index": 290,
        "started_ms": 2379.71675,
        "submitted_ms": 2381.754833,
        "observed_completed_ms": 2385.558583,
        "start_to_observed_completion_ms": 5.841832999999951,
        "submit_to_observed_completion_ms": 3.8037500000000364,
        "continuous_iteration_ms": 5.849124908447266,
        "frame_ms": 5.841166019439697,
        "component_sum_ms": 5.841166019439697,
        "tick_ms": 0.13962499797344208,
        "dynamic_mesh_ms": 0.9812920093536377,
        "encode_ms": 0.9151660203933716,
        "admission_or_completion_ms": 3.8050830364227295
      },
      {
        "index": 291,
        "started_ms": 2385.5658750000002,
        "submitted_ms": 2387.700792,
        "observed_completed_ms": 2390.239625,
        "start_to_observed_completion_ms": 4.673749999999927,
        "submit_to_observed_completion_ms": 2.538833000000068,
        "continuous_iteration_ms": 4.67912483215332,
        "frame_ms": 4.673666954040527,
        "component_sum_ms": 4.673666954040527,
        "tick_ms": 0.13724999129772186,
        "dynamic_mesh_ms": 0.9277089834213257,
        "encode_ms": 1.0680420398712158,
        "admission_or_completion_ms": 2.540666103363037
      },
      {
        "index": 292,
        "started_ms": 2390.2450000000003,
        "submitted_ms": 2392.094083,
        "observed_completed_ms": 2395.893375,
        "start_to_observed_completion_ms": 5.64837499999976,
        "submit_to_observed_completion_ms": 3.7992920000001504,
        "continuous_iteration_ms": 5.6545000076293945,
        "frame_ms": 5.647583961486816,
        "component_sum_ms": 5.647583961486816,
        "tick_ms": 0.12995898723602295,
        "dynamic_mesh_ms": 0.8944169878959656,
        "encode_ms": 0.8228330016136169,
        "admission_or_completion_ms": 3.800374984741211
      },
      {
        "index": 293,
        "started_ms": 2395.8995,
        "submitted_ms": 2397.815792,
        "observed_completed_ms": 2401.619667,
        "start_to_observed_completion_ms": 5.720166999999947,
        "submit_to_observed_completion_ms": 3.803875000000062,
        "continuous_iteration_ms": 5.726500034332275,
        "frame_ms": 5.719626426696777,
        "component_sum_ms": 5.719626426696777,
        "tick_ms": 0.13358400762081146,
        "dynamic_mesh_ms": 0.9477920532226562,
        "encode_ms": 0.8332920074462891,
        "admission_or_completion_ms": 3.8049581050872803
      },
      {
        "index": 294,
        "started_ms": 2401.6259999999997,
        "submitted_ms": 2403.5681250000002,
        "observed_completed_ms": 2406.1063750000003,
        "start_to_observed_completion_ms": 4.480375000000549,
        "submit_to_observed_completion_ms": 2.538250000000062,
        "continuous_iteration_ms": 4.485417366027832,
        "frame_ms": 4.480000019073486,
        "component_sum_ms": 4.480000019073486,
        "tick_ms": 0.13087500631809235,
        "dynamic_mesh_ms": 0.9119170308113098,
        "encode_ms": 0.8977500200271606,
        "admission_or_completion_ms": 2.5394580364227295
      },
      {
        "index": 295,
        "started_ms": 2406.111417,
        "submitted_ms": 2407.939417,
        "observed_completed_ms": 2411.7442499999997,
        "start_to_observed_completion_ms": 5.632832999999664,
        "submit_to_observed_completion_ms": 3.8048329999996895,
        "continuous_iteration_ms": 5.64033317565918,
        "frame_ms": 5.63224983215332,
        "component_sum_ms": 5.63224983215332,
        "tick_ms": 0.13158300518989563,
        "dynamic_mesh_ms": 0.8969579935073853,
        "encode_ms": 0.7976670265197754,
        "admission_or_completion_ms": 3.806041955947876
      },
      {
        "index": 296,
        "started_ms": 2411.75175,
        "submitted_ms": 2413.783833,
        "observed_completed_ms": 2416.321,
        "start_to_observed_completion_ms": 4.569250000000011,
        "submit_to_observed_completion_ms": 2.537166999999954,
        "continuous_iteration_ms": 4.57574987411499,
        "frame_ms": 4.56845760345459,
        "component_sum_ms": 4.56845760345459,
        "tick_ms": 0.13545900583267212,
        "dynamic_mesh_ms": 0.9642500281333923,
        "encode_ms": 0.9294160008430481,
        "admission_or_completion_ms": 2.539332866668701
      },
      {
        "index": 297,
        "started_ms": 2416.3275,
        "submitted_ms": 2418.485167,
        "observed_completed_ms": 2420.968458,
        "start_to_observed_completion_ms": 4.640957999999955,
        "submit_to_observed_completion_ms": 2.4832910000000084,
        "continuous_iteration_ms": 4.651124954223633,
        "frame_ms": 4.640417098999023,
        "component_sum_ms": 4.640417098999023,
        "tick_ms": 0.13220900297164917,
        "dynamic_mesh_ms": 0.9409999847412109,
        "encode_ms": 1.0829169750213623,
        "admission_or_completion_ms": 2.4842910766601562
      },
      {
        "index": 298,
        "started_ms": 2420.978625,
        "submitted_ms": 2423.183958,
        "observed_completed_ms": 2426.996958,
        "start_to_observed_completion_ms": 6.018332999999984,
        "submit_to_observed_completion_ms": 3.813000000000102,
        "continuous_iteration_ms": 6.025458335876465,
        "frame_ms": 6.016583442687988,
        "component_sum_ms": 6.016583442687988,
        "tick_ms": 0.16249999403953552,
        "dynamic_mesh_ms": 1.0262080430984497,
        "encode_ms": 1.0135409832000732,
        "admission_or_completion_ms": 3.8143341541290283
      },
      {
        "index": 299,
        "started_ms": 2427.004083,
        "submitted_ms": 2429.119792,
        "observed_completed_ms": 2431.6577079999997,
        "start_to_observed_completion_ms": 4.65362499999992,
        "submit_to_observed_completion_ms": 2.5379159999997682,
        "continuous_iteration_ms": 4.657541751861572,
        "frame_ms": 4.652915000915527,
        "component_sum_ms": 4.652915000915527,
        "tick_ms": 0.13483299314975739,
        "dynamic_mesh_ms": 0.9743750095367432,
        "encode_ms": 1.0041249990463257,
        "admission_or_completion_ms": 2.5395820140838623
      },
      {
        "index": 300,
        "started_ms": 2431.6616249999997,
        "submitted_ms": 2433.690292,
        "observed_completed_ms": 2437.4914580000004,
        "start_to_observed_completion_ms": 5.82983300000069,
        "submit_to_observed_completion_ms": 3.801166000000194,
        "continuous_iteration_ms": 5.892791748046875,
        "frame_ms": 5.8301239013671875,
        "component_sum_ms": 5.8301239013671875,
        "tick_ms": 0.1475830078125,
        "dynamic_mesh_ms": 0.9518329501152039,
        "encode_ms": 0.9269999861717224,
        "admission_or_completion_ms": 3.803708076477051
      },
      {
        "index": 301,
        "started_ms": 2437.554417,
        "submitted_ms": 2439.514583,
        "observed_completed_ms": 2443.31025,
        "start_to_observed_completion_ms": 5.755833000000166,
        "submit_to_observed_completion_ms": 3.7956669999998667,
        "continuous_iteration_ms": 5.761791229248047,
        "frame_ms": 5.7552490234375,
        "component_sum_ms": 5.7552490234375,
        "tick_ms": 0.13695800304412842,
        "dynamic_mesh_ms": 0.9392080307006836,
        "encode_ms": 0.8819160461425781,
        "admission_or_completion_ms": 3.7971670627593994
      },
      {
        "index": 302,
        "started_ms": 2443.316208,
        "submitted_ms": 2445.385708,
        "observed_completed_ms": 2447.931333,
        "start_to_observed_completion_ms": 4.615124999999807,
        "submit_to_observed_completion_ms": 2.5456250000002,
        "continuous_iteration_ms": 4.621541976928711,
        "frame_ms": 4.613958358764648,
        "component_sum_ms": 4.613958358764648,
        "tick_ms": 0.13279201090335846,
        "dynamic_mesh_ms": 0.9461250305175781,
        "encode_ms": 0.9877499938011169,
        "admission_or_completion_ms": 2.5472910404205322
      },
      {
        "index": 303,
        "started_ms": 2447.93775,
        "submitted_ms": 2449.9032079999997,
        "observed_completed_ms": 2453.71625,
        "start_to_observed_completion_ms": 5.7784999999998945,
        "submit_to_observed_completion_ms": 3.813042000000223,
        "continuous_iteration_ms": 5.784375190734863,
        "frame_ms": 5.77762508392334,
        "component_sum_ms": 5.77762508392334,
        "tick_ms": 0.14083300530910492,
        "dynamic_mesh_ms": 0.9706670045852661,
        "encode_ms": 0.8523749709129333,
        "admission_or_completion_ms": 3.8137500286102295
      },
      {
        "index": 304,
        "started_ms": 2453.7221250000002,
        "submitted_ms": 2455.613042,
        "observed_completed_ms": 2459.433833,
        "start_to_observed_completion_ms": 5.711707999999817,
        "submit_to_observed_completion_ms": 3.8207910000000993,
        "continuous_iteration_ms": 5.720417022705078,
        "frame_ms": 5.711709022521973,
        "component_sum_ms": 5.711709022521973,
        "tick_ms": 0.13041700422763824,
        "dynamic_mesh_ms": 0.906374990940094,
        "encode_ms": 0.8524999618530273,
        "admission_or_completion_ms": 3.8224167823791504
      },
      {
        "index": 305,
        "started_ms": 2459.4425420000002,
        "submitted_ms": 2461.348333,
        "observed_completed_ms": 2463.886667,
        "start_to_observed_completion_ms": 4.4441249999999854,
        "submit_to_observed_completion_ms": 2.5383340000003045,
        "continuous_iteration_ms": 4.449375152587891,
        "frame_ms": 4.443666934967041,
        "component_sum_ms": 4.443666934967041,
        "tick_ms": 0.13774999976158142,
        "dynamic_mesh_ms": 0.9046670198440552,
        "encode_ms": 0.8618749976158142,
        "admission_or_completion_ms": 2.539374828338623
      },
      {
        "index": 306,
        "started_ms": 2463.891917,
        "submitted_ms": 2465.731417,
        "observed_completed_ms": 2469.55375,
        "start_to_observed_completion_ms": 5.661833000000115,
        "submit_to_observed_completion_ms": 3.8223330000000715,
        "continuous_iteration_ms": 5.66783332824707,
        "frame_ms": 5.661540985107422,
        "component_sum_ms": 5.661540985107422,
        "tick_ms": 0.1285409927368164,
        "dynamic_mesh_ms": 0.9086250066757202,
        "encode_ms": 0.8011249899864197,
        "admission_or_completion_ms": 3.8232500553131104
      },
      {
        "index": 307,
        "started_ms": 2469.5597500000003,
        "submitted_ms": 2471.7304169999998,
        "observed_completed_ms": 2474.270208,
        "start_to_observed_completion_ms": 4.710457999999562,
        "submit_to_observed_completion_ms": 2.5397910000001502,
        "continuous_iteration_ms": 4.71779203414917,
        "frame_ms": 4.7096662521362305,
        "component_sum_ms": 4.7096662521362305,
        "tick_ms": 0.14891600608825684,
        "dynamic_mesh_ms": 1.0075830221176147,
        "encode_ms": 1.0107920169830322,
        "admission_or_completion_ms": 2.542374849319458
      },
      {
        "index": 308,
        "started_ms": 2474.277542,
        "submitted_ms": 2476.5201669999997,
        "observed_completed_ms": 2479.062042,
        "start_to_observed_completion_ms": 4.784500000000207,
        "submit_to_observed_completion_ms": 2.5418750000003456,
        "continuous_iteration_ms": 4.788000106811523,
        "frame_ms": 4.783749103546143,
        "component_sum_ms": 4.783749103546143,
        "tick_ms": 0.1420000046491623,
        "dynamic_mesh_ms": 0.9583330154418945,
        "encode_ms": 1.1405420303344727,
        "admission_or_completion_ms": 2.5428740978240967
      },
      {
        "index": 309,
        "started_ms": 2479.065542,
        "submitted_ms": 2480.8944579999998,
        "observed_completed_ms": 2484.699083,
        "start_to_observed_completion_ms": 5.63354100000015,
        "submit_to_observed_completion_ms": 3.8046250000002146,
        "continuous_iteration_ms": 5.643540859222412,
        "frame_ms": 5.633625030517578,
        "component_sum_ms": 5.633625030517578,
        "tick_ms": 0.12566600739955902,
        "dynamic_mesh_ms": 0.886916995048523,
        "encode_ms": 0.8145830035209656,
        "admission_or_completion_ms": 3.8064589500427246
      },
      {
        "index": 310,
        "started_ms": 2484.7090829999997,
        "submitted_ms": 2486.705292,
        "observed_completed_ms": 2490.502375,
        "start_to_observed_completion_ms": 5.793292000000292,
        "submit_to_observed_completion_ms": 3.7970829999999296,
        "continuous_iteration_ms": 5.79925012588501,
        "frame_ms": 5.7929582595825195,
        "component_sum_ms": 5.7929582595825195,
        "tick_ms": 0.13908299803733826,
        "dynamic_mesh_ms": 0.9367499947547913,
        "encode_ms": 0.9188340306282043,
        "admission_or_completion_ms": 3.7982912063598633
      },
      {
        "index": 311,
        "started_ms": 2490.508333,
        "submitted_ms": 2492.507958,
        "observed_completed_ms": 2496.3175,
        "start_to_observed_completion_ms": 5.8091669999998885,
        "submit_to_observed_completion_ms": 3.809541999999965,
        "continuous_iteration_ms": 5.817208766937256,
        "frame_ms": 5.809000015258789,
        "component_sum_ms": 5.809000015258789,
        "tick_ms": 0.13066700100898743,
        "dynamic_mesh_ms": 0.9251249432563782,
        "encode_ms": 0.9422079920768738,
        "admission_or_completion_ms": 3.811000108718872
      },
      {
        "index": 312,
        "started_ms": 2496.325542,
        "submitted_ms": 2498.426125,
        "observed_completed_ms": 2502.222792,
        "start_to_observed_completion_ms": 5.8972499999999854,
        "submit_to_observed_completion_ms": 3.7966670000000704,
        "continuous_iteration_ms": 5.902499675750732,
        "frame_ms": 5.896541118621826,
        "component_sum_ms": 5.896541118621826,
        "tick_ms": 0.1504170000553131,
        "dynamic_mesh_ms": 1.017915964126587,
        "encode_ms": 0.9297919869422913,
        "admission_or_completion_ms": 3.7984161376953125
      },
      {
        "index": 313,
        "started_ms": 2502.228042,
        "submitted_ms": 2504.470625,
        "observed_completed_ms": 2507.006292,
        "start_to_observed_completion_ms": 4.778249999999844,
        "submit_to_observed_completion_ms": 2.535667000000103,
        "continuous_iteration_ms": 4.7835001945495605,
        "frame_ms": 4.777626037597656,
        "component_sum_ms": 4.777626037597656,
        "tick_ms": 0.13050000369548798,
        "dynamic_mesh_ms": 1.1672500371932983,
        "encode_ms": 0.9425419569015503,
        "admission_or_completion_ms": 2.5373339653015137
      },
      {
        "index": 314,
        "started_ms": 2507.0115419999997,
        "submitted_ms": 2508.9226249999997,
        "observed_completed_ms": 2512.680917,
        "start_to_observed_completion_ms": 5.6693750000004,
        "submit_to_observed_completion_ms": 3.758292000000438,
        "continuous_iteration_ms": 5.675749778747559,
        "frame_ms": 5.668915748596191,
        "component_sum_ms": 5.668915748596191,
        "tick_ms": 0.12891599535942078,
        "dynamic_mesh_ms": 0.9101669788360596,
        "encode_ms": 0.8705829977989197,
        "admission_or_completion_ms": 3.7592499256134033
      },
      {
        "index": 315,
        "started_ms": 2512.687292,
        "submitted_ms": 2514.588667,
        "observed_completed_ms": 2519.6652080000003,
        "start_to_observed_completion_ms": 6.977916000000278,
        "submit_to_observed_completion_ms": 5.076541000000361,
        "continuous_iteration_ms": 6.985499858856201,
        "frame_ms": 6.977624893188477,
        "component_sum_ms": 6.977624893188477,
        "tick_ms": 0.1324169933795929,
        "dynamic_mesh_ms": 0.9235000014305115,
        "encode_ms": 0.843874990940094,
        "admission_or_completion_ms": 5.07783317565918
      },
      {
        "index": 316,
        "started_ms": 2519.6727920000003,
        "submitted_ms": 2521.795375,
        "observed_completed_ms": 2524.33725,
        "start_to_observed_completion_ms": 4.66445799999974,
        "submit_to_observed_completion_ms": 2.541874999999891,
        "continuous_iteration_ms": 4.669374942779541,
        "frame_ms": 4.663498878479004,
        "component_sum_ms": 4.663498878479004,
        "tick_ms": 0.13808301091194153,
        "dynamic_mesh_ms": 0.9980830550193787,
        "encode_ms": 0.9841249585151672,
        "admission_or_completion_ms": 2.543208122253418
      },
      {
        "index": 317,
        "started_ms": 2524.342167,
        "submitted_ms": 2526.4085,
        "observed_completed_ms": 2530.229958,
        "start_to_observed_completion_ms": 5.887791000000107,
        "submit_to_observed_completion_ms": 3.821457999999893,
        "continuous_iteration_ms": 5.8958330154418945,
        "frame_ms": 5.887624740600586,
        "component_sum_ms": 5.887624740600586,
        "tick_ms": 0.1302500069141388,
        "dynamic_mesh_ms": 0.9233329892158508,
        "encode_ms": 1.0111669301986694,
        "admission_or_completion_ms": 3.8228750228881836
      },
      {
        "index": 318,
        "started_ms": 2530.238,
        "submitted_ms": 2532.1663750000002,
        "observed_completed_ms": 2534.713667,
        "start_to_observed_completion_ms": 4.475667000000158,
        "submit_to_observed_completion_ms": 2.547291999999743,
        "continuous_iteration_ms": 4.480207920074463,
        "frame_ms": 4.47495698928833,
        "component_sum_ms": 4.47495698928833,
        "tick_ms": 0.13341599702835083,
        "dynamic_mesh_ms": 0.9209579825401306,
        "encode_ms": 0.8719170093536377,
        "admission_or_completion_ms": 2.548666000366211
      },
      {
        "index": 319,
        "started_ms": 2534.7182080000002,
        "submitted_ms": 2536.967917,
        "observed_completed_ms": 2540.782542,
        "start_to_observed_completion_ms": 6.06433399999969,
        "submit_to_observed_completion_ms": 3.814624999999978,
        "continuous_iteration_ms": 6.073375225067139,
        "frame_ms": 6.064373016357422,
        "component_sum_ms": 6.064373016357422,
        "tick_ms": 0.12633299827575684,
        "dynamic_mesh_ms": 0.8914160132408142,
        "encode_ms": 1.2305419445037842,
        "admission_or_completion_ms": 3.816082000732422
      },
      {
        "index": 320,
        "started_ms": 2540.7915829999997,
        "submitted_ms": 2542.9867919999997,
        "observed_completed_ms": 2546.807833,
        "start_to_observed_completion_ms": 6.016250000000127,
        "submit_to_observed_completion_ms": 3.8210410000001502,
        "continuous_iteration_ms": 6.023375034332275,
        "frame_ms": 6.01533317565918,
        "component_sum_ms": 6.01533317565918,
        "tick_ms": 0.1497500091791153,
        "dynamic_mesh_ms": 1.017875075340271,
        "encode_ms": 1.0249170064926147,
        "admission_or_completion_ms": 3.82279109954834
      },
      {
        "index": 321,
        "started_ms": 2546.814958,
        "submitted_ms": 2548.915042,
        "observed_completed_ms": 2552.569083,
        "start_to_observed_completion_ms": 5.754124999999931,
        "submit_to_observed_completion_ms": 3.654040999999779,
        "continuous_iteration_ms": 5.760541915893555,
        "frame_ms": 5.753832817077637,
        "component_sum_ms": 5.753832817077637,
        "tick_ms": 0.14145800471305847,
        "dynamic_mesh_ms": 1.010457992553711,
        "encode_ms": 0.946416974067688,
        "admission_or_completion_ms": 3.6554999351501465
      },
      {
        "index": 322,
        "started_ms": 2552.5755,
        "submitted_ms": 2554.6965419999997,
        "observed_completed_ms": 2557.235042,
        "start_to_observed_completion_ms": 4.659541999999874,
        "submit_to_observed_completion_ms": 2.5385000000001128,
        "continuous_iteration_ms": 4.664708137512207,
        "frame_ms": 4.658500671386719,
        "component_sum_ms": 4.658500671386719,
        "tick_ms": 0.1329590082168579,
        "dynamic_mesh_ms": 1.018041968345642,
        "encode_ms": 0.9669589996337891,
        "admission_or_completion_ms": 2.540540933609009
      },
      {
        "index": 323,
        "started_ms": 2557.240208,
        "submitted_ms": 2559.173,
        "observed_completed_ms": 2564.290625,
        "start_to_observed_completion_ms": 7.050416999999925,
        "submit_to_observed_completion_ms": 5.1176250000003165,
        "continuous_iteration_ms": 7.058499813079834,
        "frame_ms": 7.05016565322876,
        "component_sum_ms": 7.05016565322876,
        "tick_ms": 0.12849999964237213,
        "dynamic_mesh_ms": 0.923041045665741,
        "encode_ms": 0.8798329830169678,
        "admission_or_completion_ms": 5.118791580200195
      },
      {
        "index": 324,
        "started_ms": 2564.298708,
        "submitted_ms": 2566.2902499999996,
        "observed_completed_ms": 2571.386375,
        "start_to_observed_completion_ms": 7.087667000000238,
        "submit_to_observed_completion_ms": 5.096125000000484,
        "continuous_iteration_ms": 7.0980000495910645,
        "frame_ms": 7.087125301361084,
        "component_sum_ms": 7.087125301361084,
        "tick_ms": 0.14920800924301147,
        "dynamic_mesh_ms": 0.951708972454071,
        "encode_ms": 0.8885830044746399,
        "admission_or_completion_ms": 5.097625255584717
      },
      {
        "index": 325,
        "started_ms": 2571.3967079999998,
        "submitted_ms": 2573.56775,
        "observed_completed_ms": 2578.6310829999998,
        "start_to_observed_completion_ms": 7.234375,
        "submit_to_observed_completion_ms": 5.063332999999602,
        "continuous_iteration_ms": 7.241209030151367,
        "frame_ms": 7.233834266662598,
        "component_sum_ms": 7.233834266662598,
        "tick_ms": 0.14262498915195465,
        "dynamic_mesh_ms": 0.9840830564498901,
        "encode_ms": 1.0425000190734863,
        "admission_or_completion_ms": 5.064626216888428
      },
      {
        "index": 326,
        "started_ms": 2578.637917,
        "submitted_ms": 2580.695042,
        "observed_completed_ms": 2584.2750419999998,
        "start_to_observed_completion_ms": 5.637124999999742,
        "submit_to_observed_completion_ms": 3.5799999999999272,
        "continuous_iteration_ms": 5.64491605758667,
        "frame_ms": 5.636790752410889,
        "component_sum_ms": 5.636790752410889,
        "tick_ms": 0.13454100489616394,
        "dynamic_mesh_ms": 0.9745829701423645,
        "encode_ms": 0.9460839629173279,
        "admission_or_completion_ms": 3.58158278465271
      },
      {
        "index": 327,
        "started_ms": 2584.282833,
        "submitted_ms": 2586.301292,
        "observed_completed_ms": 2590.1126249999998,
        "start_to_observed_completion_ms": 5.829791999999543,
        "submit_to_observed_completion_ms": 3.8113329999996495,
        "continuous_iteration_ms": 5.838249683380127,
        "frame_ms": 5.828958034515381,
        "component_sum_ms": 5.828958034515381,
        "tick_ms": 0.14412499964237213,
        "dynamic_mesh_ms": 0.9769579768180847,
        "encode_ms": 0.8947920203208923,
        "admission_or_completion_ms": 3.8130829334259033
      },
      {
        "index": 328,
        "started_ms": 2590.121083,
        "submitted_ms": 2592.256625,
        "observed_completed_ms": 2597.3265420000002,
        "start_to_observed_completion_ms": 7.205459000000246,
        "submit_to_observed_completion_ms": 5.06991700000026,
        "continuous_iteration_ms": 7.213624954223633,
        "frame_ms": 7.205209255218506,
        "component_sum_ms": 7.205209255218506,
        "tick_ms": 0.14408299326896667,
        "dynamic_mesh_ms": 0.9916670322418213,
        "encode_ms": 0.9977079629898071,
        "admission_or_completion_ms": 5.071751117706299
      },
      {
        "index": 329,
        "started_ms": 2597.334708,
        "submitted_ms": 2599.404458,
        "observed_completed_ms": 2604.28175,
        "start_to_observed_completion_ms": 6.947042000000238,
        "submit_to_observed_completion_ms": 4.877292000000125,
        "continuous_iteration_ms": 6.954500198364258,
        "frame_ms": 6.946292400360107,
        "component_sum_ms": 6.946292400360107,
        "tick_ms": 0.14354199171066284,
        "dynamic_mesh_ms": 0.9748749732971191,
        "encode_ms": 0.9492909908294678,
        "admission_or_completion_ms": 4.878584384918213
      },
      {
        "index": 330,
        "started_ms": 2604.289208,
        "submitted_ms": 2606.205542,
        "observed_completed_ms": 2611.286333,
        "start_to_observed_completion_ms": 6.997124999999869,
        "submit_to_observed_completion_ms": 5.080790999999863,
        "continuous_iteration_ms": 7.005000114440918,
        "frame_ms": 6.997082710266113,
        "component_sum_ms": 6.997082710266113,
        "tick_ms": 0.14208298921585083,
        "dynamic_mesh_ms": 0.8633750081062317,
        "encode_ms": 0.9089590311050415,
        "admission_or_completion_ms": 5.082665920257568
      },
      {
        "index": 331,
        "started_ms": 2611.294208,
        "submitted_ms": 2613.362833,
        "observed_completed_ms": 2617.065,
        "start_to_observed_completion_ms": 5.770792000000256,
        "submit_to_observed_completion_ms": 3.7021669999999176,
        "continuous_iteration_ms": 5.775417327880859,
        "frame_ms": 5.769374847412109,
        "component_sum_ms": 5.769374847412109,
        "tick_ms": 0.17100000381469727,
        "dynamic_mesh_ms": 0.9035000205039978,
        "encode_ms": 0.9911249876022339,
        "admission_or_completion_ms": 3.703749895095825
      },
      {
        "index": 332,
        "started_ms": 2617.069625,
        "submitted_ms": 2619.1025,
        "observed_completed_ms": 2622.9065,
        "start_to_observed_completion_ms": 5.836874999999964,
        "submit_to_observed_completion_ms": 3.8040000000000873,
        "continuous_iteration_ms": 5.84375,
        "frame_ms": 5.836165904998779,
        "component_sum_ms": 5.836165904998779,
        "tick_ms": 0.12908299267292023,
        "dynamic_mesh_ms": 0.8343330025672913,
        "encode_ms": 1.067167043685913,
        "admission_or_completion_ms": 3.8055830001831055
      },
      {
        "index": 333,
        "started_ms": 2622.913375,
        "submitted_ms": 2624.773208,
        "observed_completed_ms": 2629.842417,
        "start_to_observed_completion_ms": 6.929041999999754,
        "submit_to_observed_completion_ms": 5.069208999999773,
        "continuous_iteration_ms": 6.9367499351501465,
        "frame_ms": 6.928375720977783,
        "component_sum_ms": 6.928375720977783,
        "tick_ms": 0.13124999403953552,
        "dynamic_mesh_ms": 0.8364589810371399,
        "encode_ms": 0.8900409936904907,
        "admission_or_completion_ms": 5.0706257820129395
      },
      {
        "index": 334,
        "started_ms": 2629.850125,
        "submitted_ms": 2631.873333,
        "observed_completed_ms": 2636.933125,
        "start_to_observed_completion_ms": 7.083000000000084,
        "submit_to_observed_completion_ms": 5.059792000000016,
        "continuous_iteration_ms": 7.0908331871032715,
        "frame_ms": 7.082251071929932,
        "component_sum_ms": 7.082251071929932,
        "tick_ms": 0.14350000023841858,
        "dynamic_mesh_ms": 0.900458037853241,
        "encode_ms": 0.9769999980926514,
        "admission_or_completion_ms": 5.061293125152588
      },
      {
        "index": 335,
        "started_ms": 2636.9409579999997,
        "submitted_ms": 2638.871667,
        "observed_completed_ms": 2642.682417,
        "start_to_observed_completion_ms": 5.7414590000003045,
        "submit_to_observed_completion_ms": 3.8107500000000982,
        "continuous_iteration_ms": 5.751124858856201,
        "frame_ms": 5.740540504455566,
        "component_sum_ms": 5.740540504455566,
        "tick_ms": 0.1457500010728836,
        "dynamic_mesh_ms": 0.8545829653739929,
        "encode_ms": 0.9273340106010437,
        "admission_or_completion_ms": 3.8128738403320312
      },
      {
        "index": 336,
        "started_ms": 2642.692083,
        "submitted_ms": 2644.65575,
        "observed_completed_ms": 2648.459833,
        "start_to_observed_completion_ms": 5.767749999999978,
        "submit_to_observed_completion_ms": 3.8040829999999914,
        "continuous_iteration_ms": 5.775834083557129,
        "frame_ms": 5.766957759857178,
        "component_sum_ms": 5.766957759857178,
        "tick_ms": 0.14741699397563934,
        "dynamic_mesh_ms": 0.8767920136451721,
        "encode_ms": 0.9373329877853394,
        "admission_or_completion_ms": 3.8054158687591553
      },
      {
        "index": 337,
        "started_ms": 2648.467917,
        "submitted_ms": 2650.47325,
        "observed_completed_ms": 2654.3291670000003,
        "start_to_observed_completion_ms": 5.861250000000382,
        "submit_to_observed_completion_ms": 3.855917000000318,
        "continuous_iteration_ms": 5.876082897186279,
        "frame_ms": 5.862040996551514,
        "component_sum_ms": 5.862040996551514,
        "tick_ms": 0.1457500010728836,
        "dynamic_mesh_ms": 0.8950409889221191,
        "encode_ms": 0.962166965007782,
        "admission_or_completion_ms": 3.8590829372406006
      },
      {
        "index": 338,
        "started_ms": 2654.344,
        "submitted_ms": 2656.269875,
        "observed_completed_ms": 2660.079792,
        "start_to_observed_completion_ms": 5.735791999999947,
        "submit_to_observed_completion_ms": 3.8099170000000413,
        "continuous_iteration_ms": 5.744041919708252,
        "frame_ms": 5.7352495193481445,
        "component_sum_ms": 5.7352495193481445,
        "tick_ms": 0.14533300697803497,
        "dynamic_mesh_ms": 0.8523329496383667,
        "encode_ms": 0.9258749485015869,
        "admission_or_completion_ms": 3.811708927154541
      },
      {
        "index": 339,
        "started_ms": 2660.088042,
        "submitted_ms": 2662.0885420000004,
        "observed_completed_ms": 2665.89325,
        "start_to_observed_completion_ms": 5.805208000000221,
        "submit_to_observed_completion_ms": 3.804707999999664,
        "continuous_iteration_ms": 5.8121657371521,
        "frame_ms": 5.804415702819824,
        "component_sum_ms": 5.804415702819824,
        "tick_ms": 0.14249999821186066,
        "dynamic_mesh_ms": 0.8707500100135803,
        "encode_ms": 0.9850000739097595,
        "admission_or_completion_ms": 3.806165933609009
      },
      {
        "index": 340,
        "started_ms": 2665.900208,
        "submitted_ms": 2667.875875,
        "observed_completed_ms": 2671.60125,
        "start_to_observed_completion_ms": 5.701042000000143,
        "submit_to_observed_completion_ms": 3.7253749999999854,
        "continuous_iteration_ms": 5.709709167480469,
        "frame_ms": 5.700833797454834,
        "component_sum_ms": 5.700833797454834,
        "tick_ms": 0.1341250091791153,
        "dynamic_mesh_ms": 0.8607919812202454,
        "encode_ms": 0.9787919521331787,
        "admission_or_completion_ms": 3.7271249294281006
      },
      {
        "index": 341,
        "started_ms": 2671.609917,
        "submitted_ms": 2673.61,
        "observed_completed_ms": 2678.4441669999997,
        "start_to_observed_completion_ms": 6.834249999999429,
        "submit_to_observed_completion_ms": 4.834166999999525,
        "continuous_iteration_ms": 6.84375,
        "frame_ms": 6.833791255950928,
        "component_sum_ms": 6.833791255950928,
        "tick_ms": 0.13879099488258362,
        "dynamic_mesh_ms": 0.8539590239524841,
        "encode_ms": 1.0047080516815186,
        "admission_or_completion_ms": 4.836333274841309
      },
      {
        "index": 342,
        "started_ms": 2678.4536669999998,
        "submitted_ms": 2680.6662499999998,
        "observed_completed_ms": 2684.478125,
        "start_to_observed_completion_ms": 6.0244580000003225,
        "submit_to_observed_completion_ms": 3.8118750000003274,
        "continuous_iteration_ms": 6.034416198730469,
        "frame_ms": 6.0233330726623535,
        "component_sum_ms": 6.0233330726623535,
        "tick_ms": 0.17695799469947815,
        "dynamic_mesh_ms": 0.947583019733429,
        "encode_ms": 1.0842500925064087,
        "admission_or_completion_ms": 3.814541816711426
      },
      {
        "index": 343,
        "started_ms": 2684.4880829999997,
        "submitted_ms": 2686.822125,
        "observed_completed_ms": 2690.641833,
        "start_to_observed_completion_ms": 6.1537500000004,
        "submit_to_observed_completion_ms": 3.8197079999999914,
        "continuous_iteration_ms": 6.161917209625244,
        "frame_ms": 6.152626037597656,
        "component_sum_ms": 6.152626037597656,
        "tick_ms": 0.15537500381469727,
        "dynamic_mesh_ms": 0.9039589762687683,
        "encode_ms": 1.272125005722046,
        "admission_or_completion_ms": 3.8211669921875
      },
      {
        "index": 344,
        "started_ms": 2690.6499999999996,
        "submitted_ms": 2692.809958,
        "observed_completed_ms": 2696.640292,
        "start_to_observed_completion_ms": 5.990292000000409,
        "submit_to_observed_completion_ms": 3.830334000000221,
        "continuous_iteration_ms": 5.998958110809326,
        "frame_ms": 5.989626884460449,
        "component_sum_ms": 5.989626884460449,
        "tick_ms": 0.1454170048236847,
        "dynamic_mesh_ms": 0.9057089686393738,
        "encode_ms": 1.106124997138977,
        "admission_or_completion_ms": 3.832376003265381
      },
      {
        "index": 345,
        "started_ms": 2696.6489579999998,
        "submitted_ms": 2698.6750420000003,
        "observed_completed_ms": 2703.7695830000002,
        "start_to_observed_completion_ms": 7.120625000000473,
        "submit_to_observed_completion_ms": 5.094540999999936,
        "continuous_iteration_ms": 7.130541801452637,
        "frame_ms": 7.120417594909668,
        "component_sum_ms": 7.120417594909668,
        "tick_ms": 0.1417500078678131,
        "dynamic_mesh_ms": 0.8698340058326721,
        "encode_ms": 1.0120420455932617,
        "admission_or_completion_ms": 5.0967912673950195
      },
      {
        "index": 346,
        "started_ms": 2703.7795,
        "submitted_ms": 2705.8429579999997,
        "observed_completed_ms": 2709.6507920000004,
        "start_to_observed_completion_ms": 5.871292000000267,
        "submit_to_observed_completion_ms": 3.807834000000639,
        "continuous_iteration_ms": 5.8819580078125,
        "frame_ms": 5.8703742027282715,
        "component_sum_ms": 5.8703742027282715,
        "tick_ms": 0.17408300936222076,
        "dynamic_mesh_ms": 0.8993750214576721,
        "encode_ms": 0.9867909550666809,
        "admission_or_completion_ms": 3.8101251125335693
      },
      {
        "index": 347,
        "started_ms": 2709.661458,
        "submitted_ms": 2711.7635,
        "observed_completed_ms": 2715.5640000000003,
        "start_to_observed_completion_ms": 5.902542000000267,
        "submit_to_observed_completion_ms": 3.8005000000002838,
        "continuous_iteration_ms": 5.909584045410156,
        "frame_ms": 5.901124000549316,
        "component_sum_ms": 5.901124000549316,
        "tick_ms": 0.14991599321365356,
        "dynamic_mesh_ms": 0.9047920107841492,
        "encode_ms": 1.0445830821990967,
        "admission_or_completion_ms": 3.801833152770996
      },
      {
        "index": 348,
        "started_ms": 2715.571042,
        "submitted_ms": 2717.535542,
        "observed_completed_ms": 2722.6012499999997,
        "start_to_observed_completion_ms": 7.030207999999675,
        "submit_to_observed_completion_ms": 5.065707999999631,
        "continuous_iteration_ms": 7.03725004196167,
        "frame_ms": 7.02883243560791,
        "component_sum_ms": 7.02883243560791,
        "tick_ms": 0.1375419944524765,
        "dynamic_mesh_ms": 0.8655409812927246,
        "encode_ms": 0.9590420126914978,
        "admission_or_completion_ms": 5.066707611083984
      },
      {
        "index": 349,
        "started_ms": 2722.608292,
        "submitted_ms": 2724.605625,
        "observed_completed_ms": 2729.6790829999995,
        "start_to_observed_completion_ms": 7.0707909999996446,
        "submit_to_observed_completion_ms": 5.073457999999391,
        "continuous_iteration_ms": 7.079250335693359,
        "frame_ms": 7.069623947143555,
        "component_sum_ms": 7.069623947143555,
        "tick_ms": 0.1377909928560257,
        "dynamic_mesh_ms": 0.878000020980835,
        "encode_ms": 0.9791250228881836,
        "admission_or_completion_ms": 5.074707984924316
      },
      {
        "index": 350,
        "started_ms": 2729.6875419999997,
        "submitted_ms": 2731.7106249999997,
        "observed_completed_ms": 2735.499083,
        "start_to_observed_completion_ms": 5.811541000000489,
        "submit_to_observed_completion_ms": 3.788458000000446,
        "continuous_iteration_ms": 5.816208362579346,
        "frame_ms": 5.810459136962891,
        "component_sum_ms": 5.810459136962891,
        "tick_ms": 0.14066700637340546,
        "dynamic_mesh_ms": 0.8807500004768372,
        "encode_ms": 0.9990419745445251,
        "admission_or_completion_ms": 3.7899999618530273
      },
      {
        "index": 351,
        "started_ms": 2735.50375,
        "submitted_ms": 2737.649458,
        "observed_completed_ms": 2741.3435,
        "start_to_observed_completion_ms": 5.839750000000095,
        "submit_to_observed_completion_ms": 3.6940420000000813,
        "continuous_iteration_ms": 5.847042083740234,
        "frame_ms": 5.838459014892578,
        "component_sum_ms": 5.838459014892578,
        "tick_ms": 0.13341699540615082,
        "dynamic_mesh_ms": 0.949416995048523,
        "encode_ms": 1.0599579811096191,
        "admission_or_completion_ms": 3.695667028427124
      },
      {
        "index": 352,
        "started_ms": 2741.350792,
        "submitted_ms": 2743.525667,
        "observed_completed_ms": 2747.188083,
        "start_to_observed_completion_ms": 5.837290999999823,
        "submit_to_observed_completion_ms": 3.662416000000121,
        "continuous_iteration_ms": 5.841916084289551,
        "frame_ms": 5.836082935333252,
        "component_sum_ms": 5.836082935333252,
        "tick_ms": 0.1392499953508377,
        "dynamic_mesh_ms": 0.8967500329017639,
        "encode_ms": 1.1356669664382935,
        "admission_or_completion_ms": 3.6644158363342285
      },
      {
        "index": 353,
        "started_ms": 2747.192708,
        "submitted_ms": 2749.183917,
        "observed_completed_ms": 2754.069417,
        "start_to_observed_completion_ms": 6.876709000000119,
        "submit_to_observed_completion_ms": 4.88550000000032,
        "continuous_iteration_ms": 6.884125232696533,
        "frame_ms": 6.876209259033203,
        "component_sum_ms": 6.876209259033203,
        "tick_ms": 0.13054199516773224,
        "dynamic_mesh_ms": 0.8612909913063049,
        "encode_ms": 0.9975839853286743,
        "admission_or_completion_ms": 4.886792182922363
      },
      {
        "index": 354,
        "started_ms": 2754.076833,
        "submitted_ms": 2756.0671669999997,
        "observed_completed_ms": 2759.666625,
        "start_to_observed_completion_ms": 5.589791999999761,
        "submit_to_observed_completion_ms": 3.5994580000001406,
        "continuous_iteration_ms": 5.598042011260986,
        "frame_ms": 5.588499069213867,
        "component_sum_ms": 5.588499069213867,
        "tick_ms": 0.13512499630451202,
        "dynamic_mesh_ms": 0.866707980632782,
        "encode_ms": 0.9858750104904175,
        "admission_or_completion_ms": 3.6007909774780273
      },
      {
        "index": 355,
        "started_ms": 2759.674875,
        "submitted_ms": 2761.7353329999996,
        "observed_completed_ms": 2765.542833,
        "start_to_observed_completion_ms": 5.867957999999817,
        "submit_to_observed_completion_ms": 3.8075000000003456,
        "continuous_iteration_ms": 5.874750137329102,
        "frame_ms": 5.866791725158691,
        "component_sum_ms": 5.866791725158691,
        "tick_ms": 0.1384589970111847,
        "dynamic_mesh_ms": 0.8502919673919678,
        "encode_ms": 1.0695409774780273,
        "admission_or_completion_ms": 3.808499813079834
      },
      {
        "index": 356,
        "started_ms": 2765.549625,
        "submitted_ms": 2767.549125,
        "observed_completed_ms": 2771.3584579999997,
        "start_to_observed_completion_ms": 5.808832999999595,
        "submit_to_observed_completion_ms": 3.8093329999996968,
        "continuous_iteration_ms": 5.815625190734863,
        "frame_ms": 5.807708263397217,
        "component_sum_ms": 5.807708263397217,
        "tick_ms": 0.13587500154972076,
        "dynamic_mesh_ms": 0.8702090382575989,
        "encode_ms": 0.990833044052124,
        "admission_or_completion_ms": 3.810791015625
      },
      {
        "index": 357,
        "started_ms": 2771.3652500000003,
        "submitted_ms": 2773.3834580000002,
        "observed_completed_ms": 2777.178958,
        "start_to_observed_completion_ms": 5.813707999999679,
        "submit_to_observed_completion_ms": 3.79549999999972,
        "continuous_iteration_ms": 5.8187079429626465,
        "frame_ms": 5.812708854675293,
        "component_sum_ms": 5.812708854675293,
        "tick_ms": 0.13779199123382568,
        "dynamic_mesh_ms": 0.8925420045852661,
        "encode_ms": 0.9855830669403076,
        "admission_or_completion_ms": 3.7967920303344727
      },
      {
        "index": 358,
        "started_ms": 2777.183958,
        "submitted_ms": 2779.420958,
        "observed_completed_ms": 2782.999458,
        "start_to_observed_completion_ms": 5.815499999999702,
        "submit_to_observed_completion_ms": 3.5784999999996217,
        "continuous_iteration_ms": 5.820792198181152,
        "frame_ms": 5.814000129699707,
        "component_sum_ms": 5.814000129699707,
        "tick_ms": 0.13358300924301147,
        "dynamic_mesh_ms": 0.8917499780654907,
        "encode_ms": 1.2089159488677979,
        "admission_or_completion_ms": 3.5797510147094727
      },
      {
        "index": 359,
        "started_ms": 2783.00475,
        "submitted_ms": 2785.152875,
        "observed_completed_ms": 2788.779667,
        "start_to_observed_completion_ms": 5.774916999999732,
        "submit_to_observed_completion_ms": 3.6267919999995684,
        "continuous_iteration_ms": 5.781624794006348,
        "frame_ms": 5.7741241455078125,
        "component_sum_ms": 5.7741241455078125,
        "tick_ms": 0.13283298909664154,
        "dynamic_mesh_ms": 0.8560829758644104,
        "encode_ms": 1.156708002090454,
        "admission_or_completion_ms": 3.628499984741211
      },
      {
        "index": 360,
        "started_ms": 2788.786375,
        "submitted_ms": 2790.7195420000003,
        "observed_completed_ms": 2795.78675,
        "start_to_observed_completion_ms": 7.000375000000076,
        "submit_to_observed_completion_ms": 5.067207999999937,
        "continuous_iteration_ms": 7.051833152770996,
        "frame_ms": 7.000001430511475,
        "component_sum_ms": 7.000001430511475,
        "tick_ms": 0.1302500069141388,
        "dynamic_mesh_ms": 0.8391250371932983,
        "encode_ms": 0.9618339538574219,
        "admission_or_completion_ms": 5.068792343139648
      },
      {
        "index": 361,
        "started_ms": 2795.838208,
        "submitted_ms": 2797.925542,
        "observed_completed_ms": 2803.001,
        "start_to_observed_completion_ms": 7.162792000000081,
        "submit_to_observed_completion_ms": 5.075458000000253,
        "continuous_iteration_ms": 7.172250270843506,
        "frame_ms": 7.162125110626221,
        "component_sum_ms": 7.162125110626221,
        "tick_ms": 0.14775000512599945,
        "dynamic_mesh_ms": 0.918166995048523,
        "encode_ms": 1.0187090635299683,
        "admission_or_completion_ms": 5.077498912811279
      },
      {
        "index": 362,
        "started_ms": 2803.010458,
        "submitted_ms": 2805.2202500000003,
        "observed_completed_ms": 2809.0143749999997,
        "start_to_observed_completion_ms": 6.0039169999995465,
        "submit_to_observed_completion_ms": 3.7941249999994398,
        "continuous_iteration_ms": 6.011667251586914,
        "frame_ms": 6.002082824707031,
        "component_sum_ms": 6.002082824707031,
        "tick_ms": 0.1520410031080246,
        "dynamic_mesh_ms": 0.9370840191841125,
        "encode_ms": 1.1172080039978027,
        "admission_or_completion_ms": 3.7957499027252197
      },
      {
        "index": 363,
        "started_ms": 2809.0221250000004,
        "submitted_ms": 2811.2204580000002,
        "observed_completed_ms": 2815.0301249999998,
        "start_to_observed_completion_ms": 6.007999999999356,
        "submit_to_observed_completion_ms": 3.8096669999995356,
        "continuous_iteration_ms": 6.017167091369629,
        "frame_ms": 6.007457733154297,
        "component_sum_ms": 6.007457733154297,
        "tick_ms": 0.13783299922943115,
        "dynamic_mesh_ms": 0.8993330001831055,
        "encode_ms": 1.1593749523162842,
        "admission_or_completion_ms": 3.8109171390533447
      },
      {
        "index": 364,
        "started_ms": 2815.039292,
        "submitted_ms": 2817.264583,
        "observed_completed_ms": 2822.327083,
        "start_to_observed_completion_ms": 7.2877910000001975,
        "submit_to_observed_completion_ms": 5.0625,
        "continuous_iteration_ms": 7.294125080108643,
        "frame_ms": 7.286249160766602,
        "component_sum_ms": 7.286249160766602,
        "tick_ms": 0.15799999237060547,
        "dynamic_mesh_ms": 0.9537910223007202,
        "encode_ms": 1.110582947731018,
        "admission_or_completion_ms": 5.063875198364258
      },
      {
        "index": 365,
        "started_ms": 2822.333417,
        "submitted_ms": 2824.389792,
        "observed_completed_ms": 2829.4610420000004,
        "start_to_observed_completion_ms": 7.127625000000535,
        "submit_to_observed_completion_ms": 5.071250000000418,
        "continuous_iteration_ms": 7.135250091552734,
        "frame_ms": 7.1263322830200195,
        "component_sum_ms": 7.1263322830200195,
        "tick_ms": 0.1347080022096634,
        "dynamic_mesh_ms": 0.8779579997062683,
        "encode_ms": 1.0410420894622803,
        "admission_or_completion_ms": 5.072624206542969
      },
      {
        "index": 366,
        "started_ms": 2829.468667,
        "submitted_ms": 2831.537708,
        "observed_completed_ms": 2836.6225419999996,
        "start_to_observed_completion_ms": 7.153874999999516,
        "submit_to_observed_completion_ms": 5.084833999999773,
        "continuous_iteration_ms": 7.163375377655029,
        "frame_ms": 7.153083324432373,
        "component_sum_ms": 7.153083324432373,
        "tick_ms": 0.1373330056667328,
        "dynamic_mesh_ms": 0.8839579820632935,
        "encode_ms": 1.0455000400543213,
        "admission_or_completion_ms": 5.086292266845703
      },
      {
        "index": 367,
        "started_ms": 2836.6320419999997,
        "submitted_ms": 2838.830333,
        "observed_completed_ms": 2842.6171670000003,
        "start_to_observed_completion_ms": 5.9851250000006075,
        "submit_to_observed_completion_ms": 3.7868340000004537,
        "continuous_iteration_ms": 5.990707874298096,
        "frame_ms": 5.983709335327148,
        "component_sum_ms": 5.983709335327148,
        "tick_ms": 0.16195900738239288,
        "dynamic_mesh_ms": 0.9525420069694519,
        "encode_ms": 1.080875039100647,
        "admission_or_completion_ms": 3.7883331775665283
      },
      {
        "index": 368,
        "started_ms": 2842.62275,
        "submitted_ms": 2844.887917,
        "observed_completed_ms": 2848.681583,
        "start_to_observed_completion_ms": 6.05883300000005,
        "submit_to_observed_completion_ms": 3.79366600000003,
        "continuous_iteration_ms": 6.0647077560424805,
        "frame_ms": 6.058082580566406,
        "component_sum_ms": 6.058082580566406,
        "tick_ms": 0.13829199969768524,
        "dynamic_mesh_ms": 0.8957079648971558,
        "encode_ms": 1.2293339967727661,
        "admission_or_completion_ms": 3.7947490215301514
      },
      {
        "index": 369,
        "started_ms": 2848.6874580000003,
        "submitted_ms": 2850.638125,
        "observed_completed_ms": 2854.44375,
        "start_to_observed_completion_ms": 5.756291999999576,
        "submit_to_observed_completion_ms": 3.8056249999999636,
        "continuous_iteration_ms": 5.764916896820068,
        "frame_ms": 5.755917072296143,
        "component_sum_ms": 5.755917072296143,
        "tick_ms": 0.1319580078125,
        "dynamic_mesh_ms": 0.86741703748703,
        "encode_ms": 0.949167013168335,
        "admission_or_completion_ms": 3.807374954223633
      },
      {
        "index": 370,
        "started_ms": 2854.4523750000003,
        "submitted_ms": 2856.60525,
        "observed_completed_ms": 2861.521417,
        "start_to_observed_completion_ms": 7.069041999999627,
        "submit_to_observed_completion_ms": 4.916166999999859,
        "continuous_iteration_ms": 7.077917098999023,
        "frame_ms": 7.0677080154418945,
        "component_sum_ms": 7.0677080154418945,
        "tick_ms": 0.14341700077056885,
        "dynamic_mesh_ms": 0.9327499866485596,
        "encode_ms": 1.0737500190734863,
        "admission_or_completion_ms": 4.91779088973999
      },
      {
        "index": 371,
        "started_ms": 2861.530292,
        "submitted_ms": 2863.743708,
        "observed_completed_ms": 2867.5581669999997,
        "start_to_observed_completion_ms": 6.027874999999767,
        "submit_to_observed_completion_ms": 3.814458999999715,
        "continuous_iteration_ms": 6.0374579429626465,
        "frame_ms": 6.0268354415893555,
        "component_sum_ms": 6.0268354415893555,
        "tick_ms": 0.16358400881290436,
        "dynamic_mesh_ms": 0.9663340449333191,
        "encode_ms": 1.0802500247955322,
        "admission_or_completion_ms": 3.816667079925537
      },
      {
        "index": 372,
        "started_ms": 2867.56775,
        "submitted_ms": 2869.673417,
        "observed_completed_ms": 2873.278333,
        "start_to_observed_completion_ms": 5.710583000000042,
        "submit_to_observed_completion_ms": 3.6049160000002303,
        "continuous_iteration_ms": 5.717041969299316,
        "frame_ms": 5.708625793457031,
        "component_sum_ms": 5.708625793457031,
        "tick_ms": 0.14379200339317322,
        "dynamic_mesh_ms": 0.9036670327186584,
        "encode_ms": 1.0552089214324951,
        "admission_or_completion_ms": 3.6059579849243164
      },
      {
        "index": 373,
        "started_ms": 2873.284792,
        "submitted_ms": 2875.283542,
        "observed_completed_ms": 2880.3891670000003,
        "start_to_observed_completion_ms": 7.104375000000346,
        "submit_to_observed_completion_ms": 5.1056250000001455,
        "continuous_iteration_ms": 7.113708019256592,
        "frame_ms": 7.103750228881836,
        "component_sum_ms": 7.103750228881836,
        "tick_ms": 0.1415420025587082,
        "dynamic_mesh_ms": 0.9057080149650574,
        "encode_ms": 0.949292004108429,
        "admission_or_completion_ms": 5.107208251953125
      },
      {
        "index": 374,
        "started_ms": 2880.3985000000002,
        "submitted_ms": 2882.577833,
        "observed_completed_ms": 2887.636708,
        "start_to_observed_completion_ms": 7.238207999999759,
        "submit_to_observed_completion_ms": 5.058875000000171,
        "continuous_iteration_ms": 7.245957851409912,
        "frame_ms": 7.2367072105407715,
        "component_sum_ms": 7.2367072105407715,
        "tick_ms": 0.14716601371765137,
        "dynamic_mesh_ms": 0.9289159774780273,
        "encode_ms": 1.1002910137176514,
        "admission_or_completion_ms": 5.060334205627441
      },
      {
        "index": 375,
        "started_ms": 2887.644458,
        "submitted_ms": 2889.7190419999997,
        "observed_completed_ms": 2893.513792,
        "start_to_observed_completion_ms": 5.869333999999981,
        "submit_to_observed_completion_ms": 3.7947500000004766,
        "continuous_iteration_ms": 5.875249862670898,
        "frame_ms": 5.8685407638549805,
        "component_sum_ms": 5.8685407638549805,
        "tick_ms": 0.14220799505710602,
        "dynamic_mesh_ms": 0.9140409827232361,
        "encode_ms": 1.0162500143051147,
        "admission_or_completion_ms": 3.796041965484619
      },
      {
        "index": 376,
        "started_ms": 2893.519708,
        "submitted_ms": 2895.58275,
        "observed_completed_ms": 2899.378042,
        "start_to_observed_completion_ms": 5.8583340000000135,
        "submit_to_observed_completion_ms": 3.7952919999997903,
        "continuous_iteration_ms": 5.865458965301514,
        "frame_ms": 5.8571672439575195,
        "component_sum_ms": 5.8571672439575195,
        "tick_ms": 0.1357080042362213,
        "dynamic_mesh_ms": 0.8816670179367065,
        "encode_ms": 1.0430830717086792,
        "admission_or_completion_ms": 3.7967090606689453
      },
      {
        "index": 377,
        "started_ms": 2899.3851670000004,
        "submitted_ms": 2901.405042,
        "observed_completed_ms": 2906.476375,
        "start_to_observed_completion_ms": 7.091207999999824,
        "submit_to_observed_completion_ms": 5.0713330000003225,
        "continuous_iteration_ms": 7.098290920257568,
        "frame_ms": 7.0899176597595215,
        "component_sum_ms": 7.0899176597595215,
        "tick_ms": 0.1397089958190918,
        "dynamic_mesh_ms": 0.8971250057220459,
        "encode_ms": 0.9807089567184448,
        "admission_or_completion_ms": 5.0723748207092285
      },
      {
        "index": 378,
        "started_ms": 2906.4834579999997,
        "submitted_ms": 2908.497875,
        "observed_completed_ms": 2913.568,
        "start_to_observed_completion_ms": 7.084542000000511,
        "submit_to_observed_completion_ms": 5.070125000000189,
        "continuous_iteration_ms": 7.094124794006348,
        "frame_ms": 7.083582878112793,
        "component_sum_ms": 7.083582878112793,
        "tick_ms": 0.13441699743270874,
        "dynamic_mesh_ms": 0.8795409798622131,
        "encode_ms": 0.9975420832633972,
        "admission_or_completion_ms": 5.072082996368408
      },
      {
        "index": 379,
        "started_ms": 2913.577583,
        "submitted_ms": 2915.825,
        "observed_completed_ms": 2920.8889999999997,
        "start_to_observed_completion_ms": 7.311416999999892,
        "submit_to_observed_completion_ms": 5.063999999999851,
        "continuous_iteration_ms": 7.320084095001221,
        "frame_ms": 7.310083389282227,
        "component_sum_ms": 7.310083389282227,
        "tick_ms": 0.15345899760723114,
        "dynamic_mesh_ms": 0.9506660103797913,
        "encode_ms": 1.1402080059051514,
        "admission_or_completion_ms": 5.0657501220703125
      },
      {
        "index": 380,
        "started_ms": 2920.897667,
        "submitted_ms": 2923.0439170000004,
        "observed_completed_ms": 2926.845042,
        "start_to_observed_completion_ms": 5.947374999999738,
        "submit_to_observed_completion_ms": 3.8011249999995016,
        "continuous_iteration_ms": 5.953500270843506,
        "frame_ms": 5.945583343505859,
        "component_sum_ms": 5.945583343505859,
        "tick_ms": 0.14766700565814972,
        "dynamic_mesh_ms": 0.926584005355835,
        "encode_ms": 1.0688749551773071,
        "admission_or_completion_ms": 3.802457094192505
      },
      {
        "index": 381,
        "started_ms": 2926.8511670000003,
        "submitted_ms": 2929.127125,
        "observed_completed_ms": 2932.9231670000004,
        "start_to_observed_completion_ms": 6.072000000000116,
        "submit_to_observed_completion_ms": 3.796042000000398,
        "continuous_iteration_ms": 6.077624797821045,
        "frame_ms": 6.070376396179199,
        "component_sum_ms": 6.070376396179199,
        "tick_ms": 0.13762499392032623,
        "dynamic_mesh_ms": 0.9282090067863464,
        "encode_ms": 1.2070419788360596,
        "admission_or_completion_ms": 3.7975001335144043
      },
      {
        "index": 382,
        "started_ms": 2932.928792,
        "submitted_ms": 2935.2710420000003,
        "observed_completed_ms": 2939.073,
        "start_to_observed_completion_ms": 6.144207999999708,
        "submit_to_observed_completion_ms": 3.8019579999995585,
        "continuous_iteration_ms": 6.148707866668701,
        "frame_ms": 6.142333030700684,
        "component_sum_ms": 6.142333030700684,
        "tick_ms": 0.1372079998254776,
        "dynamic_mesh_ms": 0.91383296251297,
        "encode_ms": 1.2883750200271606,
        "admission_or_completion_ms": 3.8029167652130127
      },
      {
        "index": 383,
        "started_ms": 2939.0775,
        "submitted_ms": 2941.10425,
        "observed_completed_ms": 2946.164042,
        "start_to_observed_completion_ms": 7.086542000000009,
        "submit_to_observed_completion_ms": 5.059792000000016,
        "continuous_iteration_ms": 7.094624996185303,
        "frame_ms": 7.085790634155273,
        "component_sum_ms": 7.085790634155273,
        "tick_ms": 0.1316249966621399,
        "dynamic_mesh_ms": 0.8814579844474792,
        "encode_ms": 1.0117499828338623,
        "admission_or_completion_ms": 5.060957431793213
      },
      {
        "index": 384,
        "started_ms": 2946.172125,
        "submitted_ms": 2948.2369999999996,
        "observed_completed_ms": 2953.298917,
        "start_to_observed_completion_ms": 7.126792000000023,
        "submit_to_observed_completion_ms": 5.061917000000449,
        "continuous_iteration_ms": 7.132957935333252,
        "frame_ms": 7.125542163848877,
        "component_sum_ms": 7.125542163848877,
        "tick_ms": 0.1444999873638153,
        "dynamic_mesh_ms": 0.887374997138977,
        "encode_ms": 1.030500054359436,
        "admission_or_completion_ms": 5.063167095184326
      },
      {
        "index": 385,
        "started_ms": 2953.305083,
        "submitted_ms": 2955.41675,
        "observed_completed_ms": 2959.068125,
        "start_to_observed_completion_ms": 5.7630419999995866,
        "submit_to_observed_completion_ms": 3.6513749999999163,
        "continuous_iteration_ms": 5.770709037780762,
        "frame_ms": 5.761876106262207,
        "component_sum_ms": 5.761876106262207,
        "tick_ms": 0.1392499953508377,
        "dynamic_mesh_ms": 0.9253749847412109,
        "encode_ms": 1.044166922569275,
        "admission_or_completion_ms": 3.6530840396881104
      },
      {
        "index": 386,
        "started_ms": 2959.075792,
        "submitted_ms": 2961.248667,
        "observed_completed_ms": 2965.051333,
        "start_to_observed_completion_ms": 5.975540999999794,
        "submit_to_observed_completion_ms": 3.8026660000000447,
        "continuous_iteration_ms": 5.982749938964844,
        "frame_ms": 5.973834037780762,
        "component_sum_ms": 5.973834037780762,
        "tick_ms": 0.15083400905132294,
        "dynamic_mesh_ms": 0.9355419874191284,
        "encode_ms": 1.083333969116211,
        "admission_or_completion_ms": 3.804123878479004
      },
      {
        "index": 387,
        "started_ms": 2965.0585419999998,
        "submitted_ms": 2967.1092080000003,
        "observed_completed_ms": 2972.164958,
        "start_to_observed_completion_ms": 7.106416000000081,
        "submit_to_observed_completion_ms": 5.055749999999534,
        "continuous_iteration_ms": 7.113541126251221,
        "frame_ms": 7.1050825119018555,
        "component_sum_ms": 7.1050825119018555,
        "tick_ms": 0.1395839899778366,
        "dynamic_mesh_ms": 0.9043329954147339,
        "encode_ms": 1.0042500495910645,
        "admission_or_completion_ms": 5.056915760040283
      },
      {
        "index": 388,
        "started_ms": 2972.1720830000004,
        "submitted_ms": 2974.259917,
        "observed_completed_ms": 2979.332208,
        "start_to_observed_completion_ms": 7.160124999999425,
        "submit_to_observed_completion_ms": 5.07229099999995,
        "continuous_iteration_ms": 7.169416904449463,
        "frame_ms": 7.159625053405762,
        "component_sum_ms": 7.159625053405762,
        "tick_ms": 0.1365409940481186,
        "dynamic_mesh_ms": 0.879709005355835,
        "encode_ms": 1.0692919492721558,
        "admission_or_completion_ms": 5.07408332824707
      },
      {
        "index": 389,
        "started_ms": 2979.3415,
        "submitted_ms": 2981.524792,
        "observed_completed_ms": 2986.4207079999996,
        "start_to_observed_completion_ms": 7.079207999999653,
        "submit_to_observed_completion_ms": 4.895915999999488,
        "continuous_iteration_ms": 7.086417198181152,
        "frame_ms": 7.077999114990234,
        "component_sum_ms": 7.077999114990234,
        "tick_ms": 0.147707998752594,
        "dynamic_mesh_ms": 0.9402499794960022,
        "encode_ms": 1.0928750038146973,
        "admission_or_completion_ms": 4.8971662521362305
      },
      {
        "index": 390,
        "started_ms": 2986.427917,
        "submitted_ms": 2988.5625,
        "observed_completed_ms": 2992.3672500000002,
        "start_to_observed_completion_ms": 5.939333000000261,
        "submit_to_observed_completion_ms": 3.80475000000024,
        "continuous_iteration_ms": 5.946749687194824,
        "frame_ms": 5.9380412101745605,
        "component_sum_ms": 5.9380412101745605,
        "tick_ms": 0.13637501001358032,
        "dynamic_mesh_ms": 0.9090830087661743,
        "encode_ms": 1.0864169597625732,
        "admission_or_completion_ms": 3.806166172027588
      },
      {
        "index": 391,
        "started_ms": 2992.374667,
        "submitted_ms": 2994.535875,
        "observed_completed_ms": 2998.3314170000003,
        "start_to_observed_completion_ms": 5.956750000000284,
        "submit_to_observed_completion_ms": 3.795542000000296,
        "continuous_iteration_ms": 5.963291168212891,
        "frame_ms": 5.9552083015441895,
        "component_sum_ms": 5.9552083015441895,
        "tick_ms": 0.14524999260902405,
        "dynamic_mesh_ms": 0.9282500147819519,
        "encode_ms": 1.0850419998168945,
        "admission_or_completion_ms": 3.796666145324707
      },
      {
        "index": 392,
        "started_ms": 2998.337958,
        "submitted_ms": 3000.3974169999997,
        "observed_completed_ms": 3005.309792,
        "start_to_observed_completion_ms": 6.971833999999944,
        "submit_to_observed_completion_ms": 4.912375000000338,
        "continuous_iteration_ms": 6.978291988372803,
        "frame_ms": 6.970874786376953,
        "component_sum_ms": 6.970874786376953,
        "tick_ms": 0.1345829963684082,
        "dynamic_mesh_ms": 0.8889170289039612,
        "encode_ms": 1.03391695022583,
        "admission_or_completion_ms": 4.913457870483398
      },
      {
        "index": 393,
        "started_ms": 3005.31625,
        "submitted_ms": 3007.4896249999997,
        "observed_completed_ms": 3012.551708,
        "start_to_observed_completion_ms": 7.235458000000108,
        "submit_to_observed_completion_ms": 5.062083000000257,
        "continuous_iteration_ms": 7.242875099182129,
        "frame_ms": 7.234292030334473,
        "component_sum_ms": 7.234292030334473,
        "tick_ms": 0.13608300685882568,
        "dynamic_mesh_ms": 0.9064169526100159,
        "encode_ms": 1.128000020980835,
        "admission_or_completion_ms": 5.063791751861572
      },
      {
        "index": 394,
        "started_ms": 3012.559125,
        "submitted_ms": 3014.685667,
        "observed_completed_ms": 3019.78875,
        "start_to_observed_completion_ms": 7.229624999999942,
        "submit_to_observed_completion_ms": 5.10308299999997,
        "continuous_iteration_ms": 7.244041919708252,
        "frame_ms": 7.228792190551758,
        "component_sum_ms": 7.228792190551758,
        "tick_ms": 0.1370840072631836,
        "dynamic_mesh_ms": 0.8926250338554382,
        "encode_ms": 1.0942920446395874,
        "admission_or_completion_ms": 5.104791164398193
      },
      {
        "index": 395,
        "started_ms": 3019.803167,
        "submitted_ms": 3022.556667,
        "observed_completed_ms": 3027.647458,
        "start_to_observed_completion_ms": 7.844290999999885,
        "submit_to_observed_completion_ms": 5.090791000000081,
        "continuous_iteration_ms": 7.853291034698486,
        "frame_ms": 7.842874050140381,
        "component_sum_ms": 7.842874050140381,
        "tick_ms": 0.20295800268650055,
        "dynamic_mesh_ms": 1.0850830078125,
        "encode_ms": 1.460334062576294,
        "admission_or_completion_ms": 5.094499111175537
      },
      {
        "index": 396,
        "started_ms": 3027.656458,
        "submitted_ms": 3030.2295,
        "observed_completed_ms": 3034.07875,
        "start_to_observed_completion_ms": 6.422292000000198,
        "submit_to_observed_completion_ms": 3.849250000000211,
        "continuous_iteration_ms": 6.432959079742432,
        "frame_ms": 6.42087459564209,
        "component_sum_ms": 6.42087459564209,
        "tick_ms": 0.1469999998807907,
        "dynamic_mesh_ms": 0.989916980266571,
        "encode_ms": 1.4311670064926147,
        "admission_or_completion_ms": 3.8527908325195312
      },
      {
        "index": 397,
        "started_ms": 3034.089417,
        "submitted_ms": 3037.004375,
        "observed_completed_ms": 3040.861042,
        "start_to_observed_completion_ms": 6.771624999999858,
        "submit_to_observed_completion_ms": 3.856667000000016,
        "continuous_iteration_ms": 6.779207706451416,
        "frame_ms": 6.769624710083008,
        "component_sum_ms": 6.769624710083008,
        "tick_ms": 0.15741699934005737,
        "dynamic_mesh_ms": 0.9938749670982361,
        "encode_ms": 1.760457992553711,
        "admission_or_completion_ms": 3.857875108718872
      },
      {
        "index": 398,
        "started_ms": 3040.868625,
        "submitted_ms": 3043.178958,
        "observed_completed_ms": 3048.2619999999997,
        "start_to_observed_completion_ms": 7.393374999999651,
        "submit_to_observed_completion_ms": 5.08304199999975,
        "continuous_iteration_ms": 7.40262508392334,
        "frame_ms": 7.392499923706055,
        "component_sum_ms": 7.392499923706055,
        "tick_ms": 0.14137500524520874,
        "dynamic_mesh_ms": 0.9492079615592957,
        "encode_ms": 1.2161659002304077,
        "admission_or_completion_ms": 5.085751056671143
      },
      {
        "index": 399,
        "started_ms": 3048.27125,
        "submitted_ms": 3050.64,
        "observed_completed_ms": 3056.2671250000003,
        "start_to_observed_completion_ms": 7.995875000000524,
        "submit_to_observed_completion_ms": 5.627125000000433,
        "continuous_iteration_ms": 8.006292343139648,
        "frame_ms": 7.994248390197754,
        "component_sum_ms": 7.994248390197754,
        "tick_ms": 0.15387499332427979,
        "dynamic_mesh_ms": 0.9579579830169678,
        "encode_ms": 1.2532919645309448,
        "admission_or_completion_ms": 5.629123687744141
      },
      {
        "index": 400,
        "started_ms": 3056.2775420000003,
        "submitted_ms": 3058.683708,
        "observed_completed_ms": 3064.510417,
        "start_to_observed_completion_ms": 8.232874999999694,
        "submit_to_observed_completion_ms": 5.826708999999937,
        "continuous_iteration_ms": 8.241540908813477,
        "frame_ms": 8.231292724609375,
        "component_sum_ms": 8.231292724609375,
        "tick_ms": 0.1684589982032776,
        "dynamic_mesh_ms": 0.9748340249061584,
        "encode_ms": 1.2590000629425049,
        "admission_or_completion_ms": 5.828999996185303
      },
      {
        "index": 401,
        "started_ms": 3064.519083,
        "submitted_ms": 3066.8279580000003,
        "observed_completed_ms": 3072.85,
        "start_to_observed_completion_ms": 8.330916999999772,
        "submit_to_observed_completion_ms": 6.022041999999601,
        "continuous_iteration_ms": 8.338459014892578,
        "frame_ms": 8.32925033569336,
        "component_sum_ms": 8.32925033569336,
        "tick_ms": 0.16254200041294098,
        "dynamic_mesh_ms": 0.9504160284996033,
        "encode_ms": 1.1918749809265137,
        "admission_or_completion_ms": 6.024416923522949
      },
      {
        "index": 402,
        "started_ms": 3072.8575419999997,
        "submitted_ms": 3075.0951670000004,
        "observed_completed_ms": 3079.9785,
        "start_to_observed_completion_ms": 7.120958000000428,
        "submit_to_observed_completion_ms": 4.883332999999766,
        "continuous_iteration_ms": 7.130916118621826,
        "frame_ms": 7.120123863220215,
        "component_sum_ms": 7.120123863220215,
        "tick_ms": 0.15883301198482513,
        "dynamic_mesh_ms": 0.9265829920768738,
        "encode_ms": 1.1486669778823853,
        "admission_or_completion_ms": 4.886040687561035
      },
      {
        "index": 403,
        "started_ms": 3079.988458,
        "submitted_ms": 3086.391875,
        "observed_completed_ms": 3091.477042,
        "start_to_observed_completion_ms": 11.488584000000174,
        "submit_to_observed_completion_ms": 5.085167000000183,
        "continuous_iteration_ms": 11.49899959564209,
        "frame_ms": 11.48558235168457,
        "component_sum_ms": 11.48558235168457,
        "tick_ms": 2.3725829124450684,
        "dynamic_mesh_ms": 1.7521250247955322,
        "encode_ms": 2.2723748683929443,
        "admission_or_completion_ms": 5.088499546051025
      },
      {
        "index": 404,
        "started_ms": 3091.487458,
        "submitted_ms": 3097.396208,
        "observed_completed_ms": 3103.745833,
        "start_to_observed_completion_ms": 12.258374999999887,
        "submit_to_observed_completion_ms": 6.349624999999833,
        "continuous_iteration_ms": 12.267416954040527,
        "frame_ms": 12.254876136779785,
        "component_sum_ms": 12.254876136779785,
        "tick_ms": 2.773958921432495,
        "dynamic_mesh_ms": 1.073917031288147,
        "encode_ms": 2.053957939147949,
        "admission_or_completion_ms": 6.353042125701904
      },
      {
        "index": 405,
        "started_ms": 3103.754875,
        "submitted_ms": 3110.9778330000004,
        "observed_completed_ms": 3114.824,
        "start_to_observed_completion_ms": 11.069124999999985,
        "submit_to_observed_completion_ms": 3.8461669999996957,
        "continuous_iteration_ms": 11.07912540435791,
        "frame_ms": 11.066707611083984,
        "component_sum_ms": 11.066707611083984,
        "tick_ms": 4.008625030517578,
        "dynamic_mesh_ms": 1.0376249551773071,
        "encode_ms": 2.1711249351501465,
        "admission_or_completion_ms": 3.849332809448242
      },
      {
        "index": 406,
        "started_ms": 3114.8340000000003,
        "submitted_ms": 3122.979667,
        "observed_completed_ms": 3129.3540000000003,
        "start_to_observed_completion_ms": 14.519999999999982,
        "submit_to_observed_completion_ms": 6.374333000000206,
        "continuous_iteration_ms": 14.529125213623047,
        "frame_ms": 14.516249656677246,
        "component_sum_ms": 14.516249656677246,
        "tick_ms": 4.870416164398193,
        "dynamic_mesh_ms": 1.159999966621399,
        "encode_ms": 2.1056671142578125,
        "admission_or_completion_ms": 6.380166053771973
      },
      {
        "index": 407,
        "started_ms": 3129.363125,
        "submitted_ms": 3140.772375,
        "observed_completed_ms": 3146.039042,
        "start_to_observed_completion_ms": 16.675917000000027,
        "submit_to_observed_completion_ms": 5.26666699999987,
        "continuous_iteration_ms": 16.684833526611328,
        "frame_ms": 16.67208480834961,
        "component_sum_ms": 16.67208480834961,
        "tick_ms": 6.526334285736084,
        "dynamic_mesh_ms": 1.1641250848770142,
        "encode_ms": 3.7112081050872803,
        "admission_or_completion_ms": 5.270417213439941
      },
      {
        "index": 408,
        "started_ms": 3146.047958,
        "submitted_ms": 3161.204292,
        "observed_completed_ms": 3165.016,
        "start_to_observed_completion_ms": 18.96804199999997,
        "submit_to_observed_completion_ms": 3.8117080000001806,
        "continuous_iteration_ms": 18.975791931152344,
        "frame_ms": 18.96404266357422,
        "component_sum_ms": 18.96404266357422,
        "tick_ms": 12.158041000366211,
        "dynamic_mesh_ms": 1.0544170141220093,
        "encode_ms": 1.935459017753601,
        "admission_or_completion_ms": 3.81612491607666
      },
      {
        "index": 409,
        "started_ms": 3165.02375,
        "submitted_ms": 3178.2165830000004,
        "observed_completed_ms": 3183.292792,
        "start_to_observed_completion_ms": 18.269042000000354,
        "submit_to_observed_completion_ms": 5.076208999999835,
        "continuous_iteration_ms": 18.279251098632812,
        "frame_ms": 18.265209197998047,
        "component_sum_ms": 18.265209197998047,
        "tick_ms": 10.055791854858398,
        "dynamic_mesh_ms": 1.098457932472229,
        "encode_ms": 2.029582977294922,
        "admission_or_completion_ms": 5.081376075744629
      },
      {
        "index": 410,
        "started_ms": 3183.303,
        "submitted_ms": 3195.061167,
        "observed_completed_ms": 3201.409125,
        "start_to_observed_completion_ms": 18.106125000000247,
        "submit_to_observed_completion_ms": 6.34795800000029,
        "continuous_iteration_ms": 18.119083404541016,
        "frame_ms": 18.10262680053711,
        "component_sum_ms": 18.10262680053711,
        "tick_ms": 8.634500503540039,
        "dynamic_mesh_ms": 1.0606670379638672,
        "encode_ms": 2.0547919273376465,
        "admission_or_completion_ms": 6.35266637802124
      },
      {
        "index": 411,
        "started_ms": 3201.4220830000004,
        "submitted_ms": 3212.630583,
        "observed_completed_ms": 3216.444125,
        "start_to_observed_completion_ms": 15.022041999999601,
        "submit_to_observed_completion_ms": 3.8135419999998703,
        "continuous_iteration_ms": 15.030834197998047,
        "frame_ms": 15.017667770385742,
        "component_sum_ms": 15.017667770385742,
        "tick_ms": 8.084500312805176,
        "dynamic_mesh_ms": 1.0846670866012573,
        "encode_ms": 2.0288751125335693,
        "admission_or_completion_ms": 3.81962513923645
      },
      {
        "index": 412,
        "started_ms": 3216.4529169999996,
        "submitted_ms": 3226.711792,
        "observed_completed_ms": 3234.301458,
        "start_to_observed_completion_ms": 17.848541000000296,
        "submit_to_observed_completion_ms": 7.589665999999852,
        "continuous_iteration_ms": 17.857376098632812,
        "frame_ms": 17.84491539001465,
        "component_sum_ms": 17.84491539001465,
        "tick_ms": 7.446499824523926,
        "dynamic_mesh_ms": 1.048875093460083,
        "encode_ms": 1.7548749446868896,
        "admission_or_completion_ms": 7.594666004180908
      },
      {
        "index": 413,
        "started_ms": 3234.310292,
        "submitted_ms": 3244.101333,
        "observed_completed_ms": 3247.9074579999997,
        "start_to_observed_completion_ms": 13.59716599999956,
        "submit_to_observed_completion_ms": 3.8061249999996107,
        "continuous_iteration_ms": 13.60666561126709,
        "frame_ms": 13.593250274658203,
        "component_sum_ms": 13.593250274658203,
        "tick_ms": 6.7015838623046875,
        "dynamic_mesh_ms": 1.0633749961853027,
        "encode_ms": 2.018541097640991,
        "admission_or_completion_ms": 3.8097500801086426
      },
      {
        "index": 414,
        "started_ms": 3247.916958,
        "submitted_ms": 3264.096958,
        "observed_completed_ms": 3271.753458,
        "start_to_observed_completion_ms": 23.836500000000342,
        "submit_to_observed_completion_ms": 7.656500000000051,
        "continuous_iteration_ms": 23.84658432006836,
        "frame_ms": 23.831666946411133,
        "component_sum_ms": 23.831666946411133,
        "tick_ms": 9.967791557312012,
        "dynamic_mesh_ms": 2.1682090759277344,
        "encode_ms": 4.033499717712402,
        "admission_or_completion_ms": 7.662167072296143
      },
      {
        "index": 415,
        "started_ms": 3271.763542,
        "submitted_ms": 3285.408792,
        "observed_completed_ms": 3289.2492500000003,
        "start_to_observed_completion_ms": 17.48570800000016,
        "submit_to_observed_completion_ms": 3.840458000000126,
        "continuous_iteration_ms": 17.49437713623047,
        "frame_ms": 17.48124885559082,
        "component_sum_ms": 17.48124885559082,
        "tick_ms": 8.879207611083984,
        "dynamic_mesh_ms": 1.0839999914169312,
        "encode_ms": 3.6731250286102295,
        "admission_or_completion_ms": 3.844917058944702
      },
      {
        "index": 416,
        "started_ms": 3289.257917,
        "submitted_ms": 3302.941333,
        "observed_completed_ms": 3308.02925,
        "start_to_observed_completion_ms": 18.77133300000014,
        "submit_to_observed_completion_ms": 5.087916999999834,
        "continuous_iteration_ms": 18.78070831298828,
        "frame_ms": 18.766998291015625,
        "component_sum_ms": 18.766998291015625,
        "tick_ms": 8.88691520690918,
        "dynamic_mesh_ms": 1.0720000267028809,
        "encode_ms": 3.715916156768799,
        "admission_or_completion_ms": 5.092166900634766
      },
      {
        "index": 417,
        "started_ms": 3308.038625,
        "submitted_ms": 3321.9202920000002,
        "observed_completed_ms": 3325.7765419999996,
        "start_to_observed_completion_ms": 17.73791699999947,
        "submit_to_observed_completion_ms": 3.8562499999993634,
        "continuous_iteration_ms": 17.74791717529297,
        "frame_ms": 17.73291778564453,
        "component_sum_ms": 17.73291778564453,
        "tick_ms": 8.997417449951172,
        "dynamic_mesh_ms": 1.0679999589920044,
        "encode_ms": 3.8073339462280273,
        "admission_or_completion_ms": 3.8601670265197754
      },
      {
        "index": 418,
        "started_ms": 3325.786542,
        "submitted_ms": 3339.599292,
        "observed_completed_ms": 3344.7094169999996,
        "start_to_observed_completion_ms": 18.92287499999975,
        "submit_to_observed_completion_ms": 5.110124999999698,
        "continuous_iteration_ms": 18.93429183959961,
        "frame_ms": 18.91837501525879,
        "component_sum_ms": 18.91837501525879,
        "tick_ms": 9.209917068481445,
        "dynamic_mesh_ms": 1.1174169778823853,
        "encode_ms": 3.476750135421753,
        "admission_or_completion_ms": 5.114290714263916
      },
      {
        "index": 419,
        "started_ms": 3344.7208330000003,
        "submitted_ms": 3358.6108750000003,
        "observed_completed_ms": 3363.71975,
        "start_to_observed_completion_ms": 18.998916999999892,
        "submit_to_observed_completion_ms": 5.108874999999898,
        "continuous_iteration_ms": 19.008541107177734,
        "frame_ms": 18.991832733154297,
        "component_sum_ms": 18.991832733154297,
        "tick_ms": 9.061667442321777,
        "dynamic_mesh_ms": 1.1627919673919678,
        "encode_ms": 3.653625011444092,
        "admission_or_completion_ms": 5.113749027252197
      },
      {
        "index": 420,
        "started_ms": 3363.7293750000003,
        "submitted_ms": 3381.5373750000003,
        "observed_completed_ms": 3389.2484999999997,
        "start_to_observed_completion_ms": 25.51912499999935,
        "submit_to_observed_completion_ms": 7.711124999999356,
        "continuous_iteration_ms": 25.584583282470703,
        "frame_ms": 25.510793685913086,
        "component_sum_ms": 25.510793685913086,
        "tick_ms": 9.612916946411133,
        "dynamic_mesh_ms": 1.3972079753875732,
        "encode_ms": 6.782792091369629,
        "admission_or_completion_ms": 7.717875957489014
      },
      {
        "index": 421,
        "started_ms": 3389.3139579999997,
        "submitted_ms": 3408.064,
        "observed_completed_ms": 3413.2770419999997,
        "start_to_observed_completion_ms": 23.96308399999998,
        "submit_to_observed_completion_ms": 5.213041999999859,
        "continuous_iteration_ms": 23.97599983215332,
        "frame_ms": 23.953166961669922,
        "component_sum_ms": 23.953166961669922,
        "tick_ms": 11.36341667175293,
        "dynamic_mesh_ms": 1.606208086013794,
        "encode_ms": 5.757791996002197,
        "admission_or_completion_ms": 5.225749492645264
      },
      {
        "index": 422,
        "started_ms": 3413.289958,
        "submitted_ms": 3429.553042,
        "observed_completed_ms": 3436.760167,
        "start_to_observed_completion_ms": 23.470209000000068,
        "submit_to_observed_completion_ms": 7.207124999999905,
        "continuous_iteration_ms": 23.48562240600586,
        "frame_ms": 23.464250564575195,
        "component_sum_ms": 23.464250564575195,
        "tick_ms": 10.304417610168457,
        "dynamic_mesh_ms": 1.107416033744812,
        "encode_ms": 4.8401665687561035,
        "admission_or_completion_ms": 7.212250232696533
      },
      {
        "index": 423,
        "started_ms": 3436.775583,
        "submitted_ms": 3451.046792,
        "observed_completed_ms": 3454.9345000000003,
        "start_to_observed_completion_ms": 18.1589170000002,
        "submit_to_observed_completion_ms": 3.8877080000002024,
        "continuous_iteration_ms": 18.16954231262207,
        "frame_ms": 18.151832580566406,
        "component_sum_ms": 18.151832580566406,
        "tick_ms": 8.987709045410156,
        "dynamic_mesh_ms": 1.1152909994125366,
        "encode_ms": 4.156083583831787,
        "admission_or_completion_ms": 3.8927500247955322
      },
      {
        "index": 424,
        "started_ms": 3454.945125,
        "submitted_ms": 3469.195875,
        "observed_completed_ms": 3475.5764999999997,
        "start_to_observed_completion_ms": 20.63137499999948,
        "submit_to_observed_completion_ms": 6.380624999999782,
        "continuous_iteration_ms": 20.64183235168457,
        "frame_ms": 20.624916076660156,
        "component_sum_ms": 20.624916076660156,
        "tick_ms": 8.964916229248047,
        "dynamic_mesh_ms": 1.1244999170303345,
        "encode_ms": 4.15024995803833,
        "admission_or_completion_ms": 6.385250091552734
      },
      {
        "index": 425,
        "started_ms": 3475.586958,
        "submitted_ms": 3490.1150420000004,
        "observed_completed_ms": 3493.976792,
        "start_to_observed_completion_ms": 18.389834000000064,
        "submit_to_observed_completion_ms": 3.8617499999995744,
        "continuous_iteration_ms": 18.401376724243164,
        "frame_ms": 18.38308334350586,
        "component_sum_ms": 18.38308334350586,
        "tick_ms": 8.796625137329102,
        "dynamic_mesh_ms": 1.1482499837875366,
        "encode_ms": 4.570667266845703,
        "admission_or_completion_ms": 3.867542266845703
      },
      {
        "index": 426,
        "started_ms": 3493.988333,
        "submitted_ms": 3508.02675,
        "observed_completed_ms": 3515.4903329999997,
        "start_to_observed_completion_ms": 21.501999999999953,
        "submit_to_observed_completion_ms": 7.463582999999744,
        "continuous_iteration_ms": 21.513334274291992,
        "frame_ms": 21.494457244873047,
        "component_sum_ms": 21.494457244873047,
        "tick_ms": 8.215875625610352,
        "dynamic_mesh_ms": 1.2918330430984497,
        "encode_ms": 4.517416954040527,
        "admission_or_completion_ms": 7.469332695007324
      },
      {
        "index": 427,
        "started_ms": 3515.501667,
        "submitted_ms": 3529.1983330000003,
        "observed_completed_ms": 3533.04425,
        "start_to_observed_completion_ms": 17.542582999999922,
        "submit_to_observed_completion_ms": 3.8459169999996448,
        "continuous_iteration_ms": 17.552000045776367,
        "frame_ms": 17.536958694458008,
        "component_sum_ms": 17.536958694458008,
        "tick_ms": 7.621208190917969,
        "dynamic_mesh_ms": 1.1122080087661743,
        "encode_ms": 4.952083110809326,
        "admission_or_completion_ms": 3.851459264755249
      },
      {
        "index": 428,
        "started_ms": 3533.0536669999997,
        "submitted_ms": 3543.438083,
        "observed_completed_ms": 3551.0012500000003,
        "start_to_observed_completion_ms": 17.947583000000577,
        "submit_to_observed_completion_ms": 7.563167000000249,
        "continuous_iteration_ms": 17.958415985107422,
        "frame_ms": 17.942665100097656,
        "component_sum_ms": 17.942665100097656,
        "tick_ms": 7.041874885559082,
        "dynamic_mesh_ms": 1.109458088874817,
        "encode_ms": 2.222165822982788,
        "admission_or_completion_ms": 7.569166660308838
      },
      {
        "index": 429,
        "started_ms": 3551.0120829999996,
        "submitted_ms": 3561.639542,
        "observed_completed_ms": 3565.4652499999997,
        "start_to_observed_completion_ms": 14.453167000000121,
        "submit_to_observed_completion_ms": 3.8257079999998496,
        "continuous_iteration_ms": 14.463500022888184,
        "frame_ms": 14.447833061218262,
        "component_sum_ms": 14.447833061218262,
        "tick_ms": 7.08479118347168,
        "dynamic_mesh_ms": 1.130708932876587,
        "encode_ms": 2.401167154312134,
        "admission_or_completion_ms": 3.8311660289764404
      },
      {
        "index": 430,
        "started_ms": 3565.475583,
        "submitted_ms": 3575.129958,
        "observed_completed_ms": 3581.482417,
        "start_to_observed_completion_ms": 16.006834000000254,
        "submit_to_observed_completion_ms": 6.352459000000181,
        "continuous_iteration_ms": 16.01791763305664,
        "frame_ms": 16.00145721435547,
        "component_sum_ms": 16.00145721435547,
        "tick_ms": 6.315999984741211,
        "dynamic_mesh_ms": 1.1540000438690186,
        "encode_ms": 2.1739158630371094,
        "admission_or_completion_ms": 6.357542037963867
      },
      {
        "index": 431,
        "started_ms": 3581.4935,
        "submitted_ms": 3590.941667,
        "observed_completed_ms": 3595.975125,
        "start_to_observed_completion_ms": 14.481624999999894,
        "submit_to_observed_completion_ms": 5.033457999999882,
        "continuous_iteration_ms": 14.493124961853027,
        "frame_ms": 14.476707458496094,
        "component_sum_ms": 14.476707458496094,
        "tick_ms": 6.180083751678467,
        "dynamic_mesh_ms": 1.1123749017715454,
        "encode_ms": 2.1460840702056885,
        "admission_or_completion_ms": 5.03816556930542
      },
      {
        "index": 432,
        "started_ms": 3595.986625,
        "submitted_ms": 3605.293708,
        "observed_completed_ms": 3610.3722080000002,
        "start_to_observed_completion_ms": 14.385583000000224,
        "submit_to_observed_completion_ms": 5.078500000000076,
        "continuous_iteration_ms": 14.394749641418457,
        "frame_ms": 14.381000518798828,
        "component_sum_ms": 14.381000518798828,
        "tick_ms": 5.632291793823242,
        "dynamic_mesh_ms": 1.1150829792022705,
        "encode_ms": 2.551374912261963,
        "admission_or_completion_ms": 5.082250118255615
      },
      {
        "index": 433,
        "started_ms": 3610.3813750000004,
        "submitted_ms": 3619.155542,
        "observed_completed_ms": 3622.965208,
        "start_to_observed_completion_ms": 12.583832999999686,
        "submit_to_observed_completion_ms": 3.8096660000001066,
        "continuous_iteration_ms": 12.592333793640137,
        "frame_ms": 12.579000473022461,
        "component_sum_ms": 12.579000473022461,
        "tick_ms": 5.458542346954346,
        "dynamic_mesh_ms": 1.1058329343795776,
        "encode_ms": 2.2000420093536377,
        "admission_or_completion_ms": 3.8145830631256104
      },
      {
        "index": 434,
        "started_ms": 3622.973708,
        "submitted_ms": 3631.476208,
        "observed_completed_ms": 3636.561792,
        "start_to_observed_completion_ms": 13.58808399999998,
        "submit_to_observed_completion_ms": 5.085583999999926,
        "continuous_iteration_ms": 13.599166870117188,
        "frame_ms": 13.581707954406738,
        "component_sum_ms": 13.581707954406738,
        "tick_ms": 5.277583122253418,
        "dynamic_mesh_ms": 1.145082950592041,
        "encode_ms": 2.068290948867798,
        "admission_or_completion_ms": 5.090750694274902
      },
      {
        "index": 435,
        "started_ms": 3636.5728750000003,
        "submitted_ms": 3645.40825,
        "observed_completed_ms": 3649.235,
        "start_to_observed_completion_ms": 12.662124999999833,
        "submit_to_observed_completion_ms": 3.8267500000001746,
        "continuous_iteration_ms": 12.67199993133545,
        "frame_ms": 12.656708717346191,
        "component_sum_ms": 12.656708717346191,
        "tick_ms": 5.407042026519775,
        "dynamic_mesh_ms": 1.117832899093628,
        "encode_ms": 2.300041913986206,
        "admission_or_completion_ms": 3.831791877746582
      },
      {
        "index": 436,
        "started_ms": 3649.244875,
        "submitted_ms": 3662.925333,
        "observed_completed_ms": 3666.777458,
        "start_to_observed_completion_ms": 17.53258300000016,
        "submit_to_observed_completion_ms": 3.8521249999998872,
        "continuous_iteration_ms": 17.54574966430664,
        "frame_ms": 17.526874542236328,
        "component_sum_ms": 17.526874542236328,
        "tick_ms": 7.594916820526123,
        "dynamic_mesh_ms": 1.1377500295639038,
        "encode_ms": 4.934957981109619,
        "admission_or_completion_ms": 3.859250068664551
      },
      {
        "index": 437,
        "started_ms": 3666.790625,
        "submitted_ms": 3676.1082499999998,
        "observed_completed_ms": 3683.7132920000004,
        "start_to_observed_completion_ms": 16.922667000000274,
        "submit_to_observed_completion_ms": 7.605042000000594,
        "continuous_iteration_ms": 16.93370819091797,
        "frame_ms": 16.91712760925293,
        "component_sum_ms": 16.91712760925293,
        "tick_ms": 5.860959053039551,
        "dynamic_mesh_ms": 1.1599589586257935,
        "encode_ms": 2.2856669425964355,
        "admission_or_completion_ms": 7.610542297363281
      },
      {
        "index": 438,
        "started_ms": 3683.7243329999997,
        "submitted_ms": 3693.282167,
        "observed_completed_ms": 3700.900875,
        "start_to_observed_completion_ms": 17.176542000000154,
        "submit_to_observed_completion_ms": 7.61870799999997,
        "continuous_iteration_ms": 17.187999725341797,
        "frame_ms": 17.1716251373291,
        "component_sum_ms": 17.1716251373291,
        "tick_ms": 6.080542087554932,
        "dynamic_mesh_ms": 1.1992920637130737,
        "encode_ms": 2.2653751373291016,
        "admission_or_completion_ms": 7.626415729522705
      },
      {
        "index": 439,
        "started_ms": 3700.9123329999998,
        "submitted_ms": 3710.478583,
        "observed_completed_ms": 3715.571708,
        "start_to_observed_completion_ms": 14.659375000000182,
        "submit_to_observed_completion_ms": 5.093124999999873,
        "continuous_iteration_ms": 14.669249534606934,
        "frame_ms": 14.653998374938965,
        "component_sum_ms": 14.653998374938965,
        "tick_ms": 6.209083080291748,
        "dynamic_mesh_ms": 1.129667043685913,
        "encode_ms": 2.2174160480499268,
        "admission_or_completion_ms": 5.097832679748535
      },
      {
        "index": 440,
        "started_ms": 3715.581583,
        "submitted_ms": 3724.534458,
        "observed_completed_ms": 3729.6304999999998,
        "start_to_observed_completion_ms": 14.04891699999962,
        "submit_to_observed_completion_ms": 5.09604199999967,
        "continuous_iteration_ms": 14.059000015258789,
        "frame_ms": 14.043333053588867,
        "component_sum_ms": 14.043333053588867,
        "tick_ms": 5.465374946594238,
        "dynamic_mesh_ms": 1.1454169750213623,
        "encode_ms": 2.332041025161743,
        "admission_or_completion_ms": 5.100499629974365
      },
      {
        "index": 441,
        "started_ms": 3729.6405830000003,
        "submitted_ms": 3738.642,
        "observed_completed_ms": 3742.486833,
        "start_to_observed_completion_ms": 12.8462499999996,
        "submit_to_observed_completion_ms": 3.844833000000108,
        "continuous_iteration_ms": 12.856542587280273,
        "frame_ms": 12.841792106628418,
        "component_sum_ms": 12.841792106628418,
        "tick_ms": 5.279041767120361,
        "dynamic_mesh_ms": 1.1399168968200684,
        "encode_ms": 2.572624921798706,
        "admission_or_completion_ms": 3.850208044052124
      },
      {
        "index": 442,
        "started_ms": 3742.497125,
        "submitted_ms": 3751.252583,
        "observed_completed_ms": 3755.0862079999997,
        "start_to_observed_completion_ms": 12.589082999999846,
        "submit_to_observed_completion_ms": 3.8336249999997563,
        "continuous_iteration_ms": 12.60012435913086,
        "frame_ms": 12.584083557128906,
        "component_sum_ms": 12.584083557128906,
        "tick_ms": 5.353291988372803,
        "dynamic_mesh_ms": 1.156708002090454,
        "encode_ms": 2.234541177749634,
        "admission_or_completion_ms": 3.8395421504974365
      },
      {
        "index": 443,
        "started_ms": 3755.09725,
        "submitted_ms": 3764.138875,
        "observed_completed_ms": 3771.76775,
        "start_to_observed_completion_ms": 16.670500000000175,
        "submit_to_observed_completion_ms": 7.62887499999988,
        "continuous_iteration_ms": 16.68062400817871,
        "frame_ms": 16.66433334350586,
        "component_sum_ms": 16.66433334350586,
        "tick_ms": 5.52333402633667,
        "dynamic_mesh_ms": 1.2556250095367432,
        "encode_ms": 2.2515828609466553,
        "admission_or_completion_ms": 7.633790969848633
      },
      {
        "index": 444,
        "started_ms": 3771.7778749999998,
        "submitted_ms": 3780.603333,
        "observed_completed_ms": 3784.489375,
        "start_to_observed_completion_ms": 12.711500000000342,
        "submit_to_observed_completion_ms": 3.8860420000000886,
        "continuous_iteration_ms": 12.730417251586914,
        "frame_ms": 12.706999778747559,
        "component_sum_ms": 12.706999778747559,
        "tick_ms": 5.459792137145996,
        "dynamic_mesh_ms": 1.2022500038146973,
        "encode_ms": 2.1541662216186523,
        "admission_or_completion_ms": 3.890791893005371
      },
      {
        "index": 445,
        "started_ms": 3784.508292,
        "submitted_ms": 3793.248583,
        "observed_completed_ms": 3798.340542,
        "start_to_observed_completion_ms": 13.83224999999993,
        "submit_to_observed_completion_ms": 5.091958999999861,
        "continuous_iteration_ms": 13.842290878295898,
        "frame_ms": 13.826250076293945,
        "component_sum_ms": 13.826250076293945,
        "tick_ms": 5.3368330001831055,
        "dynamic_mesh_ms": 1.1407920122146606,
        "encode_ms": 2.2512500286102295,
        "admission_or_completion_ms": 5.09737491607666
      },
      {
        "index": 446,
        "started_ms": 3798.350583,
        "submitted_ms": 3807.168583,
        "observed_completed_ms": 3814.595417,
        "start_to_observed_completion_ms": 16.244834000000083,
        "submit_to_observed_completion_ms": 7.426833999999872,
        "continuous_iteration_ms": 16.25541877746582,
        "frame_ms": 16.238582611083984,
        "component_sum_ms": 16.238582611083984,
        "tick_ms": 5.199208736419678,
        "dynamic_mesh_ms": 1.2188329696655273,
        "encode_ms": 2.388458013534546,
        "admission_or_completion_ms": 7.4320831298828125
      },
      {
        "index": 447,
        "started_ms": 3814.6059999999998,
        "submitted_ms": 3823.003583,
        "observed_completed_ms": 3828.0207499999997,
        "start_to_observed_completion_ms": 13.414749999999913,
        "submit_to_observed_completion_ms": 5.017166999999517,
        "continuous_iteration_ms": 13.424707412719727,
        "frame_ms": 13.408831596374512,
        "component_sum_ms": 13.408831596374512,
        "tick_ms": 5.147083282470703,
        "dynamic_mesh_ms": 1.1226660013198853,
        "encode_ms": 2.118165969848633,
        "admission_or_completion_ms": 5.020916938781738
      },
      {
        "index": 448,
        "started_ms": 3828.0307080000002,
        "submitted_ms": 3836.461292,
        "observed_completed_ms": 3840.220958,
        "start_to_observed_completion_ms": 12.19024999999965,
        "submit_to_observed_completion_ms": 3.7596659999999247,
        "continuous_iteration_ms": 12.199625015258789,
        "frame_ms": 12.184207916259766,
        "component_sum_ms": 12.184207916259766,
        "tick_ms": 5.117374897003174,
        "dynamic_mesh_ms": 1.1451669931411743,
        "encode_ms": 2.1568338871002197,
        "admission_or_completion_ms": 3.7648327350616455
      },
      {
        "index": 449,
        "started_ms": 3840.230333,
        "submitted_ms": 3848.4930830000003,
        "observed_completed_ms": 3853.5697920000002,
        "start_to_observed_completion_ms": 13.33945900000026,
        "submit_to_observed_completion_ms": 5.076708999999937,
        "continuous_iteration_ms": 13.34837532043457,
        "frame_ms": 13.334457397460938,
        "component_sum_ms": 13.334457397460938,
        "tick_ms": 5.058541774749756,
        "dynamic_mesh_ms": 1.1275830268859863,
        "encode_ms": 2.066999912261963,
        "admission_or_completion_ms": 5.081333160400391
      },
      {
        "index": 450,
        "started_ms": 3853.578708,
        "submitted_ms": 3861.81025,
        "observed_completed_ms": 3865.622167,
        "start_to_observed_completion_ms": 12.043458999999984,
        "submit_to_observed_completion_ms": 3.811916999999994,
        "continuous_iteration_ms": 12.05150032043457,
        "frame_ms": 12.038209915161133,
        "component_sum_ms": 12.038209915161133,
        "tick_ms": 4.826416969299316,
        "dynamic_mesh_ms": 1.1408751010894775,
        "encode_ms": 2.2559170722961426,
        "admission_or_completion_ms": 3.815000057220459
      },
      {
        "index": 451,
        "started_ms": 3865.6302079999996,
        "submitted_ms": 3873.897375,
        "observed_completed_ms": 3880.231958,
        "start_to_observed_completion_ms": 14.601750000000266,
        "submit_to_observed_completion_ms": 6.334582999999839,
        "continuous_iteration_ms": 14.612542152404785,
        "frame_ms": 14.597167015075684,
        "component_sum_ms": 14.597167015075684,
        "tick_ms": 4.983916759490967,
        "dynamic_mesh_ms": 1.1347090005874634,
        "encode_ms": 2.140082836151123,
        "admission_or_completion_ms": 6.338458061218262
      },
      {
        "index": 452,
        "started_ms": 3880.24275,
        "submitted_ms": 3888.635458,
        "observed_completed_ms": 3892.453583,
        "start_to_observed_completion_ms": 12.210833000000093,
        "submit_to_observed_completion_ms": 3.8181249999997817,
        "continuous_iteration_ms": 12.220124244689941,
        "frame_ms": 12.204418182373047,
        "component_sum_ms": 12.204418182373047,
        "tick_ms": 5.025958061218262,
        "dynamic_mesh_ms": 1.185333013534546,
        "encode_ms": 2.171207904815674,
        "admission_or_completion_ms": 3.82191801071167
      },
      {
        "index": 453,
        "started_ms": 3892.462875,
        "submitted_ms": 3900.920208,
        "observed_completed_ms": 3904.770875,
        "start_to_observed_completion_ms": 12.307999999999993,
        "submit_to_observed_completion_ms": 3.8506670000001577,
        "continuous_iteration_ms": 12.317583084106445,
        "frame_ms": 12.30320930480957,
        "component_sum_ms": 12.30320930480957,
        "tick_ms": 5.111416816711426,
        "dynamic_mesh_ms": 1.134374976158142,
        "encode_ms": 2.2032909393310547,
        "admission_or_completion_ms": 3.8541259765625
      },
      {
        "index": 454,
        "started_ms": 3904.7804579999997,
        "submitted_ms": 3913.169125,
        "observed_completed_ms": 3918.250042,
        "start_to_observed_completion_ms": 13.469584000000395,
        "submit_to_observed_completion_ms": 5.080917000000227,
        "continuous_iteration_ms": 13.479541778564453,
        "frame_ms": 13.464373588562012,
        "component_sum_ms": 13.464373588562012,
        "tick_ms": 4.982666015625,
        "dynamic_mesh_ms": 1.1514999866485596,
        "encode_ms": 2.2447919845581055,
        "admission_or_completion_ms": 5.085415840148926
      },
      {
        "index": 455,
        "started_ms": 3918.26,
        "submitted_ms": 3926.722417,
        "observed_completed_ms": 3931.790417,
        "start_to_observed_completion_ms": 13.530416999999943,
        "submit_to_observed_completion_ms": 5.068000000000211,
        "continuous_iteration_ms": 13.539125442504883,
        "frame_ms": 13.52470874786377,
        "component_sum_ms": 13.52470874786377,
        "tick_ms": 5.078958988189697,
        "dynamic_mesh_ms": 1.1222920417785645,
        "encode_ms": 2.251667022705078,
        "admission_or_completion_ms": 5.07179069519043
      },
      {
        "index": 456,
        "started_ms": 3931.799125,
        "submitted_ms": 3940.055917,
        "observed_completed_ms": 3946.3924580000003,
        "start_to_observed_completion_ms": 14.593333000000257,
        "submit_to_observed_completion_ms": 6.336541000000125,
        "continuous_iteration_ms": 14.602624893188477,
        "frame_ms": 14.588334083557129,
        "component_sum_ms": 14.588334083557129,
        "tick_ms": 4.951042175292969,
        "dynamic_mesh_ms": 1.1720420122146606,
        "encode_ms": 2.123584032058716,
        "admission_or_completion_ms": 6.341666221618652
      },
      {
        "index": 457,
        "started_ms": 3946.40175,
        "submitted_ms": 3954.599542,
        "observed_completed_ms": 3958.42075,
        "start_to_observed_completion_ms": 12.019000000000233,
        "submit_to_observed_completion_ms": 3.821208000000297,
        "continuous_iteration_ms": 12.028916358947754,
        "frame_ms": 12.013666152954102,
        "component_sum_ms": 12.013666152954102,
        "tick_ms": 4.853750228881836,
        "dynamic_mesh_ms": 1.136415958404541,
        "encode_ms": 2.1992499828338623,
        "admission_or_completion_ms": 3.8242499828338623
      },
      {
        "index": 458,
        "started_ms": 3958.430667,
        "submitted_ms": 3966.644292,
        "observed_completed_ms": 3972.9792079999997,
        "start_to_observed_completion_ms": 14.548540999999659,
        "submit_to_observed_completion_ms": 6.334915999999794,
        "continuous_iteration_ms": 14.558625221252441,
        "frame_ms": 14.543790817260742,
        "component_sum_ms": 14.543790817260742,
        "tick_ms": 4.9872918128967285,
        "dynamic_mesh_ms": 1.0812909603118896,
        "encode_ms": 2.136624813079834,
        "admission_or_completion_ms": 6.338582992553711
      },
      {
        "index": 459,
        "started_ms": 3972.9892919999998,
        "submitted_ms": 3981.022583,
        "observed_completed_ms": 3984.832708,
        "start_to_observed_completion_ms": 11.843416000000161,
        "submit_to_observed_completion_ms": 3.810124999999971,
        "continuous_iteration_ms": 11.85029125213623,
        "frame_ms": 11.837000846862793,
        "component_sum_ms": 11.837000846862793,
        "tick_ms": 4.868916988372803,
        "dynamic_mesh_ms": 1.0918329954147339,
        "encode_ms": 2.062458038330078,
        "admission_or_completion_ms": 3.8137919902801514
      },
      {
        "index": 460,
        "started_ms": 3984.839583,
        "submitted_ms": 3992.935083,
        "observed_completed_ms": 3998.0245,
        "start_to_observed_completion_ms": 13.184917000000041,
        "submit_to_observed_completion_ms": 5.0894170000001395,
        "continuous_iteration_ms": 13.19354248046875,
        "frame_ms": 13.180293083190918,
        "component_sum_ms": 13.180293083190918,
        "tick_ms": 4.924084186553955,
        "dynamic_mesh_ms": 1.066499948501587,
        "encode_ms": 2.0961248874664307,
        "admission_or_completion_ms": 5.093584060668945
      },
      {
        "index": 461,
        "started_ms": 3998.033125,
        "submitted_ms": 4006.0477920000003,
        "observed_completed_ms": 4011.111958,
        "start_to_observed_completion_ms": 13.078833000000031,
        "submit_to_observed_completion_ms": 5.064165999999659,
        "continuous_iteration_ms": 13.087666511535645,
        "frame_ms": 13.072500228881836,
        "component_sum_ms": 13.072500228881836,
        "tick_ms": 4.762249946594238,
        "dynamic_mesh_ms": 1.2077500820159912,
        "encode_ms": 2.0332088470458984,
        "admission_or_completion_ms": 5.069291114807129
      },
      {
        "index": 462,
        "started_ms": 4011.1207919999997,
        "submitted_ms": 4019.139667,
        "observed_completed_ms": 4022.9604170000002,
        "start_to_observed_completion_ms": 11.839625000000524,
        "submit_to_observed_completion_ms": 3.8207500000003165,
        "continuous_iteration_ms": 11.848749160766602,
        "frame_ms": 11.834916114807129,
        "component_sum_ms": 11.834916114807129,
        "tick_ms": 4.858875274658203,
        "dynamic_mesh_ms": 1.0792909860610962,
        "encode_ms": 2.072166919708252,
        "admission_or_completion_ms": 3.824583053588867
      },
      {
        "index": 463,
        "started_ms": 4022.9695420000003,
        "submitted_ms": 4031.0039580000002,
        "observed_completed_ms": 4038.59,
        "start_to_observed_completion_ms": 15.620457999999871,
        "submit_to_observed_completion_ms": 7.586041999999907,
        "continuous_iteration_ms": 15.629125595092773,
        "frame_ms": 15.613707542419434,
        "component_sum_ms": 15.613707542419434,
        "tick_ms": 4.774083614349365,
        "dynamic_mesh_ms": 1.1756659746170044,
        "encode_ms": 2.0736660957336426,
        "admission_or_completion_ms": 7.590291976928711
      },
      {
        "index": 464,
        "started_ms": 4038.5986669999998,
        "submitted_ms": 4046.729208,
        "observed_completed_ms": 4050.541208,
        "start_to_observed_completion_ms": 11.942541000000347,
        "submit_to_observed_completion_ms": 3.811999999999898,
        "continuous_iteration_ms": 11.94991683959961,
        "frame_ms": 11.937665939331055,
        "component_sum_ms": 11.937665939331055,
        "tick_ms": 4.845749855041504,
        "dynamic_mesh_ms": 1.07908296585083,
        "encode_ms": 2.196915864944458,
        "admission_or_completion_ms": 3.8159170150756836
      },
      {
        "index": 465,
        "started_ms": 4050.5485830000002,
        "submitted_ms": 4058.620167,
        "observed_completed_ms": 4063.5501249999998,
        "start_to_observed_completion_ms": 13.001541999999517,
        "submit_to_observed_completion_ms": 4.929957999999715,
        "continuous_iteration_ms": 13.01200008392334,
        "frame_ms": 12.996124267578125,
        "component_sum_ms": 12.996124267578125,
        "tick_ms": 4.951249599456787,
        "dynamic_mesh_ms": 1.0957920551300049,
        "encode_ms": 2.0148749351501465,
        "admission_or_completion_ms": 4.934207916259766
      },
      {
        "index": 466,
        "started_ms": 4063.560583,
        "submitted_ms": 4071.5917499999996,
        "observed_completed_ms": 4075.40275,
        "start_to_observed_completion_ms": 11.842167000000245,
        "submit_to_observed_completion_ms": 3.811000000000604,
        "continuous_iteration_ms": 11.851250648498535,
        "frame_ms": 11.836250305175781,
        "component_sum_ms": 11.836250305175781,
        "tick_ms": 4.850499629974365,
        "dynamic_mesh_ms": 1.1254169940948486,
        "encode_ms": 2.0455830097198486,
        "admission_or_completion_ms": 3.8147501945495605
      },
      {
        "index": 467,
        "started_ms": 4075.4118330000006,
        "submitted_ms": 4083.972083,
        "observed_completed_ms": 4087.6475,
        "start_to_observed_completion_ms": 12.235666999999466,
        "submit_to_observed_completion_ms": 3.675416999999925,
        "continuous_iteration_ms": 12.246167182922363,
        "frame_ms": 12.230791091918945,
        "component_sum_ms": 12.230791091918945,
        "tick_ms": 5.4652910232543945,
        "dynamic_mesh_ms": 1.0801670551300049,
        "encode_ms": 2.0058751106262207,
        "admission_or_completion_ms": 3.6794581413269043
      },
      {
        "index": 468,
        "started_ms": 4087.6580000000004,
        "submitted_ms": 4096.0172919999995,
        "observed_completed_ms": 4103.615125,
        "start_to_observed_completion_ms": 15.957124999999905,
        "submit_to_observed_completion_ms": 7.597833000000719,
        "continuous_iteration_ms": 15.968082427978516,
        "frame_ms": 15.951501846313477,
        "component_sum_ms": 15.951501846313477,
        "tick_ms": 4.8229169845581055,
        "dynamic_mesh_ms": 1.1023750305175781,
        "encode_ms": 2.423084020614624,
        "admission_or_completion_ms": 7.603125095367432
      },
      {
        "index": 469,
        "started_ms": 4103.626083,
        "submitted_ms": 4112.41125,
        "observed_completed_ms": 4116.2302500000005,
        "start_to_observed_completion_ms": 12.604167000000416,
        "submit_to_observed_completion_ms": 3.8190000000004147,
        "continuous_iteration_ms": 386.69500732421875,
        "frame_ms": 12.730624198913574,
        "component_sum_ms": 12.730624198913574,
        "tick_ms": 5.162583351135254,
        "dynamic_mesh_ms": 1.1481660604476929,
        "encode_ms": 2.4616668224334717,
        "admission_or_completion_ms": 3.9582080841064453
      },
      {
        "index": 470,
        "started_ms": 4490.321083,
        "submitted_ms": 4498.852583,
        "observed_completed_ms": 4510.221542,
        "start_to_observed_completion_ms": 19.90045900000041,
        "submit_to_observed_completion_ms": 11.368959000000359,
        "continuous_iteration_ms": 19.911376953125,
        "frame_ms": 19.89437484741211,
        "component_sum_ms": 19.89437484741211,
        "tick_ms": 5.368207931518555,
        "dynamic_mesh_ms": 1.093000054359436,
        "encode_ms": 2.0585830211639404,
        "admission_or_completion_ms": 11.37458324432373
      },
      {
        "index": 471,
        "started_ms": 4510.2324579999995,
        "submitted_ms": 4518.498167,
        "observed_completed_ms": 4522.320875,
        "start_to_observed_completion_ms": 12.088417000000845,
        "submit_to_observed_completion_ms": 3.8227080000006026,
        "continuous_iteration_ms": 12.098416328430176,
        "frame_ms": 12.083333969116211,
        "component_sum_ms": 12.083333969116211,
        "tick_ms": 5.078834056854248,
        "dynamic_mesh_ms": 1.0640829801559448,
        "encode_ms": 2.1119167804718018,
        "admission_or_completion_ms": 3.8285000324249268
      },
      {
        "index": 472,
        "started_ms": 4522.330875,
        "submitted_ms": 4530.534833,
        "observed_completed_ms": 4534.276625,
        "start_to_observed_completion_ms": 11.945750000000771,
        "submit_to_observed_completion_ms": 3.7417920000007143,
        "continuous_iteration_ms": 11.961082458496094,
        "frame_ms": 11.941375732421875,
        "component_sum_ms": 11.941375732421875,
        "tick_ms": 4.922041416168213,
        "dynamic_mesh_ms": 1.0812920331954956,
        "encode_ms": 2.191416025161743,
        "admission_or_completion_ms": 3.7466259002685547
      },
      {
        "index": 473,
        "started_ms": 4534.291958,
        "submitted_ms": 4542.49525,
        "observed_completed_ms": 4547.577167,
        "start_to_observed_completion_ms": 13.285209000000577,
        "submit_to_observed_completion_ms": 5.081917000000431,
        "continuous_iteration_ms": 13.295374870300293,
        "frame_ms": 13.279958724975586,
        "component_sum_ms": 13.279958724975586,
        "tick_ms": 5.150333881378174,
        "dynamic_mesh_ms": 1.0636659860610962,
        "encode_ms": 1.9785419702529907,
        "admission_or_completion_ms": 5.087417125701904
      },
      {
        "index": 474,
        "started_ms": 4547.587333,
        "submitted_ms": 4555.903208,
        "observed_completed_ms": 4561.874417,
        "start_to_observed_completion_ms": 14.287083999999595,
        "submit_to_observed_completion_ms": 5.971209000000272,
        "continuous_iteration_ms": 14.297874450683594,
        "frame_ms": 14.279291152954102,
        "component_sum_ms": 14.279291152954102,
        "tick_ms": 5.13966703414917,
        "dynamic_mesh_ms": 1.1620420217514038,
        "encode_ms": 1.9984999895095825,
        "admission_or_completion_ms": 5.9790825843811035
      },
      {
        "index": 475,
        "started_ms": 4561.885208,
        "submitted_ms": 4570.199333,
        "observed_completed_ms": 4574.0175,
        "start_to_observed_completion_ms": 12.132292000000234,
        "submit_to_observed_completion_ms": 3.818167000000358,
        "continuous_iteration_ms": 12.141499519348145,
        "frame_ms": 12.125292778015137,
        "component_sum_ms": 12.125292778015137,
        "tick_ms": 5.048042297363281,
        "dynamic_mesh_ms": 1.0771249532699585,
        "encode_ms": 2.1740000247955322,
        "admission_or_completion_ms": 3.826124906539917
      },
      {
        "index": 476,
        "started_ms": 4574.026708,
        "submitted_ms": 4582.324042,
        "observed_completed_ms": 4589.932250000001,
        "start_to_observed_completion_ms": 15.905542000000423,
        "submit_to_observed_completion_ms": 7.608208000000559,
        "continuous_iteration_ms": 15.91633415222168,
        "frame_ms": 15.90041732788086,
        "component_sum_ms": 15.90041732788086,
        "tick_ms": 5.180209159851074,
        "dynamic_mesh_ms": 1.0842909812927246,
        "encode_ms": 2.0217089653015137,
        "admission_or_completion_ms": 7.614208221435547
      },
      {
        "index": 477,
        "started_ms": 4589.943042,
        "submitted_ms": 4598.46525,
        "observed_completed_ms": 4603.542583,
        "start_to_observed_completion_ms": 13.5995410000005,
        "submit_to_observed_completion_ms": 5.077333000000181,
        "continuous_iteration_ms": 13.608625411987305,
        "frame_ms": 13.59387493133545,
        "component_sum_ms": 13.59387493133545,
        "tick_ms": 5.4843339920043945,
        "dynamic_mesh_ms": 1.061040997505188,
        "encode_ms": 1.9667500257492065,
        "admission_or_completion_ms": 5.08174991607666
      },
      {
        "index": 478,
        "started_ms": 4603.551667,
        "submitted_ms": 4611.795,
        "observed_completed_ms": 4615.379417,
        "start_to_observed_completion_ms": 11.827750000000378,
        "submit_to_observed_completion_ms": 3.5844170000000304,
        "continuous_iteration_ms": 11.836416244506836,
        "frame_ms": 11.822042465209961,
        "component_sum_ms": 11.822042465209961,
        "tick_ms": 5.070709228515625,
        "dynamic_mesh_ms": 1.0625419616699219,
        "encode_ms": 2.099250078201294,
        "admission_or_completion_ms": 3.58954119682312
      },
      {
        "index": 479,
        "started_ms": 4615.388083,
        "submitted_ms": 4623.443875,
        "observed_completed_ms": 4628.528042,
        "start_to_observed_completion_ms": 13.13995900000009,
        "submit_to_observed_completion_ms": 5.0841669999999795,
        "continuous_iteration_ms": 13.149124145507812,
        "frame_ms": 13.129375457763672,
        "component_sum_ms": 13.129375457763672,
        "tick_ms": 4.994500160217285,
        "dynamic_mesh_ms": 1.1306250095367432,
        "encode_ms": 1.9157919883728027,
        "admission_or_completion_ms": 5.088459014892578
      },
      {
        "index": 480,
        "started_ms": 4628.537208,
        "submitted_ms": 4636.726042,
        "observed_completed_ms": 4640.5445,
        "start_to_observed_completion_ms": 12.007292000000234,
        "submit_to_observed_completion_ms": 3.818457999999737,
        "continuous_iteration_ms": 12.044750213623047,
        "frame_ms": 11.999999046325684,
        "component_sum_ms": 11.999999046325684,
        "tick_ms": 5.035915851593018,
        "dynamic_mesh_ms": 1.053375005722046,
        "encode_ms": 2.0886669158935547,
        "admission_or_completion_ms": 3.8220417499542236
      },
      {
        "index": 481,
        "started_ms": 4640.581958000001,
        "submitted_ms": 4648.633375,
        "observed_completed_ms": 4653.709583000001,
        "start_to_observed_completion_ms": 13.12762500000008,
        "submit_to_observed_completion_ms": 5.076208000000406,
        "continuous_iteration_ms": 13.137084007263184,
        "frame_ms": 13.122125625610352,
        "component_sum_ms": 13.122125625610352,
        "tick_ms": 5.0630412101745605,
        "dynamic_mesh_ms": 1.0274590253829956,
        "encode_ms": 1.950708031654358,
        "admission_or_completion_ms": 5.080916881561279
      },
      {
        "index": 482,
        "started_ms": 4653.719042,
        "submitted_ms": 4661.936125,
        "observed_completed_ms": 4665.7435,
        "start_to_observed_completion_ms": 12.024457999999868,
        "submit_to_observed_completion_ms": 3.8073749999994106,
        "continuous_iteration_ms": 12.031166076660156,
        "frame_ms": 12.016874313354492,
        "component_sum_ms": 12.016874313354492,
        "tick_ms": 5.049208164215088,
        "dynamic_mesh_ms": 1.0555830001831055,
        "encode_ms": 2.0979998111724854,
        "admission_or_completion_ms": 3.8140828609466553
      },
      {
        "index": 483,
        "started_ms": 4665.750208,
        "submitted_ms": 4673.961582999999,
        "observed_completed_ms": 4678.804167,
        "start_to_observed_completion_ms": 13.05395899999985,
        "submit_to_observed_completion_ms": 4.8425840000008975,
        "continuous_iteration_ms": 13.064624786376953,
        "frame_ms": 13.048625946044922,
        "component_sum_ms": 13.048625946044922,
        "tick_ms": 5.240541934967041,
        "dynamic_mesh_ms": 1.0222500562667847,
        "encode_ms": 1.939291000366211,
        "admission_or_completion_ms": 4.846541881561279
      },
      {
        "index": 484,
        "started_ms": 4678.814832999999,
        "submitted_ms": 4687.159624999999,
        "observed_completed_ms": 4692.095875,
        "start_to_observed_completion_ms": 13.281042000000525,
        "submit_to_observed_completion_ms": 4.936250000000655,
        "continuous_iteration_ms": 13.2993745803833,
        "frame_ms": 13.274541854858398,
        "component_sum_ms": 13.274541854858398,
        "tick_ms": 5.182709217071533,
        "dynamic_mesh_ms": 1.049875020980835,
        "encode_ms": 2.099416971206665,
        "admission_or_completion_ms": 4.942541599273682
      },
      {
        "index": 485,
        "started_ms": 4692.114208,
        "submitted_ms": 4700.8505,
        "observed_completed_ms": 4707.207875,
        "start_to_observed_completion_ms": 15.093667000000096,
        "submit_to_observed_completion_ms": 6.357375000000502,
        "continuous_iteration_ms": 15.10254192352295,
        "frame_ms": 15.087751388549805,
        "component_sum_ms": 15.087751388549805,
        "tick_ms": 5.6869587898254395,
        "dynamic_mesh_ms": 1.0273339748382568,
        "encode_ms": 2.0112500190734863,
        "admission_or_completion_ms": 6.362208843231201
      },
      {
        "index": 486,
        "started_ms": 4707.21675,
        "submitted_ms": 4715.591625,
        "observed_completed_ms": 4722.995708,
        "start_to_observed_completion_ms": 15.778958000000785,
        "submit_to_observed_completion_ms": 7.404083000000355,
        "continuous_iteration_ms": 15.788875579833984,
        "frame_ms": 15.77379322052002,
        "component_sum_ms": 15.77379322052002,
        "tick_ms": 5.327291965484619,
        "dynamic_mesh_ms": 1.053584098815918,
        "encode_ms": 1.9837920665740967,
        "admission_or_completion_ms": 7.409125328063965
      },
      {
        "index": 487,
        "started_ms": 4723.005625,
        "submitted_ms": 4731.429792,
        "observed_completed_ms": 4739.016042,
        "start_to_observed_completion_ms": 16.010417000000416,
        "submit_to_observed_completion_ms": 7.586250000000291,
        "continuous_iteration_ms": 16.018707275390625,
        "frame_ms": 16.005001068115234,
        "component_sum_ms": 16.005001068115234,
        "tick_ms": 5.343541145324707,
        "dynamic_mesh_ms": 1.0703339576721191,
        "encode_ms": 2.0003750324249268,
        "admission_or_completion_ms": 7.590749740600586
      },
      {
        "index": 488,
        "started_ms": 4739.024332999999,
        "submitted_ms": 4747.169917,
        "observed_completed_ms": 4750.956417,
        "start_to_observed_completion_ms": 11.932084000000941,
        "submit_to_observed_completion_ms": 3.78650000000016,
        "continuous_iteration_ms": 11.940375328063965,
        "frame_ms": 11.925666809082031,
        "component_sum_ms": 11.925666809082031,
        "tick_ms": 5.181333065032959,
        "dynamic_mesh_ms": 1.067916989326477,
        "encode_ms": 1.8856250047683716,
        "admission_or_completion_ms": 3.7907919883728027
      },
      {
        "index": 489,
        "started_ms": 4750.9647079999995,
        "submitted_ms": 4759.202,
        "observed_completed_ms": 4765.532708000001,
        "start_to_observed_completion_ms": 14.56800000000112,
        "submit_to_observed_completion_ms": 6.3307080000004134,
        "continuous_iteration_ms": 14.578666687011719,
        "frame_ms": 14.563125610351562,
        "component_sum_ms": 14.563125610351562,
        "tick_ms": 5.2222089767456055,
        "dynamic_mesh_ms": 1.036666989326477,
        "encode_ms": 1.9689579010009766,
        "admission_or_completion_ms": 6.335291862487793
      },
      {
        "index": 490,
        "started_ms": 4765.543375,
        "submitted_ms": 4773.887125,
        "observed_completed_ms": 4778.970499999999,
        "start_to_observed_completion_ms": 13.42712499999925,
        "submit_to_observed_completion_ms": 5.083374999999251,
        "continuous_iteration_ms": 13.436250686645508,
        "frame_ms": 13.422791481018066,
        "component_sum_ms": 13.422791481018066,
        "tick_ms": 5.350249767303467,
        "dynamic_mesh_ms": 1.015375018119812,
        "encode_ms": 1.969499945640564,
        "admission_or_completion_ms": 5.0876665115356445
      },
      {
        "index": 491,
        "started_ms": 4778.979625,
        "submitted_ms": 4787.30325,
        "observed_completed_ms": 4791.112667,
        "start_to_observed_completion_ms": 12.133042000000387,
        "submit_to_observed_completion_ms": 3.809417000000394,
        "continuous_iteration_ms": 12.140458106994629,
        "frame_ms": 12.12791633605957,
        "component_sum_ms": 12.12791633605957,
        "tick_ms": 5.143458843231201,
        "dynamic_mesh_ms": 1.022083044052124,
        "encode_ms": 2.149082899093628,
        "admission_or_completion_ms": 3.813291072845459
      },
      {
        "index": 492,
        "started_ms": 4791.120083,
        "submitted_ms": 4799.303916999999,
        "observed_completed_ms": 4804.3793749999995,
        "start_to_observed_completion_ms": 13.259291999999732,
        "submit_to_observed_completion_ms": 5.075458000000253,
        "continuous_iteration_ms": 13.268291473388672,
        "frame_ms": 13.254709243774414,
        "component_sum_ms": 13.254709243774414,
        "tick_ms": 5.318957805633545,
        "dynamic_mesh_ms": 1.009124994277954,
        "encode_ms": 1.8468339443206787,
        "admission_or_completion_ms": 5.079792022705078
      },
      {
        "index": 493,
        "started_ms": 4804.388375,
        "submitted_ms": 4812.8231670000005,
        "observed_completed_ms": 4816.640833,
        "start_to_observed_completion_ms": 12.252457999999933,
        "submit_to_observed_completion_ms": 3.8176659999999174,
        "continuous_iteration_ms": 12.261625289916992,
        "frame_ms": 12.248250007629395,
        "component_sum_ms": 12.248250007629395,
        "tick_ms": 5.129666805267334,
        "dynamic_mesh_ms": 1.0049160718917847,
        "encode_ms": 2.2937090396881104,
        "admission_or_completion_ms": 3.819957971572876
      },
      {
        "index": 494,
        "started_ms": 4816.650000000001,
        "submitted_ms": 4824.960542000001,
        "observed_completed_ms": 4829.962208,
        "start_to_observed_completion_ms": 13.312207999999373,
        "submit_to_observed_completion_ms": 5.001665999999204,
        "continuous_iteration_ms": 13.321417808532715,
        "frame_ms": 13.307083129882812,
        "component_sum_ms": 13.307083129882812,
        "tick_ms": 5.343625068664551,
        "dynamic_mesh_ms": 1.0184589624404907,
        "encode_ms": 1.9391250610351562,
        "admission_or_completion_ms": 5.005875110626221
      },
      {
        "index": 495,
        "started_ms": 4829.971417000001,
        "submitted_ms": 4838.3740419999995,
        "observed_completed_ms": 4843.4305,
        "start_to_observed_completion_ms": 13.459082999999737,
        "submit_to_observed_completion_ms": 5.05645800000093,
        "continuous_iteration_ms": 13.46762466430664,
        "frame_ms": 13.45491886138916,
        "component_sum_ms": 13.45491886138916,
        "tick_ms": 5.223333835601807,
        "dynamic_mesh_ms": 0.9806250333786011,
        "encode_ms": 2.190709114074707,
        "admission_or_completion_ms": 5.060250282287598
      },
      {
        "index": 496,
        "started_ms": 4843.439042,
        "submitted_ms": 4852.5185,
        "observed_completed_ms": 4856.335333,
        "start_to_observed_completion_ms": 12.89629100000002,
        "submit_to_observed_completion_ms": 3.8168329999998605,
        "continuous_iteration_ms": 12.904707908630371,
        "frame_ms": 12.887541770935059,
        "component_sum_ms": 12.887541770935059,
        "tick_ms": 5.6289167404174805,
        "dynamic_mesh_ms": 1.3370000123977661,
        "encode_ms": 2.085124969482422,
        "admission_or_completion_ms": 3.8364999294281006
      },
      {
        "index": 497,
        "started_ms": 4856.34375,
        "submitted_ms": 4864.835125,
        "observed_completed_ms": 4872.2325,
        "start_to_observed_completion_ms": 15.888750000000073,
        "submit_to_observed_completion_ms": 7.397375000000466,
        "continuous_iteration_ms": 15.899250030517578,
        "frame_ms": 15.884040832519531,
        "component_sum_ms": 15.884040832519531,
        "tick_ms": 5.586415767669678,
        "dynamic_mesh_ms": 1.025291919708252,
        "encode_ms": 1.8693749904632568,
        "admission_or_completion_ms": 7.402958393096924
      },
      {
        "index": 498,
        "started_ms": 4872.243,
        "submitted_ms": 4880.836833,
        "observed_completed_ms": 4885.901708,
        "start_to_observed_completion_ms": 13.658707999999933,
        "submit_to_observed_completion_ms": 5.064875000000029,
        "continuous_iteration_ms": 13.666332244873047,
        "frame_ms": 13.652209281921387,
        "component_sum_ms": 13.652209281921387,
        "tick_ms": 5.5465826988220215,
        "dynamic_mesh_ms": 1.081375002861023,
        "encode_ms": 1.9551249742507935,
        "admission_or_completion_ms": 5.069126129150391
      },
      {
        "index": 499,
        "started_ms": 4885.909333,
        "submitted_ms": 4894.604458,
        "observed_completed_ms": 4898.429,
        "start_to_observed_completion_ms": 12.519667000000481,
        "submit_to_observed_completion_ms": 3.8245420000002923,
        "continuous_iteration_ms": 12.527874946594238,
        "frame_ms": 12.513041496276855,
        "component_sum_ms": 12.513041496276855,
        "tick_ms": 5.583125114440918,
        "dynamic_mesh_ms": 1.0839160680770874,
        "encode_ms": 2.0181660652160645,
        "admission_or_completion_ms": 3.827834129333496
      },
      {
        "index": 500,
        "started_ms": 4898.437207999999,
        "submitted_ms": 4906.886583,
        "observed_completed_ms": 4911.964292000001,
        "start_to_observed_completion_ms": 13.527084000001196,
        "submit_to_observed_completion_ms": 5.077709000000141,
        "continuous_iteration_ms": 13.535333633422852,
        "frame_ms": 13.522125244140625,
        "component_sum_ms": 13.522125244140625,
        "tick_ms": 5.481083869934082,
        "dynamic_mesh_ms": 1.0378749370574951,
        "encode_ms": 1.9165000915527344,
        "admission_or_completion_ms": 5.086666107177734
      },
      {
        "index": 501,
        "started_ms": 4911.972542,
        "submitted_ms": 4920.700375,
        "observed_completed_ms": 4924.503667,
        "start_to_observed_completion_ms": 12.53112499999952,
        "submit_to_observed_completion_ms": 3.803291999999601,
        "continuous_iteration_ms": 12.539958000183105,
        "frame_ms": 12.525832176208496,
        "component_sum_ms": 12.525832176208496,
        "tick_ms": 5.726707935333252,
        "dynamic_mesh_ms": 1.0427919626235962,
        "encode_ms": 1.949958086013794,
        "admission_or_completion_ms": 3.8063747882843018
      },
      {
        "index": 502,
        "started_ms": 4924.5125,
        "submitted_ms": 4933.02775,
        "observed_completed_ms": 4939.407042,
        "start_to_observed_completion_ms": 14.894542000000001,
        "submit_to_observed_completion_ms": 6.379291999999623,
        "continuous_iteration_ms": 14.905917167663574,
        "frame_ms": 14.889957427978516,
        "component_sum_ms": 14.889957427978516,
        "tick_ms": 5.612916946411133,
        "dynamic_mesh_ms": 1.007665991783142,
        "encode_ms": 1.886207938194275,
        "admission_or_completion_ms": 6.383166790008545
      },
      {
        "index": 503,
        "started_ms": 4939.418417,
        "submitted_ms": 4948.315042,
        "observed_completed_ms": 4957.103833,
        "start_to_observed_completion_ms": 17.68541600000026,
        "submit_to_observed_completion_ms": 8.788790999999947,
        "continuous_iteration_ms": 17.694122314453125,
        "frame_ms": 17.680084228515625,
        "component_sum_ms": 17.680084228515625,
        "tick_ms": 5.875,
        "dynamic_mesh_ms": 1.0737909078598022,
        "encode_ms": 1.9376670122146606,
        "admission_or_completion_ms": 8.793624877929688
      },
      {
        "index": 504,
        "started_ms": 4957.112542,
        "submitted_ms": 4965.815917000001,
        "observed_completed_ms": 4970.896167,
        "start_to_observed_completion_ms": 13.783625000000029,
        "submit_to_observed_completion_ms": 5.080249999999069,
        "continuous_iteration_ms": 13.793375015258789,
        "frame_ms": 13.778459548950195,
        "component_sum_ms": 13.778459548950195,
        "tick_ms": 5.746624946594238,
        "dynamic_mesh_ms": 1.0082919597625732,
        "encode_ms": 1.937749981880188,
        "admission_or_completion_ms": 5.085792064666748
      },
      {
        "index": 505,
        "started_ms": 4970.905917,
        "submitted_ms": 4979.803083,
        "observed_completed_ms": 4983.6140000000005,
        "start_to_observed_completion_ms": 12.708083000000443,
        "submit_to_observed_completion_ms": 3.8109170000006998,
        "continuous_iteration_ms": 12.716207504272461,
        "frame_ms": 12.703625679016113,
        "component_sum_ms": 12.703625679016113,
        "tick_ms": 5.7895002365112305,
        "dynamic_mesh_ms": 0.9967499375343323,
        "encode_ms": 2.1032910346984863,
        "admission_or_completion_ms": 3.8140838146209717
      },
      {
        "index": 506,
        "started_ms": 4983.622125,
        "submitted_ms": 4992.484875,
        "observed_completed_ms": 4997.560833,
        "start_to_observed_completion_ms": 13.938707999999679,
        "submit_to_observed_completion_ms": 5.075957999999446,
        "continuous_iteration_ms": 13.947250366210938,
        "frame_ms": 13.9339599609375,
        "component_sum_ms": 13.9339599609375,
        "tick_ms": 5.935667037963867,
        "dynamic_mesh_ms": 1.0160419940948486,
        "encode_ms": 1.9017499685287476,
        "admission_or_completion_ms": 5.080501079559326
      },
      {
        "index": 507,
        "started_ms": 4997.569375,
        "submitted_ms": 5006.954042,
        "observed_completed_ms": 5013.29475,
        "start_to_observed_completion_ms": 15.725374999999985,
        "submit_to_observed_completion_ms": 6.340707999999722,
        "continuous_iteration_ms": 15.734209060668945,
        "frame_ms": 15.720125198364258,
        "component_sum_ms": 15.720125198364258,
        "tick_ms": 6.343500137329102,
        "dynamic_mesh_ms": 1.0536249876022339,
        "encode_ms": 1.9771249294281006,
        "admission_or_completion_ms": 6.345875263214111
      },
      {
        "index": 508,
        "started_ms": 5013.303583,
        "submitted_ms": 5022.477583,
        "observed_completed_ms": 5027.548208,
        "start_to_observed_completion_ms": 14.24462500000027,
        "submit_to_observed_completion_ms": 5.070625000000291,
        "continuous_iteration_ms": 14.251791954040527,
        "frame_ms": 14.237249374389648,
        "component_sum_ms": 14.237249374389648,
        "tick_ms": 6.055707931518555,
        "dynamic_mesh_ms": 1.0839589834213257,
        "encode_ms": 2.022416114807129,
        "admission_or_completion_ms": 5.075167179107666
      },
      {
        "index": 509,
        "started_ms": 5027.555375000001,
        "submitted_ms": 5037.051082999999,
        "observed_completed_ms": 5040.872667000001,
        "start_to_observed_completion_ms": 13.317291999999725,
        "submit_to_observed_completion_ms": 3.8215840000011667,
        "continuous_iteration_ms": 13.33204174041748,
        "frame_ms": 13.312252044677734,
        "component_sum_ms": 13.312252044677734,
        "tick_ms": 6.326499938964844,
        "dynamic_mesh_ms": 1.0370830297470093,
        "encode_ms": 2.123000144958496,
        "admission_or_completion_ms": 3.8256678581237793
      },
      {
        "index": 510,
        "started_ms": 5040.887417000001,
        "submitted_ms": 5050.266708,
        "observed_completed_ms": 5055.338500000001,
        "start_to_observed_completion_ms": 14.451082999999926,
        "submit_to_observed_completion_ms": 5.071792000000642,
        "continuous_iteration_ms": 14.458291053771973,
        "frame_ms": 14.446084976196289,
        "component_sum_ms": 14.446084976196289,
        "tick_ms": 6.418416976928711,
        "dynamic_mesh_ms": 1.0432920455932617,
        "encode_ms": 1.9094579219818115,
        "admission_or_completion_ms": 5.074917793273926
      },
      {
        "index": 511,
        "started_ms": 5055.345708,
        "submitted_ms": 5064.836042,
        "observed_completed_ms": 5069.826333,
        "start_to_observed_completion_ms": 14.480625000000146,
        "submit_to_observed_completion_ms": 4.99029100000007,
        "continuous_iteration_ms": 14.489459037780762,
        "frame_ms": 14.47408390045166,
        "component_sum_ms": 14.47408390045166,
        "tick_ms": 6.394207954406738,
        "dynamic_mesh_ms": 1.09975004196167,
        "encode_ms": 1.9861669540405273,
        "admission_or_completion_ms": 4.993958473205566
      },
      {
        "index": 512,
        "started_ms": 5069.835167,
        "submitted_ms": 5079.489125,
        "observed_completed_ms": 5083.298417,
        "start_to_observed_completion_ms": 13.463249999999789,
        "submit_to_observed_completion_ms": 3.809291999999914,
        "continuous_iteration_ms": 13.471165657043457,
        "frame_ms": 13.458291053771973,
        "component_sum_ms": 13.458291053771973,
        "tick_ms": 6.417999744415283,
        "dynamic_mesh_ms": 1.0509169101715088,
        "encode_ms": 2.1765830516815186,
        "admission_or_completion_ms": 3.812790870666504
      },
      {
        "index": 513,
        "started_ms": 5083.306333,
        "submitted_ms": 5092.975541999999,
        "observed_completed_ms": 5098.063833,
        "start_to_observed_completion_ms": 14.757499999999709,
        "submit_to_observed_completion_ms": 5.088291000000936,
        "continuous_iteration_ms": 14.76720905303955,
        "frame_ms": 14.753081321716309,
        "component_sum_ms": 14.753081321716309,
        "tick_ms": 6.6155829429626465,
        "dynamic_mesh_ms": 1.0516250133514404,
        "encode_ms": 1.9933749437332153,
        "admission_or_completion_ms": 5.092498779296875
      },
      {
        "index": 514,
        "started_ms": 5098.073542,
        "submitted_ms": 5107.473583,
        "observed_completed_ms": 5113.813708000001,
        "start_to_observed_completion_ms": 15.7401660000005,
        "submit_to_observed_completion_ms": 6.340125000000626,
        "continuous_iteration_ms": 15.749916076660156,
        "frame_ms": 15.735332489013672,
        "component_sum_ms": 15.735332489013672,
        "tick_ms": 6.455667018890381,
        "dynamic_mesh_ms": 1.0150830745697021,
        "encode_ms": 1.920415997505188,
        "admission_or_completion_ms": 6.3441667556762695
      },
      {
        "index": 515,
        "started_ms": 5113.823458,
        "submitted_ms": 5123.156792,
        "observed_completed_ms": 5129.278208,
        "start_to_observed_completion_ms": 15.454749999999876,
        "submit_to_observed_completion_ms": 6.121415999999954,
        "continuous_iteration_ms": 15.463708877563477,
        "frame_ms": 15.448875427246094,
        "component_sum_ms": 15.448875427246094,
        "tick_ms": 6.416749954223633,
        "dynamic_mesh_ms": 1.035499930381775,
        "encode_ms": 1.8699589967727661,
        "admission_or_completion_ms": 6.126666069030762
      },
      {
        "index": 516,
        "started_ms": 5129.287167,
        "submitted_ms": 5139.093333,
        "observed_completed_ms": 5142.9334579999995,
        "start_to_observed_completion_ms": 13.64629099999911,
        "submit_to_observed_completion_ms": 3.8401249999997162,
        "continuous_iteration_ms": 13.658249855041504,
        "frame_ms": 13.64204216003418,
        "component_sum_ms": 13.64204216003418,
        "tick_ms": 6.866167068481445,
        "dynamic_mesh_ms": 1.0435839891433716,
        "encode_ms": 1.8877909183502197,
        "admission_or_completion_ms": 3.84450101852417
      },
      {
        "index": 517,
        "started_ms": 5142.945417,
        "submitted_ms": 5152.784917,
        "observed_completed_ms": 5157.861917,
        "start_to_observed_completion_ms": 14.91650000000027,
        "submit_to_observed_completion_ms": 5.0770000000002256,
        "continuous_iteration_ms": 14.925125122070312,
        "frame_ms": 14.911208152770996,
        "component_sum_ms": 14.911208152770996,
        "tick_ms": 6.6558332443237305,
        "dynamic_mesh_ms": 1.0417499542236328,
        "encode_ms": 2.1322500705718994,
        "admission_or_completion_ms": 5.0813751220703125
      },
      {
        "index": 518,
        "started_ms": 5157.870542000001,
        "submitted_ms": 5167.379833,
        "observed_completed_ms": 5173.716667,
        "start_to_observed_completion_ms": 15.84612499999912,
        "submit_to_observed_completion_ms": 6.336833999999726,
        "continuous_iteration_ms": 15.85575008392334,
        "frame_ms": 15.841458320617676,
        "component_sum_ms": 15.841458320617676,
        "tick_ms": 6.646125316619873,
        "dynamic_mesh_ms": 1.0140419006347656,
        "encode_ms": 1.840583086013794,
        "admission_or_completion_ms": 6.340707778930664
      },
      {
        "index": 519,
        "started_ms": 5173.726291999999,
        "submitted_ms": 5183.110125,
        "observed_completed_ms": 5189.451458,
        "start_to_observed_completion_ms": 15.725166000000172,
        "submit_to_observed_completion_ms": 6.341332999999395,
        "continuous_iteration_ms": 15.735207557678223,
        "frame_ms": 15.720083236694336,
        "component_sum_ms": 15.720083236694336,
        "tick_ms": 6.443832874298096,
        "dynamic_mesh_ms": 1.0115420818328857,
        "encode_ms": 1.9185829162597656,
        "admission_or_completion_ms": 6.34612512588501
      },
      {
        "index": 520,
        "started_ms": 5189.4615,
        "submitted_ms": 5199.617208000001,
        "observed_completed_ms": 5205.649125,
        "start_to_observed_completion_ms": 16.18762499999957,
        "submit_to_observed_completion_ms": 6.031916999999339,
        "continuous_iteration_ms": 16.197999954223633,
        "frame_ms": 16.182498931884766,
        "component_sum_ms": 16.182498931884766,
        "tick_ms": 6.877291202545166,
        "dynamic_mesh_ms": 1.0189999341964722,
        "encode_ms": 2.249415874481201,
        "admission_or_completion_ms": 6.036791801452637
      },
      {
        "index": 521,
        "started_ms": 5205.659500000001,
        "submitted_ms": 5215.707917,
        "observed_completed_ms": 5222.063417,
        "start_to_observed_completion_ms": 16.403916999999637,
        "submit_to_observed_completion_ms": 6.355500000000575,
        "continuous_iteration_ms": 16.413249969482422,
        "frame_ms": 16.3990421295166,
        "component_sum_ms": 16.3990421295166,
        "tick_ms": 7.032917022705078,
        "dynamic_mesh_ms": 1.0477080345153809,
        "encode_ms": 1.9581669569015503,
        "admission_or_completion_ms": 6.360249996185303
      },
      {
        "index": 522,
        "started_ms": 5222.072749999999,
        "submitted_ms": 5231.829833,
        "observed_completed_ms": 5238.0963329999995,
        "start_to_observed_completion_ms": 16.023583000000144,
        "submit_to_observed_completion_ms": 6.2664999999997235,
        "continuous_iteration_ms": 16.03299903869629,
        "frame_ms": 16.017498016357422,
        "component_sum_ms": 16.017498016357422,
        "tick_ms": 6.741874694824219,
        "dynamic_mesh_ms": 1.0919580459594727,
        "encode_ms": 1.909208059310913,
        "admission_or_completion_ms": 6.274457931518555
      },
      {
        "index": 523,
        "started_ms": 5238.10575,
        "submitted_ms": 5247.883667,
        "observed_completed_ms": 5252.95025,
        "start_to_observed_completion_ms": 14.844500000000153,
        "submit_to_observed_completion_ms": 5.0665829999998095,
        "continuous_iteration_ms": 14.854416847229004,
        "frame_ms": 14.838041305541992,
        "component_sum_ms": 14.838041305541992,
        "tick_ms": 6.772417068481445,
        "dynamic_mesh_ms": 1.09108304977417,
        "encode_ms": 1.9036669731140137,
        "admission_or_completion_ms": 5.0708746910095215
      },
      {
        "index": 524,
        "started_ms": 5252.960167,
        "submitted_ms": 5262.5495,
        "observed_completed_ms": 5266.368542,
        "start_to_observed_completion_ms": 13.408374999999978,
        "submit_to_observed_completion_ms": 3.8190420000000813,
        "continuous_iteration_ms": 13.417291641235352,
        "frame_ms": 13.403582572937012,
        "component_sum_ms": 13.403582572937012,
        "tick_ms": 6.537041187286377,
        "dynamic_mesh_ms": 1.0519169569015503,
        "encode_ms": 1.9914580583572388,
        "admission_or_completion_ms": 3.8231658935546875
      },
      {
        "index": 525,
        "started_ms": 5266.377458,
        "submitted_ms": 5276.317167,
        "observed_completed_ms": 5281.390167,
        "start_to_observed_completion_ms": 15.012708999999631,
        "submit_to_observed_completion_ms": 5.072999999999411,
        "continuous_iteration_ms": 15.021208763122559,
        "frame_ms": 15.00795841217041,
        "component_sum_ms": 15.00795841217041,
        "tick_ms": 6.882625102996826,
        "dynamic_mesh_ms": 1.0439170598983765,
        "encode_ms": 2.003499984741211,
        "admission_or_completion_ms": 5.077916145324707
      },
      {
        "index": 526,
        "started_ms": 5281.398667,
        "submitted_ms": 5291.0255,
        "observed_completed_ms": 5297.165,
        "start_to_observed_completion_ms": 15.766332999999577,
        "submit_to_observed_completion_ms": 6.1395000000002256,
        "continuous_iteration_ms": 15.777332305908203,
        "frame_ms": 15.762208938598633,
        "component_sum_ms": 15.762208938598633,
        "tick_ms": 6.677541732788086,
        "dynamic_mesh_ms": 1.0154589414596558,
        "encode_ms": 1.9241670370101929,
        "admission_or_completion_ms": 6.1450419425964355
      },
      {
        "index": 527,
        "started_ms": 5297.176,
        "submitted_ms": 5306.6647920000005,
        "observed_completed_ms": 5311.743042,
        "start_to_observed_completion_ms": 14.567041999999674,
        "submit_to_observed_completion_ms": 5.078249999999571,
        "continuous_iteration_ms": 14.575624465942383,
        "frame_ms": 14.563289642333984,
        "component_sum_ms": 14.563289642333984,
        "tick_ms": 6.686375141143799,
        "dynamic_mesh_ms": 0.9972909688949585,
        "encode_ms": 1.7972500324249268,
        "admission_or_completion_ms": 5.082374095916748
      },
      {
        "index": 528,
        "started_ms": 5311.751625,
        "submitted_ms": 5321.451625,
        "observed_completed_ms": 5325.265292,
        "start_to_observed_completion_ms": 13.513667000000169,
        "submit_to_observed_completion_ms": 3.8136670000003505,
        "continuous_iteration_ms": 13.522042274475098,
        "frame_ms": 13.508166313171387,
        "component_sum_ms": 13.508166313171387,
        "tick_ms": 6.5694580078125,
        "dynamic_mesh_ms": 1.0396250486373901,
        "encode_ms": 2.081583023071289,
        "admission_or_completion_ms": 3.817500114440918
      },
      {
        "index": 529,
        "started_ms": 5325.273667,
        "submitted_ms": 5334.850958,
        "observed_completed_ms": 5338.659125,
        "start_to_observed_completion_ms": 13.385457999999744,
        "submit_to_observed_completion_ms": 3.8081670000001395,
        "continuous_iteration_ms": 13.393750190734863,
        "frame_ms": 13.381166458129883,
        "component_sum_ms": 13.381166458129883,
        "tick_ms": 6.697333812713623,
        "dynamic_mesh_ms": 0.9855000376701355,
        "encode_ms": 1.886375069618225,
        "admission_or_completion_ms": 3.811957836151123
      },
      {
        "index": 530,
        "started_ms": 5338.667417,
        "submitted_ms": 5348.305208,
        "observed_completed_ms": 5352.104083,
        "start_to_observed_completion_ms": 13.436666000000514,
        "submit_to_observed_completion_ms": 3.7988750000004075,
        "continuous_iteration_ms": 13.44404125213623,
        "frame_ms": 13.432666778564453,
        "component_sum_ms": 13.432666778564453,
        "tick_ms": 6.732082843780518,
        "dynamic_mesh_ms": 1.0340420007705688,
        "encode_ms": 1.8638330698013306,
        "admission_or_completion_ms": 3.8027091026306152
      },
      {
        "index": 531,
        "started_ms": 5352.111457999999,
        "submitted_ms": 5362.158292,
        "observed_completed_ms": 5365.97625,
        "start_to_observed_completion_ms": 13.864792000000307,
        "submit_to_observed_completion_ms": 3.817957999999635,
        "continuous_iteration_ms": 13.873458862304688,
        "frame_ms": 13.860376358032227,
        "component_sum_ms": 13.860376358032227,
        "tick_ms": 7.089416980743408,
        "dynamic_mesh_ms": 1.0332920551300049,
        "encode_ms": 1.9140419960021973,
        "admission_or_completion_ms": 3.823625087738037
      },
      {
        "index": 532,
        "started_ms": 5365.984917000001,
        "submitted_ms": 5375.9057920000005,
        "observed_completed_ms": 5380.991083,
        "start_to_observed_completion_ms": 15.006165999999212,
        "submit_to_observed_completion_ms": 5.085290999999415,
        "continuous_iteration_ms": 15.014290809631348,
        "frame_ms": 15.001208305358887,
        "component_sum_ms": 15.001208305358887,
        "tick_ms": 6.98533296585083,
        "dynamic_mesh_ms": 1.0214170217514038,
        "encode_ms": 1.90529203414917,
        "admission_or_completion_ms": 5.089165687561035
      },
      {
        "index": 533,
        "started_ms": 5380.999208,
        "submitted_ms": 5390.661375,
        "observed_completed_ms": 5396.992708,
        "start_to_observed_completion_ms": 15.993499999999585,
        "submit_to_observed_completion_ms": 6.331333000000086,
        "continuous_iteration_ms": 16.001541137695312,
        "frame_ms": 15.988749504089355,
        "component_sum_ms": 15.988749504089355,
        "tick_ms": 6.806334018707275,
        "dynamic_mesh_ms": 1.0100829601287842,
        "encode_ms": 1.837249994277954,
        "admission_or_completion_ms": 6.3350830078125
      },
      {
        "index": 534,
        "started_ms": 5397.00075,
        "submitted_ms": 5406.709542,
        "observed_completed_ms": 5411.753458,
        "start_to_observed_completion_ms": 14.752707999999984,
        "submit_to_observed_completion_ms": 5.043916000000536,
        "continuous_iteration_ms": 14.760082244873047,
        "frame_ms": 14.748791694641113,
        "component_sum_ms": 14.748791694641113,
        "tick_ms": 6.8445000648498535,
        "dynamic_mesh_ms": 1.0184589624404907,
        "encode_ms": 1.8370839357376099,
        "admission_or_completion_ms": 5.048748970031738
      },
      {
        "index": 535,
        "started_ms": 5411.760832999999,
        "submitted_ms": 5421.691167,
        "observed_completed_ms": 5425.501875,
        "start_to_observed_completion_ms": 13.741042000000562,
        "submit_to_observed_completion_ms": 3.810707999999977,
        "continuous_iteration_ms": 13.749500274658203,
        "frame_ms": 13.735916137695312,
        "component_sum_ms": 13.735916137695312,
        "tick_ms": 6.837375164031982,
        "dynamic_mesh_ms": 1.0770000219345093,
        "encode_ms": 2.005666971206665,
        "admission_or_completion_ms": 3.8158740997314453
      },
      {
        "index": 536,
        "started_ms": 5425.510333,
        "submitted_ms": 5435.540792000001,
        "observed_completed_ms": 5439.351208,
        "start_to_observed_completion_ms": 13.840874999999869,
        "submit_to_observed_completion_ms": 3.81041599999935,
        "continuous_iteration_ms": 13.846917152404785,
        "frame_ms": 13.836457252502441,
        "component_sum_ms": 13.836457252502441,
        "tick_ms": 6.892499923706055,
        "dynamic_mesh_ms": 1.0092499256134033,
        "encode_ms": 2.1203339099884033,
        "admission_or_completion_ms": 3.8143739700317383
      },
      {
        "index": 537,
        "started_ms": 5439.35725,
        "submitted_ms": 5449.546375,
        "observed_completed_ms": 5454.633833,
        "start_to_observed_completion_ms": 15.276582999999846,
        "submit_to_observed_completion_ms": 5.08745799999997,
        "continuous_iteration_ms": 15.286042213439941,
        "frame_ms": 15.272666931152344,
        "component_sum_ms": 15.272666931152344,
        "tick_ms": 7.261500358581543,
        "dynamic_mesh_ms": 1.0323330163955688,
        "encode_ms": 1.8864580392837524,
        "admission_or_completion_ms": 5.092374801635742
      },
      {
        "index": 538,
        "started_ms": 5454.643292,
        "submitted_ms": 5464.621958000001,
        "observed_completed_ms": 5469.706542,
        "start_to_observed_completion_ms": 15.063250000000153,
        "submit_to_observed_completion_ms": 5.084583999999268,
        "continuous_iteration_ms": 15.073750495910645,
        "frame_ms": 15.059249877929688,
        "component_sum_ms": 15.059249877929688,
        "tick_ms": 7.041417121887207,
        "dynamic_mesh_ms": 1.0474580526351929,
        "encode_ms": 1.8814159631729126,
        "admission_or_completion_ms": 5.088958740234375
      },
      {
        "index": 539,
        "started_ms": 5469.717042,
        "submitted_ms": 5479.531375,
        "observed_completed_ms": 5483.339833,
        "start_to_observed_completion_ms": 13.62279099999978,
        "submit_to_observed_completion_ms": 3.808458000000428,
        "continuous_iteration_ms": 13.629457473754883,
        "frame_ms": 13.61816692352295,
        "component_sum_ms": 13.61816692352295,
        "tick_ms": 6.752583026885986,
        "dynamic_mesh_ms": 1.0012919902801514,
        "encode_ms": 2.0516669750213623,
        "admission_or_completion_ms": 3.812624931335449
      },
      {
        "index": 540,
        "started_ms": 5483.3465,
        "submitted_ms": 5493.3375829999995,
        "observed_completed_ms": 5498.410417,
        "start_to_observed_completion_ms": 15.063917000000401,
        "submit_to_observed_completion_ms": 5.072834000000512,
        "continuous_iteration_ms": 15.112417221069336,
        "frame_ms": 15.059917449951172,
        "component_sum_ms": 15.059917449951172,
        "tick_ms": 6.992583274841309,
        "dynamic_mesh_ms": 1.0402920246124268,
        "encode_ms": 1.9485410451889038,
        "admission_or_completion_ms": 5.078501224517822
      },
      {
        "index": 541,
        "started_ms": 5498.458917,
        "submitted_ms": 5508.284,
        "observed_completed_ms": 5513.356542,
        "start_to_observed_completion_ms": 14.897625000000517,
        "submit_to_observed_completion_ms": 5.072542000000794,
        "continuous_iteration_ms": 14.906332969665527,
        "frame_ms": 14.893624305725098,
        "component_sum_ms": 14.893624305725098,
        "tick_ms": 6.925333023071289,
        "dynamic_mesh_ms": 1.0048329830169678,
        "encode_ms": 1.8870000839233398,
        "admission_or_completion_ms": 5.076457977294922
      },
      {
        "index": 542,
        "started_ms": 5513.36525,
        "submitted_ms": 5523.1405,
        "observed_completed_ms": 5528.21775,
        "start_to_observed_completion_ms": 14.852499999999964,
        "submit_to_observed_completion_ms": 5.077249999999367,
        "continuous_iteration_ms": 14.86058235168457,
        "frame_ms": 14.847376823425293,
        "component_sum_ms": 14.847376823425293,
        "tick_ms": 6.852292060852051,
        "dynamic_mesh_ms": 1.03866708278656,
        "encode_ms": 1.8751249313354492,
        "admission_or_completion_ms": 5.081292152404785
      },
      {
        "index": 543,
        "started_ms": 5528.225833,
        "submitted_ms": 5538.3901670000005,
        "observed_completed_ms": 5540.945374999999,
        "start_to_observed_completion_ms": 12.71954199999891,
        "submit_to_observed_completion_ms": 2.5552079999988564,
        "continuous_iteration_ms": 12.725833892822266,
        "frame_ms": 12.714916229248047,
        "component_sum_ms": 12.714916229248047,
        "tick_ms": 7.053125381469727,
        "dynamic_mesh_ms": 1.0335829257965088,
        "encode_ms": 2.0697500705718994,
        "admission_or_completion_ms": 2.558457851409912
      },
      {
        "index": 544,
        "started_ms": 5540.951667,
        "submitted_ms": 5550.797792,
        "observed_completed_ms": 5555.869375,
        "start_to_observed_completion_ms": 14.917707999999948,
        "submit_to_observed_completion_ms": 5.071582999999919,
        "continuous_iteration_ms": 14.926958084106445,
        "frame_ms": 14.914083480834961,
        "component_sum_ms": 14.914083480834961,
        "tick_ms": 6.975333213806152,
        "dynamic_mesh_ms": 0.9933329224586487,
        "encode_ms": 1.8696669340133667,
        "admission_or_completion_ms": 5.07574987411499
      },
      {
        "index": 545,
        "started_ms": 5555.878625,
        "submitted_ms": 5566.017417,
        "observed_completed_ms": 5571.104792,
        "start_to_observed_completion_ms": 15.226166999999805,
        "submit_to_observed_completion_ms": 5.0873750000000655,
        "continuous_iteration_ms": 15.234874725341797,
        "frame_ms": 15.222372055053711,
        "component_sum_ms": 15.222372055053711,
        "tick_ms": 7.297915935516357,
        "dynamic_mesh_ms": 1.0068330764770508,
        "encode_ms": 1.8258750438690186,
        "admission_or_completion_ms": 5.0917487144470215
      },
      {
        "index": 546,
        "started_ms": 5571.1135,
        "submitted_ms": 5581.062667,
        "observed_completed_ms": 5586.128208,
        "start_to_observed_completion_ms": 15.0147079999997,
        "submit_to_observed_completion_ms": 5.065540999999939,
        "continuous_iteration_ms": 15.023457527160645,
        "frame_ms": 15.009834289550781,
        "component_sum_ms": 15.009834289550781,
        "tick_ms": 6.919791221618652,
        "dynamic_mesh_ms": 1.0190420150756836,
        "encode_ms": 2.0009589195251465,
        "admission_or_completion_ms": 5.070041179656982
      },
      {
        "index": 547,
        "started_ms": 5586.136958,
        "submitted_ms": 5597.589833,
        "observed_completed_ms": 5602.665083,
        "start_to_observed_completion_ms": 16.528124999999818,
        "submit_to_observed_completion_ms": 5.075249999999869,
        "continuous_iteration_ms": 16.537750244140625,
        "frame_ms": 16.520498275756836,
        "component_sum_ms": 16.520498275756836,
        "tick_ms": 8.184457778930664,
        "dynamic_mesh_ms": 1.3295830488204956,
        "encode_ms": 1.9264159202575684,
        "admission_or_completion_ms": 5.080041885375977
      },
      {
        "index": 548,
        "started_ms": 5602.6747080000005,
        "submitted_ms": 5613.890041999999,
        "observed_completed_ms": 5617.718792,
        "start_to_observed_completion_ms": 15.044083999999202,
        "submit_to_observed_completion_ms": 3.828750000000582,
        "continuous_iteration_ms": 15.05595874786377,
        "frame_ms": 15.03437614440918,
        "component_sum_ms": 15.03437614440918,
        "tick_ms": 7.8824591636657715,
        "dynamic_mesh_ms": 1.2984590530395508,
        "encode_ms": 2.0183751583099365,
        "admission_or_completion_ms": 3.8350830078125
      },
      {
        "index": 549,
        "started_ms": 5617.730667,
        "submitted_ms": 5628.317292000001,
        "observed_completed_ms": 5632.146542,
        "start_to_observed_completion_ms": 14.415875000000597,
        "submit_to_observed_completion_ms": 3.8292499999997744,
        "continuous_iteration_ms": 14.426290512084961,
        "frame_ms": 14.409708023071289,
        "component_sum_ms": 14.409708023071289,
        "tick_ms": 7.496958255767822,
        "dynamic_mesh_ms": 1.0571250915527344,
        "encode_ms": 2.0205421447753906,
        "admission_or_completion_ms": 3.8350830078125
      },
      {
        "index": 550,
        "started_ms": 5632.1569580000005,
        "submitted_ms": 5642.554875,
        "observed_completed_ms": 5648.891375,
        "start_to_observed_completion_ms": 16.734416999999667,
        "submit_to_observed_completion_ms": 6.336500000000342,
        "continuous_iteration_ms": 16.74449920654297,
        "frame_ms": 16.730541229248047,
        "component_sum_ms": 16.730541229248047,
        "tick_ms": 7.428791046142578,
        "dynamic_mesh_ms": 1.0294580459594727,
        "encode_ms": 1.927625060081482,
        "admission_or_completion_ms": 6.344666957855225
      },
      {
        "index": 551,
        "started_ms": 5648.901458,
        "submitted_ms": 5659.452,
        "observed_completed_ms": 5664.535333,
        "start_to_observed_completion_ms": 15.633874999999534,
        "submit_to_observed_completion_ms": 5.083332999999584,
        "continuous_iteration_ms": 15.644708633422852,
        "frame_ms": 15.630583763122559,
        "component_sum_ms": 15.630583763122559,
        "tick_ms": 7.592209339141846,
        "dynamic_mesh_ms": 1.0346249341964722,
        "encode_ms": 1.9150420427322388,
        "admission_or_completion_ms": 5.08870792388916
      },
      {
        "index": 552,
        "started_ms": 5664.546167,
        "submitted_ms": 5675.158125,
        "observed_completed_ms": 5681.500708,
        "start_to_observed_completion_ms": 16.954540999999153,
        "submit_to_observed_completion_ms": 6.3425829999996495,
        "continuous_iteration_ms": 16.963333129882812,
        "frame_ms": 16.950374603271484,
        "component_sum_ms": 16.950374603271484,
        "tick_ms": 7.55429220199585,
        "dynamic_mesh_ms": 1.0239169597625732,
        "encode_ms": 2.0248749256134033,
        "admission_or_completion_ms": 6.347291946411133
      },
      {
        "index": 553,
        "started_ms": 5681.5095,
        "submitted_ms": 5691.8345,
        "observed_completed_ms": 5698.177541999999,
        "start_to_observed_completion_ms": 16.668041999999332,
        "submit_to_observed_completion_ms": 6.343041999999514,
        "continuous_iteration_ms": 16.6785831451416,
        "frame_ms": 16.664501190185547,
        "component_sum_ms": 16.664501190185547,
        "tick_ms": 7.428709030151367,
        "dynamic_mesh_ms": 1.0241670608520508,
        "encode_ms": 1.8643330335617065,
        "admission_or_completion_ms": 6.347291469573975
      },
      {
        "index": 554,
        "started_ms": 5698.188083,
        "submitted_ms": 5708.558833,
        "observed_completed_ms": 5713.634958000001,
        "start_to_observed_completion_ms": 15.446875000000546,
        "submit_to_observed_completion_ms": 5.076125000000502,
        "continuous_iteration_ms": 15.455208778381348,
        "frame_ms": 15.442914962768555,
        "component_sum_ms": 15.442914962768555,
        "tick_ms": 7.51687479019165,
        "dynamic_mesh_ms": 1.0104159116744995,
        "encode_ms": 1.8350830078125,
        "admission_or_completion_ms": 5.080541133880615
      },
      {
        "index": 555,
        "started_ms": 5713.643292000001,
        "submitted_ms": 5723.7155,
        "observed_completed_ms": 5728.556250000001,
        "start_to_observed_completion_ms": 14.91295799999989,
        "submit_to_observed_completion_ms": 4.840750000000298,
        "continuous_iteration_ms": 14.921833038330078,
        "frame_ms": 14.90920639038086,
        "component_sum_ms": 14.90920639038086,
        "tick_ms": 7.311415672302246,
        "dynamic_mesh_ms": 0.9877079725265503,
        "encode_ms": 1.7658330202102661,
        "admission_or_completion_ms": 4.844250202178955
      },
      {
        "index": 556,
        "started_ms": 5728.565125,
        "submitted_ms": 5738.782167,
        "observed_completed_ms": 5743.849416999999,
        "start_to_observed_completion_ms": 15.284291999999368,
        "submit_to_observed_completion_ms": 5.067249999999149,
        "continuous_iteration_ms": 15.291375160217285,
        "frame_ms": 15.279541969299316,
        "component_sum_ms": 15.279541969299316,
        "tick_ms": 7.212707996368408,
        "dynamic_mesh_ms": 1.030458927154541,
        "encode_ms": 1.9654170274734497,
        "admission_or_completion_ms": 5.070958137512207
      },
      {
        "index": 557,
        "started_ms": 5743.8565,
        "submitted_ms": 5754.640583,
        "observed_completed_ms": 5758.461083,
        "start_to_observed_completion_ms": 14.604583000000275,
        "submit_to_observed_completion_ms": 3.820499999999811,
        "continuous_iteration_ms": 14.614083290100098,
        "frame_ms": 14.601251602172852,
        "component_sum_ms": 14.601251602172852,
        "tick_ms": 7.793416976928711,
        "dynamic_mesh_ms": 1.0342090129852295,
        "encode_ms": 1.9483749866485596,
        "admission_or_completion_ms": 3.8252511024475098
      },
      {
        "index": 558,
        "started_ms": 5758.470583,
        "submitted_ms": 5768.894625,
        "observed_completed_ms": 5773.965958,
        "start_to_observed_completion_ms": 15.495374999999513,
        "submit_to_observed_completion_ms": 5.071332999999868,
        "continuous_iteration_ms": 15.504583358764648,
        "frame_ms": 15.49162483215332,
        "component_sum_ms": 15.49162483215332,
        "tick_ms": 7.382541656494141,
        "dynamic_mesh_ms": 1.0353330373764038,
        "encode_ms": 1.9971669912338257,
        "admission_or_completion_ms": 5.076583385467529
      },
      {
        "index": 559,
        "started_ms": 5773.975167,
        "submitted_ms": 5784.478458,
        "observed_completed_ms": 5790.805667,
        "start_to_observed_completion_ms": 16.83050000000003,
        "submit_to_observed_completion_ms": 6.327209000000039,
        "continuous_iteration_ms": 16.838708877563477,
        "frame_ms": 16.827207565307617,
        "component_sum_ms": 16.827207565307617,
        "tick_ms": 7.556666374206543,
        "dynamic_mesh_ms": 1.018625020980835,
        "encode_ms": 1.9203749895095825,
        "admission_or_completion_ms": 6.331541538238525
      },
      {
        "index": 560,
        "started_ms": 5790.813875,
        "submitted_ms": 5801.253667,
        "observed_completed_ms": 5806.327708,
        "start_to_observed_completion_ms": 15.513832999999977,
        "submit_to_observed_completion_ms": 5.074040999999852,
        "continuous_iteration_ms": 15.5225830078125,
        "frame_ms": 15.509873390197754,
        "component_sum_ms": 15.509873390197754,
        "tick_ms": 7.500540733337402,
        "dynamic_mesh_ms": 1.0387500524520874,
        "encode_ms": 1.8929169178009033,
        "admission_or_completion_ms": 5.077666282653809
      },
      {
        "index": 561,
        "started_ms": 5806.336458,
        "submitted_ms": 5817.0085,
        "observed_completed_ms": 5823.29475,
        "start_to_observed_completion_ms": 16.958292000000256,
        "submit_to_observed_completion_ms": 6.286250000000109,
        "continuous_iteration_ms": 16.96754264831543,
        "frame_ms": 16.954126358032227,
        "component_sum_ms": 16.954126358032227,
        "tick_ms": 7.767167091369629,
        "dynamic_mesh_ms": 1.0262919664382935,
        "encode_ms": 1.8699170351028442,
        "admission_or_completion_ms": 6.290750026702881
      },
      {
        "index": 562,
        "started_ms": 5823.304,
        "submitted_ms": 5833.60125,
        "observed_completed_ms": 5838.674208,
        "start_to_observed_completion_ms": 15.370208000000275,
        "submit_to_observed_completion_ms": 5.0729580000006536,
        "continuous_iteration_ms": 15.37962532043457,
        "frame_ms": 15.366374969482422,
        "component_sum_ms": 15.366374969482422,
        "tick_ms": 7.478542327880859,
        "dynamic_mesh_ms": 1.0229579210281372,
        "encode_ms": 1.7883329391479492,
        "admission_or_completion_ms": 5.076541900634766
      },
      {
        "index": 563,
        "started_ms": 5838.683625,
        "submitted_ms": 5849.049667,
        "observed_completed_ms": 5854.128792,
        "start_to_observed_completion_ms": 15.445167000000765,
        "submit_to_observed_completion_ms": 5.079125000000204,
        "continuous_iteration_ms": 15.454375267028809,
        "frame_ms": 15.441083908081055,
        "component_sum_ms": 15.441083908081055,
        "tick_ms": 7.474542140960693,
        "dynamic_mesh_ms": 1.0248749256134033,
        "encode_ms": 1.858833909034729,
        "admission_or_completion_ms": 5.0828328132629395
      },
      {
        "index": 564,
        "started_ms": 5854.138,
        "submitted_ms": 5864.264333,
        "observed_completed_ms": 5869.334917,
        "start_to_observed_completion_ms": 15.196917000000212,
        "submit_to_observed_completion_ms": 5.0705840000000535,
        "continuous_iteration_ms": 15.20674991607666,
        "frame_ms": 15.193208694458008,
        "component_sum_ms": 15.193208694458008,
        "tick_ms": 7.369750022888184,
        "dynamic_mesh_ms": 1.016124963760376,
        "encode_ms": 1.7330000400543213,
        "admission_or_completion_ms": 5.074334144592285
      },
      {
        "index": 565,
        "started_ms": 5869.34475,
        "submitted_ms": 5879.9223329999995,
        "observed_completed_ms": 5883.739042,
        "start_to_observed_completion_ms": 14.39429199999995,
        "submit_to_observed_completion_ms": 3.8167090000006283,
        "continuous_iteration_ms": 14.40391731262207,
        "frame_ms": 14.389166831970215,
        "component_sum_ms": 14.389166831970215,
        "tick_ms": 7.4618754386901855,
        "dynamic_mesh_ms": 1.0384169816970825,
        "encode_ms": 2.06679105758667,
        "admission_or_completion_ms": 3.8220837116241455
      },
      {
        "index": 566,
        "started_ms": 5883.748667,
        "submitted_ms": 5894.271208,
        "observed_completed_ms": 5899.353749999999,
        "start_to_observed_completion_ms": 15.605082999999468,
        "submit_to_observed_completion_ms": 5.082541999999194,
        "continuous_iteration_ms": 15.615374565124512,
        "frame_ms": 15.602249145507812,
        "component_sum_ms": 15.602249145507812,
        "tick_ms": 7.552917003631592,
        "dynamic_mesh_ms": 1.0397080183029175,
        "encode_ms": 1.921958088874817,
        "admission_or_completion_ms": 5.087666034698486
      },
      {
        "index": 567,
        "started_ms": 5899.364042,
        "submitted_ms": 5909.950083,
        "observed_completed_ms": 5914.775625,
        "start_to_observed_completion_ms": 15.411583000000064,
        "submit_to_observed_completion_ms": 4.825542000000496,
        "continuous_iteration_ms": 15.419624328613281,
        "frame_ms": 15.408085823059082,
        "component_sum_ms": 15.408085823059082,
        "tick_ms": 7.624709129333496,
        "dynamic_mesh_ms": 1.0285000801086426,
        "encode_ms": 1.9252500534057617,
        "admission_or_completion_ms": 4.829626083374023
      },
      {
        "index": 568,
        "started_ms": 5914.783667,
        "submitted_ms": 5925.643292,
        "observed_completed_ms": 5931.975792,
        "start_to_observed_completion_ms": 17.192125000000487,
        "submit_to_observed_completion_ms": 6.332500000000437,
        "continuous_iteration_ms": 17.201791763305664,
        "frame_ms": 17.188583374023438,
        "component_sum_ms": 17.188583374023438,
        "tick_ms": 7.959250450134277,
        "dynamic_mesh_ms": 1.0283750295639038,
        "encode_ms": 1.864042043685913,
        "admission_or_completion_ms": 6.336915969848633
      },
      {
        "index": 569,
        "started_ms": 5931.985458,
        "submitted_ms": 5945.276292,
        "observed_completed_ms": 5949.105792,
        "start_to_observed_completion_ms": 17.120334000000184,
        "submit_to_observed_completion_ms": 3.829500000000735,
        "continuous_iteration_ms": 17.132709503173828,
        "frame_ms": 17.112873077392578,
        "component_sum_ms": 17.112873077392578,
        "tick_ms": 8.973541259765625,
        "dynamic_mesh_ms": 1.222791075706482,
        "encode_ms": 3.0804169178009033,
        "admission_or_completion_ms": 3.836124897003174
      },
      {
        "index": 570,
        "started_ms": 5949.118167,
        "submitted_ms": 5962.0203329999995,
        "observed_completed_ms": 5967.1485,
        "start_to_observed_completion_ms": 18.03033300000061,
        "submit_to_observed_completion_ms": 5.128167000000758,
        "continuous_iteration_ms": 18.03908348083496,
        "frame_ms": 18.022499084472656,
        "component_sum_ms": 18.022499084472656,
        "tick_ms": 8.957207679748535,
        "dynamic_mesh_ms": 1.1863750219345093,
        "encode_ms": 2.744374990463257,
        "admission_or_completion_ms": 5.134542465209961
      },
      {
        "index": 571,
        "started_ms": 5967.157249999999,
        "submitted_ms": 5980.2514169999995,
        "observed_completed_ms": 5987.876292,
        "start_to_observed_completion_ms": 20.719042000000627,
        "submit_to_observed_completion_ms": 7.624875000000429,
        "continuous_iteration_ms": 20.7293758392334,
        "frame_ms": 20.709835052490234,
        "component_sum_ms": 20.709835052490234,
        "tick_ms": 9.31812572479248,
        "dynamic_mesh_ms": 1.08554208278656,
        "encode_ms": 2.673583984375,
        "admission_or_completion_ms": 7.632583141326904
      },
      {
        "index": 572,
        "started_ms": 5987.886625,
        "submitted_ms": 5999.233042,
        "observed_completed_ms": 6006.787875,
        "start_to_observed_completion_ms": 18.90124999999989,
        "submit_to_observed_completion_ms": 7.554833000000144,
        "continuous_iteration_ms": 18.911624908447266,
        "frame_ms": 18.89729118347168,
        "component_sum_ms": 18.89729118347168,
        "tick_ms": 8.221875190734863,
        "dynamic_mesh_ms": 1.0771249532699585,
        "encode_ms": 2.037750005722046,
        "admission_or_completion_ms": 7.560540676116943
      },
      {
        "index": 573,
        "started_ms": 6006.79825,
        "submitted_ms": 6018.073958000001,
        "observed_completed_ms": 6024.420542,
        "start_to_observed_completion_ms": 17.622292000000016,
        "submit_to_observed_completion_ms": 6.346583999998984,
        "continuous_iteration_ms": 17.632875442504883,
        "frame_ms": 17.6182918548584,
        "component_sum_ms": 17.6182918548584,
        "tick_ms": 8.205584526062012,
        "dynamic_mesh_ms": 1.0690410137176514,
        "encode_ms": 1.9916659593582153,
        "admission_or_completion_ms": 6.351999759674072
      },
      {
        "index": 574,
        "started_ms": 6024.431125,
        "submitted_ms": 6035.862333,
        "observed_completed_ms": 6040.954625,
        "start_to_observed_completion_ms": 16.52350000000024,
        "submit_to_observed_completion_ms": 5.0922920000002705,
        "continuous_iteration_ms": 16.533206939697266,
        "frame_ms": 16.519290924072266,
        "component_sum_ms": 16.519290924072266,
        "tick_ms": 8.304707527160645,
        "dynamic_mesh_ms": 1.0649999380111694,
        "encode_ms": 2.05116605758667,
        "admission_or_completion_ms": 5.098416805267334
      },
      {
        "index": 575,
        "started_ms": 6040.964333,
        "submitted_ms": 6052.419708,
        "observed_completed_ms": 6058.762875,
        "start_to_observed_completion_ms": 17.798542000000452,
        "submit_to_observed_completion_ms": 6.343166999999994,
        "continuous_iteration_ms": 17.8075008392334,
        "frame_ms": 17.79429054260254,
        "component_sum_ms": 17.79429054260254,
        "tick_ms": 8.29283332824707,
        "dynamic_mesh_ms": 1.085582971572876,
        "encode_ms": 2.0688328742980957,
        "admission_or_completion_ms": 6.347042083740234
      },
      {
        "index": 576,
        "started_ms": 6058.771833,
        "submitted_ms": 6071.176708,
        "observed_completed_ms": 6078.650542,
        "start_to_observed_completion_ms": 19.878709000000526,
        "submit_to_observed_completion_ms": 7.473834000000352,
        "continuous_iteration_ms": 19.890541076660156,
        "frame_ms": 19.874666213989258,
        "component_sum_ms": 19.874666213989258,
        "tick_ms": 8.621333122253418,
        "dynamic_mesh_ms": 1.1258330345153809,
        "encode_ms": 2.6467909812927246,
        "admission_or_completion_ms": 7.480708599090576
      },
      {
        "index": 577,
        "started_ms": 6078.662375000001,
        "submitted_ms": 6090.016792,
        "observed_completed_ms": 6093.8417500000005,
        "start_to_observed_completion_ms": 15.179374999999709,
        "submit_to_observed_completion_ms": 3.8249580000001515,
        "continuous_iteration_ms": 15.189542770385742,
        "frame_ms": 15.17562484741211,
        "component_sum_ms": 15.17562484741211,
        "tick_ms": 8.350250244140625,
        "dynamic_mesh_ms": 1.0720419883728027,
        "encode_ms": 1.9240000247955322,
        "admission_or_completion_ms": 3.8293328285217285
      },
      {
        "index": 578,
        "started_ms": 6093.851917,
        "submitted_ms": 6105.179167,
        "observed_completed_ms": 6108.995250000001,
        "start_to_observed_completion_ms": 15.143333000000894,
        "submit_to_observed_completion_ms": 3.816083000000617,
        "continuous_iteration_ms": 15.152541160583496,
        "frame_ms": 15.138916015625,
        "component_sum_ms": 15.138916015625,
        "tick_ms": 8.048624992370605,
        "dynamic_mesh_ms": 1.0369590520858765,
        "encode_ms": 2.232959032058716,
        "admission_or_completion_ms": 3.820374011993408
      },
      {
        "index": 579,
        "started_ms": 6109.004458,
        "submitted_ms": 6120.724083,
        "observed_completed_ms": 6125.814458,
        "start_to_observed_completion_ms": 16.80999999999949,
        "submit_to_observed_completion_ms": 5.090374999999767,
        "continuous_iteration_ms": 16.82054328918457,
        "frame_ms": 16.806249618530273,
        "component_sum_ms": 16.806249618530273,
        "tick_ms": 8.271583557128906,
        "dynamic_mesh_ms": 1.0652079582214355,
        "encode_ms": 2.373790979385376,
        "admission_or_completion_ms": 5.095667362213135
      },
      {
        "index": 580,
        "started_ms": 6125.825,
        "submitted_ms": 6137.4025,
        "observed_completed_ms": 6142.273708000001,
        "start_to_observed_completion_ms": 16.448708000000806,
        "submit_to_observed_completion_ms": 4.871208000000479,
        "continuous_iteration_ms": 16.457792282104492,
        "frame_ms": 16.444168090820312,
        "component_sum_ms": 16.444168090820312,
        "tick_ms": 8.300458908081055,
        "dynamic_mesh_ms": 1.0253750085830688,
        "encode_ms": 2.2417919635772705,
        "admission_or_completion_ms": 4.876541614532471
      },
      {
        "index": 581,
        "started_ms": 6142.282792,
        "submitted_ms": 6153.760375,
        "observed_completed_ms": 6157.406042,
        "start_to_observed_completion_ms": 15.123249999999643,
        "submit_to_observed_completion_ms": 3.6456669999997757,
        "continuous_iteration_ms": 15.132457733154297,
        "frame_ms": 15.118833541870117,
        "component_sum_ms": 15.118833541870117,
        "tick_ms": 8.09487533569336,
        "dynamic_mesh_ms": 1.0794579982757568,
        "encode_ms": 2.2935829162597656,
        "admission_or_completion_ms": 3.6509170532226562
      },
      {
        "index": 582,
        "started_ms": 6157.41525,
        "submitted_ms": 6168.356292,
        "observed_completed_ms": 6174.712333,
        "start_to_observed_completion_ms": 17.297083000000384,
        "submit_to_observed_completion_ms": 6.356041000000005,
        "continuous_iteration_ms": 17.306623458862305,
        "frame_ms": 17.291833877563477,
        "component_sum_ms": 17.291833877563477,
        "tick_ms": 8.047582626342773,
        "dynamic_mesh_ms": 1.029708981513977,
        "encode_ms": 1.8543339967727661,
        "admission_or_completion_ms": 6.360208034515381
      },
      {
        "index": 583,
        "started_ms": 6174.721875,
        "submitted_ms": 6185.706333,
        "observed_completed_ms": 6189.522333,
        "start_to_observed_completion_ms": 14.800457999999708,
        "submit_to_observed_completion_ms": 3.8159999999998035,
        "continuous_iteration_ms": 14.809874534606934,
        "frame_ms": 14.796791076660156,
        "component_sum_ms": 14.796791076660156,
        "tick_ms": 8.00112533569336,
        "dynamic_mesh_ms": 1.0245000123977661,
        "encode_ms": 1.9506659507751465,
        "admission_or_completion_ms": 3.820499897003174
      },
      {
        "index": 584,
        "started_ms": 6189.53175,
        "submitted_ms": 6200.434708000001,
        "observed_completed_ms": 6208.040417,
        "start_to_observed_completion_ms": 18.50866700000006,
        "submit_to_observed_completion_ms": 7.605708999999479,
        "continuous_iteration_ms": 18.51945686340332,
        "frame_ms": 18.504791259765625,
        "component_sum_ms": 18.504791259765625,
        "tick_ms": 7.910249710083008,
        "dynamic_mesh_ms": 1.044666051864624,
        "encode_ms": 1.9385409355163574,
        "admission_or_completion_ms": 7.611333847045898
      },
      {
        "index": 585,
        "started_ms": 6208.051208,
        "submitted_ms": 6218.641417,
        "observed_completed_ms": 6222.462083,
        "start_to_observed_completion_ms": 14.410875000000487,
        "submit_to_observed_completion_ms": 3.8206660000005286,
        "continuous_iteration_ms": 14.419583320617676,
        "frame_ms": 14.40766716003418,
        "component_sum_ms": 14.40766716003418,
        "tick_ms": 7.636250019073486,
        "dynamic_mesh_ms": 1.009708046913147,
        "encode_ms": 1.9369999170303345,
        "admission_or_completion_ms": 3.824708938598633
      },
      {
        "index": 586,
        "started_ms": 6222.470792,
        "submitted_ms": 6233.038792,
        "observed_completed_ms": 6239.366875,
        "start_to_observed_completion_ms": 16.896082999999635,
        "submit_to_observed_completion_ms": 6.328082999999424,
        "continuous_iteration_ms": 16.905916213989258,
        "frame_ms": 16.893333435058594,
        "component_sum_ms": 16.893333435058594,
        "tick_ms": 7.821957588195801,
        "dynamic_mesh_ms": 0.9870410561561584,
        "encode_ms": 1.7525839805603027,
        "admission_or_completion_ms": 6.331750392913818
      },
      {
        "index": 587,
        "started_ms": 6239.376708,
        "submitted_ms": 6249.896625,
        "observed_completed_ms": 6254.937,
        "start_to_observed_completion_ms": 15.560292000000118,
        "submit_to_observed_completion_ms": 5.040374999999585,
        "continuous_iteration_ms": 15.569042205810547,
        "frame_ms": 15.557167053222656,
        "component_sum_ms": 15.557167053222656,
        "tick_ms": 7.679999828338623,
        "dynamic_mesh_ms": 1.000709056854248,
        "encode_ms": 1.8326669931411743,
        "admission_or_completion_ms": 5.0437912940979
      },
      {
        "index": 588,
        "started_ms": 6254.94575,
        "submitted_ms": 6265.5205,
        "observed_completed_ms": 6270.440708,
        "start_to_observed_completion_ms": 15.494958000000224,
        "submit_to_observed_completion_ms": 4.920208000000457,
        "continuous_iteration_ms": 15.5042085647583,
        "frame_ms": 15.492042541503906,
        "component_sum_ms": 15.492042541503906,
        "tick_ms": 7.6943745613098145,
        "dynamic_mesh_ms": 1.01466703414917,
        "encode_ms": 1.8577920198440552,
        "admission_or_completion_ms": 4.925209045410156
      },
      {
        "index": 589,
        "started_ms": 6270.449958,
        "submitted_ms": 6280.907125,
        "observed_completed_ms": 6284.736417,
        "start_to_observed_completion_ms": 14.286458999999923,
        "submit_to_observed_completion_ms": 3.8292920000003505,
        "continuous_iteration_ms": 14.29829216003418,
        "frame_ms": 14.283084869384766,
        "component_sum_ms": 14.283084869384766,
        "tick_ms": 7.7113752365112305,
        "dynamic_mesh_ms": 1.0184170007705688,
        "encode_ms": 1.7204999923706055,
        "admission_or_completion_ms": 3.832792043685913
      },
      {
        "index": 590,
        "started_ms": 6284.74825,
        "submitted_ms": 6296.029082999999,
        "observed_completed_ms": 6299.667625,
        "start_to_observed_completion_ms": 14.9193750000004,
        "submit_to_observed_completion_ms": 3.638542000000598,
        "continuous_iteration_ms": 14.928375244140625,
        "frame_ms": 14.91583251953125,
        "component_sum_ms": 14.91583251953125,
        "tick_ms": 7.726708889007568,
        "dynamic_mesh_ms": 1.022125005722046,
        "encode_ms": 2.525041103363037,
        "admission_or_completion_ms": 3.641957998275757
      },
      {
        "index": 591,
        "started_ms": 6299.676625,
        "submitted_ms": 6310.397417,
        "observed_completed_ms": 6315.478542,
        "start_to_observed_completion_ms": 15.801916999999776,
        "submit_to_observed_completion_ms": 5.081124999999702,
        "continuous_iteration_ms": 15.81216812133789,
        "frame_ms": 15.79891586303711,
        "component_sum_ms": 15.79891586303711,
        "tick_ms": 7.7989583015441895,
        "dynamic_mesh_ms": 1.019124984741211,
        "encode_ms": 1.8959590196609497,
        "admission_or_completion_ms": 5.084874153137207
      },
      {
        "index": 592,
        "started_ms": 6315.488792,
        "submitted_ms": 6326.393,
        "observed_completed_ms": 6332.540083,
        "start_to_observed_completion_ms": 17.051290999999765,
        "submit_to_observed_completion_ms": 6.147082999999839,
        "continuous_iteration_ms": 17.06045913696289,
        "frame_ms": 17.04766845703125,
        "component_sum_ms": 17.04766845703125,
        "tick_ms": 8.030750274658203,
        "dynamic_mesh_ms": 1.0086669921875,
        "encode_ms": 1.8557499647140503,
        "admission_or_completion_ms": 6.152500152587891
      },
      {
        "index": 593,
        "started_ms": 6332.54925,
        "submitted_ms": 6343.345542,
        "observed_completed_ms": 6347.173208,
        "start_to_observed_completion_ms": 14.62395800000013,
        "submit_to_observed_completion_ms": 3.8276660000001357,
        "continuous_iteration_ms": 14.633207321166992,
        "frame_ms": 14.620247840881348,
        "component_sum_ms": 14.620247840881348,
        "tick_ms": 7.820207595825195,
        "dynamic_mesh_ms": 1.0229160785675049,
        "encode_ms": 1.9450420141220093,
        "admission_or_completion_ms": 3.832082986831665
      },
      {
        "index": 594,
        "started_ms": 6347.182458,
        "submitted_ms": 6357.779167000001,
        "observed_completed_ms": 6365.36875,
        "start_to_observed_completion_ms": 18.186291999999412,
        "submit_to_observed_completion_ms": 7.589582999999038,
        "continuous_iteration_ms": 18.19550132751465,
        "frame_ms": 18.1838321685791,
        "component_sum_ms": 18.1838321685791,
        "tick_ms": 7.751957893371582,
        "dynamic_mesh_ms": 0.9988330006599426,
        "encode_ms": 1.8385839462280273,
        "admission_or_completion_ms": 7.594458103179932
      },
      {
        "index": 595,
        "started_ms": 6365.377958,
        "submitted_ms": 6376.242333,
        "observed_completed_ms": 6380.054542,
        "start_to_observed_completion_ms": 14.67658399999982,
        "submit_to_observed_completion_ms": 3.8122089999997115,
        "continuous_iteration_ms": 14.68529224395752,
        "frame_ms": 14.672916412353516,
        "component_sum_ms": 14.672916412353516,
        "tick_ms": 7.906541347503662,
        "dynamic_mesh_ms": 1.027042031288147,
        "encode_ms": 1.9222910404205322,
        "admission_or_completion_ms": 3.817042112350464
      },
      {
        "index": 596,
        "started_ms": 6380.06325,
        "submitted_ms": 6390.637542,
        "observed_completed_ms": 6396.911083,
        "start_to_observed_completion_ms": 16.84783299999981,
        "submit_to_observed_completion_ms": 6.273540999999568,
        "continuous_iteration_ms": 16.856124877929688,
        "frame_ms": 16.844877243041992,
        "component_sum_ms": 16.844877243041992,
        "tick_ms": 7.750166893005371,
        "dynamic_mesh_ms": 1.0136669874191284,
        "encode_ms": 1.8032089471817017,
        "admission_or_completion_ms": 6.277833461761475
      },
      {
        "index": 597,
        "started_ms": 6396.919375,
        "submitted_ms": 6407.6581670000005,
        "observed_completed_ms": 6412.593083,
        "start_to_observed_completion_ms": 15.673707999999351,
        "submit_to_observed_completion_ms": 4.934915999999248,
        "continuous_iteration_ms": 15.68204116821289,
        "frame_ms": 15.67037582397461,
        "component_sum_ms": 15.67037582397461,
        "tick_ms": 7.854750156402588,
        "dynamic_mesh_ms": 1.0278329849243164,
        "encode_ms": 1.8477500677108765,
        "admission_or_completion_ms": 4.940042018890381
      },
      {
        "index": 598,
        "started_ms": 6412.601417,
        "submitted_ms": 6423.323875,
        "observed_completed_ms": 6428.403333,
        "start_to_observed_completion_ms": 15.801916000000347,
        "submit_to_observed_completion_ms": 5.079458000000159,
        "continuous_iteration_ms": 15.811249732971191,
        "frame_ms": 15.798749923706055,
        "component_sum_ms": 15.798749923706055,
        "tick_ms": 7.861667156219482,
        "dynamic_mesh_ms": 1.0286248922348022,
        "encode_ms": 1.8245419263839722,
        "admission_or_completion_ms": 5.083916187286377
      },
      {
        "index": 599,
        "started_ms": 6428.412667,
        "submitted_ms": 6439.1035,
        "observed_completed_ms": 6444.1696249999995,
        "start_to_observed_completion_ms": 15.75695799999994,
        "submit_to_observed_completion_ms": 5.066124999999374,
        "continuous_iteration_ms": 15.764750480651855,
        "frame_ms": 15.75262451171875,
        "component_sum_ms": 15.75262451171875,
        "tick_ms": 7.761916160583496,
        "dynamic_mesh_ms": 1.0690829753875732,
        "encode_ms": 1.8511250019073486,
        "admission_or_completion_ms": 5.070500373840332
      },
      {
        "index": 600,
        "started_ms": 6444.177417,
        "submitted_ms": 6455.006583,
        "observed_completed_ms": 6458.825,
        "start_to_observed_completion_ms": 14.64758299999994,
        "submit_to_observed_completion_ms": 3.8184169999994992,
        "continuous_iteration_ms": 358.7402038574219,
        "frame_ms": 14.769375801086426,
        "component_sum_ms": 14.769375801086426,
        "tick_ms": 7.972874641418457,
        "dynamic_mesh_ms": 1.0194169282913208,
        "encode_ms": 1.8281660079956055,
        "admission_or_completion_ms": 3.948918104171753
      },
      {
        "index": 601,
        "started_ms": 6802.917625,
        "submitted_ms": 6813.477417,
        "observed_completed_ms": 6823.582167,
        "start_to_observed_completion_ms": 20.66454199999953,
        "submit_to_observed_completion_ms": 10.104749999999513,
        "continuous_iteration_ms": 20.674041748046875,
        "frame_ms": 20.65999984741211,
        "component_sum_ms": 20.65999984741211,
        "tick_ms": 7.656000137329102,
        "dynamic_mesh_ms": 1.0224169492721558,
        "encode_ms": 1.871042013168335,
        "admission_or_completion_ms": 10.110541343688965
      },
      {
        "index": 602,
        "started_ms": 6823.591667,
        "submitted_ms": 6834.2405,
        "observed_completed_ms": 6838.055167,
        "start_to_observed_completion_ms": 14.46350000000075,
        "submit_to_observed_completion_ms": 3.8146670000005543,
        "continuous_iteration_ms": 14.472583770751953,
        "frame_ms": 14.460500717163086,
        "component_sum_ms": 14.460500717163086,
        "tick_ms": 7.869874954223633,
        "dynamic_mesh_ms": 0.9683330059051514,
        "encode_ms": 1.8021249771118164,
        "admission_or_completion_ms": 3.820167064666748
      },
      {
        "index": 603,
        "started_ms": 6838.06425,
        "submitted_ms": 6848.505333,
        "observed_completed_ms": 6853.583875,
        "start_to_observed_completion_ms": 15.519624999999905,
        "submit_to_observed_completion_ms": 5.078542000000198,
        "continuous_iteration_ms": 15.52833366394043,
        "frame_ms": 15.51533317565918,
        "component_sum_ms": 15.51533317565918,
        "tick_ms": 7.603499889373779,
        "dynamic_mesh_ms": 1.0024160146713257,
        "encode_ms": 1.8257910013198853,
        "admission_or_completion_ms": 5.083625316619873
      },
      {
        "index": 604,
        "started_ms": 6853.592583000001,
        "submitted_ms": 6863.758167,
        "observed_completed_ms": 6867.572499999999,
        "start_to_observed_completion_ms": 13.97991699999875,
        "submit_to_observed_completion_ms": 3.814332999999351,
        "continuous_iteration_ms": 13.988500595092773,
        "frame_ms": 13.974960327148438,
        "component_sum_ms": 13.974960327148438,
        "tick_ms": 7.36708402633667,
        "dynamic_mesh_ms": 1.027500033378601,
        "encode_ms": 1.7618340253829956,
        "admission_or_completion_ms": 3.818542242050171
      },
      {
        "index": 605,
        "started_ms": 6867.581083,
        "submitted_ms": 6878.0289999999995,
        "observed_completed_ms": 6881.836167,
        "start_to_observed_completion_ms": 14.255084000000352,
        "submit_to_observed_completion_ms": 3.8071670000008453,
        "continuous_iteration_ms": 14.262334823608398,
        "frame_ms": 14.249916076660156,
        "component_sum_ms": 14.249916076660156,
        "tick_ms": 7.627333164215088,
        "dynamic_mesh_ms": 1.004499912261963,
        "encode_ms": 1.8048750162124634,
        "admission_or_completion_ms": 3.8132081031799316
      },
      {
        "index": 606,
        "started_ms": 6881.843417,
        "submitted_ms": 6892.075292,
        "observed_completed_ms": 6895.891708,
        "start_to_observed_completion_ms": 14.048291000000063,
        "submit_to_observed_completion_ms": 3.8164159999996627,
        "continuous_iteration_ms": 14.056958198547363,
        "frame_ms": 14.044999122619629,
        "component_sum_ms": 14.044999122619629,
        "tick_ms": 7.4548749923706055,
        "dynamic_mesh_ms": 0.9752079844474792,
        "encode_ms": 1.7932920455932617,
        "admission_or_completion_ms": 3.8216240406036377
      },
      {
        "index": 607,
        "started_ms": 6895.900375,
        "submitted_ms": 6906.273708,
        "observed_completed_ms": 6910.078750000001,
        "start_to_observed_completion_ms": 14.178375000000415,
        "submit_to_observed_completion_ms": 3.805042000000867,
        "continuous_iteration_ms": 14.191208839416504,
        "frame_ms": 14.175291061401367,
        "component_sum_ms": 14.175291061401367,
        "tick_ms": 7.63224983215332,
        "dynamic_mesh_ms": 0.9698750376701355,
        "encode_ms": 1.762874960899353,
        "admission_or_completion_ms": 3.8102917671203613
      },
      {
        "index": 608,
        "started_ms": 6910.091582999999,
        "submitted_ms": 6920.625,
        "observed_completed_ms": 6923.178,
        "start_to_observed_completion_ms": 13.086417000000438,
        "submit_to_observed_completion_ms": 2.5529999999998836,
        "continuous_iteration_ms": 13.095041275024414,
        "frame_ms": 13.083709716796875,
        "component_sum_ms": 13.083709716796875,
        "tick_ms": 7.640292167663574,
        "dynamic_mesh_ms": 0.9923340082168579,
        "encode_ms": 1.8936669826507568,
        "admission_or_completion_ms": 2.5574159622192383
      },
      {
        "index": 609,
        "started_ms": 6923.186624999999,
        "submitted_ms": 6933.478625000001,
        "observed_completed_ms": 6937.296042,
        "start_to_observed_completion_ms": 14.109417000000576,
        "submit_to_observed_completion_ms": 3.8174169999992955,
        "continuous_iteration_ms": 14.11791706085205,
        "frame_ms": 14.10675048828125,
        "component_sum_ms": 14.10675048828125,
        "tick_ms": 7.595749855041504,
        "dynamic_mesh_ms": 0.9536250233650208,
        "encode_ms": 1.7362920045852661,
        "admission_or_completion_ms": 3.8210837841033936
      },
      {
        "index": 610,
        "started_ms": 6937.304542,
        "submitted_ms": 6947.712042,
        "observed_completed_ms": 6951.531208,
        "start_to_observed_completion_ms": 14.226666000000478,
        "submit_to_observed_completion_ms": 3.819166000000223,
        "continuous_iteration_ms": 14.235708236694336,
        "frame_ms": 14.222875595092773,
        "component_sum_ms": 14.222875595092773,
        "tick_ms": 7.546375274658203,
        "dynamic_mesh_ms": 1.0484580993652344,
        "encode_ms": 1.8040419816970825,
        "admission_or_completion_ms": 3.824000120162964
      },
      {
        "index": 611,
        "started_ms": 6951.54025,
        "submitted_ms": 6962.401958,
        "observed_completed_ms": 6964.9574999999995,
        "start_to_observed_completion_ms": 13.417249999999513,
        "submit_to_observed_completion_ms": 2.55554199999915,
        "continuous_iteration_ms": 13.4246244430542,
        "frame_ms": 13.413206100463867,
        "component_sum_ms": 13.413206100463867,
        "tick_ms": 7.966582775115967,
        "dynamic_mesh_ms": 1.0095829963684082,
        "encode_ms": 1.8774579763412476,
        "admission_or_completion_ms": 2.5595829486846924
      },
      {
        "index": 612,
        "started_ms": 6964.964875,
        "submitted_ms": 6975.323917,
        "observed_completed_ms": 6977.901,
        "start_to_observed_completion_ms": 12.936125000000175,
        "submit_to_observed_completion_ms": 2.5770830000001297,
        "continuous_iteration_ms": 12.948792457580566,
        "frame_ms": 12.933792114257812,
        "component_sum_ms": 12.933792114257812,
        "tick_ms": 7.58316707611084,
        "dynamic_mesh_ms": 0.9983749985694885,
        "encode_ms": 1.7702919244766235,
        "admission_or_completion_ms": 2.581958055496216
      },
      {
        "index": 613,
        "started_ms": 6977.913667,
        "submitted_ms": 6988.695708,
        "observed_completed_ms": 6991.251166999999,
        "start_to_observed_completion_ms": 13.337499999999636,
        "submit_to_observed_completion_ms": 2.555458999999246,
        "continuous_iteration_ms": 13.346624374389648,
        "frame_ms": 13.333166122436523,
        "component_sum_ms": 13.333166122436523,
        "tick_ms": 7.781833648681641,
        "dynamic_mesh_ms": 1.0311659574508667,
        "encode_ms": 1.961082935333252,
        "admission_or_completion_ms": 2.559084177017212
      },
      {
        "index": 614,
        "started_ms": 6991.260292,
        "submitted_ms": 7001.894499999999,
        "observed_completed_ms": 7004.468207999999,
        "start_to_observed_completion_ms": 13.207915999999386,
        "submit_to_observed_completion_ms": 2.573707999999897,
        "continuous_iteration_ms": 13.216791152954102,
        "frame_ms": 13.204500198364258,
        "component_sum_ms": 13.204500198364258,
        "tick_ms": 7.717166900634766,
        "dynamic_mesh_ms": 0.9830419421195984,
        "encode_ms": 1.926332950592041,
        "admission_or_completion_ms": 2.5779590606689453
      },
      {
        "index": 615,
        "started_ms": 7004.477083000001,
        "submitted_ms": 7015.589167,
        "observed_completed_ms": 7019.414167,
        "start_to_observed_completion_ms": 14.937083999999231,
        "submit_to_observed_completion_ms": 3.824999999999818,
        "continuous_iteration_ms": 14.945374488830566,
        "frame_ms": 14.933374404907227,
        "component_sum_ms": 14.933374404907227,
        "tick_ms": 8.289041519165039,
        "dynamic_mesh_ms": 0.9893330335617065,
        "encode_ms": 1.825124979019165,
        "admission_or_completion_ms": 3.8298749923706055
      },
      {
        "index": 616,
        "started_ms": 7019.422458,
        "submitted_ms": 7030.608083,
        "observed_completed_ms": 7034.4365419999995,
        "start_to_observed_completion_ms": 15.014083999999457,
        "submit_to_observed_completion_ms": 3.828458999999384,
        "continuous_iteration_ms": 15.025041580200195,
        "frame_ms": 15.00854206085205,
        "component_sum_ms": 15.00854206085205,
        "tick_ms": 8.131458282470703,
        "dynamic_mesh_ms": 1.1006669998168945,
        "encode_ms": 1.942915916442871,
        "admission_or_completion_ms": 3.833500862121582
      },
      {
        "index": 617,
        "started_ms": 7034.447499999999,
        "submitted_ms": 7045.301417,
        "observed_completed_ms": 7047.858,
        "start_to_observed_completion_ms": 13.410500000000866,
        "submit_to_observed_completion_ms": 2.5565830000005008,
        "continuous_iteration_ms": 13.418167114257812,
        "frame_ms": 13.40566635131836,
        "component_sum_ms": 13.40566635131836,
        "tick_ms": 7.941333770751953,
        "dynamic_mesh_ms": 0.9978749752044678,
        "encode_ms": 1.9050840139389038,
        "admission_or_completion_ms": 2.5613741874694824
      },
      {
        "index": 618,
        "started_ms": 7047.865667,
        "submitted_ms": 7058.421208000001,
        "observed_completed_ms": 7062.229958,
        "start_to_observed_completion_ms": 14.364290999999866,
        "submit_to_observed_completion_ms": 3.808749999999236,
        "continuous_iteration_ms": 14.378832817077637,
        "frame_ms": 14.363665580749512,
        "component_sum_ms": 14.363665580749512,
        "tick_ms": 7.820082664489746,
        "dynamic_mesh_ms": 0.9835830330848694,
        "encode_ms": 1.7454999685287476,
        "admission_or_completion_ms": 3.814500093460083
      },
      {
        "index": 619,
        "started_ms": 7062.244500000001,
        "submitted_ms": 7072.807083,
        "observed_completed_ms": 7076.626917,
        "start_to_observed_completion_ms": 14.382416999998895,
        "submit_to_observed_completion_ms": 3.8198339999999007,
        "continuous_iteration_ms": 14.391583442687988,
        "frame_ms": 14.378958702087402,
        "component_sum_ms": 14.378958702087402,
        "tick_ms": 7.732000350952148,
        "dynamic_mesh_ms": 1.002916932106018,
        "encode_ms": 1.819957971572876,
        "admission_or_completion_ms": 3.824083089828491
      },
      {
        "index": 620,
        "started_ms": 7076.636083,
        "submitted_ms": 7087.473,
        "observed_completed_ms": 7090.031042,
        "start_to_observed_completion_ms": 13.39495899999929,
        "submit_to_observed_completion_ms": 2.5580419999996593,
        "continuous_iteration_ms": 13.404375076293945,
        "frame_ms": 13.39154052734375,
        "component_sum_ms": 13.39154052734375,
        "tick_ms": 7.876957893371582,
        "dynamic_mesh_ms": 1.0054999589920044,
        "encode_ms": 1.9468330144882202,
        "admission_or_completion_ms": 2.5622498989105225
      },
      {
        "index": 621,
        "started_ms": 7090.0404579999995,
        "submitted_ms": 7100.8484579999995,
        "observed_completed_ms": 7104.672875,
        "start_to_observed_completion_ms": 14.632417000000714,
        "submit_to_observed_completion_ms": 3.8244170000007216,
        "continuous_iteration_ms": 14.640666961669922,
        "frame_ms": 14.628875732421875,
        "component_sum_ms": 14.628875732421875,
        "tick_ms": 7.959959030151367,
        "dynamic_mesh_ms": 0.9907500147819519,
        "encode_ms": 1.8490829467773438,
        "admission_or_completion_ms": 3.8290839195251465
      },
      {
        "index": 622,
        "started_ms": 7104.681125,
        "submitted_ms": 7115.18075,
        "observed_completed_ms": 7119.002417,
        "start_to_observed_completion_ms": 14.32129199999963,
        "submit_to_observed_completion_ms": 3.821666999999252,
        "continuous_iteration_ms": 14.330082893371582,
        "frame_ms": 14.316875457763672,
        "component_sum_ms": 14.316875457763672,
        "tick_ms": 7.689125061035156,
        "dynamic_mesh_ms": 1.0112910270690918,
        "encode_ms": 1.7914170026779175,
        "admission_or_completion_ms": 3.8250420093536377
      },
      {
        "index": 623,
        "started_ms": 7119.011208,
        "submitted_ms": 7129.666125,
        "observed_completed_ms": 7132.215,
        "start_to_observed_completion_ms": 13.203792000000249,
        "submit_to_observed_completion_ms": 2.5488750000004075,
        "continuous_iteration_ms": 13.211124420166016,
        "frame_ms": 13.200291633605957,
        "component_sum_ms": 13.200291633605957,
        "tick_ms": 7.697207927703857,
        "dynamic_mesh_ms": 0.9884999394416809,
        "encode_ms": 1.9628750085830688,
        "admission_or_completion_ms": 2.5517079830169678
      },
      {
        "index": 624,
        "started_ms": 7132.222333,
        "submitted_ms": 7142.70775,
        "observed_completed_ms": 7146.531999999999,
        "start_to_observed_completion_ms": 14.309666999999536,
        "submit_to_observed_completion_ms": 3.8242499999996653,
        "continuous_iteration_ms": 14.318875312805176,
        "frame_ms": 14.306751251220703,
        "component_sum_ms": 14.306751251220703,
        "tick_ms": 7.680167198181152,
        "dynamic_mesh_ms": 0.9946250319480896,
        "encode_ms": 1.8029999732971191,
        "admission_or_completion_ms": 3.828958034515381
      },
      {
        "index": 625,
        "started_ms": 7146.541208000001,
        "submitted_ms": 7157.025458,
        "observed_completed_ms": 7162.114458,
        "start_to_observed_completion_ms": 15.573249999999462,
        "submit_to_observed_completion_ms": 5.088999999999942,
        "continuous_iteration_ms": 15.589041709899902,
        "frame_ms": 15.569541931152344,
        "component_sum_ms": 15.569541931152344,
        "tick_ms": 7.712291240692139,
        "dynamic_mesh_ms": 1.0273749828338623,
        "encode_ms": 1.7362500429153442,
        "admission_or_completion_ms": 5.093626022338867
      },
      {
        "index": 626,
        "started_ms": 7162.130249999999,
        "submitted_ms": 7172.713500000001,
        "observed_completed_ms": 7177.786625000001,
        "start_to_observed_completion_ms": 15.65637500000139,
        "submit_to_observed_completion_ms": 5.073124999999891,
        "continuous_iteration_ms": 15.664751052856445,
        "frame_ms": 15.651124000549316,
        "component_sum_ms": 15.651124000549316,
        "tick_ms": 7.810416221618652,
        "dynamic_mesh_ms": 1.0192079544067383,
        "encode_ms": 1.7446669340133667,
        "admission_or_completion_ms": 5.0768327713012695
      },
      {
        "index": 627,
        "started_ms": 7177.795,
        "submitted_ms": 7188.434625,
        "observed_completed_ms": 7192.249208,
        "start_to_observed_completion_ms": 14.454208000000108,
        "submit_to_observed_completion_ms": 3.8145830000003116,
        "continuous_iteration_ms": 14.462750434875488,
        "frame_ms": 14.448999404907227,
        "component_sum_ms": 14.448999404907227,
        "tick_ms": 7.786541938781738,
        "dynamic_mesh_ms": 1.0538330078125,
        "encode_ms": 1.7896250486373901,
        "admission_or_completion_ms": 3.8189990520477295
      },
      {
        "index": 628,
        "started_ms": 7192.25775,
        "submitted_ms": 7202.873125,
        "observed_completed_ms": 7206.691292,
        "start_to_observed_completion_ms": 14.43354200000067,
        "submit_to_observed_completion_ms": 3.818167000000358,
        "continuous_iteration_ms": 14.44345760345459,
        "frame_ms": 14.429500579833984,
        "component_sum_ms": 14.429500579833984,
        "tick_ms": 7.785375118255615,
        "dynamic_mesh_ms": 1.00266695022583,
        "encode_ms": 1.8190829753875732,
        "admission_or_completion_ms": 3.8223750591278076
      },
      {
        "index": 629,
        "started_ms": 7206.701208,
        "submitted_ms": 7217.590125,
        "observed_completed_ms": 7222.700875,
        "start_to_observed_completion_ms": 15.999667000000045,
        "submit_to_observed_completion_ms": 5.110750000000735,
        "continuous_iteration_ms": 16.0089168548584,
        "frame_ms": 15.997125625610352,
        "component_sum_ms": 15.997125625610352,
        "tick_ms": 7.8772501945495605,
        "dynamic_mesh_ms": 1.0070420503616333,
        "encode_ms": 1.9978750944137573,
        "admission_or_completion_ms": 5.114957809448242
      },
      {
        "index": 630,
        "started_ms": 7222.710125,
        "submitted_ms": 7233.552708,
        "observed_completed_ms": 7239.95125,
        "start_to_observed_completion_ms": 17.241125000000466,
        "submit_to_observed_completion_ms": 6.398541999999907,
        "continuous_iteration_ms": 17.25112533569336,
        "frame_ms": 17.238250732421875,
        "component_sum_ms": 17.238250732421875,
        "tick_ms": 7.950708389282227,
        "dynamic_mesh_ms": 1.0065419673919678,
        "encode_ms": 1.8765408992767334,
        "admission_or_completion_ms": 6.404458999633789
      },
      {
        "index": 631,
        "started_ms": 7239.96125,
        "submitted_ms": 7250.926125,
        "observed_completed_ms": 7257.280583,
        "start_to_observed_completion_ms": 17.31933299999946,
        "submit_to_observed_completion_ms": 6.354457999999795,
        "continuous_iteration_ms": 17.32754135131836,
        "frame_ms": 17.316125869750977,
        "component_sum_ms": 17.316125869750977,
        "tick_ms": 8.067167282104492,
        "dynamic_mesh_ms": 1.0231250524520874,
        "encode_ms": 1.8664170503616333,
        "admission_or_completion_ms": 6.359416961669922
      },
      {
        "index": 632,
        "started_ms": 7257.288791999999,
        "submitted_ms": 7268.058083,
        "observed_completed_ms": 7274.376542,
        "start_to_observed_completion_ms": 17.087750000000597,
        "submit_to_observed_completion_ms": 6.318459000000075,
        "continuous_iteration_ms": 17.095417022705078,
        "frame_ms": 17.083999633789062,
        "component_sum_ms": 17.083999633789062,
        "tick_ms": 7.929291725158691,
        "dynamic_mesh_ms": 0.9890829920768738,
        "encode_ms": 1.842790961265564,
        "admission_or_completion_ms": 6.322834014892578
      },
      {
        "index": 633,
        "started_ms": 7274.3842079999995,
        "submitted_ms": 7285.064542,
        "observed_completed_ms": 7288.873542,
        "start_to_observed_completion_ms": 14.489334000000781,
        "submit_to_observed_completion_ms": 3.8090000000001965,
        "continuous_iteration_ms": 14.496459007263184,
        "frame_ms": 14.486166000366211,
        "component_sum_ms": 14.486166000366211,
        "tick_ms": 7.78849983215332,
        "dynamic_mesh_ms": 0.9918330311775208,
        "encode_ms": 1.8921250104904175,
        "admission_or_completion_ms": 3.8137080669403076
      },
      {
        "index": 634,
        "started_ms": 7288.880667,
        "submitted_ms": 7299.445917,
        "observed_completed_ms": 7309.513,
        "start_to_observed_completion_ms": 20.632332999999562,
        "submit_to_observed_completion_ms": 10.067082999999911,
        "continuous_iteration_ms": 20.642793655395508,
        "frame_ms": 20.629749298095703,
        "component_sum_ms": 20.629749298095703,
        "tick_ms": 7.727624893188477,
        "dynamic_mesh_ms": 0.9824159741401672,
        "encode_ms": 1.8471250534057617,
        "admission_or_completion_ms": 10.072583198547363
      },
      {
        "index": 635,
        "started_ms": 7309.523458000001,
        "submitted_ms": 7320.167292,
        "observed_completed_ms": 7322.722458,
        "start_to_observed_completion_ms": 13.198999999999614,
        "submit_to_observed_completion_ms": 2.5551660000000993,
        "continuous_iteration_ms": 13.207624435424805,
        "frame_ms": 13.196542739868164,
        "component_sum_ms": 13.196542739868164,
        "tick_ms": 7.695542335510254,
        "dynamic_mesh_ms": 0.981749951839447,
        "encode_ms": 1.9596248865127563,
        "admission_or_completion_ms": 2.5596251487731934
      },
      {
        "index": 636,
        "started_ms": 7322.731083,
        "submitted_ms": 7333.349792,
        "observed_completed_ms": 7339.436625,
        "start_to_observed_completion_ms": 16.705542000000605,
        "submit_to_observed_completion_ms": 6.086833000000297,
        "continuous_iteration_ms": 16.713624954223633,
        "frame_ms": 16.702167510986328,
        "component_sum_ms": 16.702167510986328,
        "tick_ms": 7.7623748779296875,
        "dynamic_mesh_ms": 0.9953340291976929,
        "encode_ms": 1.8537919521331787,
        "admission_or_completion_ms": 6.090665817260742
      },
      {
        "index": 637,
        "started_ms": 7339.444708,
        "submitted_ms": 7350.017417,
        "observed_completed_ms": 7355.10125,
        "start_to_observed_completion_ms": 15.656541999999718,
        "submit_to_observed_completion_ms": 5.083832999999686,
        "continuous_iteration_ms": 15.666125297546387,
        "frame_ms": 15.653667449951172,
        "component_sum_ms": 15.653667449951172,
        "tick_ms": 7.842750072479248,
        "dynamic_mesh_ms": 0.984375,
        "encode_ms": 1.738792061805725,
        "admission_or_completion_ms": 5.08774995803833
      },
      {
        "index": 638,
        "started_ms": 7355.110833000001,
        "submitted_ms": 7366.387291999999,
        "observed_completed_ms": 7372.730417,
        "start_to_observed_completion_ms": 17.619583999999122,
        "submit_to_observed_completion_ms": 6.343125000000327,
        "continuous_iteration_ms": 17.629291534423828,
        "frame_ms": 17.615917205810547,
        "component_sum_ms": 17.615917205810547,
        "tick_ms": 8.437958717346191,
        "dynamic_mesh_ms": 0.9947910308837891,
        "encode_ms": 1.8346670866012573,
        "admission_or_completion_ms": 6.348499774932861
      },
      {
        "index": 639,
        "started_ms": 7372.740125,
        "submitted_ms": 7383.292875,
        "observed_completed_ms": 7388.147042,
        "start_to_observed_completion_ms": 15.40691699999934,
        "submit_to_observed_completion_ms": 4.8541669999995065,
        "continuous_iteration_ms": 15.416625022888184,
        "frame_ms": 15.403791427612305,
        "component_sum_ms": 15.403791427612305,
        "tick_ms": 7.833958625793457,
        "dynamic_mesh_ms": 0.9605000019073486,
        "encode_ms": 1.7506250143051147,
        "admission_or_completion_ms": 4.858707904815674
      },
      {
        "index": 640,
        "started_ms": 7388.15675,
        "submitted_ms": 7398.725792,
        "observed_completed_ms": 7404.925417,
        "start_to_observed_completion_ms": 16.768667000000278,
        "submit_to_observed_completion_ms": 6.1996250000001965,
        "continuous_iteration_ms": 16.777624130249023,
        "frame_ms": 16.764667510986328,
        "component_sum_ms": 16.764667510986328,
        "tick_ms": 7.790791988372803,
        "dynamic_mesh_ms": 0.990791916847229,
        "encode_ms": 1.778709053993225,
        "admission_or_completion_ms": 6.204373836517334
      },
      {
        "index": 641,
        "started_ms": 7404.934375,
        "submitted_ms": 7415.54875,
        "observed_completed_ms": 7420.633333,
        "start_to_observed_completion_ms": 15.698957999999948,
        "submit_to_observed_completion_ms": 5.084582999999839,
        "continuous_iteration_ms": 15.707625389099121,
        "frame_ms": 15.695833206176758,
        "component_sum_ms": 15.695833206176758,
        "tick_ms": 7.792375087738037,
        "dynamic_mesh_ms": 0.9893330335617065,
        "encode_ms": 1.824167013168335,
        "admission_or_completion_ms": 5.089958667755127
      },
      {
        "index": 642,
        "started_ms": 7420.642,
        "submitted_ms": 7431.369625,
        "observed_completed_ms": 7436.444917,
        "start_to_observed_completion_ms": 15.80291699999998,
        "submit_to_observed_completion_ms": 5.075291999999536,
        "continuous_iteration_ms": 15.811458587646484,
        "frame_ms": 15.798458099365234,
        "component_sum_ms": 15.798458099365234,
        "tick_ms": 7.894249439239502,
        "dynamic_mesh_ms": 1.0327500104904175,
        "encode_ms": 1.79087495803833,
        "admission_or_completion_ms": 5.080583095550537
      },
      {
        "index": 643,
        "started_ms": 7436.453458,
        "submitted_ms": 7446.983792,
        "observed_completed_ms": 7450.8175,
        "start_to_observed_completion_ms": 14.364042000000154,
        "submit_to_observed_completion_ms": 3.833708000000115,
        "continuous_iteration_ms": 14.376250267028809,
        "frame_ms": 14.353418350219727,
        "component_sum_ms": 14.353418350219727,
        "tick_ms": 7.7370829582214355,
        "dynamic_mesh_ms": 1.0452499389648438,
        "encode_ms": 1.7299590110778809,
        "admission_or_completion_ms": 3.841125011444092
      },
      {
        "index": 644,
        "started_ms": 7450.829707999999,
        "submitted_ms": 7461.568083,
        "observed_completed_ms": 7465.383916999999,
        "start_to_observed_completion_ms": 14.5542089999999,
        "submit_to_observed_completion_ms": 3.815833999999086,
        "continuous_iteration_ms": 14.562125205993652,
        "frame_ms": 14.550167083740234,
        "component_sum_ms": 14.550167083740234,
        "tick_ms": 7.918458461761475,
        "dynamic_mesh_ms": 1.0236670970916748,
        "encode_ms": 1.7880409955978394,
        "admission_or_completion_ms": 3.820000171661377
      },
      {
        "index": 645,
        "started_ms": 7465.391833,
        "submitted_ms": 7476.0515,
        "observed_completed_ms": 7482.397749999999,
        "start_to_observed_completion_ms": 17.0059169999995,
        "submit_to_observed_completion_ms": 6.3462499999996,
        "continuous_iteration_ms": 17.01495933532715,
        "frame_ms": 17.003040313720703,
        "component_sum_ms": 17.003040313720703,
        "tick_ms": 7.830582618713379,
        "dynamic_mesh_ms": 0.9919999837875366,
        "encode_ms": 1.8296669721603394,
        "admission_or_completion_ms": 6.350791931152344
      },
      {
        "index": 646,
        "started_ms": 7482.406792,
        "submitted_ms": 7493.0105,
        "observed_completed_ms": 7496.825417,
        "start_to_observed_completion_ms": 14.418625000000247,
        "submit_to_observed_completion_ms": 3.8149169999996957,
        "continuous_iteration_ms": 14.427041053771973,
        "frame_ms": 14.415249824523926,
        "component_sum_ms": 14.415249824523926,
        "tick_ms": 7.763833045959473,
        "dynamic_mesh_ms": 0.989333987236023,
        "encode_ms": 1.8422080278396606,
        "admission_or_completion_ms": 3.8198747634887695
      },
      {
        "index": 647,
        "started_ms": 7496.833833000001,
        "submitted_ms": 7507.300749999999,
        "observed_completed_ms": 7514.889458,
        "start_to_observed_completion_ms": 18.055624999999054,
        "submit_to_observed_completion_ms": 7.588708000000224,
        "continuous_iteration_ms": 18.063623428344727,
        "frame_ms": 18.052289962768555,
        "component_sum_ms": 18.052289962768555,
        "tick_ms": 7.634374618530273,
        "dynamic_mesh_ms": 0.9682910442352295,
        "encode_ms": 1.856166958808899,
        "admission_or_completion_ms": 7.5934576988220215
      },
      {
        "index": 648,
        "started_ms": 7514.897458,
        "submitted_ms": 7525.148583,
        "observed_completed_ms": 7528.9722919999995,
        "start_to_observed_completion_ms": 14.0748339999991,
        "submit_to_observed_completion_ms": 3.823708999999326,
        "continuous_iteration_ms": 14.082709312438965,
        "frame_ms": 14.071542739868164,
        "component_sum_ms": 14.071542739868164,
        "tick_ms": 7.534250259399414,
        "dynamic_mesh_ms": 0.9685419797897339,
        "encode_ms": 1.7409999370574951,
        "admission_or_completion_ms": 3.8277499675750732
      },
      {
        "index": 649,
        "started_ms": 7528.980167000001,
        "submitted_ms": 7539.516708,
        "observed_completed_ms": 7543.350333,
        "start_to_observed_completion_ms": 14.3701659999997,
        "submit_to_observed_completion_ms": 3.833625000000211,
        "continuous_iteration_ms": 14.381625175476074,
        "frame_ms": 14.366583824157715,
        "component_sum_ms": 14.366583824157715,
        "tick_ms": 7.695583343505859,
        "dynamic_mesh_ms": 1.021333932876587,
        "encode_ms": 1.8121249675750732,
        "admission_or_completion_ms": 3.8375418186187744
      },
      {
        "index": 650,
        "started_ms": 7543.361792,
        "submitted_ms": 7553.827917,
        "observed_completed_ms": 7558.718792,
        "start_to_observed_completion_ms": 15.356999999999971,
        "submit_to_observed_completion_ms": 4.890875000000051,
        "continuous_iteration_ms": 15.36604118347168,
        "frame_ms": 15.35354232788086,
        "component_sum_ms": 15.35354232788086,
        "tick_ms": 7.675374984741211,
        "dynamic_mesh_ms": 0.9610829949378967,
        "encode_ms": 1.8203339576721191,
        "admission_or_completion_ms": 4.896749496459961
      },
      {
        "index": 651,
        "started_ms": 7558.727833,
        "submitted_ms": 7569.5163330000005,
        "observed_completed_ms": 7574.58575,
        "start_to_observed_completion_ms": 15.85791700000027,
        "submit_to_observed_completion_ms": 5.069416999999703,
        "continuous_iteration_ms": 15.867583274841309,
        "frame_ms": 15.855415344238281,
        "component_sum_ms": 15.855415344238281,
        "tick_ms": 7.882875442504883,
        "dynamic_mesh_ms": 0.9796250462532043,
        "encode_ms": 1.919124960899353,
        "admission_or_completion_ms": 5.073791027069092
      },
      {
        "index": 652,
        "started_ms": 7574.595417,
        "submitted_ms": 7584.9065,
        "observed_completed_ms": 7589.971125,
        "start_to_observed_completion_ms": 15.375707999999577,
        "submit_to_observed_completion_ms": 5.064624999999978,
        "continuous_iteration_ms": 15.383832931518555,
        "frame_ms": 15.373416900634766,
        "component_sum_ms": 15.373416900634766,
        "tick_ms": 7.518792152404785,
        "dynamic_mesh_ms": 0.963916003704071,
        "encode_ms": 1.8225420713424683,
        "admission_or_completion_ms": 5.068167209625244
      },
      {
        "index": 653,
        "started_ms": 7589.979249999999,
        "submitted_ms": 7600.567583,
        "observed_completed_ms": 7606.782083,
        "start_to_observed_completion_ms": 16.802833000000646,
        "submit_to_observed_completion_ms": 6.214500000000044,
        "continuous_iteration_ms": 16.811376571655273,
        "frame_ms": 16.79975128173828,
        "component_sum_ms": 16.79975128173828,
        "tick_ms": 7.798208713531494,
        "dynamic_mesh_ms": 0.9964579939842224,
        "encode_ms": 1.785957932472229,
        "admission_or_completion_ms": 6.219126224517822
      },
      {
        "index": 654,
        "started_ms": 7606.790625000001,
        "submitted_ms": 7617.32075,
        "observed_completed_ms": 7622.210958000001,
        "start_to_observed_completion_ms": 15.420333000000028,
        "submit_to_observed_completion_ms": 4.890208000000712,
        "continuous_iteration_ms": 15.42791748046875,
        "frame_ms": 15.417163848876953,
        "component_sum_ms": 15.417163848876953,
        "tick_ms": 7.742415904998779,
        "dynamic_mesh_ms": 0.9928330779075623,
        "encode_ms": 1.7869999408721924,
        "admission_or_completion_ms": 4.89491605758667
      },
      {
        "index": 655,
        "started_ms": 7622.218542,
        "submitted_ms": 7632.55925,
        "observed_completed_ms": 7640.152666999999,
        "start_to_observed_completion_ms": 17.934124999999767,
        "submit_to_observed_completion_ms": 7.593416999999135,
        "continuous_iteration_ms": 17.943038940429688,
        "frame_ms": 17.931123733520508,
        "component_sum_ms": 17.931123733520508,
        "tick_ms": 7.5482497215271,
        "dynamic_mesh_ms": 0.9861249923706055,
        "encode_ms": 1.7984169721603394,
        "admission_or_completion_ms": 7.59833288192749
      },
      {
        "index": 656,
        "started_ms": 7640.161583,
        "submitted_ms": 7650.564208000001,
        "observed_completed_ms": 7655.639625,
        "start_to_observed_completion_ms": 15.478041999999732,
        "submit_to_observed_completion_ms": 5.075416999999106,
        "continuous_iteration_ms": 15.485666275024414,
        "frame_ms": 15.474916458129883,
        "component_sum_ms": 15.474916458129883,
        "tick_ms": 7.672499656677246,
        "dynamic_mesh_ms": 0.9559159874916077,
        "encode_ms": 1.7672079801559448,
        "admission_or_completion_ms": 5.079292297363281
      },
      {
        "index": 657,
        "started_ms": 7655.64725,
        "submitted_ms": 7666.170958000001,
        "observed_completed_ms": 7672.500916999999,
        "start_to_observed_completion_ms": 16.853666999999405,
        "submit_to_observed_completion_ms": 6.32995899999878,
        "continuous_iteration_ms": 16.86250114440918,
        "frame_ms": 16.850873947143555,
        "component_sum_ms": 16.850873947143555,
        "tick_ms": 7.74633264541626,
        "dynamic_mesh_ms": 0.9879999756813049,
        "encode_ms": 1.7821249961853027,
        "admission_or_completion_ms": 6.334415912628174
      },
      {
        "index": 658,
        "started_ms": 7672.509749999999,
        "submitted_ms": 7682.892083000001,
        "observed_completed_ms": 7687.971958,
        "start_to_observed_completion_ms": 15.462208000000828,
        "submit_to_observed_completion_ms": 5.079874999999447,
        "continuous_iteration_ms": 15.471291542053223,
        "frame_ms": 15.459206581115723,
        "component_sum_ms": 15.459206581115723,
        "tick_ms": 7.744708061218262,
        "dynamic_mesh_ms": 0.9375829696655273,
        "encode_ms": 1.6933330297470093,
        "admission_or_completion_ms": 5.083582878112793
      },
      {
        "index": 659,
        "started_ms": 7687.981041999999,
        "submitted_ms": 7698.6315,
        "observed_completed_ms": 7703.711375,
        "start_to_observed_completion_ms": 15.730333000000428,
        "submit_to_observed_completion_ms": 5.079874999999447,
        "continuous_iteration_ms": 15.739624977111816,
        "frame_ms": 15.726789474487305,
        "component_sum_ms": 15.726789474487305,
        "tick_ms": 7.836874485015869,
        "dynamic_mesh_ms": 0.995415985584259,
        "encode_ms": 1.8097920417785645,
        "admission_or_completion_ms": 5.084707736968994
      },
      {
        "index": 660,
        "started_ms": 7703.720667,
        "submitted_ms": 7715.201417,
        "observed_completed_ms": 7720.309917,
        "start_to_observed_completion_ms": 16.589249999999993,
        "submit_to_observed_completion_ms": 5.108499999999367,
        "continuous_iteration_ms": 16.621665954589844,
        "frame_ms": 16.5853328704834,
        "component_sum_ms": 16.5853328704834,
        "tick_ms": 8.585166931152344,
        "dynamic_mesh_ms": 1.010957956314087,
        "encode_ms": 1.8755840063095093,
        "admission_or_completion_ms": 5.113624095916748
      },
      {
        "index": 661,
        "started_ms": 7720.342333,
        "submitted_ms": 7731.0885,
        "observed_completed_ms": 7739.948292,
        "start_to_observed_completion_ms": 19.60595900000044,
        "submit_to_observed_completion_ms": 8.859792000000198,
        "continuous_iteration_ms": 19.614999771118164,
        "frame_ms": 19.60150146484375,
        "component_sum_ms": 19.60150146484375,
        "tick_ms": 7.886958122253418,
        "dynamic_mesh_ms": 1.044834017753601,
        "encode_ms": 1.8050830364227295,
        "admission_or_completion_ms": 8.864624977111816
      },
      {
        "index": 662,
        "started_ms": 7739.957332999999,
        "submitted_ms": 7749.749542,
        "observed_completed_ms": 7754.821833,
        "start_to_observed_completion_ms": 14.86450000000059,
        "submit_to_observed_completion_ms": 5.072291000000405,
        "continuous_iteration_ms": 14.874334335327148,
        "frame_ms": 14.86166763305664,
        "component_sum_ms": 14.86166763305664,
        "tick_ms": 7.0069169998168945,
        "dynamic_mesh_ms": 0.9957499504089355,
        "encode_ms": 1.782459020614624,
        "admission_or_completion_ms": 5.076541423797607
      },
      {
        "index": 663,
        "started_ms": 7754.831667,
        "submitted_ms": 7763.376667,
        "observed_completed_ms": 7767.186041999999,
        "start_to_observed_completion_ms": 12.354374999998981,
        "submit_to_observed_completion_ms": 3.8093749999989086,
        "continuous_iteration_ms": 12.36270809173584,
        "frame_ms": 12.350332260131836,
        "component_sum_ms": 12.350332260131836,
        "tick_ms": 5.670915603637695,
        "dynamic_mesh_ms": 1.0552499294281006,
        "encode_ms": 1.810041904449463,
        "admission_or_completion_ms": 3.8141250610351562
      },
      {
        "index": 664,
        "started_ms": 7767.194375,
        "submitted_ms": 7775.712750000001,
        "observed_completed_ms": 7779.548207999999,
        "start_to_observed_completion_ms": 12.353832999999213,
        "submit_to_observed_completion_ms": 3.8354579999986527,
        "continuous_iteration_ms": 12.36412525177002,
        "frame_ms": 12.350873947143555,
        "component_sum_ms": 12.350873947143555,
        "tick_ms": 5.715458393096924,
        "dynamic_mesh_ms": 0.9824159741401672,
        "encode_ms": 1.8138329982757568,
        "admission_or_completion_ms": 3.8391671180725098
      },
      {
        "index": 665,
        "started_ms": 7779.5585,
        "submitted_ms": 7788.043,
        "observed_completed_ms": 7795.6298750000005,
        "start_to_observed_completion_ms": 16.071375000000444,
        "submit_to_observed_completion_ms": 7.586875000000873,
        "continuous_iteration_ms": 16.079792022705078,
        "frame_ms": 16.068456649780273,
        "component_sum_ms": 16.068456649780273,
        "tick_ms": 5.596749782562256,
        "dynamic_mesh_ms": 0.9752499461174011,
        "encode_ms": 1.90529203414917,
        "admission_or_completion_ms": 7.591166019439697
      },
      {
        "index": 666,
        "started_ms": 7795.638292,
        "submitted_ms": 7803.933,
        "observed_completed_ms": 7806.481083,
        "start_to_observed_completion_ms": 10.842791000000034,
        "submit_to_observed_completion_ms": 2.5480829999996786,
        "continuous_iteration_ms": 10.850458145141602,
        "frame_ms": 10.83950138092041,
        "component_sum_ms": 10.83950138092041,
        "tick_ms": 5.463709354400635,
        "dynamic_mesh_ms": 0.99195796251297,
        "encode_ms": 1.8315420150756836,
        "admission_or_completion_ms": 2.5522921085357666
      },
      {
        "index": 667,
        "started_ms": 7806.4887499999995,
        "submitted_ms": 7814.876083,
        "observed_completed_ms": 7821.210083000001,
        "start_to_observed_completion_ms": 14.721333000001323,
        "submit_to_observed_completion_ms": 6.334000000000742,
        "continuous_iteration_ms": 14.729499816894531,
        "frame_ms": 14.718208312988281,
        "component_sum_ms": 14.718208312988281,
        "tick_ms": 5.645750045776367,
        "dynamic_mesh_ms": 0.9856249690055847,
        "encode_ms": 1.7481249570846558,
        "admission_or_completion_ms": 6.338708877563477
      },
      {
        "index": 668,
        "started_ms": 7821.21825,
        "submitted_ms": 7829.435792,
        "observed_completed_ms": 7833.248375,
        "start_to_observed_completion_ms": 12.030125000000226,
        "submit_to_observed_completion_ms": 3.812582999999904,
        "continuous_iteration_ms": 12.039999961853027,
        "frame_ms": 12.027334213256836,
        "component_sum_ms": 12.027334213256836,
        "tick_ms": 5.440459251403809,
        "dynamic_mesh_ms": 0.975832998752594,
        "encode_ms": 1.7940839529037476,
        "admission_or_completion_ms": 3.816957950592041
      },
      {
        "index": 669,
        "started_ms": 7833.25825,
        "submitted_ms": 7841.858,
        "observed_completed_ms": 7845.6810829999995,
        "start_to_observed_completion_ms": 12.422832999999628,
        "submit_to_observed_completion_ms": 3.823082999999315,
        "continuous_iteration_ms": 12.431207656860352,
        "frame_ms": 12.419624328613281,
        "component_sum_ms": 12.419624328613281,
        "tick_ms": 5.804374694824219,
        "dynamic_mesh_ms": 0.9944579601287842,
        "encode_ms": 1.7938330173492432,
        "admission_or_completion_ms": 3.8269588947296143
      },
      {
        "index": 670,
        "started_ms": 7845.689458,
        "submitted_ms": 7854.022875,
        "observed_completed_ms": 7856.572583,
        "start_to_observed_completion_ms": 10.883125000000291,
        "submit_to_observed_completion_ms": 2.5497080000004644,
        "continuous_iteration_ms": 10.89074993133545,
        "frame_ms": 10.879792213439941,
        "component_sum_ms": 10.879792213439941,
        "tick_ms": 5.449542045593262,
        "dynamic_mesh_ms": 1.0087089538574219,
        "encode_ms": 1.8686670064926147,
        "admission_or_completion_ms": 2.552874803543091
      },
      {
        "index": 671,
        "started_ms": 7856.580208,
        "submitted_ms": 7864.836667,
        "observed_completed_ms": 7871.164167,
        "start_to_observed_completion_ms": 14.583958999999595,
        "submit_to_observed_completion_ms": 6.327500000000327,
        "continuous_iteration_ms": 14.592916488647461,
        "frame_ms": 14.580957412719727,
        "component_sum_ms": 14.580957412719727,
        "tick_ms": 5.462666988372803,
        "dynamic_mesh_ms": 0.9879580736160278,
        "encode_ms": 1.798875093460083,
        "admission_or_completion_ms": 6.331457614898682
      },
      {
        "index": 672,
        "started_ms": 7871.173125,
        "submitted_ms": 7879.510375,
        "observed_completed_ms": 7883.3165,
        "start_to_observed_completion_ms": 12.14337499999965,
        "submit_to_observed_completion_ms": 3.8061250000000655,
        "continuous_iteration_ms": 12.151000022888184,
        "frame_ms": 12.139376640319824,
        "component_sum_ms": 12.139376640319824,
        "tick_ms": 5.487584114074707,
        "dynamic_mesh_ms": 1.029708981513977,
        "encode_ms": 1.8118330240249634,
        "admission_or_completion_ms": 3.8102500438690186
      },
      {
        "index": 673,
        "started_ms": 7883.324125,
        "submitted_ms": 7891.609583,
        "observed_completed_ms": 7895.4301669999995,
        "start_to_observed_completion_ms": 12.106041999999434,
        "submit_to_observed_completion_ms": 3.820583999999144,
        "continuous_iteration_ms": 12.114666938781738,
        "frame_ms": 12.103541374206543,
        "component_sum_ms": 12.103541374206543,
        "tick_ms": 5.490209102630615,
        "dynamic_mesh_ms": 0.9881659746170044,
        "encode_ms": 1.800125002861023,
        "admission_or_completion_ms": 3.8250420093536377
      },
      {
        "index": 674,
        "started_ms": 7895.438792,
        "submitted_ms": 7903.6304580000005,
        "observed_completed_ms": 7906.175917,
        "start_to_observed_completion_ms": 10.73712499999965,
        "submit_to_observed_completion_ms": 2.5454589999990276,
        "continuous_iteration_ms": 10.743457794189453,
        "frame_ms": 10.733624458312988,
        "component_sum_ms": 10.733624458312988,
        "tick_ms": 5.4076666831970215,
        "dynamic_mesh_ms": 0.9856659173965454,
        "encode_ms": 1.791458010673523,
        "admission_or_completion_ms": 2.5488338470458984
      },
      {
        "index": 675,
        "started_ms": 7906.18225,
        "submitted_ms": 7914.217833000001,
        "observed_completed_ms": 7918.016417000001,
        "start_to_observed_completion_ms": 11.834167000000889,
        "submit_to_observed_completion_ms": 3.798584000000119,
        "continuous_iteration_ms": 11.841124534606934,
        "frame_ms": 11.83104133605957,
        "component_sum_ms": 11.83104133605957,
        "tick_ms": 5.369625091552734,
        "dynamic_mesh_ms": 0.9985830187797546,
        "encode_ms": 1.6606249809265137,
        "admission_or_completion_ms": 3.802208185195923
      },
      {
        "index": 676,
        "started_ms": 7918.023375,
        "submitted_ms": 7926.365125,
        "observed_completed_ms": 7931.455125,
        "start_to_observed_completion_ms": 13.431750000000648,
        "submit_to_observed_completion_ms": 5.0900000000001455,
        "continuous_iteration_ms": 13.440749168395996,
        "frame_ms": 13.429083824157715,
        "component_sum_ms": 13.429083824157715,
        "tick_ms": 5.553250312805176,
        "dynamic_mesh_ms": 0.9716249704360962,
        "encode_ms": 1.8108329772949219,
        "admission_or_completion_ms": 5.093375205993652
      },
      {
        "index": 677,
        "started_ms": 7931.4641249999995,
        "submitted_ms": 7939.9299169999995,
        "observed_completed_ms": 7946.235583,
        "start_to_observed_completion_ms": 14.771458000000166,
        "submit_to_observed_completion_ms": 6.305666000000201,
        "continuous_iteration_ms": 14.78012466430664,
        "frame_ms": 14.767999649047852,
        "component_sum_ms": 14.767999649047852,
        "tick_ms": 5.626291275024414,
        "dynamic_mesh_ms": 1.0092920064926147,
        "encode_ms": 1.8214590549468994,
        "admission_or_completion_ms": 6.310957431793213
      },
      {
        "index": 678,
        "started_ms": 7946.244250000001,
        "submitted_ms": 7954.599458,
        "observed_completed_ms": 7958.407667,
        "start_to_observed_completion_ms": 12.163416999999754,
        "submit_to_observed_completion_ms": 3.8082090000007156,
        "continuous_iteration_ms": 12.172124862670898,
        "frame_ms": 12.15958309173584,
        "component_sum_ms": 12.15958309173584,
        "tick_ms": 5.379666328430176,
        "dynamic_mesh_ms": 1.052625060081482,
        "encode_ms": 1.914915919303894,
        "admission_or_completion_ms": 3.812375783920288
      },
      {
        "index": 679,
        "started_ms": 7958.416375,
        "submitted_ms": 7967.035167,
        "observed_completed_ms": 7970.856667,
        "start_to_observed_completion_ms": 12.440292000000227,
        "submit_to_observed_completion_ms": 3.8215000000000146,
        "continuous_iteration_ms": 12.449000358581543,
        "frame_ms": 12.43620777130127,
        "component_sum_ms": 12.43620777130127,
        "tick_ms": 5.747541904449463,
        "dynamic_mesh_ms": 1.0450830459594727,
        "encode_ms": 1.8169169425964355,
        "admission_or_completion_ms": 3.8266658782958984
      },
      {
        "index": 680,
        "started_ms": 7970.865374999999,
        "submitted_ms": 7979.048041999999,
        "observed_completed_ms": 7982.861083,
        "start_to_observed_completion_ms": 11.995708000000377,
        "submit_to_observed_completion_ms": 3.8130410000003394,
        "continuous_iteration_ms": 12.003541946411133,
        "frame_ms": 11.992457389831543,
        "component_sum_ms": 11.992457389831543,
        "tick_ms": 5.365500450134277,
        "dynamic_mesh_ms": 0.9955829977989197,
        "encode_ms": 1.8149999380111694,
        "admission_or_completion_ms": 3.816373825073242
      },
      {
        "index": 681,
        "started_ms": 7982.868917,
        "submitted_ms": 7991.027042,
        "observed_completed_ms": 7997.351042,
        "start_to_observed_completion_ms": 14.482125000000451,
        "submit_to_observed_completion_ms": 6.324000000000524,
        "continuous_iteration_ms": 14.49162483215332,
        "frame_ms": 14.479499816894531,
        "component_sum_ms": 14.479499816894531,
        "tick_ms": 5.3770833015441895,
        "dynamic_mesh_ms": 0.9897920489311218,
        "encode_ms": 1.7835839986801147,
        "admission_or_completion_ms": 6.329041004180908
      },
      {
        "index": 682,
        "started_ms": 7997.360542,
        "submitted_ms": 8005.3881249999995,
        "observed_completed_ms": 8009.202542000001,
        "start_to_observed_completion_ms": 11.842000000000553,
        "submit_to_observed_completion_ms": 3.814417000001413,
        "continuous_iteration_ms": 11.85041618347168,
        "frame_ms": 11.838499069213867,
        "component_sum_ms": 11.838499069213867,
        "tick_ms": 5.254957675933838,
        "dynamic_mesh_ms": 0.9916660189628601,
        "encode_ms": 1.7746669054031372,
        "admission_or_completion_ms": 3.817208766937256
      },
      {
        "index": 683,
        "started_ms": 8009.210958000001,
        "submitted_ms": 8017.092458,
        "observed_completed_ms": 8020.915667,
        "start_to_observed_completion_ms": 11.704708999999639,
        "submit_to_observed_completion_ms": 3.8232090000001335,
        "continuous_iteration_ms": 11.713833808898926,
        "frame_ms": 11.701957702636719,
        "component_sum_ms": 11.701957702636719,
        "tick_ms": 5.202917098999023,
        "dynamic_mesh_ms": 0.9707499742507935,
        "encode_ms": 1.702415943145752,
        "admission_or_completion_ms": 3.8258750438690186
      },
      {
        "index": 684,
        "started_ms": 8020.924792000001,
        "submitted_ms": 8029.0080419999995,
        "observed_completed_ms": 8031.565750000001,
        "start_to_observed_completion_ms": 10.640957999999955,
        "submit_to_observed_completion_ms": 2.5577080000011847,
        "continuous_iteration_ms": 10.64799976348877,
        "frame_ms": 10.637748718261719,
        "component_sum_ms": 10.637748718261719,
        "tick_ms": 5.055833339691162,
        "dynamic_mesh_ms": 0.9862079620361328,
        "encode_ms": 2.0355000495910645,
        "admission_or_completion_ms": 2.560206890106201
      },
      {
        "index": 685,
        "started_ms": 8031.572792000001,
        "submitted_ms": 8039.527958000001,
        "observed_completed_ms": 8048.374958,
        "start_to_observed_completion_ms": 16.802165999999488,
        "submit_to_observed_completion_ms": 8.846999999999753,
        "continuous_iteration_ms": 16.81191635131836,
        "frame_ms": 16.799667358398438,
        "component_sum_ms": 16.799667358398438,
        "tick_ms": 5.091958045959473,
        "dynamic_mesh_ms": 0.9962499737739563,
        "encode_ms": 1.8617080450057983,
        "admission_or_completion_ms": 8.849750518798828
      },
      {
        "index": 686,
        "started_ms": 8048.3847080000005,
        "submitted_ms": 8056.478167,
        "observed_completed_ms": 8059.046500000001,
        "start_to_observed_completion_ms": 10.661792000000787,
        "submit_to_observed_completion_ms": 2.5683330000010756,
        "continuous_iteration_ms": 10.670291900634766,
        "frame_ms": 10.657626152038574,
        "component_sum_ms": 10.657626152038574,
        "tick_ms": 5.2951250076293945,
        "dynamic_mesh_ms": 0.9926249980926514,
        "encode_ms": 1.7972090244293213,
        "admission_or_completion_ms": 2.572667121887207
      },
      {
        "index": 687,
        "started_ms": 8059.055,
        "submitted_ms": 8067.107916999999,
        "observed_completed_ms": 8073.4335,
        "start_to_observed_completion_ms": 14.378499999999804,
        "submit_to_observed_completion_ms": 6.325583000000734,
        "continuous_iteration_ms": 14.387249946594238,
        "frame_ms": 14.375249862670898,
        "component_sum_ms": 14.375249862670898,
        "tick_ms": 5.251791000366211,
        "dynamic_mesh_ms": 0.9882920384407043,
        "encode_ms": 1.805083990097046,
        "admission_or_completion_ms": 6.330082893371582
      },
      {
        "index": 688,
        "started_ms": 8073.442249999999,
        "submitted_ms": 8081.498874999999,
        "observed_completed_ms": 8087.933166999999,
        "start_to_observed_completion_ms": 14.490917000000081,
        "submit_to_observed_completion_ms": 6.434291999999914,
        "continuous_iteration_ms": 14.501041412353516,
        "frame_ms": 14.486957550048828,
        "component_sum_ms": 14.486957550048828,
        "tick_ms": 5.264541149139404,
        "dynamic_mesh_ms": 1.0233749151229858,
        "encode_ms": 1.7596250772476196,
        "admission_or_completion_ms": 6.43941593170166
      },
      {
        "index": 689,
        "started_ms": 8087.943292,
        "submitted_ms": 8096.357167000001,
        "observed_completed_ms": 8098.919042,
        "start_to_observed_completion_ms": 10.975750000000517,
        "submit_to_observed_completion_ms": 2.561874999999418,
        "continuous_iteration_ms": 10.98479175567627,
        "frame_ms": 10.972208023071289,
        "component_sum_ms": 10.972208023071289,
        "tick_ms": 5.313875198364258,
        "dynamic_mesh_ms": 1.0649999380111694,
        "encode_ms": 2.0273749828338623,
        "admission_or_completion_ms": 2.565958023071289
      },
      {
        "index": 690,
        "started_ms": 8098.928083000001,
        "submitted_ms": 8106.848208,
        "observed_completed_ms": 8110.656958,
        "start_to_observed_completion_ms": 11.72887499999888,
        "submit_to_observed_completion_ms": 3.808749999999236,
        "continuous_iteration_ms": 11.73708438873291,
        "frame_ms": 11.72499942779541,
        "component_sum_ms": 11.72499942779541,
        "tick_ms": 5.171457767486572,
        "dynamic_mesh_ms": 0.9949170351028442,
        "encode_ms": 1.7459160089492798,
        "admission_or_completion_ms": 3.812709093093872
      },
      {
        "index": 691,
        "started_ms": 8110.665167,
        "submitted_ms": 8118.671792000001,
        "observed_completed_ms": 8122.490042,
        "start_to_observed_completion_ms": 11.824875000000247,
        "submit_to_observed_completion_ms": 3.8182499999993524,
        "continuous_iteration_ms": 11.833624839782715,
        "frame_ms": 11.822332382202148,
        "component_sum_ms": 11.822332382202148,
        "tick_ms": 5.140625,
        "dynamic_mesh_ms": 0.9746249914169312,
        "encode_ms": 1.885124921798706,
        "admission_or_completion_ms": 3.821958065032959
      },
      {
        "index": 692,
        "started_ms": 8122.498792,
        "submitted_ms": 8130.501375,
        "observed_completed_ms": 8134.310208000001,
        "start_to_observed_completion_ms": 11.811416000000463,
        "submit_to_observed_completion_ms": 3.808833000000959,
        "continuous_iteration_ms": 11.821540832519531,
        "frame_ms": 11.80712604522705,
        "component_sum_ms": 11.80712604522705,
        "tick_ms": 5.098958969116211,
        "dynamic_mesh_ms": 1.038457989692688,
        "encode_ms": 1.857417106628418,
        "admission_or_completion_ms": 3.8122920989990234
      },
      {
        "index": 693,
        "started_ms": 8134.320333,
        "submitted_ms": 8142.282208,
        "observed_completed_ms": 8148.427625,
        "start_to_observed_completion_ms": 14.107292000000598,
        "submit_to_observed_completion_ms": 6.145417000000634,
        "continuous_iteration_ms": 14.115625381469727,
        "frame_ms": 14.104291915893555,
        "component_sum_ms": 14.104291915893555,
        "tick_ms": 5.198167324066162,
        "dynamic_mesh_ms": 0.9852499961853027,
        "encode_ms": 1.7722500562667847,
        "admission_or_completion_ms": 6.148624897003174
      },
      {
        "index": 694,
        "started_ms": 8148.435958,
        "submitted_ms": 8156.170082999999,
        "observed_completed_ms": 8159.986999999999,
        "start_to_observed_completion_ms": 11.551041999999143,
        "submit_to_observed_completion_ms": 3.816917000000103,
        "continuous_iteration_ms": 11.56058406829834,
        "frame_ms": 11.547706604003906,
        "component_sum_ms": 11.547706604003906,
        "tick_ms": 4.932582855224609,
        "dynamic_mesh_ms": 1.0135830640792847,
        "encode_ms": 1.7802499532699585,
        "admission_or_completion_ms": 3.821290969848633
      },
      {
        "index": 695,
        "started_ms": 8159.996542,
        "submitted_ms": 8167.647958,
        "observed_completed_ms": 8171.461458,
        "start_to_observed_completion_ms": 11.464915999999903,
        "submit_to_observed_completion_ms": 3.8135000000002037,
        "continuous_iteration_ms": 11.47279167175293,
        "frame_ms": 11.462292671203613,
        "component_sum_ms": 11.462292671203613,
        "tick_ms": 4.935667037963867,
        "dynamic_mesh_ms": 0.9741670489311218,
        "encode_ms": 1.736082911491394,
        "admission_or_completion_ms": 3.816375970840454
      },
      {
        "index": 696,
        "started_ms": 8171.469332999999,
        "submitted_ms": 8179.070917000001,
        "observed_completed_ms": 8182.882,
        "start_to_observed_completion_ms": 11.41266700000051,
        "submit_to_observed_completion_ms": 3.811082999998689,
        "continuous_iteration_ms": 11.419792175292969,
        "frame_ms": 11.409833908081055,
        "component_sum_ms": 11.409833908081055,
        "tick_ms": 4.741499900817871,
        "dynamic_mesh_ms": 0.9897500276565552,
        "encode_ms": 1.865291953086853,
        "admission_or_completion_ms": 3.8132917881011963
      },
      {
        "index": 697,
        "started_ms": 8182.889125000001,
        "submitted_ms": 8190.533,
        "observed_completed_ms": 8196.860833,
        "start_to_observed_completion_ms": 13.971708000000035,
        "submit_to_observed_completion_ms": 6.3278330000002825,
        "continuous_iteration_ms": 13.979832649230957,
        "frame_ms": 13.968290328979492,
        "component_sum_ms": 13.968290328979492,
        "tick_ms": 4.889499664306641,
        "dynamic_mesh_ms": 0.9893330335617065,
        "encode_ms": 1.7577080726623535,
        "admission_or_completion_ms": 6.33174991607666
      },
      {
        "index": 698,
        "started_ms": 8196.868958,
        "submitted_ms": 8204.473542,
        "observed_completed_ms": 8208.276958,
        "start_to_observed_completion_ms": 11.408000000001266,
        "submit_to_observed_completion_ms": 3.8034160000006523,
        "continuous_iteration_ms": 11.41704273223877,
        "frame_ms": 11.404706954956055,
        "component_sum_ms": 11.404706954956055,
        "tick_ms": 4.666540622711182,
        "dynamic_mesh_ms": 0.9859580397605896,
        "encode_ms": 1.9455000162124634,
        "admission_or_completion_ms": 3.8067080974578857
      },
      {
        "index": 699,
        "started_ms": 8208.286,
        "submitted_ms": 8215.866,
        "observed_completed_ms": 8220.942541999999,
        "start_to_observed_completion_ms": 12.656541999998808,
        "submit_to_observed_completion_ms": 5.076541999998881,
        "continuous_iteration_ms": 12.664875030517578,
        "frame_ms": 12.653873443603516,
        "component_sum_ms": 12.653873443603516,
        "tick_ms": 4.873415946960449,
        "dynamic_mesh_ms": 0.9668750166893005,
        "encode_ms": 1.7342079877853394,
        "admission_or_completion_ms": 5.07937479019165
      },
      {
        "index": 700,
        "started_ms": 8220.950875,
        "submitted_ms": 8228.464083,
        "observed_completed_ms": 8232.272458000001,
        "start_to_observed_completion_ms": 11.321583000000828,
        "submit_to_observed_completion_ms": 3.808375000000524,
        "continuous_iteration_ms": 11.329957962036133,
        "frame_ms": 11.317041397094727,
        "component_sum_ms": 11.317041397094727,
        "tick_ms": 4.560290813446045,
        "dynamic_mesh_ms": 1.002750039100647,
        "encode_ms": 1.9399160146713257,
        "admission_or_completion_ms": 3.814084053039551
      },
      {
        "index": 701,
        "started_ms": 8232.280833,
        "submitted_ms": 8240.018083,
        "observed_completed_ms": 8243.849708000002,
        "start_to_observed_completion_ms": 11.568875000000844,
        "submit_to_observed_completion_ms": 3.831625000000713,
        "continuous_iteration_ms": 11.580583572387695,
        "frame_ms": 11.565958023071289,
        "component_sum_ms": 11.565958023071289,
        "tick_ms": 5.016292095184326,
        "dynamic_mesh_ms": 0.9867079854011536,
        "encode_ms": 1.7262910604476929,
        "admission_or_completion_ms": 3.836667060852051
      },
      {
        "index": 702,
        "started_ms": 8243.861417,
        "submitted_ms": 8251.421167,
        "observed_completed_ms": 8255.249333,
        "start_to_observed_completion_ms": 11.387915999999677,
        "submit_to_observed_completion_ms": 3.828165999999328,
        "continuous_iteration_ms": 11.396915435791016,
        "frame_ms": 11.38570785522461,
        "component_sum_ms": 11.38570785522461,
        "tick_ms": 4.774374961853027,
        "dynamic_mesh_ms": 0.9719160199165344,
        "encode_ms": 1.8081669807434082,
        "admission_or_completion_ms": 3.8312501907348633
      },
      {
        "index": 703,
        "started_ms": 8255.258333,
        "submitted_ms": 8262.890583,
        "observed_completed_ms": 8266.697958,
        "start_to_observed_completion_ms": 11.439625000000888,
        "submit_to_observed_completion_ms": 3.80737500000032,
        "continuous_iteration_ms": 11.447416305541992,
        "frame_ms": 11.435750007629395,
        "component_sum_ms": 11.435750007629395,
        "tick_ms": 4.688125133514404,
        "dynamic_mesh_ms": 1.0223749876022339,
        "encode_ms": 1.9135409593582153,
        "admission_or_completion_ms": 3.811708927154541
      },
      {
        "index": 704,
        "started_ms": 8266.70575,
        "submitted_ms": 8274.257875,
        "observed_completed_ms": 8280.582542,
        "start_to_observed_completion_ms": 13.876792000000933,
        "submit_to_observed_completion_ms": 6.3246670000007725,
        "continuous_iteration_ms": 13.884625434875488,
        "frame_ms": 13.87375259399414,
        "component_sum_ms": 13.87375259399414,
        "tick_ms": 4.785459041595459,
        "dynamic_mesh_ms": 0.983875036239624,
        "encode_ms": 1.7756669521331787,
        "admission_or_completion_ms": 6.328751087188721
      },
      {
        "index": 705,
        "started_ms": 8280.590375,
        "submitted_ms": 8287.964457999999,
        "observed_completed_ms": 8291.521917,
        "start_to_observed_completion_ms": 10.931542000000263,
        "submit_to_observed_completion_ms": 3.5574590000014723,
        "continuous_iteration_ms": 10.939499855041504,
        "frame_ms": 10.928376197814941,
        "component_sum_ms": 10.928376197814941,
        "tick_ms": 4.649917125701904,
        "dynamic_mesh_ms": 0.9709169864654541,
        "encode_ms": 1.746500015258789,
        "admission_or_completion_ms": 3.561042070388794
      },
      {
        "index": 706,
        "started_ms": 8291.529875,
        "submitted_ms": 8298.972624999999,
        "observed_completed_ms": 8302.778332999998,
        "start_to_observed_completion_ms": 11.248457999998209,
        "submit_to_observed_completion_ms": 3.8057079999998678,
        "continuous_iteration_ms": 11.256667137145996,
        "frame_ms": 11.245081901550293,
        "component_sum_ms": 11.245081901550293,
        "tick_ms": 4.676332950592041,
        "dynamic_mesh_ms": 0.9829580187797546,
        "encode_ms": 1.7764580249786377,
        "admission_or_completion_ms": 3.809333086013794
      },
      {
        "index": 707,
        "started_ms": 8302.786542,
        "submitted_ms": 8310.013375,
        "observed_completed_ms": 8313.829417,
        "start_to_observed_completion_ms": 11.042875000001004,
        "submit_to_observed_completion_ms": 3.8160420000003796,
        "continuous_iteration_ms": 11.050165176391602,
        "frame_ms": 11.04012393951416,
        "component_sum_ms": 11.04012393951416,
        "tick_ms": 4.553957939147949,
        "dynamic_mesh_ms": 0.9643749594688416,
        "encode_ms": 1.7035000324249268,
        "admission_or_completion_ms": 3.818290948867798
      },
      {
        "index": 708,
        "started_ms": 8313.836708,
        "submitted_ms": 8321.064625,
        "observed_completed_ms": 8323.617208,
        "start_to_observed_completion_ms": 9.780499999998938,
        "submit_to_observed_completion_ms": 2.5525829999987764,
        "continuous_iteration_ms": 9.788541793823242,
        "frame_ms": 9.77791690826416,
        "component_sum_ms": 9.77791690826416,
        "tick_ms": 4.444499969482422,
        "dynamic_mesh_ms": 0.970084011554718,
        "encode_ms": 1.8082499504089355,
        "admission_or_completion_ms": 2.5550830364227295
      },
      {
        "index": 709,
        "started_ms": 8323.62525,
        "submitted_ms": 8330.951708,
        "observed_completed_ms": 8336.022792,
        "start_to_observed_completion_ms": 12.397542000000612,
        "submit_to_observed_completion_ms": 5.071083999999246,
        "continuous_iteration_ms": 12.40554141998291,
        "frame_ms": 12.394834518432617,
        "component_sum_ms": 12.394834518432617,
        "tick_ms": 4.580459117889404,
        "dynamic_mesh_ms": 0.9867079854011536,
        "encode_ms": 1.7524160146713257,
        "admission_or_completion_ms": 5.07525110244751
      },
      {
        "index": 710,
        "started_ms": 8336.030792000001,
        "submitted_ms": 8343.569917,
        "observed_completed_ms": 8346.119208,
        "start_to_observed_completion_ms": 10.088415999998688,
        "submit_to_observed_completion_ms": 2.549290999999357,
        "continuous_iteration_ms": 10.096540451049805,
        "frame_ms": 10.084417343139648,
        "component_sum_ms": 10.084417343139648,
        "tick_ms": 4.648958683013916,
        "dynamic_mesh_ms": 1.010957956314087,
        "encode_ms": 1.8713749647140503,
        "admission_or_completion_ms": 2.5531249046325684
      },
      {
        "index": 711,
        "started_ms": 8346.127333,
        "submitted_ms": 8353.392292,
        "observed_completed_ms": 8358.455582999999,
        "start_to_observed_completion_ms": 12.328249999998661,
        "submit_to_observed_completion_ms": 5.063290999998571,
        "continuous_iteration_ms": 12.335000038146973,
        "frame_ms": 12.325458526611328,
        "component_sum_ms": 12.325458526611328,
        "tick_ms": 4.4479169845581055,
        "dynamic_mesh_ms": 0.9785420298576355,
        "encode_ms": 1.8339589834213257,
        "admission_or_completion_ms": 5.065040588378906
      },
      {
        "index": 712,
        "started_ms": 8358.462333,
        "submitted_ms": 8365.927417,
        "observed_completed_ms": 8372.253208,
        "start_to_observed_completion_ms": 13.790875000000597,
        "submit_to_observed_completion_ms": 6.325790999999299,
        "continuous_iteration_ms": 13.798916816711426,
        "frame_ms": 13.78787612915039,
        "component_sum_ms": 13.78787612915039,
        "tick_ms": 4.711625099182129,
        "dynamic_mesh_ms": 0.9894169569015503,
        "encode_ms": 1.7566250562667847,
        "admission_or_completion_ms": 6.3302083015441895
      },
      {
        "index": 713,
        "started_ms": 8372.26125,
        "submitted_ms": 8379.386208,
        "observed_completed_ms": 8383.186292,
        "start_to_observed_completion_ms": 10.925042000000758,
        "submit_to_observed_completion_ms": 3.8000840000004246,
        "continuous_iteration_ms": 10.932707786560059,
        "frame_ms": 10.92300033569336,
        "component_sum_ms": 10.92300033569336,
        "tick_ms": 4.369458198547363,
        "dynamic_mesh_ms": 0.9613749980926514,
        "encode_ms": 1.7885409593582153,
        "admission_or_completion_ms": 3.80362606048584
      },
      {
        "index": 714,
        "started_ms": 8383.193958,
        "submitted_ms": 8390.602917,
        "observed_completed_ms": 8394.420625,
        "start_to_observed_completion_ms": 11.226667000000816,
        "submit_to_observed_completion_ms": 3.8177080000004935,
        "continuous_iteration_ms": 11.234624862670898,
        "frame_ms": 11.22329330444336,
        "component_sum_ms": 11.22329330444336,
        "tick_ms": 4.690124988555908,
        "dynamic_mesh_ms": 0.9825420379638672,
        "encode_ms": 1.7285839319229126,
        "admission_or_completion_ms": 3.8220419883728027
      },
      {
        "index": 715,
        "started_ms": 8394.428582999999,
        "submitted_ms": 8401.7505,
        "observed_completed_ms": 8404.307375,
        "start_to_observed_completion_ms": 9.87879200000134,
        "submit_to_observed_completion_ms": 2.5568750000002183,
        "continuous_iteration_ms": 9.886709213256836,
        "frame_ms": 9.875375747680664,
        "component_sum_ms": 9.875375747680664,
        "tick_ms": 4.590250015258789,
        "dynamic_mesh_ms": 0.978708028793335,
        "encode_ms": 1.7461669445037842,
        "admission_or_completion_ms": 2.5602498054504395
      },
      {
        "index": 716,
        "started_ms": 8404.315292,
        "submitted_ms": 8411.585417,
        "observed_completed_ms": 8414.139292,
        "start_to_observed_completion_ms": 9.824000000000524,
        "submit_to_observed_completion_ms": 2.553874999999607,
        "continuous_iteration_ms": 9.831832885742188,
        "frame_ms": 9.82054328918457,
        "component_sum_ms": 9.82054328918457,
        "tick_ms": 4.431874752044678,
        "dynamic_mesh_ms": 1.0019168853759766,
        "encode_ms": 1.8296669721603394,
        "admission_or_completion_ms": 2.557084083557129
      },
      {
        "index": 717,
        "started_ms": 8414.147125,
        "submitted_ms": 8421.570083,
        "observed_completed_ms": 8425.374333,
        "start_to_observed_completion_ms": 11.227208000000246,
        "submit_to_observed_completion_ms": 3.8042499999992287,
        "continuous_iteration_ms": 11.235250473022461,
        "frame_ms": 11.217876434326172,
        "component_sum_ms": 11.217876434326172,
        "tick_ms": 4.507957935333252,
        "dynamic_mesh_ms": 0.9883339405059814,
        "encode_ms": 1.9129999876022339,
        "admission_or_completion_ms": 3.808583974838257
      },
      {
        "index": 718,
        "started_ms": 8425.382375,
        "submitted_ms": 8432.537,
        "observed_completed_ms": 8437.604083,
        "start_to_observed_completion_ms": 12.221708000000945,
        "submit_to_observed_completion_ms": 5.067082999999911,
        "continuous_iteration_ms": 12.228500366210938,
        "frame_ms": 12.218833923339844,
        "component_sum_ms": 12.218833923339844,
        "tick_ms": 4.511708736419678,
        "dynamic_mesh_ms": 0.9546250104904175,
        "encode_ms": 1.6817079782485962,
        "admission_or_completion_ms": 5.070792198181152
      },
      {
        "index": 719,
        "started_ms": 8437.610875,
        "submitted_ms": 8444.958917,
        "observed_completed_ms": 8448.765542000001,
        "start_to_observed_completion_ms": 11.1546670000007,
        "submit_to_observed_completion_ms": 3.806625000001077,
        "continuous_iteration_ms": 11.161250114440918,
        "frame_ms": 11.148710250854492,
        "component_sum_ms": 11.148710250854492,
        "tick_ms": 4.351625442504883,
        "dynamic_mesh_ms": 1.0216670036315918,
        "encode_ms": 1.9638340473175049,
        "admission_or_completion_ms": 3.8115830421447754
      },
      {
        "index": 720,
        "started_ms": 8448.772125,
        "submitted_ms": 8455.860250000002,
        "observed_completed_ms": 8459.700166999999,
        "start_to_observed_completion_ms": 10.92804199999955,
        "submit_to_observed_completion_ms": 3.839916999997513,
        "continuous_iteration_ms": 12.821541786193848,
        "frame_ms": 10.924124717712402,
        "component_sum_ms": 10.924124717712402,
        "tick_ms": 4.323457717895508,
        "dynamic_mesh_ms": 0.9910840392112732,
        "encode_ms": 1.7633329629898071,
        "admission_or_completion_ms": 3.846250057220459
      },
      {
        "index": 721,
        "started_ms": 8461.593667000001,
        "submitted_ms": 8469.185917,
        "observed_completed_ms": 8471.757249999999,
        "start_to_observed_completion_ms": 10.163582999997743,
        "submit_to_observed_completion_ms": 2.5713329999980488,
        "continuous_iteration_ms": 10.171375274658203,
        "frame_ms": 10.15999984741211,
        "component_sum_ms": 10.15999984741211,
        "tick_ms": 4.602749824523926,
        "dynamic_mesh_ms": 0.984250009059906,
        "encode_ms": 1.9977500438690186,
        "admission_or_completion_ms": 2.5752501487731934
      },
      {
        "index": 722,
        "started_ms": 8471.765041999999,
        "submitted_ms": 8479.180333,
        "observed_completed_ms": 8481.746958,
        "start_to_observed_completion_ms": 9.981916000000638,
        "submit_to_observed_completion_ms": 2.566624999999476,
        "continuous_iteration_ms": 9.991250038146973,
        "frame_ms": 9.978458404541016,
        "component_sum_ms": 9.978458404541016,
        "tick_ms": 4.526000022888184,
        "dynamic_mesh_ms": 0.9618750214576721,
        "encode_ms": 1.921165943145752,
        "admission_or_completion_ms": 2.5694169998168945
      },
      {
        "index": 723,
        "started_ms": 8481.756292,
        "submitted_ms": 8489.411833,
        "observed_completed_ms": 8495.757667,
        "start_to_observed_completion_ms": 14.001374999999825,
        "submit_to_observed_completion_ms": 6.345833999999741,
        "continuous_iteration_ms": 14.01158332824707,
        "frame_ms": 13.996082305908203,
        "component_sum_ms": 13.996082305908203,
        "tick_ms": 4.842041015625,
        "dynamic_mesh_ms": 1.0051250457763672,
        "encode_ms": 1.7999160289764404,
        "admission_or_completion_ms": 6.348999500274658
      },
      {
        "index": 724,
        "started_ms": 8495.767875,
        "submitted_ms": 8503.349,
        "observed_completed_ms": 8507.17025,
        "start_to_observed_completion_ms": 11.402374999999665,
        "submit_to_observed_completion_ms": 3.821249999999054,
        "continuous_iteration_ms": 11.41116714477539,
        "frame_ms": 11.398375511169434,
        "component_sum_ms": 11.398375511169434,
        "tick_ms": 4.650458335876465,
        "dynamic_mesh_ms": 1.027999997138977,
        "encode_ms": 1.893875002861023,
        "admission_or_completion_ms": 3.8260419368743896
      },
      {
        "index": 725,
        "started_ms": 8507.179042,
        "submitted_ms": 8514.916792,
        "observed_completed_ms": 8520.008208,
        "start_to_observed_completion_ms": 12.829165999999532,
        "submit_to_observed_completion_ms": 5.091415999999299,
        "continuous_iteration_ms": 12.838375091552734,
        "frame_ms": 12.825374603271484,
        "component_sum_ms": 12.825374603271484,
        "tick_ms": 4.835916042327881,
        "dynamic_mesh_ms": 1.0174169540405273,
        "encode_ms": 1.876292109489441,
        "admission_or_completion_ms": 5.095749855041504
      },
      {
        "index": 726,
        "started_ms": 8520.017417000001,
        "submitted_ms": 8530.335875,
        "observed_completed_ms": 8534.197333,
        "start_to_observed_completion_ms": 14.179915999999139,
        "submit_to_observed_completion_ms": 3.861457999999402,
        "continuous_iteration_ms": 14.191750526428223,
        "frame_ms": 14.17208480834961,
        "component_sum_ms": 14.17208480834961,
        "tick_ms": 5.031375408172607,
        "dynamic_mesh_ms": 1.3873751163482666,
        "encode_ms": 3.880542039871216,
        "admission_or_completion_ms": 3.8727920055389404
      },
      {
        "index": 727,
        "started_ms": 8534.209167,
        "submitted_ms": 8543.811625,
        "observed_completed_ms": 8547.694958,
        "start_to_observed_completion_ms": 13.485790999999153,
        "submit_to_observed_completion_ms": 3.883332999999766,
        "continuous_iteration_ms": 13.497332572937012,
        "frame_ms": 13.4791259765625,
        "component_sum_ms": 13.4791259765625,
        "tick_ms": 5.611667156219482,
        "dynamic_mesh_ms": 1.1595419645309448,
        "encode_ms": 2.818458080291748,
        "admission_or_completion_ms": 3.889458179473877
      },
      {
        "index": 728,
        "started_ms": 8547.7065,
        "submitted_ms": 8556.634125,
        "observed_completed_ms": 8563.010083,
        "start_to_observed_completion_ms": 15.30358299999898,
        "submit_to_observed_completion_ms": 6.375957999998718,
        "continuous_iteration_ms": 15.314624786376953,
        "frame_ms": 15.294084548950195,
        "component_sum_ms": 15.294084548950195,
        "tick_ms": 5.21512508392334,
        "dynamic_mesh_ms": 1.2689590454101562,
        "encode_ms": 2.425916910171509,
        "admission_or_completion_ms": 6.384083271026611
      },
      {
        "index": 729,
        "started_ms": 8563.021125000001,
        "submitted_ms": 8572.170791999999,
        "observed_completed_ms": 8576.01925,
        "start_to_observed_completion_ms": 12.998124999998254,
        "submit_to_observed_completion_ms": 3.8484580000003916,
        "continuous_iteration_ms": 13.00825023651123,
        "frame_ms": 12.990875244140625,
        "component_sum_ms": 12.990875244140625,
        "tick_ms": 5.156791687011719,
        "dynamic_mesh_ms": 1.1822500228881836,
        "encode_ms": 2.796916961669922,
        "admission_or_completion_ms": 3.8549160957336426
      },
      {
        "index": 730,
        "started_ms": 8576.029375,
        "submitted_ms": 8584.138292,
        "observed_completed_ms": 8590.49875,
        "start_to_observed_completion_ms": 14.469375000000582,
        "submit_to_observed_completion_ms": 6.360458000001017,
        "continuous_iteration_ms": 14.479958534240723,
        "frame_ms": 14.465665817260742,
        "component_sum_ms": 14.465665817260742,
        "tick_ms": 5.049499988555908,
        "dynamic_mesh_ms": 1.0720000267028809,
        "encode_ms": 1.9791250228881836,
        "admission_or_completion_ms": 6.3650407791137695
      },
      {
        "index": 731,
        "started_ms": 8590.509333,
        "submitted_ms": 8598.597833,
        "observed_completed_ms": 8602.438417,
        "start_to_observed_completion_ms": 11.92908399999942,
        "submit_to_observed_completion_ms": 3.8405839999995806,
        "continuous_iteration_ms": 11.93933391571045,
        "frame_ms": 11.925333976745605,
        "component_sum_ms": 11.925333976745605,
        "tick_ms": 5.119916915893555,
        "dynamic_mesh_ms": 1.0789169073104858,
        "encode_ms": 1.881500005722046,
        "admission_or_completion_ms": 3.8450000286102295
      },
      {
        "index": 732,
        "started_ms": 8602.448667,
        "submitted_ms": 8610.551375,
        "observed_completed_ms": 8613.123957999998,
        "start_to_observed_completion_ms": 10.675290999997742,
        "submit_to_observed_completion_ms": 2.572582999999213,
        "continuous_iteration_ms": 10.683833122253418,
        "frame_ms": 10.671833992004395,
        "component_sum_ms": 10.671833992004395,
        "tick_ms": 5.02933406829834,
        "dynamic_mesh_ms": 1.0581669807434082,
        "encode_ms": 2.007291793823242,
        "admission_or_completion_ms": 2.577040910720825
      },
      {
        "index": 733,
        "started_ms": 8613.132500000002,
        "submitted_ms": 8621.127874999998,
        "observed_completed_ms": 8623.706125,
        "start_to_observed_completion_ms": 10.573624999999083,
        "submit_to_observed_completion_ms": 2.578250000002299,
        "continuous_iteration_ms": 10.583374977111816,
        "frame_ms": 10.567790985107422,
        "component_sum_ms": 10.567790985107422,
        "tick_ms": 4.6548333168029785,
        "dynamic_mesh_ms": 1.1025420427322388,
        "encode_ms": 2.2268331050872803,
        "admission_or_completion_ms": 2.583583116531372
      },
      {
        "index": 734,
        "started_ms": 8623.715875,
        "submitted_ms": 8631.766000000001,
        "observed_completed_ms": 8638.154958,
        "start_to_observed_completion_ms": 14.4390829999993,
        "submit_to_observed_completion_ms": 6.388957999997729,
        "continuous_iteration_ms": 14.44991683959961,
        "frame_ms": 14.434499740600586,
        "component_sum_ms": 14.434499740600586,
        "tick_ms": 4.930832862854004,
        "dynamic_mesh_ms": 1.1146249771118164,
        "encode_ms": 1.9942500591278076,
        "admission_or_completion_ms": 6.394792079925537
      },
      {
        "index": 735,
        "started_ms": 8638.165792,
        "submitted_ms": 8646.061292,
        "observed_completed_ms": 8649.88075,
        "start_to_observed_completion_ms": 11.714958000000479,
        "submit_to_observed_completion_ms": 3.8194579999999405,
        "continuous_iteration_ms": 11.723624229431152,
        "frame_ms": 11.70945930480957,
        "component_sum_ms": 11.70945930480957,
        "tick_ms": 4.572249889373779,
        "dynamic_mesh_ms": 1.0709999799728394,
        "encode_ms": 2.2394590377807617,
        "admission_or_completion_ms": 3.8267500400543213
      },
      {
        "index": 736,
        "started_ms": 8649.889417,
        "submitted_ms": 8657.846917,
        "observed_completed_ms": 8662.954582999999,
        "start_to_observed_completion_ms": 13.065165999998499,
        "submit_to_observed_completion_ms": 5.107665999998062,
        "continuous_iteration_ms": 13.075040817260742,
        "frame_ms": 13.06216812133789,
        "component_sum_ms": 13.06216812133789,
        "tick_ms": 4.938084125518799,
        "dynamic_mesh_ms": 1.0570000410079956,
        "encode_ms": 1.954041838645935,
        "admission_or_completion_ms": 5.113041400909424
      },
      {
        "index": 737,
        "started_ms": 8662.964457999999,
        "submitted_ms": 8671.024708,
        "observed_completed_ms": 8674.708417,
        "start_to_observed_completion_ms": 11.743959000001269,
        "submit_to_observed_completion_ms": 3.6837089999989985,
        "continuous_iteration_ms": 11.753999710083008,
        "frame_ms": 11.739875793457031,
        "component_sum_ms": 11.739875793457031,
        "tick_ms": 4.6684160232543945,
        "dynamic_mesh_ms": 1.0761669874191284,
        "encode_ms": 2.3047080039978027,
        "admission_or_completion_ms": 3.6905839443206787
      },
      {
        "index": 738,
        "started_ms": 8674.718458,
        "submitted_ms": 8682.864625,
        "observed_completed_ms": 8689.215624999999,
        "start_to_observed_completion_ms": 14.497166999999536,
        "submit_to_observed_completion_ms": 6.3509999999987485,
        "continuous_iteration_ms": 14.506958961486816,
        "frame_ms": 14.493958473205566,
        "component_sum_ms": 14.493958473205566,
        "tick_ms": 5.072000026702881,
        "dynamic_mesh_ms": 1.0871250629425049,
        "encode_ms": 1.9778330326080322,
        "admission_or_completion_ms": 6.357000350952148
      },
      {
        "index": 739,
        "started_ms": 8689.225417,
        "submitted_ms": 8697.197333,
        "observed_completed_ms": 8702.291458,
        "start_to_observed_completion_ms": 13.066041000000041,
        "submit_to_observed_completion_ms": 5.094124999999622,
        "continuous_iteration_ms": 13.077957153320312,
        "frame_ms": 13.06016731262207,
        "component_sum_ms": 13.06016731262207,
        "tick_ms": 4.750874996185303,
        "dynamic_mesh_ms": 1.146791934967041,
        "encode_ms": 2.062000036239624,
        "admission_or_completion_ms": 5.100500583648682
      },
      {
        "index": 740,
        "started_ms": 8702.303375,
        "submitted_ms": 8710.27325,
        "observed_completed_ms": 8712.847625,
        "start_to_observed_completion_ms": 10.54425000000083,
        "submit_to_observed_completion_ms": 2.5743750000001455,
        "continuous_iteration_ms": 10.553916931152344,
        "frame_ms": 10.541082382202148,
        "component_sum_ms": 10.541082382202148,
        "tick_ms": 5.012624740600586,
        "dynamic_mesh_ms": 1.0745419263839722,
        "encode_ms": 1.8747079372406006,
        "admission_or_completion_ms": 2.5792078971862793
      },
      {
        "index": 741,
        "started_ms": 8712.857292,
        "submitted_ms": 8721.038417000002,
        "observed_completed_ms": 8723.60175,
        "start_to_observed_completion_ms": 10.744457999999213,
        "submit_to_observed_completion_ms": 2.563332999998238,
        "continuous_iteration_ms": 10.754249572753906,
        "frame_ms": 10.740665435791016,
        "component_sum_ms": 10.740665435791016,
        "tick_ms": 4.6631669998168945,
        "dynamic_mesh_ms": 1.0700830221176147,
        "encode_ms": 2.4387919902801514,
        "admission_or_completion_ms": 2.5686240196228027
      },
      {
        "index": 742,
        "started_ms": 8723.611542,
        "submitted_ms": 8731.705,
        "observed_completed_ms": 8737.973542000002,
        "start_to_observed_completion_ms": 14.36200000000099,
        "submit_to_observed_completion_ms": 6.2685420000016165,
        "continuous_iteration_ms": 14.372666358947754,
        "frame_ms": 14.355000495910645,
        "component_sum_ms": 14.355000495910645,
        "tick_ms": 4.84612512588501,
        "dynamic_mesh_ms": 1.2617499828338623,
        "encode_ms": 1.9730420112609863,
        "admission_or_completion_ms": 6.274083137512207
      },
      {
        "index": 743,
        "started_ms": 8737.984208,
        "submitted_ms": 8745.897542,
        "observed_completed_ms": 8749.729416999999,
        "start_to_observed_completion_ms": 11.745208999998795,
        "submit_to_observed_completion_ms": 3.8318749999980355,
        "continuous_iteration_ms": 11.755167007446289,
        "frame_ms": 11.742292404174805,
        "component_sum_ms": 11.742292404174805,
        "tick_ms": 4.664041042327881,
        "dynamic_mesh_ms": 1.0517090559005737,
        "encode_ms": 2.1895840167999268,
        "admission_or_completion_ms": 3.836958169937134
      },
      {
        "index": 744,
        "started_ms": 8749.739375000001,
        "submitted_ms": 8757.376292,
        "observed_completed_ms": 8762.467917,
        "start_to_observed_completion_ms": 12.728541999998924,
        "submit_to_observed_completion_ms": 5.091624999999112,
        "continuous_iteration_ms": 12.739333152770996,
        "frame_ms": 12.726041793823242,
        "component_sum_ms": 12.726041793823242,
        "tick_ms": 4.707167148590088,
        "dynamic_mesh_ms": 1.0982500314712524,
        "encode_ms": 1.8240000009536743,
        "admission_or_completion_ms": 5.096624851226807
      },
      {
        "index": 745,
        "started_ms": 8762.478708,
        "submitted_ms": 8770.015333,
        "observed_completed_ms": 8772.568625,
        "start_to_observed_completion_ms": 10.089916999999332,
        "submit_to_observed_completion_ms": 2.5532920000005106,
        "continuous_iteration_ms": 10.0982084274292,
        "frame_ms": 10.085958480834961,
        "component_sum_ms": 10.085958480834961,
        "tick_ms": 4.480708122253418,
        "dynamic_mesh_ms": 1.0668339729309082,
        "encode_ms": 1.9796661138534546,
        "admission_or_completion_ms": 2.5587499141693115
      },
      {
        "index": 746,
        "started_ms": 8772.576917,
        "submitted_ms": 8780.25375,
        "observed_completed_ms": 8784.090833,
        "start_to_observed_completion_ms": 11.513915999999881,
        "submit_to_observed_completion_ms": 3.837083000000348,
        "continuous_iteration_ms": 11.52633285522461,
        "frame_ms": 11.509918212890625,
        "component_sum_ms": 11.509918212890625,
        "tick_ms": 4.572000026702881,
        "dynamic_mesh_ms": 1.1539589166641235,
        "encode_ms": 1.9410420656204224,
        "admission_or_completion_ms": 3.842916965484619
      },
      {
        "index": 747,
        "started_ms": 8784.10325,
        "submitted_ms": 8791.747917,
        "observed_completed_ms": 8796.830125,
        "start_to_observed_completion_ms": 12.726875000000291,
        "submit_to_observed_completion_ms": 5.0822079999998095,
        "continuous_iteration_ms": 12.736249923706055,
        "frame_ms": 12.72337532043457,
        "component_sum_ms": 12.72337532043457,
        "tick_ms": 4.674583435058594,
        "dynamic_mesh_ms": 1.051082968711853,
        "encode_ms": 1.9113340377807617,
        "admission_or_completion_ms": 5.086374759674072
      },
      {
        "index": 748,
        "started_ms": 8796.8395,
        "submitted_ms": 8804.225417,
        "observed_completed_ms": 8806.778208000002,
        "start_to_observed_completion_ms": 9.938708000001498,
        "submit_to_observed_completion_ms": 2.552791000001889,
        "continuous_iteration_ms": 9.94708251953125,
        "frame_ms": 9.936334609985352,
        "component_sum_ms": 9.936334609985352,
        "tick_ms": 4.377999782562256,
        "dynamic_mesh_ms": 1.0686670541763306,
        "encode_ms": 1.933791995048523,
        "admission_or_completion_ms": 2.555875301361084
      },
      {
        "index": 749,
        "started_ms": 8806.786583,
        "submitted_ms": 8813.976625000001,
        "observed_completed_ms": 8817.798708,
        "start_to_observed_completion_ms": 11.012125000001106,
        "submit_to_observed_completion_ms": 3.822082999999111,
        "continuous_iteration_ms": 11.023749351501465,
        "frame_ms": 11.009458541870117,
        "component_sum_ms": 11.009458541870117,
        "tick_ms": 4.286958694458008,
        "dynamic_mesh_ms": 1.1022499799728394,
        "encode_ms": 1.7944170236587524,
        "admission_or_completion_ms": 3.8258330821990967
      },
      {
        "index": 750,
        "started_ms": 8817.810333000001,
        "submitted_ms": 8824.87975,
        "observed_completed_ms": 8828.697791999999,
        "start_to_observed_completion_ms": 10.887458999997762,
        "submit_to_observed_completion_ms": 3.818041999998968,
        "continuous_iteration_ms": 10.894874572753906,
        "frame_ms": 10.884541511535645,
        "component_sum_ms": 10.884541511535645,
        "tick_ms": 4.2135419845581055,
        "dynamic_mesh_ms": 1.0426669120788574,
        "encode_ms": 1.8074580430984497,
        "admission_or_completion_ms": 3.8208749294281006
      },
      {
        "index": 751,
        "started_ms": 8828.705208000001,
        "submitted_ms": 8835.88625,
        "observed_completed_ms": 8839.698042,
        "start_to_observed_completion_ms": 10.992833999998766,
        "submit_to_observed_completion_ms": 3.8117920000004233,
        "continuous_iteration_ms": 11.001374244689941,
        "frame_ms": 10.990459442138672,
        "component_sum_ms": 10.990459442138672,
        "tick_ms": 4.133957862854004,
        "dynamic_mesh_ms": 1.0423749685287476,
        "encode_ms": 1.9991670846939087,
        "admission_or_completion_ms": 3.8149590492248535
      },
      {
        "index": 752,
        "started_ms": 8839.706583,
        "submitted_ms": 8847.276708000001,
        "observed_completed_ms": 8849.827792,
        "start_to_observed_completion_ms": 10.121209000000817,
        "submit_to_observed_completion_ms": 2.5510839999988093,
        "continuous_iteration_ms": 10.129667282104492,
        "frame_ms": 10.116415977478027,
        "component_sum_ms": 10.116415977478027,
        "tick_ms": 4.615208148956299,
        "dynamic_mesh_ms": 1.125999927520752,
        "encode_ms": 1.8197499513626099,
        "admission_or_completion_ms": 2.5554580688476562
      },
      {
        "index": 753,
        "started_ms": 8849.836249999998,
        "submitted_ms": 8855.809125,
        "observed_completed_ms": 8858.366083,
        "start_to_observed_completion_ms": 8.529833000002327,
        "submit_to_observed_completion_ms": 2.556958000001032,
        "continuous_iteration_ms": 8.537917137145996,
        "frame_ms": 8.525375366210938,
        "component_sum_ms": 8.525375366210938,
        "tick_ms": 2.9694998264312744,
        "dynamic_mesh_ms": 1.1164170503616333,
        "encode_ms": 1.879457950592041,
        "admission_or_completion_ms": 2.559999942779541
      },
      {
        "index": 754,
        "started_ms": 8858.374167000002,
        "submitted_ms": 8864.162875,
        "observed_completed_ms": 8870.485708,
        "start_to_observed_completion_ms": 12.111540999998397,
        "submit_to_observed_completion_ms": 6.322833000000173,
        "continuous_iteration_ms": 12.122166633605957,
        "frame_ms": 12.108707427978516,
        "component_sum_ms": 12.108707427978516,
        "tick_ms": 2.8077499866485596,
        "dynamic_mesh_ms": 1.1172080039978027,
        "encode_ms": 1.8573329448699951,
        "admission_or_completion_ms": 6.326416969299316
      },
      {
        "index": 755,
        "started_ms": 8870.496333000001,
        "submitted_ms": 8876.009625,
        "observed_completed_ms": 8878.572333,
        "start_to_observed_completion_ms": 8.075999999999112,
        "submit_to_observed_completion_ms": 2.562707999999475,
        "continuous_iteration_ms": 8.082709312438965,
        "frame_ms": 8.072626113891602,
        "component_sum_ms": 8.072626113891602,
        "tick_ms": 2.634000062942505,
        "dynamic_mesh_ms": 1.051334023475647,
        "encode_ms": 1.8224170207977295,
        "admission_or_completion_ms": 2.5648748874664307
      },
      {
        "index": 756,
        "started_ms": 8878.579042,
        "submitted_ms": 8884.098833,
        "observed_completed_ms": 8887.945667,
        "start_to_observed_completion_ms": 9.366625000000568,
        "submit_to_observed_completion_ms": 3.8468339999999444,
        "continuous_iteration_ms": 9.3777494430542,
        "frame_ms": 9.364042282104492,
        "component_sum_ms": 9.364042282104492,
        "tick_ms": 2.585249900817871,
        "dynamic_mesh_ms": 1.055999994277954,
        "encode_ms": 1.8734580278396606,
        "admission_or_completion_ms": 3.8493340015411377
      },
      {
        "index": 757,
        "started_ms": 8887.956792,
        "submitted_ms": 8893.670833,
        "observed_completed_ms": 8897.512292,
        "start_to_observed_completion_ms": 9.555499999998574,
        "submit_to_observed_completion_ms": 3.841458999999304,
        "continuous_iteration_ms": 9.564957618713379,
        "frame_ms": 9.551627159118652,
        "component_sum_ms": 9.551627159118652,
        "tick_ms": 2.6874592304229736,
        "dynamic_mesh_ms": 1.0601249933242798,
        "encode_ms": 1.9593751430511475,
        "admission_or_completion_ms": 3.8446671962738037
      },
      {
        "index": 758,
        "started_ms": 8897.52175,
        "submitted_ms": 8903.532667,
        "observed_completed_ms": 8907.36075,
        "start_to_observed_completion_ms": 9.838999999999942,
        "submit_to_observed_completion_ms": 3.8280830000003334,
        "continuous_iteration_ms": 9.848875045776367,
        "frame_ms": 9.834165573120117,
        "component_sum_ms": 9.834165573120117,
        "tick_ms": 2.701125144958496,
        "dynamic_mesh_ms": 1.115333080291748,
        "encode_ms": 2.183500051498413,
        "admission_or_completion_ms": 3.8342080116271973
      },
      {
        "index": 759,
        "started_ms": 8907.370625,
        "submitted_ms": 8913.315499999999,
        "observed_completed_ms": 8919.75225,
        "start_to_observed_completion_ms": 12.381624999999985,
        "submit_to_observed_completion_ms": 6.436750000000757,
        "continuous_iteration_ms": 12.434791564941406,
        "frame_ms": 12.376209259033203,
        "component_sum_ms": 12.376209259033203,
        "tick_ms": 2.6857919692993164,
        "dynamic_mesh_ms": 1.1864160299301147,
        "encode_ms": 2.0624170303344727,
        "admission_or_completion_ms": 6.441584587097168
      },
      {
        "index": 760,
        "started_ms": 8919.805417,
        "submitted_ms": 8925.749875,
        "observed_completed_ms": 8929.574625000001,
        "start_to_observed_completion_ms": 9.769208000001527,
        "submit_to_observed_completion_ms": 3.824750000001586,
        "continuous_iteration_ms": 9.777458190917969,
        "frame_ms": 9.764874458312988,
        "component_sum_ms": 9.764874458312988,
        "tick_ms": 3.008957862854004,
        "dynamic_mesh_ms": 1.055999994277954,
        "encode_ms": 1.8704169988632202,
        "admission_or_completion_ms": 3.8294999599456787
      },
      {
        "index": 761,
        "started_ms": 8929.582875,
        "submitted_ms": 8935.193083,
        "observed_completed_ms": 8937.752832999999,
        "start_to_observed_completion_ms": 8.169957999998587,
        "submit_to_observed_completion_ms": 2.5597499999985303,
        "continuous_iteration_ms": 8.178791999816895,
        "frame_ms": 8.167207717895508,
        "component_sum_ms": 8.167207717895508,
        "tick_ms": 2.568458080291748,
        "dynamic_mesh_ms": 1.0569169521331787,
        "encode_ms": 1.9790408611297607,
        "admission_or_completion_ms": 2.5627920627593994
      },
      {
        "index": 762,
        "started_ms": 8937.761667,
        "submitted_ms": 8943.3025,
        "observed_completed_ms": 8947.133624999999,
        "start_to_observed_completion_ms": 9.371957999997903,
        "submit_to_observed_completion_ms": 3.831124999998792,
        "continuous_iteration_ms": 9.382415771484375,
        "frame_ms": 9.369668960571289,
        "component_sum_ms": 9.369668960571289,
        "tick_ms": 2.616917133331299,
        "dynamic_mesh_ms": 1.0576670169830322,
        "encode_ms": 1.861167073249817,
        "admission_or_completion_ms": 3.8339171409606934
      },
      {
        "index": 763,
        "started_ms": 8947.144083,
        "submitted_ms": 8952.744958000001,
        "observed_completed_ms": 8956.557625,
        "start_to_observed_completion_ms": 9.413542000000234,
        "submit_to_observed_completion_ms": 3.812666999998328,
        "continuous_iteration_ms": 9.42175006866455,
        "frame_ms": 9.410457611083984,
        "component_sum_ms": 9.410457611083984,
        "tick_ms": 2.6371660232543945,
        "dynamic_mesh_ms": 1.0592089891433716,
        "encode_ms": 1.8982080221176147,
        "admission_or_completion_ms": 3.8158748149871826
      },
      {
        "index": 764,
        "started_ms": 8956.565832999999,
        "submitted_ms": 8962.167042000001,
        "observed_completed_ms": 8968.256292,
        "start_to_observed_completion_ms": 11.690459000001283,
        "submit_to_observed_completion_ms": 6.089249999999083,
        "continuous_iteration_ms": 11.700125694274902,
        "frame_ms": 11.687334060668945,
        "component_sum_ms": 11.687334060668945,
        "tick_ms": 2.590208053588867,
        "dynamic_mesh_ms": 1.0547500848770142,
        "encode_ms": 1.9495840072631836,
        "admission_or_completion_ms": 6.09279203414917
      },
      {
        "index": 765,
        "started_ms": 8968.265958,
        "submitted_ms": 8973.915625,
        "observed_completed_ms": 8977.737167000001,
        "start_to_observed_completion_ms": 9.471209000001181,
        "submit_to_observed_completion_ms": 3.8215420000015,
        "continuous_iteration_ms": 9.479708671569824,
        "frame_ms": 9.468583106994629,
        "component_sum_ms": 9.468583106994629,
        "tick_ms": 2.7502079010009766,
        "dynamic_mesh_ms": 1.0518749952316284,
        "encode_ms": 1.84108304977417,
        "admission_or_completion_ms": 3.8254168033599854
      },
      {
        "index": 766,
        "started_ms": 8977.745667000001,
        "submitted_ms": 8983.101792,
        "observed_completed_ms": 8988.200499999999,
        "start_to_observed_completion_ms": 10.454832999997961,
        "submit_to_observed_completion_ms": 5.098707999999533,
        "continuous_iteration_ms": 10.465374946594238,
        "frame_ms": 10.453208923339844,
        "component_sum_ms": 10.453208923339844,
        "tick_ms": 2.551500082015991,
        "dynamic_mesh_ms": 1.0365420579910278,
        "encode_ms": 1.7635000944137573,
        "admission_or_completion_ms": 5.1016669273376465
      },
      {
        "index": 767,
        "started_ms": 8988.211041999999,
        "submitted_ms": 8993.794083,
        "observed_completed_ms": 8997.60175,
        "start_to_observed_completion_ms": 9.390708000000814,
        "submit_to_observed_completion_ms": 3.807666999999128,
        "continuous_iteration_ms": 9.39858341217041,
        "frame_ms": 9.387124061584473,
        "component_sum_ms": 9.387124061584473,
        "tick_ms": 2.587415933609009,
        "dynamic_mesh_ms": 1.059499979019165,
        "encode_ms": 1.9290410280227661,
        "admission_or_completion_ms": 3.811167001724243
      },
      {
        "index": 768,
        "started_ms": 8997.609625000001,
        "submitted_ms": 9003.05925,
        "observed_completed_ms": 9006.895167,
        "start_to_observed_completion_ms": 9.285541999999623,
        "submit_to_observed_completion_ms": 3.835917000000336,
        "continuous_iteration_ms": 9.294167518615723,
        "frame_ms": 9.283209800720215,
        "component_sum_ms": 9.283209800720215,
        "tick_ms": 2.302583932876587,
        "dynamic_mesh_ms": 1.04733407497406,
        "encode_ms": 2.094791889190674,
        "admission_or_completion_ms": 3.8385000228881836
      },
      {
        "index": 769,
        "started_ms": 9006.903792,
        "submitted_ms": 9012.116083,
        "observed_completed_ms": 9015.93875,
        "start_to_observed_completion_ms": 9.034958000000188,
        "submit_to_observed_completion_ms": 3.822666999998546,
        "continuous_iteration_ms": 9.041749954223633,
        "frame_ms": 9.029499053955078,
        "component_sum_ms": 9.029499053955078,
        "tick_ms": 2.182832956314087,
        "dynamic_mesh_ms": 1.075958013534546,
        "encode_ms": 1.9428329467773438,
        "admission_or_completion_ms": 3.8278748989105225
      },
      {
        "index": 770,
        "started_ms": 9015.945542000001,
        "submitted_ms": 9021.099458,
        "observed_completed_ms": 9024.914541999999,
        "start_to_observed_completion_ms": 8.968999999997322,
        "submit_to_observed_completion_ms": 3.8150839999980235,
        "continuous_iteration_ms": 8.977250099182129,
        "frame_ms": 8.965957641601562,
        "component_sum_ms": 8.965957641601562,
        "tick_ms": 2.172791004180908,
        "dynamic_mesh_ms": 1.0400830507278442,
        "encode_ms": 1.9338750839233398,
        "admission_or_completion_ms": 3.819208860397339
      },
      {
        "index": 771,
        "started_ms": 9024.922792,
        "submitted_ms": 9030.19825,
        "observed_completed_ms": 9034.025208,
        "start_to_observed_completion_ms": 9.102415999999721,
        "submit_to_observed_completion_ms": 3.8269579999996495,
        "continuous_iteration_ms": 9.11241626739502,
        "frame_ms": 9.098875045776367,
        "component_sum_ms": 9.098875045776367,
        "tick_ms": 2.1894590854644775,
        "dynamic_mesh_ms": 1.1249159574508667,
        "encode_ms": 1.9541250467300415,
        "admission_or_completion_ms": 3.8303749561309814
      },
      {
        "index": 772,
        "started_ms": 9034.035208000001,
        "submitted_ms": 9039.425542,
        "observed_completed_ms": 9043.251917,
        "start_to_observed_completion_ms": 9.216708999998446,
        "submit_to_observed_completion_ms": 3.826374999998734,
        "continuous_iteration_ms": 9.228291511535645,
        "frame_ms": 9.213332176208496,
        "component_sum_ms": 9.213332176208496,
        "tick_ms": 2.38291597366333,
        "dynamic_mesh_ms": 1.0858749151229858,
        "encode_ms": 1.9140000343322754,
        "admission_or_completion_ms": 3.8305411338806152
      },
      {
        "index": 773,
        "started_ms": 9043.263500000001,
        "submitted_ms": 9048.483833,
        "observed_completed_ms": 9052.305167,
        "start_to_observed_completion_ms": 9.041666999999507,
        "submit_to_observed_completion_ms": 3.8213340000002063,
        "continuous_iteration_ms": 9.050666809082031,
        "frame_ms": 9.036083221435547,
        "component_sum_ms": 9.036083221435547,
        "tick_ms": 2.321290969848633,
        "dynamic_mesh_ms": 1.080541968345642,
        "encode_ms": 1.8090410232543945,
        "admission_or_completion_ms": 3.825208902359009
      },
      {
        "index": 774,
        "started_ms": 9052.314167,
        "submitted_ms": 9057.248417,
        "observed_completed_ms": 9061.061667,
        "start_to_observed_completion_ms": 8.74749999999949,
        "submit_to_observed_completion_ms": 3.8132499999992433,
        "continuous_iteration_ms": 8.756499290466309,
        "frame_ms": 8.743875503540039,
        "component_sum_ms": 8.743875503540039,
        "tick_ms": 2.0075418949127197,
        "dynamic_mesh_ms": 1.1022089719772339,
        "encode_ms": 1.8163340091705322,
        "admission_or_completion_ms": 3.817790985107422
      },
      {
        "index": 775,
        "started_ms": 9061.070667,
        "submitted_ms": 9065.976375,
        "observed_completed_ms": 9069.7935,
        "start_to_observed_completion_ms": 8.72283299999981,
        "submit_to_observed_completion_ms": 3.817124999999578,
        "continuous_iteration_ms": 8.730583190917969,
        "frame_ms": 8.719792366027832,
        "component_sum_ms": 8.719792366027832,
        "tick_ms": 2.062166929244995,
        "dynamic_mesh_ms": 1.0249589681625366,
        "encode_ms": 1.8118749856948853,
        "admission_or_completion_ms": 3.8207919597625732
      },
      {
        "index": 776,
        "started_ms": 9069.801249999999,
        "submitted_ms": 9074.92575,
        "observed_completed_ms": 9078.748458,
        "start_to_observed_completion_ms": 8.94720800000141,
        "submit_to_observed_completion_ms": 3.822707999999693,
        "continuous_iteration_ms": 8.954333305358887,
        "frame_ms": 8.944085121154785,
        "component_sum_ms": 8.944085121154785,
        "tick_ms": 2.254709005355835,
        "dynamic_mesh_ms": 1.0484169721603394,
        "encode_ms": 1.814916968345642,
        "admission_or_completion_ms": 3.8260419368743896
      },
      {
        "index": 777,
        "started_ms": 9078.755583,
        "submitted_ms": 9083.850917,
        "observed_completed_ms": 9087.544042,
        "start_to_observed_completion_ms": 8.78845899999942,
        "submit_to_observed_completion_ms": 3.6931249999997817,
        "continuous_iteration_ms": 8.798125267028809,
        "frame_ms": 8.786168098449707,
        "component_sum_ms": 8.786168098449707,
        "tick_ms": 2.2155418395996094,
        "dynamic_mesh_ms": 1.045417070388794,
        "encode_ms": 1.8286670446395874,
        "admission_or_completion_ms": 3.6965420246124268
      },
      {
        "index": 778,
        "started_ms": 9087.553708,
        "submitted_ms": 9092.760208,
        "observed_completed_ms": 9096.591292,
        "start_to_observed_completion_ms": 9.037583999999697,
        "submit_to_observed_completion_ms": 3.831083999999464,
        "continuous_iteration_ms": 9.046958923339844,
        "frame_ms": 9.034542083740234,
        "component_sum_ms": 9.034542083740234,
        "tick_ms": 2.243333101272583,
        "dynamic_mesh_ms": 1.0597089529037476,
        "encode_ms": 1.8966660499572754,
        "admission_or_completion_ms": 3.834833860397339
      },
      {
        "index": 779,
        "started_ms": 9096.600667,
        "submitted_ms": 9101.725332999998,
        "observed_completed_ms": 9105.558167,
        "start_to_observed_completion_ms": 8.957499999998618,
        "submit_to_observed_completion_ms": 3.83283400000073,
        "continuous_iteration_ms": 8.966416358947754,
        "frame_ms": 8.95516586303711,
        "component_sum_ms": 8.95516586303711,
        "tick_ms": 2.149082899093628,
        "dynamic_mesh_ms": 1.0145000219345093,
        "encode_ms": 1.9556249380111694,
        "admission_or_completion_ms": 3.8359580039978027
      },
      {
        "index": 780,
        "started_ms": 9105.567083,
        "submitted_ms": 9110.703208,
        "observed_completed_ms": 9117.049583,
        "start_to_observed_completion_ms": 11.482500000000073,
        "submit_to_observed_completion_ms": 6.3463749999991705,
        "continuous_iteration_ms": 11.528584480285645,
        "frame_ms": 11.479207992553711,
        "component_sum_ms": 11.479207992553711,
        "tick_ms": 2.1289169788360596,
        "dynamic_mesh_ms": 1.0465000867843628,
        "encode_ms": 1.9542500972747803,
        "admission_or_completion_ms": 6.349541187286377
      },
      {
        "index": 781,
        "started_ms": 9117.095667,
        "submitted_ms": 9122.209333,
        "observed_completed_ms": 9131.060125,
        "start_to_observed_completion_ms": 13.964458000000377,
        "submit_to_observed_completion_ms": 8.850791999999274,
        "continuous_iteration_ms": 13.971541404724121,
        "frame_ms": 13.960334777832031,
        "component_sum_ms": 13.960334777832031,
        "tick_ms": 2.0234169960021973,
        "dynamic_mesh_ms": 1.098958969116211,
        "encode_ms": 1.9835410118103027,
        "admission_or_completion_ms": 8.85441780090332
      },
      {
        "index": 782,
        "started_ms": 9131.067207999999,
        "submitted_ms": 9136.051875,
        "observed_completed_ms": 9138.618958000001,
        "start_to_observed_completion_ms": 7.551750000002357,
        "submit_to_observed_completion_ms": 2.5670830000017304,
        "continuous_iteration_ms": 7.559459209442139,
        "frame_ms": 7.547499656677246,
        "component_sum_ms": 7.547499656677246,
        "tick_ms": 1.976750135421753,
        "dynamic_mesh_ms": 1.0634169578552246,
        "encode_ms": 1.9372920989990234,
        "admission_or_completion_ms": 2.5700409412384033
      },
      {
        "index": 783,
        "started_ms": 9138.626667,
        "submitted_ms": 9143.579833,
        "observed_completed_ms": 9146.1515,
        "start_to_observed_completion_ms": 7.524832999999489,
        "submit_to_observed_completion_ms": 2.5716670000001614,
        "continuous_iteration_ms": 7.533999919891357,
        "frame_ms": 7.521292686462402,
        "component_sum_ms": 7.521292686462402,
        "tick_ms": 1.9408749341964722,
        "dynamic_mesh_ms": 1.0484589338302612,
        "encode_ms": 1.956874966621399,
        "admission_or_completion_ms": 2.5750839710235596
      },
      {
        "index": 784,
        "started_ms": 9146.160667,
        "submitted_ms": 9151.129833,
        "observed_completed_ms": 9154.956083000001,
        "start_to_observed_completion_ms": 8.795416000000841,
        "submit_to_observed_completion_ms": 3.8262500000000728,
        "continuous_iteration_ms": 8.804082870483398,
        "frame_ms": 8.792458534240723,
        "component_sum_ms": 8.792458534240723,
        "tick_ms": 2.105250120162964,
        "dynamic_mesh_ms": 1.0448750257492065,
        "encode_ms": 1.8128330707550049,
        "admission_or_completion_ms": 3.8294999599456787
      },
      {
        "index": 785,
        "started_ms": 9154.96475,
        "submitted_ms": 9159.949792000001,
        "observed_completed_ms": 9165.036083,
        "start_to_observed_completion_ms": 10.071333000001687,
        "submit_to_observed_completion_ms": 5.086290999999619,
        "continuous_iteration_ms": 10.078749656677246,
        "frame_ms": 10.068333625793457,
        "component_sum_ms": 10.068333625793457,
        "tick_ms": 2.037083864212036,
        "dynamic_mesh_ms": 1.0180000066757202,
        "encode_ms": 1.9238749742507935,
        "admission_or_completion_ms": 5.089375019073486
      },
      {
        "index": 786,
        "started_ms": 9165.0435,
        "submitted_ms": 9170.028291999999,
        "observed_completed_ms": 9173.8445,
        "start_to_observed_completion_ms": 8.800999999999476,
        "submit_to_observed_completion_ms": 3.816208000000188,
        "continuous_iteration_ms": 8.808207511901855,
        "frame_ms": 8.797957420349121,
        "component_sum_ms": 8.797957420349121,
        "tick_ms": 1.9490410089492798,
        "dynamic_mesh_ms": 1.0822080373764038,
        "encode_ms": 1.946874976158142,
        "admission_or_completion_ms": 3.8198330402374268
      },
      {
        "index": 787,
        "started_ms": 9173.851708,
        "submitted_ms": 9178.924374999999,
        "observed_completed_ms": 9182.737125,
        "start_to_observed_completion_ms": 8.885416999999507,
        "submit_to_observed_completion_ms": 3.8127500000009604,
        "continuous_iteration_ms": 8.894000053405762,
        "frame_ms": 8.88237476348877,
        "component_sum_ms": 8.88237476348877,
        "tick_ms": 1.9375419616699219,
        "dynamic_mesh_ms": 1.1005420684814453,
        "encode_ms": 2.028208017349243,
        "admission_or_completion_ms": 3.8160829544067383
      },
      {
        "index": 788,
        "started_ms": 9182.745708,
        "submitted_ms": 9187.900292,
        "observed_completed_ms": 9191.506875,
        "start_to_observed_completion_ms": 8.76116699999875,
        "submit_to_observed_completion_ms": 3.6065829999988637,
        "continuous_iteration_ms": 8.769208908081055,
        "frame_ms": 8.758166313171387,
        "component_sum_ms": 8.758166313171387,
        "tick_ms": 2.114875078201294,
        "dynamic_mesh_ms": 1.0673749446868896,
        "encode_ms": 1.9660000801086426,
        "admission_or_completion_ms": 3.6099159717559814
      },
      {
        "index": 789,
        "started_ms": 9191.514916999999,
        "submitted_ms": 9197.189625,
        "observed_completed_ms": 9201.029875,
        "start_to_observed_completion_ms": 9.51495800000157,
        "submit_to_observed_completion_ms": 3.840249999999287,
        "continuous_iteration_ms": 9.527040481567383,
        "frame_ms": 9.510915756225586,
        "component_sum_ms": 9.510915756225586,
        "tick_ms": 2.1373751163482666,
        "dynamic_mesh_ms": 1.0795419216156006,
        "encode_ms": 2.450000047683716,
        "admission_or_completion_ms": 3.843998908996582
      },
      {
        "index": 790,
        "started_ms": 9201.041958,
        "submitted_ms": 9205.930583000001,
        "observed_completed_ms": 9208.492042,
        "start_to_observed_completion_ms": 7.450084000000061,
        "submit_to_observed_completion_ms": 2.5614589999986492,
        "continuous_iteration_ms": 7.4585418701171875,
        "frame_ms": 7.443499565124512,
        "component_sum_ms": 7.443499565124512,
        "tick_ms": 1.9368751049041748,
        "dynamic_mesh_ms": 1.1365830898284912,
        "encode_ms": 1.8046660423278809,
        "admission_or_completion_ms": 2.5653750896453857
      },
      {
        "index": 791,
        "started_ms": 9208.5005,
        "submitted_ms": 9213.543,
        "observed_completed_ms": 9216.095167000001,
        "start_to_observed_completion_ms": 7.594667000001209,
        "submit_to_observed_completion_ms": 2.5521670000016456,
        "continuous_iteration_ms": 7.600874900817871,
        "frame_ms": 7.590707778930664,
        "component_sum_ms": 7.590707778930664,
        "tick_ms": 2.047917127609253,
        "dynamic_mesh_ms": 1.1668329238891602,
        "encode_ms": 1.8213750123977661,
        "admission_or_completion_ms": 2.5545828342437744
      },
      {
        "index": 792,
        "started_ms": 9216.101374999998,
        "submitted_ms": 9221.079458,
        "observed_completed_ms": 9223.64025,
        "start_to_observed_completion_ms": 7.538875000002008,
        "submit_to_observed_completion_ms": 2.5607920000002196,
        "continuous_iteration_ms": 7.546457767486572,
        "frame_ms": 7.535207748413086,
        "component_sum_ms": 7.535207748413086,
        "tick_ms": 1.9667080640792847,
        "dynamic_mesh_ms": 1.0642499923706055,
        "encode_ms": 1.9403749704360962,
        "admission_or_completion_ms": 2.5638749599456787
      },
      {
        "index": 793,
        "started_ms": 9223.647832999999,
        "submitted_ms": 9228.70925,
        "observed_completed_ms": 9231.263332999999,
        "start_to_observed_completion_ms": 7.615499999999884,
        "submit_to_observed_completion_ms": 2.554082999999082,
        "continuous_iteration_ms": 7.623000144958496,
        "frame_ms": 7.611499786376953,
        "component_sum_ms": 7.611499786376953,
        "tick_ms": 1.960499882698059,
        "dynamic_mesh_ms": 1.1079589128494263,
        "encode_ms": 1.9862079620361328,
        "admission_or_completion_ms": 2.556833028793335
      },
      {
        "index": 794,
        "started_ms": 9231.270833,
        "submitted_ms": 9236.225208,
        "observed_completed_ms": 9240.04675,
        "start_to_observed_completion_ms": 8.775916999999026,
        "submit_to_observed_completion_ms": 3.821541999999681,
        "continuous_iteration_ms": 8.784124374389648,
        "frame_ms": 8.771750450134277,
        "component_sum_ms": 8.771750450134277,
        "tick_ms": 1.984583854675293,
        "dynamic_mesh_ms": 1.0731250047683716,
        "encode_ms": 1.8892500400543213,
        "admission_or_completion_ms": 3.8247921466827393
      },
      {
        "index": 795,
        "started_ms": 9240.054958,
        "submitted_ms": 9244.899875,
        "observed_completed_ms": 9248.719833,
        "start_to_observed_completion_ms": 8.664874999998574,
        "submit_to_observed_completion_ms": 3.8199580000000424,
        "continuous_iteration_ms": 8.673084259033203,
        "frame_ms": 8.661666870117188,
        "component_sum_ms": 8.661666870117188,
        "tick_ms": 1.7905000448226929,
        "dynamic_mesh_ms": 1.0899159908294678,
        "encode_ms": 1.9584170579910278,
        "admission_or_completion_ms": 3.822834014892578
      },
      {
        "index": 796,
        "started_ms": 9248.728042,
        "submitted_ms": 9253.666000000001,
        "observed_completed_ms": 9257.491208,
        "start_to_observed_completion_ms": 8.763165999998819,
        "submit_to_observed_completion_ms": 3.8252079999983835,
        "continuous_iteration_ms": 8.772082328796387,
        "frame_ms": 8.758709907531738,
        "component_sum_ms": 8.758709907531738,
        "tick_ms": 1.8000420331954956,
        "dynamic_mesh_ms": 1.0614171028137207,
        "encode_ms": 2.068042039871216,
        "admission_or_completion_ms": 3.8292081356048584
      },
      {
        "index": 797,
        "started_ms": 9257.500125,
        "submitted_ms": 9263.116083,
        "observed_completed_ms": 9266.940958,
        "start_to_observed_completion_ms": 9.440832999998747,
        "submit_to_observed_completion_ms": 3.8248749999984284,
        "continuous_iteration_ms": 9.448749542236328,
        "frame_ms": 9.437833786010742,
        "component_sum_ms": 9.437833786010742,
        "tick_ms": 2.0208330154418945,
        "dynamic_mesh_ms": 1.0353749990463257,
        "encode_ms": 2.5544581413269043,
        "admission_or_completion_ms": 3.82716703414917
      },
      {
        "index": 798,
        "started_ms": 9266.948875,
        "submitted_ms": 9272.1335,
        "observed_completed_ms": 9276.011958,
        "start_to_observed_completion_ms": 9.063082999999097,
        "submit_to_observed_completion_ms": 3.8784579999992275,
        "continuous_iteration_ms": 9.071083068847656,
        "frame_ms": 9.058250427246094,
        "component_sum_ms": 9.058250427246094,
        "tick_ms": 2.060167074203491,
        "dynamic_mesh_ms": 1.2324999570846558,
        "encode_ms": 1.8834999799728394,
        "admission_or_completion_ms": 3.882082939147949
      },
      {
        "index": 799,
        "started_ms": 9276.019957999999,
        "submitted_ms": 9281.082124999999,
        "observed_completed_ms": 9283.640374999999,
        "start_to_observed_completion_ms": 7.620417000000089,
        "submit_to_observed_completion_ms": 2.5582500000000437,
        "continuous_iteration_ms": 7.62795877456665,
        "frame_ms": 7.615084171295166,
        "component_sum_ms": 7.615084171295166,
        "tick_ms": 2.122541904449463,
        "dynamic_mesh_ms": 1.0996249914169312,
        "encode_ms": 1.8305829763412476,
        "admission_or_completion_ms": 2.5623340606689453
      },
      {
        "index": 800,
        "started_ms": 9283.647917,
        "submitted_ms": 9288.823375,
        "observed_completed_ms": 9291.387292,
        "start_to_observed_completion_ms": 7.7393749999992,
        "submit_to_observed_completion_ms": 2.563916999999492,
        "continuous_iteration_ms": 7.747916221618652,
        "frame_ms": 7.734748840332031,
        "component_sum_ms": 7.734748840332031,
        "tick_ms": 2.0425829887390137,
        "dynamic_mesh_ms": 1.223915934562683,
        "encode_ms": 1.900749921798706,
        "admission_or_completion_ms": 2.567499876022339
      },
      {
        "index": 801,
        "started_ms": 9291.395832999999,
        "submitted_ms": 9296.326374999999,
        "observed_completed_ms": 9298.87875,
        "start_to_observed_completion_ms": 7.48291700000118,
        "submit_to_observed_completion_ms": 2.5523750000011205,
        "continuous_iteration_ms": 7.491042137145996,
        "frame_ms": 7.479001045227051,
        "component_sum_ms": 7.479001045227051,
        "tick_ms": 1.8617080450057983,
        "dynamic_mesh_ms": 1.1160420179367065,
        "encode_ms": 1.9457919597625732,
        "admission_or_completion_ms": 2.5554590225219727
      },
      {
        "index": 802,
        "started_ms": 9298.886875,
        "submitted_ms": 9303.67,
        "observed_completed_ms": 9306.224792,
        "start_to_observed_completion_ms": 7.337917000000743,
        "submit_to_observed_completion_ms": 2.554792000000816,
        "continuous_iteration_ms": 7.345707893371582,
        "frame_ms": 7.3329997062683105,
        "component_sum_ms": 7.3329997062683105,
        "tick_ms": 1.8105839490890503,
        "dynamic_mesh_ms": 1.0888750553131104,
        "encode_ms": 1.8736670017242432,
        "admission_or_completion_ms": 2.5598740577697754
      },
      {
        "index": 803,
        "started_ms": 9306.232582999999,
        "submitted_ms": 9310.914667000001,
        "observed_completed_ms": 9313.468542,
        "start_to_observed_completion_ms": 7.235959000001458,
        "submit_to_observed_completion_ms": 2.553874999999607,
        "continuous_iteration_ms": 7.243459224700928,
        "frame_ms": 7.231001377105713,
        "component_sum_ms": 7.231001377105713,
        "tick_ms": 1.7798750400543213,
        "dynamic_mesh_ms": 1.0662500858306885,
        "encode_ms": 1.8262920379638672,
        "admission_or_completion_ms": 2.558584213256836
      },
      {
        "index": 804,
        "started_ms": 9313.476042,
        "submitted_ms": 9318.113625,
        "observed_completed_ms": 9321.933917,
        "start_to_observed_completion_ms": 8.457875000000058,
        "submit_to_observed_completion_ms": 3.820292000000336,
        "continuous_iteration_ms": 8.464957237243652,
        "frame_ms": 8.455164909362793,
        "component_sum_ms": 8.455164909362793,
        "tick_ms": 1.7265409231185913,
        "dynamic_mesh_ms": 1.0048329830169678,
        "encode_ms": 1.901792049407959,
        "admission_or_completion_ms": 3.8219990730285645
      },
      {
        "index": 805,
        "started_ms": 9321.941,
        "submitted_ms": 9326.452167,
        "observed_completed_ms": 9330.261792,
        "start_to_observed_completion_ms": 8.320791999998619,
        "submit_to_observed_completion_ms": 3.809624999999869,
        "continuous_iteration_ms": 8.32945728302002,
        "frame_ms": 8.3194580078125,
        "component_sum_ms": 8.3194580078125,
        "tick_ms": 1.6104170083999634,
        "dynamic_mesh_ms": 0.9931670427322388,
        "encode_ms": 1.903499960899353,
        "admission_or_completion_ms": 3.8123738765716553
      },
      {
        "index": 806,
        "started_ms": 9330.270457999999,
        "submitted_ms": 9335.002167,
        "observed_completed_ms": 9338.818874999999,
        "start_to_observed_completion_ms": 8.548416999999972,
        "submit_to_observed_completion_ms": 3.8167079999984708,
        "continuous_iteration_ms": 8.555209159851074,
        "frame_ms": 8.545708656311035,
        "component_sum_ms": 8.545708656311035,
        "tick_ms": 1.79591703414917,
        "dynamic_mesh_ms": 1.0362080335617065,
        "encode_ms": 1.8946670293807983,
        "admission_or_completion_ms": 3.818916082382202
      },
      {
        "index": 807,
        "started_ms": 9338.825667,
        "submitted_ms": 9343.308792,
        "observed_completed_ms": 9347.134208,
        "start_to_observed_completion_ms": 8.308541000000332,
        "submit_to_observed_completion_ms": 3.8254159999996773,
        "continuous_iteration_ms": 8.31812572479248,
        "frame_ms": 8.30674934387207,
        "component_sum_ms": 8.30674934387207,
        "tick_ms": 1.6897499561309814,
        "dynamic_mesh_ms": 1.0150001049041748,
        "encode_ms": 1.774042010307312,
        "admission_or_completion_ms": 3.8279569149017334
      },
      {
        "index": 808,
        "started_ms": 9347.143792,
        "submitted_ms": 9351.954333,
        "observed_completed_ms": 9356.826625,
        "start_to_observed_completion_ms": 9.682832999998936,
        "submit_to_observed_completion_ms": 4.872292000000016,
        "continuous_iteration_ms": 9.690916061401367,
        "frame_ms": 9.679917335510254,
        "component_sum_ms": 9.679917335510254,
        "tick_ms": 1.8925830125808716,
        "dynamic_mesh_ms": 1.044666051864624,
        "encode_ms": 1.8669999837875366,
        "admission_or_completion_ms": 4.875668048858643
      },
      {
        "index": 809,
        "started_ms": 9356.834707999998,
        "submitted_ms": 9361.525333,
        "observed_completed_ms": 9366.612207999999,
        "start_to_observed_completion_ms": 9.777500000000146,
        "submit_to_observed_completion_ms": 5.086874999999054,
        "continuous_iteration_ms": 9.786958694458008,
        "frame_ms": 9.774209976196289,
        "component_sum_ms": 9.774209976196289,
        "tick_ms": 1.7072089910507202,
        "dynamic_mesh_ms": 1.053375005722046,
        "encode_ms": 1.9223750829696655,
        "admission_or_completion_ms": 5.091250419616699
      },
      {
        "index": 810,
        "started_ms": 9366.621667000001,
        "submitted_ms": 9371.53225,
        "observed_completed_ms": 9379.146458,
        "start_to_observed_completion_ms": 12.524790999998004,
        "submit_to_observed_completion_ms": 7.614207999999053,
        "continuous_iteration_ms": 12.538166046142578,
        "frame_ms": 12.522833824157715,
        "component_sum_ms": 12.522833824157715,
        "tick_ms": 1.9252920150756836,
        "dynamic_mesh_ms": 1.0551249980926514,
        "encode_ms": 1.924791932106018,
        "admission_or_completion_ms": 7.617624759674072
      },
      {
        "index": 811,
        "started_ms": 9379.159833,
        "submitted_ms": 9383.916707999999,
        "observed_completed_ms": 9387.5825,
        "start_to_observed_completion_ms": 8.422667000000729,
        "submit_to_observed_completion_ms": 3.665792000001602,
        "continuous_iteration_ms": 8.433000564575195,
        "frame_ms": 8.419540405273438,
        "component_sum_ms": 8.419540405273438,
        "tick_ms": 1.8498328924179077,
        "dynamic_mesh_ms": 1.0587079524993896,
        "encode_ms": 1.8420829772949219,
        "admission_or_completion_ms": 3.668916940689087
      },
      {
        "index": 812,
        "started_ms": 9387.592832999999,
        "submitted_ms": 9392.330042,
        "observed_completed_ms": 9396.153999999999,
        "start_to_observed_completion_ms": 8.561166999999841,
        "submit_to_observed_completion_ms": 3.8239579999990383,
        "continuous_iteration_ms": 8.572083473205566,
        "frame_ms": 8.55787467956543,
        "component_sum_ms": 8.55787467956543,
        "tick_ms": 1.861833095550537,
        "dynamic_mesh_ms": 1.058790922164917,
        "encode_ms": 1.810209035873413,
        "admission_or_completion_ms": 3.8270421028137207
      },
      {
        "index": 813,
        "started_ms": 9396.164917,
        "submitted_ms": 9400.568792,
        "observed_completed_ms": 9404.408583,
        "start_to_observed_completion_ms": 8.243666000000303,
        "submit_to_observed_completion_ms": 3.839791000000332,
        "continuous_iteration_ms": 8.253124237060547,
        "frame_ms": 8.241333961486816,
        "component_sum_ms": 8.241333961486816,
        "tick_ms": 1.6308749914169312,
        "dynamic_mesh_ms": 1.0261250734329224,
        "encode_ms": 1.742583990097046,
        "admission_or_completion_ms": 3.841749906539917
      },
      {
        "index": 814,
        "started_ms": 9404.418042,
        "submitted_ms": 9409.046875,
        "observed_completed_ms": 9412.891667,
        "start_to_observed_completion_ms": 8.473625000000538,
        "submit_to_observed_completion_ms": 3.8447919999998703,
        "continuous_iteration_ms": 8.481791496276855,
        "frame_ms": 8.470832824707031,
        "component_sum_ms": 8.470832824707031,
        "tick_ms": 1.7989999055862427,
        "dynamic_mesh_ms": 1.027000069618225,
        "encode_ms": 1.7974998950958252,
        "admission_or_completion_ms": 3.8473329544067383
      },
      {
        "index": 815,
        "started_ms": 9412.899833000001,
        "submitted_ms": 9417.601042,
        "observed_completed_ms": 9421.433625000001,
        "start_to_observed_completion_ms": 8.533792000000176,
        "submit_to_observed_completion_ms": 3.83258300000125,
        "continuous_iteration_ms": 8.541375160217285,
        "frame_ms": 8.531624794006348,
        "component_sum_ms": 8.531624794006348,
        "tick_ms": 1.72695791721344,
        "dynamic_mesh_ms": 1.0735410451889038,
        "encode_ms": 1.8962090015411377,
        "admission_or_completion_ms": 3.8349170684814453
      },
      {
        "index": 816,
        "started_ms": 9421.441207999998,
        "submitted_ms": 9426.144708,
        "observed_completed_ms": 9429.960583,
        "start_to_observed_completion_ms": 8.519375000001673,
        "submit_to_observed_completion_ms": 3.815875000000233,
        "continuous_iteration_ms": 8.527874946594238,
        "frame_ms": 8.517333030700684,
        "component_sum_ms": 8.517333030700684,
        "tick_ms": 1.8610830307006836,
        "dynamic_mesh_ms": 1.0309159755706787,
        "encode_ms": 1.806749939918518,
        "admission_or_completion_ms": 3.8185839653015137
      },
      {
        "index": 817,
        "started_ms": 9429.969083,
        "submitted_ms": 9434.512832999999,
        "observed_completed_ms": 9438.340042,
        "start_to_observed_completion_ms": 8.370958999999857,
        "submit_to_observed_completion_ms": 3.8272090000009484,
        "continuous_iteration_ms": 8.378875732421875,
        "frame_ms": 8.368332862854004,
        "component_sum_ms": 8.368332862854004,
        "tick_ms": 1.7418749332427979,
        "dynamic_mesh_ms": 1.0256249904632568,
        "encode_ms": 1.7711659669876099,
        "admission_or_completion_ms": 3.82966685295105
      },
      {
        "index": 818,
        "started_ms": 9438.347958,
        "submitted_ms": 9442.947042,
        "observed_completed_ms": 9446.796208,
        "start_to_observed_completion_ms": 8.448249999999462,
        "submit_to_observed_completion_ms": 3.8491659999999683,
        "continuous_iteration_ms": 8.459209442138672,
        "frame_ms": 8.44495677947998,
        "component_sum_ms": 8.44495677947998,
        "tick_ms": 1.7195829153060913,
        "dynamic_mesh_ms": 1.0460000038146973,
        "encode_ms": 1.8274999856948853,
        "admission_or_completion_ms": 3.8518741130828857
      },
      {
        "index": 819,
        "started_ms": 9446.807166999999,
        "submitted_ms": 9451.496333,
        "observed_completed_ms": 9454.077125,
        "start_to_observed_completion_ms": 7.26995800000077,
        "submit_to_observed_completion_ms": 2.580792000000656,
        "continuous_iteration_ms": 7.278541088104248,
        "frame_ms": 7.266918182373047,
        "component_sum_ms": 7.266918182373047,
        "tick_ms": 1.8042089939117432,
        "dynamic_mesh_ms": 1.0348339080810547,
        "encode_ms": 1.8441659212112427,
        "admission_or_completion_ms": 2.5837090015411377
      },
      {
        "index": 820,
        "started_ms": 9454.085707999999,
        "submitted_ms": 9458.715375,
        "observed_completed_ms": 9465.052667,
        "start_to_observed_completion_ms": 10.966959000001225,
        "submit_to_observed_completion_ms": 6.337292000000161,
        "continuous_iteration_ms": 10.975666999816895,
        "frame_ms": 10.965042114257812,
        "component_sum_ms": 10.965042114257812,
        "tick_ms": 1.7871249914169312,
        "dynamic_mesh_ms": 1.035709023475647,
        "encode_ms": 1.8017500638961792,
        "admission_or_completion_ms": 6.340457916259766
      },
      {
        "index": 821,
        "started_ms": 9465.061375,
        "submitted_ms": 9469.505125,
        "observed_completed_ms": 9473.329958,
        "start_to_observed_completion_ms": 8.268583000000945,
        "submit_to_observed_completion_ms": 3.824833000000581,
        "continuous_iteration_ms": 8.279749870300293,
        "frame_ms": 8.26633358001709,
        "component_sum_ms": 8.26633358001709,
        "tick_ms": 1.6323750019073486,
        "dynamic_mesh_ms": 1.0031249523162842,
        "encode_ms": 1.8006670475006104,
        "admission_or_completion_ms": 3.830167055130005
      },
      {
        "index": 822,
        "started_ms": 9473.341124999999,
        "submitted_ms": 9478.241750000001,
        "observed_completed_ms": 9480.790833000001,
        "start_to_observed_completion_ms": 7.44970800000192,
        "submit_to_observed_completion_ms": 2.5490829999998823,
        "continuous_iteration_ms": 7.456082820892334,
        "frame_ms": 7.444125175476074,
        "component_sum_ms": 7.444125175476074,
        "tick_ms": 1.7876250743865967,
        "dynamic_mesh_ms": 1.1000840663909912,
        "encode_ms": 2.001957893371582,
        "admission_or_completion_ms": 2.554457902908325
      },
      {
        "index": 823,
        "started_ms": 9480.797208,
        "submitted_ms": 9485.4285,
        "observed_completed_ms": 9487.990375000001,
        "start_to_observed_completion_ms": 7.193167000001267,
        "submit_to_observed_completion_ms": 2.561875000001237,
        "continuous_iteration_ms": 7.202541828155518,
        "frame_ms": 7.1909589767456055,
        "component_sum_ms": 7.1909589767456055,
        "tick_ms": 1.768541932106018,
        "dynamic_mesh_ms": 1.0117499828338623,
        "encode_ms": 1.846166968345642,
        "admission_or_completion_ms": 2.564499855041504
      },
      {
        "index": 824,
        "started_ms": 9487.99975,
        "submitted_ms": 9492.548542,
        "observed_completed_ms": 9496.373,
        "start_to_observed_completion_ms": 8.373249999998734,
        "submit_to_observed_completion_ms": 3.82445799999914,
        "continuous_iteration_ms": 8.380582809448242,
        "frame_ms": 8.370292663574219,
        "component_sum_ms": 8.370292663574219,
        "tick_ms": 1.7430840730667114,
        "dynamic_mesh_ms": 1.0477089881896973,
        "encode_ms": 1.752750039100647,
        "admission_or_completion_ms": 3.8267500400543213
      },
      {
        "index": 825,
        "started_ms": 9496.380333,
        "submitted_ms": 9501.082708,
        "observed_completed_ms": 9504.893792,
        "start_to_observed_completion_ms": 8.513459000001603,
        "submit_to_observed_completion_ms": 3.8110840000008466,
        "continuous_iteration_ms": 8.521791458129883,
        "frame_ms": 8.511207580566406,
        "component_sum_ms": 8.511207580566406,
        "tick_ms": 1.77858304977417,
        "dynamic_mesh_ms": 1.0844169855117798,
        "encode_ms": 1.8347079753875732,
        "admission_or_completion_ms": 3.813499927520752
      },
      {
        "index": 826,
        "started_ms": 9504.902124999999,
        "submitted_ms": 9509.755083,
        "observed_completed_ms": 9513.59025,
        "start_to_observed_completion_ms": 8.688125000000582,
        "submit_to_observed_completion_ms": 3.8351669999992737,
        "continuous_iteration_ms": 8.69716739654541,
        "frame_ms": 8.658166885375977,
        "component_sum_ms": 8.658166885375977,
        "tick_ms": 1.667457938194275,
        "dynamic_mesh_ms": 1.0955840349197388,
        "encode_ms": 2.052999973297119,
        "admission_or_completion_ms": 3.8421249389648438
      },
      {
        "index": 827,
        "started_ms": 9513.599292,
        "submitted_ms": 9518.562292,
        "observed_completed_ms": 9522.396625000001,
        "start_to_observed_completion_ms": 8.797333000000435,
        "submit_to_observed_completion_ms": 3.834333000000697,
        "continuous_iteration_ms": 8.805500030517578,
        "frame_ms": 8.7943754196167,
        "component_sum_ms": 8.7943754196167,
        "tick_ms": 1.8867499828338623,
        "dynamic_mesh_ms": 1.0983749628067017,
        "encode_ms": 1.9719170331954956,
        "admission_or_completion_ms": 3.8373332023620605
      },
      {
        "index": 828,
        "started_ms": 9522.404792,
        "submitted_ms": 9527.225124999999,
        "observed_completed_ms": 9533.567417,
        "start_to_observed_completion_ms": 11.162625000000844,
        "submit_to_observed_completion_ms": 6.34229200000118,
        "continuous_iteration_ms": 11.172457695007324,
        "frame_ms": 11.15999984741211,
        "component_sum_ms": 11.15999984741211,
        "tick_ms": 1.7974590063095093,
        "dynamic_mesh_ms": 1.0814160108566284,
        "encode_ms": 1.9360419511795044,
        "admission_or_completion_ms": 6.345083236694336
      },
      {
        "index": 829,
        "started_ms": 9533.57725,
        "submitted_ms": 9538.76925,
        "observed_completed_ms": 9546.222375,
        "start_to_observed_completion_ms": 12.645124999999098,
        "submit_to_observed_completion_ms": 7.453125,
        "continuous_iteration_ms": 12.654166221618652,
        "frame_ms": 12.641250610351562,
        "component_sum_ms": 12.641250610351562,
        "tick_ms": 1.9764169454574585,
        "dynamic_mesh_ms": 1.1792500019073486,
        "encode_ms": 2.027208089828491,
        "admission_or_completion_ms": 7.458375453948975
      },
      {
        "index": 830,
        "started_ms": 9546.231416999999,
        "submitted_ms": 9551.143708,
        "observed_completed_ms": 9557.483,
        "start_to_observed_completion_ms": 11.25158300000112,
        "submit_to_observed_completion_ms": 6.339292000000569,
        "continuous_iteration_ms": 11.261083602905273,
        "frame_ms": 11.249292373657227,
        "component_sum_ms": 11.249292373657227,
        "tick_ms": 1.8503329753875732,
        "dynamic_mesh_ms": 1.095292091369629,
        "encode_ms": 1.9612079858779907,
        "admission_or_completion_ms": 6.342458724975586
      },
      {
        "index": 831,
        "started_ms": 9557.4925,
        "submitted_ms": 9562.557792,
        "observed_completed_ms": 9565.115375,
        "start_to_observed_completion_ms": 7.622874999999112,
        "submit_to_observed_completion_ms": 2.557582999999795,
        "continuous_iteration_ms": 7.629457950592041,
        "frame_ms": 7.619999885559082,
        "component_sum_ms": 7.619999885559082,
        "tick_ms": 1.8812919855117798,
        "dynamic_mesh_ms": 1.107166051864624,
        "encode_ms": 2.0708749294281006,
        "admission_or_completion_ms": 2.560667037963867
      },
      {
        "index": 832,
        "started_ms": 9565.121958000002,
        "submitted_ms": 9569.894083,
        "observed_completed_ms": 9572.4615,
        "start_to_observed_completion_ms": 7.339541999997891,
        "submit_to_observed_completion_ms": 2.567417000000205,
        "continuous_iteration_ms": 7.347750186920166,
        "frame_ms": 7.335916042327881,
        "component_sum_ms": 7.335916042327881,
        "tick_ms": 1.6626249551773071,
        "dynamic_mesh_ms": 1.1104999780654907,
        "encode_ms": 1.9867080450057983,
        "admission_or_completion_ms": 2.576083183288574
      },
      {
        "index": 833,
        "started_ms": 9572.469708,
        "submitted_ms": 9577.458458000001,
        "observed_completed_ms": 9580.029417,
        "start_to_observed_completion_ms": 7.559708999999202,
        "submit_to_observed_completion_ms": 2.5709589999987656,
        "continuous_iteration_ms": 7.568291664123535,
        "frame_ms": 7.557042121887207,
        "component_sum_ms": 7.557042121887207,
        "tick_ms": 1.9032080173492432,
        "dynamic_mesh_ms": 1.0951249599456787,
        "encode_ms": 1.9835001230239868,
        "admission_or_completion_ms": 2.575209140777588
      },
      {
        "index": 834,
        "started_ms": 9580.038,
        "submitted_ms": 9584.733957999999,
        "observed_completed_ms": 9589.816167,
        "start_to_observed_completion_ms": 9.778167000000394,
        "submit_to_observed_completion_ms": 5.082209000001967,
        "continuous_iteration_ms": 9.785542488098145,
        "frame_ms": 9.775790214538574,
        "component_sum_ms": 9.775790214538574,
        "tick_ms": 1.7136659622192383,
        "dynamic_mesh_ms": 1.0578750371932983,
        "encode_ms": 1.9199579954147339,
        "admission_or_completion_ms": 5.084290981292725
      },
      {
        "index": 835,
        "started_ms": 9589.823542,
        "submitted_ms": 9594.643292,
        "observed_completed_ms": 9598.493042,
        "start_to_observed_completion_ms": 8.669499999999971,
        "submit_to_observed_completion_ms": 3.8497499999994034,
        "continuous_iteration_ms": 8.677957534790039,
        "frame_ms": 8.665668487548828,
        "component_sum_ms": 8.665668487548828,
        "tick_ms": 1.7940839529037476,
        "dynamic_mesh_ms": 1.1072089672088623,
        "encode_ms": 1.911167025566101,
        "admission_or_completion_ms": 3.853208065032959
      },
      {
        "index": 836,
        "started_ms": 9598.501499999998,
        "submitted_ms": 9603.661,
        "observed_completed_ms": 9607.511792000001,
        "start_to_observed_completion_ms": 9.010292000002664,
        "submit_to_observed_completion_ms": 3.8507920000010927,
        "continuous_iteration_ms": 9.019792556762695,
        "frame_ms": 9.008042335510254,
        "component_sum_ms": 9.008042335510254,
        "tick_ms": 1.8310420513153076,
        "dynamic_mesh_ms": 1.0740420818328857,
        "encode_ms": 2.2487080097198486,
        "admission_or_completion_ms": 3.8542497158050537
      },
      {
        "index": 837,
        "started_ms": 9607.521292,
        "submitted_ms": 9612.901917000001,
        "observed_completed_ms": 9615.4555,
        "start_to_observed_completion_ms": 7.934208000000581,
        "submit_to_observed_completion_ms": 2.55358299999898,
        "continuous_iteration_ms": 7.94179105758667,
        "frame_ms": 7.920290946960449,
        "component_sum_ms": 7.920290946960449,
        "tick_ms": 1.8527910709381104,
        "dynamic_mesh_ms": 1.2324169874191284,
        "encode_ms": 2.276624917984009,
        "admission_or_completion_ms": 2.558458089828491
      },
      {
        "index": 838,
        "started_ms": 9615.463083,
        "submitted_ms": 9620.378708,
        "observed_completed_ms": 9624.219583,
        "start_to_observed_completion_ms": 8.756499999999505,
        "submit_to_observed_completion_ms": 3.840874999999869,
        "continuous_iteration_ms": 8.76504135131836,
        "frame_ms": 8.752249717712402,
        "component_sum_ms": 8.752249717712402,
        "tick_ms": 1.612833023071289,
        "dynamic_mesh_ms": 1.1673330068588257,
        "encode_ms": 2.127624988555908,
        "admission_or_completion_ms": 3.844458818435669
      },
      {
        "index": 839,
        "started_ms": 9624.228125,
        "submitted_ms": 9629.322125,
        "observed_completed_ms": 9633.147292,
        "start_to_observed_completion_ms": 8.919167000000016,
        "submit_to_observed_completion_ms": 3.8251669999990554,
        "continuous_iteration_ms": 8.927249908447266,
        "frame_ms": 8.91695785522461,
        "component_sum_ms": 8.91695785522461,
        "tick_ms": 1.7295830249786377,
        "dynamic_mesh_ms": 1.1157500743865967,
        "encode_ms": 2.2431252002716064,
        "admission_or_completion_ms": 3.8285000324249268
      },
      {
        "index": 840,
        "started_ms": 9633.155375,
        "submitted_ms": 9638.244625000001,
        "observed_completed_ms": 9642.069375000001,
        "start_to_observed_completion_ms": 8.91400000000067,
        "submit_to_observed_completion_ms": 3.824749999999767,
        "continuous_iteration_ms": 8.95454216003418,
        "frame_ms": 8.91120719909668,
        "component_sum_ms": 8.91120719909668,
        "tick_ms": 1.7887500524520874,
        "dynamic_mesh_ms": 1.063707947731018,
        "encode_ms": 2.230875015258789,
        "admission_or_completion_ms": 3.827873945236206
      },
      {
        "index": 841,
        "started_ms": 9642.109917,
        "submitted_ms": 9647.007167,
        "observed_completed_ms": 9650.821958,
        "start_to_observed_completion_ms": 8.712041000000681,
        "submit_to_observed_completion_ms": 3.814791000000696,
        "continuous_iteration_ms": 8.719874382019043,
        "frame_ms": 8.70775032043457,
        "component_sum_ms": 8.70775032043457,
        "tick_ms": 1.9141250848770142,
        "dynamic_mesh_ms": 1.1043750047683716,
        "encode_ms": 1.871250033378601,
        "admission_or_completion_ms": 3.818000078201294
      },
      {
        "index": 842,
        "started_ms": 9650.829792,
        "submitted_ms": 9659.810333,
        "observed_completed_ms": 9663.668458,
        "start_to_observed_completion_ms": 12.838665999999648,
        "submit_to_observed_completion_ms": 3.858125000000655,
        "continuous_iteration_ms": 12.848082542419434,
        "frame_ms": 12.834541320800781,
        "component_sum_ms": 12.834541320800781,
        "tick_ms": 2.196125030517578,
        "dynamic_mesh_ms": 2.192500114440918,
        "encode_ms": 4.583249568939209,
        "admission_or_completion_ms": 3.8626670837402344
      },
      {
        "index": 843,
        "started_ms": 9663.677875,
        "submitted_ms": 9668.276292,
        "observed_completed_ms": 9673.389208,
        "start_to_observed_completion_ms": 9.711333000001105,
        "submit_to_observed_completion_ms": 5.112916000000041,
        "continuous_iteration_ms": 9.72195816040039,
        "frame_ms": 9.707708358764648,
        "component_sum_ms": 9.707708358764648,
        "tick_ms": 1.5852500200271606,
        "dynamic_mesh_ms": 1.1068329811096191,
        "encode_ms": 1.8999170064926147,
        "admission_or_completion_ms": 5.115708351135254
      },
      {
        "index": 844,
        "started_ms": 9673.399833,
        "submitted_ms": 9681.608750000001,
        "observed_completed_ms": 9689.225792000001,
        "start_to_observed_completion_ms": 15.825959000001603,
        "submit_to_observed_completion_ms": 7.617041999999856,
        "continuous_iteration_ms": 15.833958625793457,
        "frame_ms": 15.81916618347168,
        "component_sum_ms": 15.81916618347168,
        "tick_ms": 1.4006249904632568,
        "dynamic_mesh_ms": 2.1579999923706055,
        "encode_ms": 4.6388750076293945,
        "admission_or_completion_ms": 7.621665954589844
      },
      {
        "index": 845,
        "started_ms": 9689.233791999999,
        "submitted_ms": 9697.407333,
        "observed_completed_ms": 9701.250417000001,
        "start_to_observed_completion_ms": 12.016625000002023,
        "submit_to_observed_completion_ms": 3.843084000001909,
        "continuous_iteration_ms": 12.028541564941406,
        "frame_ms": 12.01095962524414,
        "component_sum_ms": 12.01095962524414,
        "tick_ms": 1.3761249780654907,
        "dynamic_mesh_ms": 1.9857499599456787,
        "encode_ms": 4.802249908447266,
        "admission_or_completion_ms": 3.8468339443206787
      },
      {
        "index": 846,
        "started_ms": 9701.262333,
        "submitted_ms": 9709.191833,
        "observed_completed_ms": 9715.553667,
        "start_to_observed_completion_ms": 14.291333999999551,
        "submit_to_observed_completion_ms": 6.361833999999362,
        "continuous_iteration_ms": 14.300834655761719,
        "frame_ms": 14.284708023071289,
        "component_sum_ms": 14.284708023071289,
        "tick_ms": 1.3111250400543213,
        "dynamic_mesh_ms": 2.2013750076293945,
        "encode_ms": 4.405208110809326,
        "admission_or_completion_ms": 6.366999626159668
      },
      {
        "index": 847,
        "started_ms": 9715.563166999998,
        "submitted_ms": 9723.686333,
        "observed_completed_ms": 9729.581832999998,
        "start_to_observed_completion_ms": 14.01866599999994,
        "submit_to_observed_completion_ms": 5.895499999998719,
        "continuous_iteration_ms": 14.026665687561035,
        "frame_ms": 14.013334274291992,
        "component_sum_ms": 14.013334274291992,
        "tick_ms": 1.3335000276565552,
        "dynamic_mesh_ms": 2.114542007446289,
        "encode_ms": 4.664708137512207,
        "admission_or_completion_ms": 5.9005842208862305
      },
      {
        "index": 848,
        "started_ms": 9729.589833,
        "submitted_ms": 9737.662625,
        "observed_completed_ms": 9741.494208,
        "start_to_observed_completion_ms": 11.904375000000073,
        "submit_to_observed_completion_ms": 3.8315829999992275,
        "continuous_iteration_ms": 11.913000106811523,
        "frame_ms": 11.899916648864746,
        "component_sum_ms": 11.899916648864746,
        "tick_ms": 1.3059170246124268,
        "dynamic_mesh_ms": 2.005290985107422,
        "encode_ms": 4.754167079925537,
        "admission_or_completion_ms": 3.834541082382202
      },
      {
        "index": 849,
        "started_ms": 9741.502833,
        "submitted_ms": 9749.393917000001,
        "observed_completed_ms": 9753.228292,
        "start_to_observed_completion_ms": 11.725458999999319,
        "submit_to_observed_completion_ms": 3.834374999998545,
        "continuous_iteration_ms": 11.732791900634766,
        "frame_ms": 11.719416618347168,
        "component_sum_ms": 11.719416618347168,
        "tick_ms": 1.3874999284744263,
        "dynamic_mesh_ms": 2.024749994277954,
        "encode_ms": 4.469249725341797,
        "admission_or_completion_ms": 3.837916851043701
      },
      {
        "index": 850,
        "started_ms": 9753.235625000001,
        "submitted_ms": 9760.771042,
        "observed_completed_ms": 9764.440333,
        "start_to_observed_completion_ms": 11.2047079999993,
        "submit_to_observed_completion_ms": 3.6692910000001575,
        "continuous_iteration_ms": 11.213166236877441,
        "frame_ms": 11.20050048828125,
        "component_sum_ms": 11.20050048828125,
        "tick_ms": 1.1815840005874634,
        "dynamic_mesh_ms": 1.8797919750213623,
        "encode_ms": 4.46512508392334,
        "admission_or_completion_ms": 3.6739988327026367
      },
      {
        "index": 851,
        "started_ms": 9764.448792,
        "submitted_ms": 9772.332833,
        "observed_completed_ms": 9779.778833,
        "start_to_observed_completion_ms": 15.330041000001074,
        "submit_to_observed_completion_ms": 7.445999999999913,
        "continuous_iteration_ms": 15.338916778564453,
        "frame_ms": 15.322416305541992,
        "component_sum_ms": 15.322416305541992,
        "tick_ms": 1.282459020614624,
        "dynamic_mesh_ms": 2.096165895462036,
        "encode_ms": 4.4930830001831055,
        "admission_or_completion_ms": 7.450708389282227
      },
      {
        "index": 852,
        "started_ms": 9779.787708,
        "submitted_ms": 9787.7805,
        "observed_completed_ms": 9791.637666999999,
        "start_to_observed_completion_ms": 11.849958999999217,
        "submit_to_observed_completion_ms": 3.8571669999982987,
        "continuous_iteration_ms": 11.857791900634766,
        "frame_ms": 11.843541145324707,
        "component_sum_ms": 11.843541145324707,
        "tick_ms": 1.2390830516815186,
        "dynamic_mesh_ms": 1.99733304977417,
        "encode_ms": 4.747000217437744,
        "admission_or_completion_ms": 3.8601248264312744
      },
      {
        "index": 853,
        "started_ms": 9791.645499999999,
        "submitted_ms": 9799.556708,
        "observed_completed_ms": 9804.654708,
        "start_to_observed_completion_ms": 13.009208000001308,
        "submit_to_observed_completion_ms": 5.097999999999956,
        "continuous_iteration_ms": 13.017792701721191,
        "frame_ms": 13.003167152404785,
        "component_sum_ms": 13.003167152404785,
        "tick_ms": 1.3585000038146973,
        "dynamic_mesh_ms": 2.093417167663574,
        "encode_ms": 4.449707984924316,
        "admission_or_completion_ms": 5.101541996002197
      },
      {
        "index": 854,
        "started_ms": 9804.663292000001,
        "submitted_ms": 9812.565333,
        "observed_completed_ms": 9815.139500000001,
        "start_to_observed_completion_ms": 10.476208000000042,
        "submit_to_observed_completion_ms": 2.5741670000006707,
        "continuous_iteration_ms": 10.482915878295898,
        "frame_ms": 10.470624923706055,
        "component_sum_ms": 10.470624923706055,
        "tick_ms": 1.2018330097198486,
        "dynamic_mesh_ms": 1.967292070388794,
        "encode_ms": 4.7249579429626465,
        "admission_or_completion_ms": 2.5765421390533447
      },
      {
        "index": 855,
        "started_ms": 9815.146208,
        "submitted_ms": 9822.93925,
        "observed_completed_ms": 9829.316167,
        "start_to_observed_completion_ms": 14.169959000000745,
        "submit_to_observed_completion_ms": 6.376917000001413,
        "continuous_iteration_ms": 14.178958892822266,
        "frame_ms": 14.16058349609375,
        "component_sum_ms": 14.16058349609375,
        "tick_ms": 1.2185419797897339,
        "dynamic_mesh_ms": 2.132582902908325,
        "encode_ms": 4.427500247955322,
        "admission_or_completion_ms": 6.3819580078125
      },
      {
        "index": 856,
        "started_ms": 9829.325167,
        "submitted_ms": 9837.642333,
        "observed_completed_ms": 9841.485292,
        "start_to_observed_completion_ms": 12.160124999998516,
        "submit_to_observed_completion_ms": 3.8429589999996097,
        "continuous_iteration_ms": 12.167500495910645,
        "frame_ms": 12.15512466430664,
        "component_sum_ms": 12.15512466430664,
        "tick_ms": 1.3302910327911377,
        "dynamic_mesh_ms": 2.0486249923706055,
        "encode_ms": 4.929625034332275,
        "admission_or_completion_ms": 3.846583843231201
      },
      {
        "index": 857,
        "started_ms": 9841.492667,
        "submitted_ms": 9849.82625,
        "observed_completed_ms": 9854.706833,
        "start_to_observed_completion_ms": 13.21416599999975,
        "submit_to_observed_completion_ms": 4.880583000000115,
        "continuous_iteration_ms": 13.2212495803833,
        "frame_ms": 13.208084106445312,
        "component_sum_ms": 13.208084106445312,
        "tick_ms": 1.3489590883255005,
        "dynamic_mesh_ms": 2.163874864578247,
        "encode_ms": 4.810958385467529,
        "admission_or_completion_ms": 4.884292125701904
      },
      {
        "index": 858,
        "started_ms": 9854.713917,
        "submitted_ms": 9862.848542,
        "observed_completed_ms": 9866.68825,
        "start_to_observed_completion_ms": 11.974333000000115,
        "submit_to_observed_completion_ms": 3.8397079999995185,
        "continuous_iteration_ms": 11.982832908630371,
        "frame_ms": 11.969374656677246,
        "component_sum_ms": 11.969374656677246,
        "tick_ms": 1.2542920112609863,
        "dynamic_mesh_ms": 2.049790859222412,
        "encode_ms": 4.82212495803833,
        "admission_or_completion_ms": 3.8431670665740967
      },
      {
        "index": 859,
        "started_ms": 9866.69675,
        "submitted_ms": 9875.131207999999,
        "observed_completed_ms": 9880.235292,
        "start_to_observed_completion_ms": 13.538542000000234,
        "submit_to_observed_completion_ms": 5.104084000000512,
        "continuous_iteration_ms": 13.546875,
        "frame_ms": 13.532291412353516,
        "component_sum_ms": 13.532291412353516,
        "tick_ms": 1.4945420026779175,
        "dynamic_mesh_ms": 2.233665943145752,
        "encode_ms": 4.695166110992432,
        "admission_or_completion_ms": 5.108917713165283
      },
      {
        "index": 860,
        "started_ms": 9880.243625000001,
        "submitted_ms": 9888.572625,
        "observed_completed_ms": 9894.93325,
        "start_to_observed_completion_ms": 14.689624999999069,
        "submit_to_observed_completion_ms": 6.360624999999345,
        "continuous_iteration_ms": 14.700417518615723,
        "frame_ms": 14.684332847595215,
        "component_sum_ms": 14.684332847595215,
        "tick_ms": 1.322624921798706,
        "dynamic_mesh_ms": 2.0732920169830322,
        "encode_ms": 4.923500061035156,
        "admission_or_completion_ms": 6.36491584777832
      },
      {
        "index": 861,
        "started_ms": 9894.944042000001,
        "submitted_ms": 9903.313958,
        "observed_completed_ms": 9907.158708,
        "start_to_observed_completion_ms": 12.214665999999852,
        "submit_to_observed_completion_ms": 3.8447500000002037,
        "continuous_iteration_ms": 12.222790718078613,
        "frame_ms": 12.207500457763672,
        "component_sum_ms": 12.207500457763672,
        "tick_ms": 1.3096669912338257,
        "dynamic_mesh_ms": 2.362499952316284,
        "encode_ms": 4.685999870300293,
        "admission_or_completion_ms": 3.8493337631225586
      },
      {
        "index": 862,
        "started_ms": 9907.166833,
        "submitted_ms": 9915.496417,
        "observed_completed_ms": 9920.457292,
        "start_to_observed_completion_ms": 13.290458999999828,
        "submit_to_observed_completion_ms": 4.96087499999885,
        "continuous_iteration_ms": 13.29970932006836,
        "frame_ms": 13.285957336425781,
        "component_sum_ms": 13.285957336425781,
        "tick_ms": 1.3343329429626465,
        "dynamic_mesh_ms": 2.1533749103546143,
        "encode_ms": 4.833499908447266,
        "admission_or_completion_ms": 4.964748859405518
      },
      {
        "index": 863,
        "started_ms": 9920.466542,
        "submitted_ms": 9928.713625,
        "observed_completed_ms": 9932.486458,
        "start_to_observed_completion_ms": 12.019915999999284,
        "submit_to_observed_completion_ms": 3.772832999999082,
        "continuous_iteration_ms": 12.027375221252441,
        "frame_ms": 12.01470947265625,
        "component_sum_ms": 12.01470947265625,
        "tick_ms": 1.3367919921875,
        "dynamic_mesh_ms": 2.076457977294922,
        "encode_ms": 4.824666976928711,
        "admission_or_completion_ms": 3.776792049407959
      },
      {
        "index": 864,
        "started_ms": 9932.493917,
        "submitted_ms": 9940.577375,
        "observed_completed_ms": 9944.40825,
        "start_to_observed_completion_ms": 11.914333000000624,
        "submit_to_observed_completion_ms": 3.8308749999996508,
        "continuous_iteration_ms": 11.921541213989258,
        "frame_ms": 11.90837574005127,
        "component_sum_ms": 11.90837574005127,
        "tick_ms": 1.2766669988632202,
        "dynamic_mesh_ms": 2.188167095184326,
        "encode_ms": 4.609041690826416,
        "admission_or_completion_ms": 3.8345000743865967
      },
      {
        "index": 865,
        "started_ms": 9944.415458,
        "submitted_ms": 9952.917375,
        "observed_completed_ms": 9955.503417,
        "start_to_observed_completion_ms": 11.08795900000041,
        "submit_to_observed_completion_ms": 2.586041999998997,
        "continuous_iteration_ms": 11.095958709716797,
        "frame_ms": 11.083417892456055,
        "component_sum_ms": 11.083417892456055,
        "tick_ms": 1.420167088508606,
        "dynamic_mesh_ms": 2.0654168128967285,
        "encode_ms": 5.007833003997803,
        "admission_or_completion_ms": 2.590001106262207
      },
      {
        "index": 866,
        "started_ms": 9955.511417,
        "submitted_ms": 9964.479042,
        "observed_completed_ms": 9971.921,
        "start_to_observed_completion_ms": 16.409583000000566,
        "submit_to_observed_completion_ms": 7.441957999999431,
        "continuous_iteration_ms": 16.41950035095215,
        "frame_ms": 16.403207778930664,
        "component_sum_ms": 16.403207778930664,
        "tick_ms": 1.3104580640792847,
        "dynamic_mesh_ms": 2.1563329696655273,
        "encode_ms": 5.490959167480469,
        "admission_or_completion_ms": 7.445457935333252
      },
      {
        "index": 867,
        "started_ms": 9971.930917,
        "submitted_ms": 9980.729292,
        "observed_completed_ms": 9984.580958,
        "start_to_observed_completion_ms": 12.650041000000783,
        "submit_to_observed_completion_ms": 3.8516660000004777,
        "continuous_iteration_ms": 12.659915924072266,
        "frame_ms": 12.644000053405762,
        "component_sum_ms": 12.644000053405762,
        "tick_ms": 1.3195000886917114,
        "dynamic_mesh_ms": 2.239542007446289,
        "encode_ms": 5.228875160217285,
        "admission_or_completion_ms": 3.8560829162597656
      },
      {
        "index": 868,
        "started_ms": 9984.590833,
        "submitted_ms": 9993.386792000001,
        "observed_completed_ms": 9997.192042,
        "start_to_observed_completion_ms": 12.601209000000381,
        "submit_to_observed_completion_ms": 3.8052499999994325,
        "continuous_iteration_ms": 12.610250473022461,
        "frame_ms": 12.594375610351562,
        "component_sum_ms": 12.594375610351562,
        "tick_ms": 1.3704999685287476,
        "dynamic_mesh_ms": 2.6224591732025146,
        "encode_ms": 4.791459083557129,
        "admission_or_completion_ms": 3.809957981109619
      },
      {
        "index": 869,
        "started_ms": 9997.201083,
        "submitted_ms": 10005.465875,
        "observed_completed_ms": 10011.830542,
        "start_to_observed_completion_ms": 14.62945899999977,
        "submit_to_observed_completion_ms": 6.364666999999827,
        "continuous_iteration_ms": 14.638291358947754,
        "frame_ms": 14.624332427978516,
        "component_sum_ms": 14.624332427978516,
        "tick_ms": 1.2825829982757568,
        "dynamic_mesh_ms": 2.123415946960449,
        "encode_ms": 4.8506669998168945,
        "admission_or_completion_ms": 6.367666721343994
      },
      {
        "index": 870,
        "started_ms": 10011.839375,
        "submitted_ms": 10020.248667,
        "observed_completed_ms": 10024.107333,
        "start_to_observed_completion_ms": 12.267958000000363,
        "submit_to_observed_completion_ms": 3.8586660000000848,
        "continuous_iteration_ms": 12.276874542236328,
        "frame_ms": 12.262958526611328,
        "component_sum_ms": 12.262958526611328,
        "tick_ms": 1.3386249542236328,
        "dynamic_mesh_ms": 2.131999969482422,
        "encode_ms": 4.929459095001221,
        "admission_or_completion_ms": 3.862874984741211
      },
      {
        "index": 871,
        "started_ms": 10024.116250000001,
        "submitted_ms": 10032.712958,
        "observed_completed_ms": 10041.595833000001,
        "start_to_observed_completion_ms": 17.479583000000275,
        "submit_to_observed_completion_ms": 8.88287500000115,
        "continuous_iteration_ms": 17.488750457763672,
        "frame_ms": 17.473251342773438,
        "component_sum_ms": 17.473251342773438,
        "tick_ms": 1.270542025566101,
        "dynamic_mesh_ms": 2.3162918090820312,
        "encode_ms": 4.999083042144775,
        "admission_or_completion_ms": 8.887334823608398
      },
      {
        "index": 872,
        "started_ms": 10041.605000000001,
        "submitted_ms": 10050.249624999999,
        "observed_completed_ms": 10055.361083,
        "start_to_observed_completion_ms": 13.756082999998398,
        "submit_to_observed_completion_ms": 5.111458000001221,
        "continuous_iteration_ms": 13.76504135131836,
        "frame_ms": 13.750207901000977,
        "component_sum_ms": 13.750207901000977,
        "tick_ms": 1.392416000366211,
        "dynamic_mesh_ms": 2.2699170112609863,
        "encode_ms": 4.97208309173584,
        "admission_or_completion_ms": 5.1157917976379395
      },
      {
        "index": 873,
        "started_ms": 10055.370042,
        "submitted_ms": 10063.706042,
        "observed_completed_ms": 10070.061208000001,
        "start_to_observed_completion_ms": 14.691166000000521,
        "submit_to_observed_completion_ms": 6.355166000001191,
        "continuous_iteration_ms": 14.700708389282227,
        "frame_ms": 14.68566608428955,
        "component_sum_ms": 14.68566608428955,
        "tick_ms": 1.2672079801559448,
        "dynamic_mesh_ms": 2.130958080291748,
        "encode_ms": 4.9282917976379395,
        "admission_or_completion_ms": 6.359208106994629
      },
      {
        "index": 874,
        "started_ms": 10070.070749999999,
        "submitted_ms": 10073.986417,
        "observed_completed_ms": 10077.811375,
        "start_to_observed_completion_ms": 7.740625000000364,
        "submit_to_observed_completion_ms": 3.824957999999242,
        "continuous_iteration_ms": 7.748416900634766,
        "frame_ms": 7.737582683563232,
        "component_sum_ms": 7.737582683563232,
        "tick_ms": 1.1394999027252197,
        "dynamic_mesh_ms": 1.0707499980926514,
        "encode_ms": 1.6990420818328857,
        "admission_or_completion_ms": 3.8282907009124756
      },
      {
        "index": 875,
        "started_ms": 10077.819167,
        "submitted_ms": 10085.97575,
        "observed_completed_ms": 10089.827707999999,
        "start_to_observed_completion_ms": 12.00854099999924,
        "submit_to_observed_completion_ms": 3.8519579999992857,
        "continuous_iteration_ms": 12.018040657043457,
        "frame_ms": 12.004292488098145,
        "component_sum_ms": 12.004292488098145,
        "tick_ms": 1.2560830116271973,
        "dynamic_mesh_ms": 2.0487921237945557,
        "encode_ms": 4.843791961669922,
        "admission_or_completion_ms": 3.8556251525878906
      },
      {
        "index": 876,
        "started_ms": 10089.837208,
        "submitted_ms": 10094.104167,
        "observed_completed_ms": 10096.686542000001,
        "start_to_observed_completion_ms": 6.849334000000454,
        "submit_to_observed_completion_ms": 2.5823750000017753,
        "continuous_iteration_ms": 6.858250141143799,
        "frame_ms": 6.84641695022583,
        "component_sum_ms": 6.84641695022583,
        "tick_ms": 1.1124160289764404,
        "dynamic_mesh_ms": 1.1363329887390137,
        "encode_ms": 2.0114591121673584,
        "admission_or_completion_ms": 2.5862088203430176
      },
      {
        "index": 877,
        "started_ms": 10096.695457999998,
        "submitted_ms": 10105.360875,
        "observed_completed_ms": 10112.860666999999,
        "start_to_observed_completion_ms": 16.165209000000687,
        "submit_to_observed_completion_ms": 7.499791999998706,
        "continuous_iteration_ms": 16.173917770385742,
        "frame_ms": 16.158748626708984,
        "component_sum_ms": 16.158748626708984,
        "tick_ms": 1.2887909412384033,
        "dynamic_mesh_ms": 2.1408331394195557,
        "encode_ms": 5.226249694824219,
        "admission_or_completion_ms": 7.502874851226807
      },
      {
        "index": 878,
        "started_ms": 10112.869375,
        "submitted_ms": 10121.4565,
        "observed_completed_ms": 10125.282792,
        "start_to_observed_completion_ms": 12.413416999999754,
        "submit_to_observed_completion_ms": 3.8262919999997393,
        "continuous_iteration_ms": 12.424833297729492,
        "frame_ms": 12.406542778015137,
        "component_sum_ms": 12.406542778015137,
        "tick_ms": 1.3335421085357666,
        "dynamic_mesh_ms": 2.1975839138031006,
        "encode_ms": 5.044749736785889,
        "admission_or_completion_ms": 3.8306667804718018
      },
      {
        "index": 879,
        "started_ms": 10125.294208,
        "submitted_ms": 10134.021999999999,
        "observed_completed_ms": 10137.889917,
        "start_to_observed_completion_ms": 12.59570900000108,
        "submit_to_observed_completion_ms": 3.8679170000013983,
        "continuous_iteration_ms": 12.605958938598633,
        "frame_ms": 12.588665962219238,
        "component_sum_ms": 12.588665962219238,
        "tick_ms": 1.4009169340133667,
        "dynamic_mesh_ms": 2.333082914352417,
        "encode_ms": 4.981082916259766,
        "admission_or_completion_ms": 3.873584032058716
      },
      {
        "index": 880,
        "started_ms": 10137.900167,
        "submitted_ms": 10146.683792,
        "observed_completed_ms": 10150.543292,
        "start_to_observed_completion_ms": 12.64312500000051,
        "submit_to_observed_completion_ms": 3.85950000000048,
        "continuous_iteration_ms": 12.652874946594238,
        "frame_ms": 12.63687515258789,
        "component_sum_ms": 12.63687515258789,
        "tick_ms": 1.3269169330596924,
        "dynamic_mesh_ms": 2.1570839881896973,
        "encode_ms": 5.289124965667725,
        "admission_or_completion_ms": 3.8637499809265137
      },
      {
        "index": 881,
        "started_ms": 10150.553042,
        "submitted_ms": 10159.189958,
        "observed_completed_ms": 10165.3495,
        "start_to_observed_completion_ms": 14.796458000000712,
        "submit_to_observed_completion_ms": 6.159541999999419,
        "continuous_iteration_ms": 14.806166648864746,
        "frame_ms": 14.789083480834961,
        "component_sum_ms": 14.789083480834961,
        "tick_ms": 1.427291989326477,
        "dynamic_mesh_ms": 2.2137908935546875,
        "encode_ms": 4.984041213989258,
        "admission_or_completion_ms": 6.16395902633667
      },
      {
        "index": 882,
        "started_ms": 10165.359208,
        "submitted_ms": 10174.561375,
        "observed_completed_ms": 10180.940832999999,
        "start_to_observed_completion_ms": 15.581624999998894,
        "submit_to_observed_completion_ms": 6.379457999999431,
        "continuous_iteration_ms": 15.59054183959961,
        "frame_ms": 15.571332931518555,
        "component_sum_ms": 15.571332931518555,
        "tick_ms": 1.3267500400543213,
        "dynamic_mesh_ms": 2.347707986831665,
        "encode_ms": 5.4942498207092285,
        "admission_or_completion_ms": 6.40262508392334
      },
      {
        "index": 883,
        "started_ms": 10180.94975,
        "submitted_ms": 10190.083832999999,
        "observed_completed_ms": 10194.863542000001,
        "start_to_observed_completion_ms": 13.913792000001195,
        "submit_to_observed_completion_ms": 4.779709000002185,
        "continuous_iteration_ms": 13.925749778747559,
        "frame_ms": 13.907459259033203,
        "component_sum_ms": 13.907459259033203,
        "tick_ms": 1.2578330039978027,
        "dynamic_mesh_ms": 2.1958329677581787,
        "encode_ms": 5.670375347137451,
        "admission_or_completion_ms": 4.783417224884033
      },
      {
        "index": 884,
        "started_ms": 10194.8755,
        "submitted_ms": 10203.898708,
        "observed_completed_ms": 10209.078207999999,
        "start_to_observed_completion_ms": 14.202707999998893,
        "submit_to_observed_completion_ms": 5.17949999999837,
        "continuous_iteration_ms": 14.2128324508667,
        "frame_ms": 14.196792602539062,
        "component_sum_ms": 14.196792602539062,
        "tick_ms": 1.5566670894622803,
        "dynamic_mesh_ms": 2.1676669120788574,
        "encode_ms": 5.287458419799805,
        "admission_or_completion_ms": 5.184999942779541
      },
      {
        "index": 885,
        "started_ms": 10209.088333,
        "submitted_ms": 10217.840917,
        "observed_completed_ms": 10222.951958,
        "start_to_observed_completion_ms": 13.863624999999956,
        "submit_to_observed_completion_ms": 5.111041000000114,
        "continuous_iteration_ms": 13.873416900634766,
        "frame_ms": 13.858040809631348,
        "component_sum_ms": 13.858040809631348,
        "tick_ms": 1.4284170866012573,
        "dynamic_mesh_ms": 2.250124931335449,
        "encode_ms": 5.0647501945495605,
        "admission_or_completion_ms": 5.114748954772949
      },
      {
        "index": 886,
        "started_ms": 10222.96175,
        "submitted_ms": 10231.831417000001,
        "observed_completed_ms": 10238.211458,
        "start_to_observed_completion_ms": 15.249707999999373,
        "submit_to_observed_completion_ms": 6.380040999998528,
        "continuous_iteration_ms": 15.260457992553711,
        "frame_ms": 15.243375778198242,
        "component_sum_ms": 15.243375778198242,
        "tick_ms": 1.3464590311050415,
        "dynamic_mesh_ms": 2.2082080841064453,
        "encode_ms": 5.304542064666748,
        "admission_or_completion_ms": 6.384167194366455
      },
      {
        "index": 887,
        "started_ms": 10238.222208,
        "submitted_ms": 10247.029375,
        "observed_completed_ms": 10250.891083,
        "start_to_observed_completion_ms": 12.668875000001208,
        "submit_to_observed_completion_ms": 3.8617080000003625,
        "continuous_iteration_ms": 12.682833671569824,
        "frame_ms": 12.66270923614502,
        "component_sum_ms": 12.66270923614502,
        "tick_ms": 1.3305420875549316,
        "dynamic_mesh_ms": 2.212625026702881,
        "encode_ms": 5.253207683563232,
        "admission_or_completion_ms": 3.8663339614868164
      },
      {
        "index": 888,
        "started_ms": 10250.905041999999,
        "submitted_ms": 10259.469749999998,
        "observed_completed_ms": 10263.325166999999,
        "start_to_observed_completion_ms": 12.420125000000553,
        "submit_to_observed_completion_ms": 3.8554170000006707,
        "continuous_iteration_ms": 12.430083274841309,
        "frame_ms": 12.41341781616211,
        "component_sum_ms": 12.41341781616211,
        "tick_ms": 1.3673330545425415,
        "dynamic_mesh_ms": 2.2647922039031982,
        "encode_ms": 4.921916961669922,
        "admission_or_completion_ms": 3.859375
      },
      {
        "index": 889,
        "started_ms": 10263.335125,
        "submitted_ms": 10272.138625,
        "observed_completed_ms": 10276.059833,
        "start_to_observed_completion_ms": 12.724707999999737,
        "submit_to_observed_completion_ms": 3.9212079999997513,
        "continuous_iteration_ms": 12.739250183105469,
        "frame_ms": 12.718416213989258,
        "component_sum_ms": 12.718416213989258,
        "tick_ms": 1.3133749961853027,
        "dynamic_mesh_ms": 2.1787500381469727,
        "encode_ms": 5.301083087921143,
        "admission_or_completion_ms": 3.9252078533172607
      },
      {
        "index": 890,
        "started_ms": 10276.074375,
        "submitted_ms": 10284.680542,
        "observed_completed_ms": 10289.8295,
        "start_to_observed_completion_ms": 13.75512499999968,
        "submit_to_observed_completion_ms": 5.148957999999766,
        "continuous_iteration_ms": 13.76591682434082,
        "frame_ms": 13.748041152954102,
        "component_sum_ms": 13.748041152954102,
        "tick_ms": 1.294416069984436,
        "dynamic_mesh_ms": 2.2475829124450684,
        "encode_ms": 5.052334308624268,
        "admission_or_completion_ms": 5.153707981109619
      },
      {
        "index": 891,
        "started_ms": 10289.840291999999,
        "submitted_ms": 10298.598,
        "observed_completed_ms": 10307.495875,
        "start_to_observed_completion_ms": 17.65558300000157,
        "submit_to_observed_completion_ms": 8.897875000000568,
        "continuous_iteration_ms": 17.66529083251953,
        "frame_ms": 17.646121978759766,
        "component_sum_ms": 17.646121978759766,
        "tick_ms": 1.1662079095840454,
        "dynamic_mesh_ms": 2.530040979385376,
        "encode_ms": 5.045000076293945,
        "admission_or_completion_ms": 8.904873847961426
      },
      {
        "index": 892,
        "started_ms": 10307.505583,
        "submitted_ms": 10316.748833,
        "observed_completed_ms": 10324.382833,
        "start_to_observed_completion_ms": 16.87724999999955,
        "submit_to_observed_completion_ms": 7.6340000000000146,
        "continuous_iteration_ms": 16.88716697692871,
        "frame_ms": 16.87037467956543,
        "component_sum_ms": 16.87037467956543,
        "tick_ms": 1.2188750505447388,
        "dynamic_mesh_ms": 2.484916925430298,
        "encode_ms": 5.519708156585693,
        "admission_or_completion_ms": 7.646874904632568
      },
      {
        "index": 893,
        "started_ms": 10324.392749999999,
        "submitted_ms": 10333.638332999999,
        "observed_completed_ms": 10341.273667,
        "start_to_observed_completion_ms": 16.88091700000041,
        "submit_to_observed_completion_ms": 7.635334000000512,
        "continuous_iteration_ms": 16.893457412719727,
        "frame_ms": 16.874874114990234,
        "component_sum_ms": 16.874874114990234,
        "tick_ms": 1.172124981880188,
        "dynamic_mesh_ms": 2.577000141143799,
        "encode_ms": 5.48408317565918,
        "admission_or_completion_ms": 7.641666889190674
      },
      {
        "index": 894,
        "started_ms": 10341.286208,
        "submitted_ms": 10345.719875,
        "observed_completed_ms": 10350.834167,
        "start_to_observed_completion_ms": 9.547959000001356,
        "submit_to_observed_completion_ms": 5.114292000000205,
        "continuous_iteration_ms": 9.558917045593262,
        "frame_ms": 9.544082641601562,
        "component_sum_ms": 9.544082641601562,
        "tick_ms": 0.9580410122871399,
        "dynamic_mesh_ms": 1.169917106628418,
        "encode_ms": 2.297207832336426,
        "admission_or_completion_ms": 5.118916988372803
      },
      {
        "index": 895,
        "started_ms": 10350.845125,
        "submitted_ms": 10354.956375,
        "observed_completed_ms": 10360.041042,
        "start_to_observed_completion_ms": 9.195917000000918,
        "submit_to_observed_completion_ms": 5.084667000000991,
        "continuous_iteration_ms": 9.206082344055176,
        "frame_ms": 9.190792083740234,
        "component_sum_ms": 9.190792083740234,
        "tick_ms": 0.9767919778823853,
        "dynamic_mesh_ms": 1.2178750038146973,
        "encode_ms": 1.9061670303344727,
        "admission_or_completion_ms": 5.089958190917969
      },
      {
        "index": 896,
        "started_ms": 10360.051207999999,
        "submitted_ms": 10368.343707999999,
        "observed_completed_ms": 10372.183916999998,
        "start_to_observed_completion_ms": 12.132708999999522,
        "submit_to_observed_completion_ms": 3.840208999999959,
        "continuous_iteration_ms": 12.14333438873291,
        "frame_ms": 12.12600040435791,
        "component_sum_ms": 12.12600040435791,
        "tick_ms": 1.064666986465454,
        "dynamic_mesh_ms": 2.2614169120788574,
        "encode_ms": 4.954625129699707,
        "admission_or_completion_ms": 3.8452911376953125
      },
      {
        "index": 897,
        "started_ms": 10372.194542000001,
        "submitted_ms": 10376.159749999999,
        "observed_completed_ms": 10379.986917,
        "start_to_observed_completion_ms": 7.792374999999083,
        "submit_to_observed_completion_ms": 3.827167000001282,
        "continuous_iteration_ms": 7.801916122436523,
        "frame_ms": 7.789290428161621,
        "component_sum_ms": 7.789290428161621,
        "tick_ms": 0.956250011920929,
        "dynamic_mesh_ms": 1.141124963760376,
        "encode_ms": 1.8603750467300415,
        "admission_or_completion_ms": 3.831540822982788
      },
      {
        "index": 898,
        "started_ms": 10379.996458000001,
        "submitted_ms": 10383.925,
        "observed_completed_ms": 10387.748875,
        "start_to_observed_completion_ms": 7.752416999997877,
        "submit_to_observed_completion_ms": 3.8238750000000437,
        "continuous_iteration_ms": 7.76200008392334,
        "frame_ms": 7.750457763671875,
        "component_sum_ms": 7.750457763671875,
        "tick_ms": 0.887874960899353,
        "dynamic_mesh_ms": 1.1337499618530273,
        "encode_ms": 1.9010419845581055,
        "admission_or_completion_ms": 3.8277907371520996
      },
      {
        "index": 899,
        "started_ms": 10387.758458,
        "submitted_ms": 10391.447417,
        "observed_completed_ms": 10396.237458,
        "start_to_observed_completion_ms": 8.47899999999936,
        "submit_to_observed_completion_ms": 4.790041000000201,
        "continuous_iteration_ms": 8.489500045776367,
        "frame_ms": 8.476582527160645,
        "component_sum_ms": 8.476582527160645,
        "tick_ms": 0.8517500162124634,
        "dynamic_mesh_ms": 1.100000023841858,
        "encode_ms": 1.7315421104431152,
        "admission_or_completion_ms": 4.793290615081787
      },
      {
        "index": 900,
        "started_ms": 10396.247958,
        "submitted_ms": 10405.171542,
        "observed_completed_ms": 10409.033208,
        "start_to_observed_completion_ms": 12.785250000000815,
        "submit_to_observed_completion_ms": 3.861666000000696,
        "continuous_iteration_ms": 376.8571472167969,
        "frame_ms": 12.916001319885254,
        "component_sum_ms": 12.916001319885254,
        "tick_ms": 1.1287919282913208,
        "dynamic_mesh_ms": 2.308666944503784,
        "encode_ms": 5.47408390045166,
        "admission_or_completion_ms": 4.004458427429199
      },
      {
        "index": 901,
        "started_ms": 10773.105125,
        "submitted_ms": 10782.268,
        "observed_completed_ms": 10792.435,
        "start_to_observed_completion_ms": 19.329874999999447,
        "submit_to_observed_completion_ms": 10.166999999999462,
        "continuous_iteration_ms": 19.34195899963379,
        "frame_ms": 19.322708129882812,
        "component_sum_ms": 19.322708129882812,
        "tick_ms": 1.1591249704360962,
        "dynamic_mesh_ms": 2.262166976928711,
        "encode_ms": 5.727916717529297,
        "admission_or_completion_ms": 10.173500061035156
      },
      {
        "index": 902,
        "started_ms": 10792.447083000001,
        "submitted_ms": 10796.894124999999,
        "observed_completed_ms": 10801.98725,
        "start_to_observed_completion_ms": 9.540166999999201,
        "submit_to_observed_completion_ms": 5.093125000001237,
        "continuous_iteration_ms": 9.550416946411133,
        "frame_ms": 9.536748886108398,
        "component_sum_ms": 9.536748886108398,
        "tick_ms": 0.9709579944610596,
        "dynamic_mesh_ms": 1.1573750972747803,
        "encode_ms": 2.3113749027252197,
        "admission_or_completion_ms": 5.097041606903076
      },
      {
        "index": 903,
        "started_ms": 10801.997500000001,
        "submitted_ms": 10810.709875,
        "observed_completed_ms": 10813.313167,
        "start_to_observed_completion_ms": 11.315666999998939,
        "submit_to_observed_completion_ms": 2.603291999999783,
        "continuous_iteration_ms": 11.32591724395752,
        "frame_ms": 11.308000564575195,
        "component_sum_ms": 11.308000564575195,
        "tick_ms": 1.2156249284744263,
        "dynamic_mesh_ms": 2.2754580974578857,
        "encode_ms": 5.207749843597412,
        "admission_or_completion_ms": 2.6091670989990234
      },
      {
        "index": 904,
        "started_ms": 10813.323417,
        "submitted_ms": 10817.220542,
        "observed_completed_ms": 10821.052458,
        "start_to_observed_completion_ms": 7.729041000000507,
        "submit_to_observed_completion_ms": 3.8319160000010015,
        "continuous_iteration_ms": 7.740333080291748,
        "frame_ms": 7.725582122802734,
        "component_sum_ms": 7.725582122802734,
        "tick_ms": 0.9472909569740295,
        "dynamic_mesh_ms": 1.1370419263839722,
        "encode_ms": 1.8058749437332153,
        "admission_or_completion_ms": 3.835374116897583
      },
      {
        "index": 905,
        "started_ms": 10821.063750000001,
        "submitted_ms": 10829.811833000002,
        "observed_completed_ms": 10833.665792,
        "start_to_observed_completion_ms": 12.602041999998619,
        "submit_to_observed_completion_ms": 3.8539589999982127,
        "continuous_iteration_ms": 12.611833572387695,
        "frame_ms": 12.596416473388672,
        "component_sum_ms": 12.596416473388672,
        "tick_ms": 1.1386669874191284,
        "dynamic_mesh_ms": 2.2680418491363525,
        "encode_ms": 5.331500053405762,
        "admission_or_completion_ms": 3.858208179473877
      },
      {
        "index": 906,
        "started_ms": 10833.675583,
        "submitted_ms": 10842.155917,
        "observed_completed_ms": 10847.260917,
        "start_to_observed_completion_ms": 13.58533399999942,
        "submit_to_observed_completion_ms": 5.104999999999563,
        "continuous_iteration_ms": 13.595209121704102,
        "frame_ms": 13.580123901367188,
        "component_sum_ms": 13.580123901367188,
        "tick_ms": 1.2317500114440918,
        "dynamic_mesh_ms": 2.3388328552246094,
        "encode_ms": 4.8985419273376465,
        "admission_or_completion_ms": 5.11099910736084
      },
      {
        "index": 907,
        "started_ms": 10847.270792,
        "submitted_ms": 10851.224458,
        "observed_completed_ms": 10855.056958000001,
        "start_to_observed_completion_ms": 7.7861660000016855,
        "submit_to_observed_completion_ms": 3.8325000000004366,
        "continuous_iteration_ms": 7.796499729156494,
        "frame_ms": 7.782958030700684,
        "component_sum_ms": 7.782958030700684,
        "tick_ms": 0.9417089819908142,
        "dynamic_mesh_ms": 1.138124942779541,
        "encode_ms": 1.8671660423278809,
        "admission_or_completion_ms": 3.8359580039978027
      },
      {
        "index": 908,
        "started_ms": 10855.067292,
        "submitted_ms": 10863.702500000001,
        "observed_completed_ms": 10868.813833,
        "start_to_observed_completion_ms": 13.746541000000434,
        "submit_to_observed_completion_ms": 5.111332999998922,
        "continuous_iteration_ms": 13.75708293914795,
        "frame_ms": 13.739959716796875,
        "component_sum_ms": 13.739959716796875,
        "tick_ms": 1.1395829916000366,
        "dynamic_mesh_ms": 2.283458948135376,
        "encode_ms": 5.20187520980835,
        "admission_or_completion_ms": 5.115042209625244
      },
      {
        "index": 909,
        "started_ms": 10868.824374999998,
        "submitted_ms": 10877.529583,
        "observed_completed_ms": 10882.645,
        "start_to_observed_completion_ms": 13.82062500000211,
        "submit_to_observed_completion_ms": 5.115417000000889,
        "continuous_iteration_ms": 13.829916954040527,
        "frame_ms": 13.813749313354492,
        "component_sum_ms": 13.813749313354492,
        "tick_ms": 1.2302910089492798,
        "dynamic_mesh_ms": 2.2931249141693115,
        "encode_ms": 5.170791149139404,
        "admission_or_completion_ms": 5.119542121887207
      },
      {
        "index": 910,
        "started_ms": 10882.654292,
        "submitted_ms": 10886.713167,
        "observed_completed_ms": 10890.557208,
        "start_to_observed_completion_ms": 7.902916000000914,
        "submit_to_observed_completion_ms": 3.8440410000002885,
        "continuous_iteration_ms": 7.91291618347168,
        "frame_ms": 7.899625778198242,
        "component_sum_ms": 7.899625778198242,
        "tick_ms": 0.9360840320587158,
        "dynamic_mesh_ms": 1.1542079448699951,
        "encode_ms": 1.9606671333312988,
        "admission_or_completion_ms": 3.8486669063568115
      },
      {
        "index": 911,
        "started_ms": 10890.567208,
        "submitted_ms": 10894.572125,
        "observed_completed_ms": 10898.4045,
        "start_to_observed_completion_ms": 7.837292000000161,
        "submit_to_observed_completion_ms": 3.8323749999999563,
        "continuous_iteration_ms": 7.847499847412109,
        "frame_ms": 7.833001136779785,
        "component_sum_ms": 7.833001136779785,
        "tick_ms": 0.9375839829444885,
        "dynamic_mesh_ms": 1.1593339443206787,
        "encode_ms": 1.8995000123977661,
        "admission_or_completion_ms": 3.836582899093628
      },
      {
        "index": 912,
        "started_ms": 10898.414708,
        "submitted_ms": 10907.379875,
        "observed_completed_ms": 10911.241,
        "start_to_observed_completion_ms": 12.82629199999974,
        "submit_to_observed_completion_ms": 3.861124999999447,
        "continuous_iteration_ms": 12.836833953857422,
        "frame_ms": 12.816165924072266,
        "component_sum_ms": 12.816165924072266,
        "tick_ms": 1.1698750257492065,
        "dynamic_mesh_ms": 2.5278749465942383,
        "encode_ms": 5.251041889190674,
        "admission_or_completion_ms": 3.867374897003174
      },
      {
        "index": 913,
        "started_ms": 10911.251542,
        "submitted_ms": 10915.110917,
        "observed_completed_ms": 10920.209333,
        "start_to_observed_completion_ms": 8.957791000000725,
        "submit_to_observed_completion_ms": 5.098416000000725,
        "continuous_iteration_ms": 8.969582557678223,
        "frame_ms": 8.95445728302002,
        "component_sum_ms": 8.95445728302002,
        "tick_ms": 0.9626659750938416,
        "dynamic_mesh_ms": 1.1427079439163208,
        "encode_ms": 1.7467089891433716,
        "admission_or_completion_ms": 5.10237455368042
      },
      {
        "index": 914,
        "started_ms": 10920.221125,
        "submitted_ms": 10929.298707999998,
        "observed_completed_ms": 10931.887874999999,
        "start_to_observed_completion_ms": 11.666749999998501,
        "submit_to_observed_completion_ms": 2.5891670000000886,
        "continuous_iteration_ms": 11.676332473754883,
        "frame_ms": 11.660501480102539,
        "component_sum_ms": 11.660501480102539,
        "tick_ms": 1.2271249294281006,
        "dynamic_mesh_ms": 2.371042013168335,
        "encode_ms": 5.469749927520752,
        "admission_or_completion_ms": 2.5925841331481934
      },
      {
        "index": 915,
        "started_ms": 10931.897458,
        "submitted_ms": 10935.754083,
        "observed_completed_ms": 10938.125124999999,
        "start_to_observed_completion_ms": 6.227666999999201,
        "submit_to_observed_completion_ms": 2.3710419999988517,
        "continuous_iteration_ms": 6.23845911026001,
        "frame_ms": 6.224539756774902,
        "component_sum_ms": 6.224539756774902,
        "tick_ms": 0.9030830264091492,
        "dynamic_mesh_ms": 1.109165906906128,
        "encode_ms": 1.838249921798706,
        "admission_or_completion_ms": 2.3740410804748535
      },
      {
        "index": 916,
        "started_ms": 10938.135917,
        "submitted_ms": 10942.066625000001,
        "observed_completed_ms": 10948.424458,
        "start_to_observed_completion_ms": 10.288540999999896,
        "submit_to_observed_completion_ms": 6.357832999998209,
        "continuous_iteration_ms": 10.29991626739502,
        "frame_ms": 10.285834312438965,
        "component_sum_ms": 10.285834312438965,
        "tick_ms": 0.9316669702529907,
        "dynamic_mesh_ms": 1.1560829877853394,
        "encode_ms": 1.8365830183029175,
        "admission_or_completion_ms": 6.361501216888428
      },
      {
        "index": 917,
        "started_ms": 10948.435833,
        "submitted_ms": 10957.609083,
        "observed_completed_ms": 10963.985499999999,
        "start_to_observed_completion_ms": 15.549666999999317,
        "submit_to_observed_completion_ms": 6.376416999999492,
        "continuous_iteration_ms": 15.558666229248047,
        "frame_ms": 15.540668487548828,
        "component_sum_ms": 15.540668487548828,
        "tick_ms": 1.1380419731140137,
        "dynamic_mesh_ms": 2.5370841026306152,
        "encode_ms": 5.482874870300293,
        "admission_or_completion_ms": 6.382667064666748
      },
      {
        "index": 918,
        "started_ms": 10963.9945,
        "submitted_ms": 10973.22575,
        "observed_completed_ms": 10978.356208,
        "start_to_observed_completion_ms": 14.361707999998544,
        "submit_to_observed_completion_ms": 5.130457999999635,
        "continuous_iteration_ms": 14.371624946594238,
        "frame_ms": 14.355293273925781,
        "component_sum_ms": 14.355293273925781,
        "tick_ms": 1.1240419149398804,
        "dynamic_mesh_ms": 2.3015408515930176,
        "encode_ms": 5.795583248138428,
        "admission_or_completion_ms": 5.13412618637085
      },
      {
        "index": 919,
        "started_ms": 10978.366125,
        "submitted_ms": 10987.629667000001,
        "observed_completed_ms": 10992.747458,
        "start_to_observed_completion_ms": 14.381332999999358,
        "submit_to_observed_completion_ms": 5.1177909999987605,
        "continuous_iteration_ms": 14.392499923706055,
        "frame_ms": 14.375205993652344,
        "component_sum_ms": 14.375205993652344,
        "tick_ms": 1.1343330144882202,
        "dynamic_mesh_ms": 2.326915979385376,
        "encode_ms": 5.791584014892578,
        "admission_or_completion_ms": 5.122374057769775
      },
      {
        "index": 920,
        "started_ms": 10992.758625,
        "submitted_ms": 10996.862458000001,
        "observed_completed_ms": 11000.691832999999,
        "start_to_observed_completion_ms": 7.933207999998558,
        "submit_to_observed_completion_ms": 3.829374999997526,
        "continuous_iteration_ms": 7.942167282104492,
        "frame_ms": 7.929291725158691,
        "component_sum_ms": 7.929291725158691,
        "tick_ms": 1.0040829181671143,
        "dynamic_mesh_ms": 1.1847920417785645,
        "encode_ms": 1.9071660041809082,
        "admission_or_completion_ms": 3.8332509994506836
      },
      {
        "index": 921,
        "started_ms": 11000.700792,
        "submitted_ms": 11004.528499999999,
        "observed_completed_ms": 11008.335042,
        "start_to_observed_completion_ms": 7.634250000000975,
        "submit_to_observed_completion_ms": 3.806542000002082,
        "continuous_iteration_ms": 7.640541076660156,
        "frame_ms": 7.630917072296143,
        "component_sum_ms": 7.630917072296143,
        "tick_ms": 0.8188749551773071,
        "dynamic_mesh_ms": 1.128000020980835,
        "encode_ms": 1.875249981880188,
        "admission_or_completion_ms": 3.8087921142578125
      },
      {
        "index": 922,
        "started_ms": 11008.341333,
        "submitted_ms": 11016.902875,
        "observed_completed_ms": 11020.74675,
        "start_to_observed_completion_ms": 12.405416999999943,
        "submit_to_observed_completion_ms": 3.84387500000048,
        "continuous_iteration_ms": 12.414709091186523,
        "frame_ms": 12.399707794189453,
        "component_sum_ms": 12.399707794189453,
        "tick_ms": 0.9882500171661377,
        "dynamic_mesh_ms": 2.295250177383423,
        "encode_ms": 5.2683329582214355,
        "admission_or_completion_ms": 3.847874879837036
      },
      {
        "index": 923,
        "started_ms": 11020.756042,
        "submitted_ms": 11030.311833000002,
        "observed_completed_ms": 11034.156917,
        "start_to_observed_completion_ms": 13.40087499999936,
        "submit_to_observed_completion_ms": 3.8450839999986783,
        "continuous_iteration_ms": 13.410332679748535,
        "frame_ms": 13.39554214477539,
        "component_sum_ms": 13.39554214477539,
        "tick_ms": 1.1302919387817383,
        "dynamic_mesh_ms": 2.2719168663024902,
        "encode_ms": 6.144791126251221,
        "admission_or_completion_ms": 3.8485419750213623
      },
      {
        "index": 924,
        "started_ms": 11034.166375,
        "submitted_ms": 11043.132916999999,
        "observed_completed_ms": 11048.239458,
        "start_to_observed_completion_ms": 14.073082999999315,
        "submit_to_observed_completion_ms": 5.106541000001016,
        "continuous_iteration_ms": 14.08304214477539,
        "frame_ms": 14.067209243774414,
        "component_sum_ms": 14.067209243774414,
        "tick_ms": 1.1080000400543213,
        "dynamic_mesh_ms": 2.379667043685913,
        "encode_ms": 5.469417095184326,
        "admission_or_completion_ms": 5.110124111175537
      },
      {
        "index": 925,
        "started_ms": 11048.249416999999,
        "submitted_ms": 11052.194875,
        "observed_completed_ms": 11056.039832999999,
        "start_to_observed_completion_ms": 7.790415999999823,
        "submit_to_observed_completion_ms": 3.8449579999996786,
        "continuous_iteration_ms": 7.8005828857421875,
        "frame_ms": 7.787624359130859,
        "component_sum_ms": 7.787624359130859,
        "tick_ms": 0.9253330230712891,
        "dynamic_mesh_ms": 1.1439160108566284,
        "encode_ms": 1.8706248998641968,
        "admission_or_completion_ms": 3.847750186920166
      },
      {
        "index": 926,
        "started_ms": 11056.050000000001,
        "submitted_ms": 11060.099333,
        "observed_completed_ms": 11065.206042,
        "start_to_observed_completion_ms": 9.156041999998706,
        "submit_to_observed_completion_ms": 5.106708999999682,
        "continuous_iteration_ms": 9.166250228881836,
        "frame_ms": 9.152874946594238,
        "component_sum_ms": 9.152874946594238,
        "tick_ms": 0.9186660051345825,
        "dynamic_mesh_ms": 1.1474590301513672,
        "encode_ms": 1.9765828847885132,
        "admission_or_completion_ms": 5.110167026519775
      },
      {
        "index": 927,
        "started_ms": 11065.216250000001,
        "submitted_ms": 11074.433792,
        "observed_completed_ms": 11080.640833,
        "start_to_observed_completion_ms": 15.424582999998165,
        "submit_to_observed_completion_ms": 6.207040999999663,
        "continuous_iteration_ms": 15.434000015258789,
        "frame_ms": 15.417540550231934,
        "component_sum_ms": 15.417540550231934,
        "tick_ms": 1.1135410070419312,
        "dynamic_mesh_ms": 2.329166889190674,
        "encode_ms": 5.763041973114014,
        "admission_or_completion_ms": 6.211791038513184
      },
      {
        "index": 928,
        "started_ms": 11080.65025,
        "submitted_ms": 11089.621333000001,
        "observed_completed_ms": 11095.75325,
        "start_to_observed_completion_ms": 15.102999999999156,
        "submit_to_observed_completion_ms": 6.1319169999987935,
        "continuous_iteration_ms": 15.113208770751953,
        "frame_ms": 15.097501754760742,
        "component_sum_ms": 15.097501754760742,
        "tick_ms": 1.0564579963684082,
        "dynamic_mesh_ms": 2.2927920818328857,
        "encode_ms": 5.612750053405762,
        "admission_or_completion_ms": 6.135501384735107
      },
      {
        "index": 929,
        "started_ms": 11095.763458000001,
        "submitted_ms": 11104.792583,
        "observed_completed_ms": 11108.375750000001,
        "start_to_observed_completion_ms": 12.612291999999798,
        "submit_to_observed_completion_ms": 3.583167000000685,
        "continuous_iteration_ms": 12.621708869934082,
        "frame_ms": 12.608124732971191,
        "component_sum_ms": 12.608124732971191,
        "tick_ms": 1.2101669311523438,
        "dynamic_mesh_ms": 2.2960000038146973,
        "encode_ms": 5.5146660804748535,
        "admission_or_completion_ms": 3.587291955947876
      },
      {
        "index": 930,
        "started_ms": 11108.385167,
        "submitted_ms": 11112.224875,
        "observed_completed_ms": 11116.050917,
        "start_to_observed_completion_ms": 7.665750000000116,
        "submit_to_observed_completion_ms": 3.826042000000598,
        "continuous_iteration_ms": 7.674499988555908,
        "frame_ms": 7.6624579429626465,
        "component_sum_ms": 7.6624579429626465,
        "tick_ms": 0.9014170169830322,
        "dynamic_mesh_ms": 1.1454999446868896,
        "encode_ms": 1.7862080335617065,
        "admission_or_completion_ms": 3.8293328285217285
      },
      {
        "index": 931,
        "started_ms": 11116.059667,
        "submitted_ms": 11124.949333,
        "observed_completed_ms": 11130.037458,
        "start_to_observed_completion_ms": 13.977791000001162,
        "submit_to_observed_completion_ms": 5.088125000000218,
        "continuous_iteration_ms": 13.98658275604248,
        "frame_ms": 13.972541809082031,
        "component_sum_ms": 13.972541809082031,
        "tick_ms": 1.0954580307006836,
        "dynamic_mesh_ms": 2.351375102996826,
        "encode_ms": 5.433291435241699,
        "admission_or_completion_ms": 5.092417240142822
      },
      {
        "index": 932,
        "started_ms": 11130.04625,
        "submitted_ms": 11139.485625000001,
        "observed_completed_ms": 11144.581167,
        "start_to_observed_completion_ms": 14.53491700000086,
        "submit_to_observed_completion_ms": 5.095541999999114,
        "continuous_iteration_ms": 14.544333457946777,
        "frame_ms": 14.52895736694336,
        "component_sum_ms": 14.52895736694336,
        "tick_ms": 1.110082983970642,
        "dynamic_mesh_ms": 2.5558338165283203,
        "encode_ms": 5.763957977294922,
        "admission_or_completion_ms": 5.099083423614502
      },
      {
        "index": 933,
        "started_ms": 11144.590583,
        "submitted_ms": 11154.437833,
        "observed_completed_ms": 11158.278125,
        "start_to_observed_completion_ms": 13.687542000001486,
        "submit_to_observed_completion_ms": 3.8402920000007725,
        "continuous_iteration_ms": 13.696624755859375,
        "frame_ms": 13.681791305541992,
        "component_sum_ms": 13.681791305541992,
        "tick_ms": 1.2170840501785278,
        "dynamic_mesh_ms": 2.542875051498413,
        "encode_ms": 6.0773749351501465,
        "admission_or_completion_ms": 3.8444578647613525
      },
      {
        "index": 934,
        "started_ms": 11158.287208000002,
        "submitted_ms": 11167.705583,
        "observed_completed_ms": 11174.072,
        "start_to_observed_completion_ms": 15.78479199999856,
        "submit_to_observed_completion_ms": 6.366416999999274,
        "continuous_iteration_ms": 15.793874740600586,
        "frame_ms": 15.778624534606934,
        "component_sum_ms": 15.778624534606934,
        "tick_ms": 1.0232089757919312,
        "dynamic_mesh_ms": 2.6034579277038574,
        "encode_ms": 5.78079080581665,
        "admission_or_completion_ms": 6.371167182922363
      },
      {
        "index": 935,
        "started_ms": 11174.081083000001,
        "submitted_ms": 11183.822542,
        "observed_completed_ms": 11189.948042,
        "start_to_observed_completion_ms": 15.866958999999042,
        "submit_to_observed_completion_ms": 6.125500000000102,
        "continuous_iteration_ms": 15.877084732055664,
        "frame_ms": 15.860834121704102,
        "component_sum_ms": 15.860834121704102,
        "tick_ms": 1.024042010307312,
        "dynamic_mesh_ms": 2.7961249351501465,
        "encode_ms": 5.909833908081055,
        "admission_or_completion_ms": 6.130833148956299
      },
      {
        "index": 936,
        "started_ms": 11189.958167,
        "submitted_ms": 11199.847708,
        "observed_completed_ms": 11206.220458,
        "start_to_observed_completion_ms": 16.262290999999095,
        "submit_to_observed_completion_ms": 6.372750000000451,
        "continuous_iteration_ms": 16.272125244140625,
        "frame_ms": 16.254039764404297,
        "component_sum_ms": 16.254039764404297,
        "tick_ms": 1.038666009902954,
        "dynamic_mesh_ms": 2.734541893005371,
        "encode_ms": 6.10308313369751,
        "admission_or_completion_ms": 6.377749443054199
      },
      {
        "index": 937,
        "started_ms": 11206.230292,
        "submitted_ms": 11210.035292,
        "observed_completed_ms": 11215.129625,
        "start_to_observed_completion_ms": 8.899332999999388,
        "submit_to_observed_completion_ms": 5.0943329999990965,
        "continuous_iteration_ms": 8.909083366394043,
        "frame_ms": 8.89637565612793,
        "component_sum_ms": 8.89637565612793,
        "tick_ms": 0.8523749709129333,
        "dynamic_mesh_ms": 1.1497080326080322,
        "encode_ms": 1.7970839738845825,
        "admission_or_completion_ms": 5.097208023071289
      },
      {
        "index": 938,
        "started_ms": 11215.139374999999,
        "submitted_ms": 11224.901542,
        "observed_completed_ms": 11231.263875,
        "start_to_observed_completion_ms": 16.124500000001717,
        "submit_to_observed_completion_ms": 6.362333000000945,
        "continuous_iteration_ms": 16.133167266845703,
        "frame_ms": 16.1160831451416,
        "component_sum_ms": 16.1160831451416,
        "tick_ms": 1.017833948135376,
        "dynamic_mesh_ms": 2.6885411739349365,
        "encode_ms": 6.042541980743408,
        "admission_or_completion_ms": 6.367166042327881
      },
      {
        "index": 939,
        "started_ms": 11231.272541999999,
        "submitted_ms": 11240.886583,
        "observed_completed_ms": 11245.92825,
        "start_to_observed_completion_ms": 14.65570800000205,
        "submit_to_observed_completion_ms": 5.0416670000013255,
        "continuous_iteration_ms": 14.665290832519531,
        "frame_ms": 14.649334907531738,
        "component_sum_ms": 14.649334907531738,
        "tick_ms": 1.001459002494812,
        "dynamic_mesh_ms": 2.6252081394195557,
        "encode_ms": 5.97599983215332,
        "admission_or_completion_ms": 5.04666805267334
      },
      {
        "index": 940,
        "started_ms": 11245.937833,
        "submitted_ms": 11249.640167000001,
        "observed_completed_ms": 11254.719333000001,
        "start_to_observed_completion_ms": 8.78150000000096,
        "submit_to_observed_completion_ms": 5.079165999999532,
        "continuous_iteration_ms": 8.789999961853027,
        "frame_ms": 8.778040885925293,
        "component_sum_ms": 8.778040885925293,
        "tick_ms": 0.8102499842643738,
        "dynamic_mesh_ms": 1.1391249895095825,
        "encode_ms": 1.7457499504089355,
        "admission_or_completion_ms": 5.082915782928467
      },
      {
        "index": 941,
        "started_ms": 11254.727833,
        "submitted_ms": 11258.34525,
        "observed_completed_ms": 11262.172958000001,
        "start_to_observed_completion_ms": 7.445125000000189,
        "submit_to_observed_completion_ms": 3.8277080000007118,
        "continuous_iteration_ms": 7.453249931335449,
        "frame_ms": 7.44266414642334,
        "component_sum_ms": 7.44266414642334,
        "tick_ms": 0.7844159603118896,
        "dynamic_mesh_ms": 1.1341660022735596,
        "encode_ms": 1.6939579248428345,
        "admission_or_completion_ms": 3.8301241397857666
      },
      {
        "index": 942,
        "started_ms": 11262.181083,
        "submitted_ms": 11265.878708,
        "observed_completed_ms": 11269.721458,
        "start_to_observed_completion_ms": 7.540375000000495,
        "submit_to_observed_completion_ms": 3.8427499999997963,
        "continuous_iteration_ms": 7.549458980560303,
        "frame_ms": 7.537167072296143,
        "component_sum_ms": 7.537167072296143,
        "tick_ms": 0.8397080302238464,
        "dynamic_mesh_ms": 1.151332974433899,
        "encode_ms": 1.7008750438690186,
        "admission_or_completion_ms": 3.8452510833740234
      },
      {
        "index": 943,
        "started_ms": 11269.730542,
        "submitted_ms": 11273.354,
        "observed_completed_ms": 11275.929417000001,
        "start_to_observed_completion_ms": 6.198875000001863,
        "submit_to_observed_completion_ms": 2.575417000001835,
        "continuous_iteration_ms": 6.208832740783691,
        "frame_ms": 6.195584297180176,
        "component_sum_ms": 6.195584297180176,
        "tick_ms": 0.7794169783592224,
        "dynamic_mesh_ms": 1.1464170217514038,
        "encode_ms": 1.692167043685913,
        "admission_or_completion_ms": 2.577583074569702
      },
      {
        "index": 944,
        "started_ms": 11275.939375,
        "submitted_ms": 11285.123667,
        "observed_completed_ms": 11288.961708,
        "start_to_observed_completion_ms": 13.022333000000799,
        "submit_to_observed_completion_ms": 3.838041000000885,
        "continuous_iteration_ms": 13.03095817565918,
        "frame_ms": 13.01504135131836,
        "component_sum_ms": 13.01504135131836,
        "tick_ms": 0.9730830192565918,
        "dynamic_mesh_ms": 2.6525418758392334,
        "encode_ms": 5.547416687011719,
        "admission_or_completion_ms": 3.8419997692108154
      },
      {
        "index": 945,
        "started_ms": 11288.970333,
        "submitted_ms": 11298.682542,
        "observed_completed_ms": 11303.7895,
        "start_to_observed_completion_ms": 14.819167000001471,
        "submit_to_observed_completion_ms": 5.106958000000304,
        "continuous_iteration_ms": 14.828333854675293,
        "frame_ms": 14.813457489013672,
        "component_sum_ms": 14.813457489013672,
        "tick_ms": 0.9876659512519836,
        "dynamic_mesh_ms": 2.524582862854004,
        "encode_ms": 6.191041946411133,
        "admission_or_completion_ms": 5.110166072845459
      },
      {
        "index": 946,
        "started_ms": 11303.798667000001,
        "submitted_ms": 11313.96725,
        "observed_completed_ms": 11317.814083,
        "start_to_observed_completion_ms": 14.015415999998368,
        "submit_to_observed_completion_ms": 3.846832999999606,
        "continuous_iteration_ms": 14.030874252319336,
        "frame_ms": 14.009542465209961,
        "component_sum_ms": 14.009542465209961,
        "tick_ms": 1.0652090311050415,
        "dynamic_mesh_ms": 2.6627089977264404,
        "encode_ms": 6.431457996368408,
        "admission_or_completion_ms": 3.850166082382202
      },
      {
        "index": 947,
        "started_ms": 11317.829542,
        "submitted_ms": 11321.744333,
        "observed_completed_ms": 11326.805083,
        "start_to_observed_completion_ms": 8.975540999999794,
        "submit_to_observed_completion_ms": 5.060749999998734,
        "continuous_iteration_ms": 8.984957695007324,
        "frame_ms": 8.971500396728516,
        "component_sum_ms": 8.971500396728516,
        "tick_ms": 0.9034169912338257,
        "dynamic_mesh_ms": 1.2208330631256104,
        "encode_ms": 1.7835410833358765,
        "admission_or_completion_ms": 5.063708782196045
      },
      {
        "index": 948,
        "started_ms": 11326.814499999999,
        "submitted_ms": 11330.715375,
        "observed_completed_ms": 11336.871958,
        "start_to_observed_completion_ms": 10.057458000001134,
        "submit_to_observed_completion_ms": 6.156582999999955,
        "continuous_iteration_ms": 10.068124771118164,
        "frame_ms": 10.052457809448242,
        "component_sum_ms": 10.052457809448242,
        "tick_ms": 0.8480830192565918,
        "dynamic_mesh_ms": 1.3124160766601562,
        "encode_ms": 1.7303329706192017,
        "admission_or_completion_ms": 6.161625385284424
      },
      {
        "index": 949,
        "started_ms": 11336.882625,
        "submitted_ms": 11346.511583,
        "observed_completed_ms": 11351.638667,
        "start_to_observed_completion_ms": 14.75604199999907,
        "submit_to_observed_completion_ms": 5.127083999999741,
        "continuous_iteration_ms": 14.764750480651855,
        "frame_ms": 14.749832153320312,
        "component_sum_ms": 14.749832153320312,
        "tick_ms": 1.0017499923706055,
        "dynamic_mesh_ms": 2.5544159412384033,
        "encode_ms": 6.062582969665527,
        "admission_or_completion_ms": 5.131083011627197
      },
      {
        "index": 950,
        "started_ms": 11351.647375,
        "submitted_ms": 11361.438208,
        "observed_completed_ms": 11367.656374999999,
        "start_to_observed_completion_ms": 16.008999999998196,
        "submit_to_observed_completion_ms": 6.2181669999990845,
        "continuous_iteration_ms": 16.019500732421875,
        "frame_ms": 16.002206802368164,
        "component_sum_ms": 16.002206802368164,
        "tick_ms": 1.0518749952316284,
        "dynamic_mesh_ms": 2.619791030883789,
        "encode_ms": 6.106040954589844,
        "admission_or_completion_ms": 6.2245001792907715
      },
      {
        "index": 951,
        "started_ms": 11367.666874999999,
        "submitted_ms": 11376.883124999998,
        "observed_completed_ms": 11381.976292,
        "start_to_observed_completion_ms": 14.309417000000394,
        "submit_to_observed_completion_ms": 5.0931670000009035,
        "continuous_iteration_ms": 14.317500114440918,
        "frame_ms": 14.303876876831055,
        "component_sum_ms": 14.303876876831055,
        "tick_ms": 1.0145419836044312,
        "dynamic_mesh_ms": 2.566709041595459,
        "encode_ms": 5.624917030334473,
        "admission_or_completion_ms": 5.097708225250244
      },
      {
        "index": 952,
        "started_ms": 11381.984375,
        "submitted_ms": 11390.869125,
        "observed_completed_ms": 11398.468667,
        "start_to_observed_completion_ms": 16.484291999999186,
        "submit_to_observed_completion_ms": 7.5995419999999285,
        "continuous_iteration_ms": 16.492666244506836,
        "frame_ms": 16.47712516784668,
        "component_sum_ms": 16.47712516784668,
        "tick_ms": 0.9365419745445251,
        "dynamic_mesh_ms": 2.5392911434173584,
        "encode_ms": 5.396500110626221,
        "admission_or_completion_ms": 7.604791164398193
      },
      {
        "index": 953,
        "started_ms": 11398.477042,
        "submitted_ms": 11410.396667,
        "observed_completed_ms": 11414.340292,
        "start_to_observed_completion_ms": 15.863250000000335,
        "submit_to_observed_completion_ms": 3.9436249999998836,
        "continuous_iteration_ms": 15.874208450317383,
        "frame_ms": 15.856666564941406,
        "component_sum_ms": 15.856666564941406,
        "tick_ms": 0.8483750224113464,
        "dynamic_mesh_ms": 2.5451250076293945,
        "encode_ms": 8.51462459564209,
        "admission_or_completion_ms": 3.9485418796539307
      },
      {
        "index": 954,
        "started_ms": 11414.35125,
        "submitted_ms": 11418.515208,
        "observed_completed_ms": 11426.28775,
        "start_to_observed_completion_ms": 11.936499999999796,
        "submit_to_observed_completion_ms": 7.7725419999987935,
        "continuous_iteration_ms": 11.951499938964844,
        "frame_ms": 11.929791450500488,
        "component_sum_ms": 11.929791450500488,
        "tick_ms": 0.924875020980835,
        "dynamic_mesh_ms": 1.2266660928726196,
        "encode_ms": 2.0003750324249268,
        "admission_or_completion_ms": 7.777874946594238
      },
      {
        "index": 955,
        "started_ms": 11426.302749999999,
        "submitted_ms": 11438.858292,
        "observed_completed_ms": 11442.789625,
        "start_to_observed_completion_ms": 16.48687500000051,
        "submit_to_observed_completion_ms": 3.931332999998631,
        "continuous_iteration_ms": 16.501293182373047,
        "frame_ms": 16.47979164123535,
        "component_sum_ms": 16.47979164123535,
        "tick_ms": 1.154792070388794,
        "dynamic_mesh_ms": 3.5889170169830322,
        "encode_ms": 7.799416542053223,
        "admission_or_completion_ms": 3.9366657733917236
      },
      {
        "index": 956,
        "started_ms": 11442.804042,
        "submitted_ms": 11447.17575,
        "observed_completed_ms": 11453.314375,
        "start_to_observed_completion_ms": 10.510333000000173,
        "submit_to_observed_completion_ms": 6.1386249999995925,
        "continuous_iteration_ms": 10.521040916442871,
        "frame_ms": 10.502500534057617,
        "component_sum_ms": 10.502500534057617,
        "tick_ms": 0.9935830235481262,
        "dynamic_mesh_ms": 1.3355419635772705,
        "encode_ms": 2.02791690826416,
        "admission_or_completion_ms": 6.145458221435547
      },
      {
        "index": 957,
        "started_ms": 11453.325083,
        "submitted_ms": 11463.204,
        "observed_completed_ms": 11467.037667,
        "start_to_observed_completion_ms": 13.712584000000788,
        "submit_to_observed_completion_ms": 3.833667000000787,
        "continuous_iteration_ms": 13.722042083740234,
        "frame_ms": 13.70787525177002,
        "component_sum_ms": 13.70787525177002,
        "tick_ms": 1.134666085243225,
        "dynamic_mesh_ms": 2.545417070388794,
        "encode_ms": 6.1892499923706055,
        "admission_or_completion_ms": 3.8385419845581055
      },
      {
        "index": 958,
        "started_ms": 11467.047125000001,
        "submitted_ms": 11471.181832999999,
        "observed_completed_ms": 11473.737292,
        "start_to_observed_completion_ms": 6.690166999998837,
        "submit_to_observed_completion_ms": 2.555459000001065,
        "continuous_iteration_ms": 6.6997504234313965,
        "frame_ms": 6.686750411987305,
        "component_sum_ms": 6.686750411987305,
        "tick_ms": 0.9064169526100159,
        "dynamic_mesh_ms": 1.1565840244293213,
        "encode_ms": 2.065333127975464,
        "admission_or_completion_ms": 2.5584161281585693
      },
      {
        "index": 959,
        "started_ms": 11473.746874999999,
        "submitted_ms": 11483.388916999998,
        "observed_completed_ms": 11488.135917,
        "start_to_observed_completion_ms": 14.3890420000007,
        "submit_to_observed_completion_ms": 4.747000000001208,
        "continuous_iteration_ms": 14.40162467956543,
        "frame_ms": 14.38687515258789,
        "component_sum_ms": 14.38687515258789,
        "tick_ms": 0.9808329343795776,
        "dynamic_mesh_ms": 2.719917058944702,
        "encode_ms": 5.9327921867370605,
        "admission_or_completion_ms": 4.753332614898682
      }
    ],
    "frame_ms_method": "Historical serial tick plus dynamic mesh plus encode/submit plus current completion sum. Continuous iteration intervals additionally retain camera, telemetry, PNG/video/log work and diagnostic comparison renders; those appear separately. No frame is filtered.",
    "completion_method": "One callback per primary submission records the host observation after GPU completion. Callbacks can be delayed until submit/poll; observed latency is an upper bound, not GPU duration. Submitted and completed frame indices must match exactly. All frames submit once; no presentation, vsync, compositor, or dropped-frame behavior is simulated. Native surface latency 2 is a backend hint; this offscreen run explicitly caps pending primary submissions at 2."
  },
  "pixel_readback": {
    "policy": "selected_artifact_frames",
    "primary_readback_count": 5,
    "primary_readback_frame_indices": [
      0,
      120,
      469,
      600,
      900
    ],
    "completion_only_count": 955,
    "completion_only_frame_indices": [
      1,
      2,
      3,
      4,
      5,
      6,
      7,
      8,
      9,
      10,
      11,
      12,
      13,
      14,
      15,
      16,
      17,
      18,
      19,
      20,
      21,
      22,
      23,
      24,
      25,
      26,
      27,
      28,
      29,
      30,
      31,
      32,
      33,
      34,
      35,
      36,
      37,
      38,
      39,
      40,
      41,
      42,
      43,
      44,
      45,
      46,
      47,
      48,
      49,
      50,
      51,
      52,
      53,
      54,
      55,
      56,
      57,
      58,
      59,
      60,
      61,
      62,
      63,
      64,
      65,
      66,
      67,
      68,
      69,
      70,
      71,
      72,
      73,
      74,
      75,
      76,
      77,
      78,
      79,
      80,
      81,
      82,
      83,
      84,
      85,
      86,
      87,
      88,
      89,
      90,
      91,
      92,
      93,
      94,
      95,
      96,
      97,
      98,
      99,
      100,
      101,
      102,
      103,
      104,
      105,
      106,
      107,
      108,
      109,
      110,
      111,
      112,
      113,
      114,
      115,
      116,
      117,
      118,
      119,
      121,
      122,
      123,
      124,
      125,
      126,
      127,
      128,
      129,
      130,
      131,
      132,
      133,
      134,
      135,
      136,
      137,
      138,
      139,
      140,
      141,
      142,
      143,
      144,
      145,
      146,
      147,
      148,
      149,
      150,
      151,
      152,
      153,
      154,
      155,
      156,
      157,
      158,
      159,
      160,
      161,
      162,
      163,
      164,
      165,
      166,
      167,
      168,
      169,
      170,
      171,
      172,
      173,
      174,
      175,
      176,
      177,
      178,
      179,
      180,
      181,
      182,
      183,
      184,
      185,
      186,
      187,
      188,
      189,
      190,
      191,
      192,
      193,
      194,
      195,
      196,
      197,
      198,
      199,
      200,
      201,
      202,
      203,
      204,
      205,
      206,
      207,
      208,
      209,
      210,
      211,
      212,
      213,
      214,
      215,
      216,
      217,
      218,
      219,
      220,
      221,
      222,
      223,
      224,
      225,
      226,
      227,
      228,
      229,
      230,
      231,
      232,
      233,
      234,
      235,
      236,
      237,
      238,
      239,
      240,
      241,
      242,
      243,
      244,
      245,
      246,
      247,
      248,
      249,
      250,
      251,
      252,
      253,
      254,
      255,
      256,
      257,
      258,
      259,
      260,
      261,
      262,
      263,
      264,
      265,
      266,
      267,
      268,
      269,
      270,
      271,
      272,
      273,
      274,
      275,
      276,
      277,
      278,
      279,
      280,
      281,
      282,
      283,
      284,
      285,
      286,
      287,
      288,
      289,
      290,
      291,
      292,
      293,
      294,
      295,
      296,
      297,
      298,
      299,
      300,
      301,
      302,
      303,
      304,
      305,
      306,
      307,
      308,
      309,
      310,
      311,
      312,
      313,
      314,
      315,
      316,
      317,
      318,
      319,
      320,
      321,
      322,
      323,
      324,
      325,
      326,
      327,
      328,
      329,
      330,
      331,
      332,
      333,
      334,
      335,
      336,
      337,
      338,
      339,
      340,
      341,
      342,
      343,
      344,
      345,
      346,
      347,
      348,
      349,
      350,
      351,
      352,
      353,
      354,
      355,
      356,
      357,
      358,
      359,
      360,
      361,
      362,
      363,
      364,
      365,
      366,
      367,
      368,
      369,
      370,
      371,
      372,
      373,
      374,
      375,
      376,
      377,
      378,
      379,
      380,
      381,
      382,
      383,
      384,
      385,
      386,
      387,
      388,
      389,
      390,
      391,
      392,
      393,
      394,
      395,
      396,
      397,
      398,
      399,
      400,
      401,
      402,
      403,
      404,
      405,
      406,
      407,
      408,
      409,
      410,
      411,
      412,
      413,
      414,
      415,
      416,
      417,
      418,
      419,
      420,
      421,
      422,
      423,
      424,
      425,
      426,
      427,
      428,
      429,
      430,
      431,
      432,
      433,
      434,
      435,
      436,
      437,
      438,
      439,
      440,
      441,
      442,
      443,
      444,
      445,
      446,
      447,
      448,
      449,
      450,
      451,
      452,
      453,
      454,
      455,
      456,
      457,
      458,
      459,
      460,
      461,
      462,
      463,
      464,
      465,
      466,
      467,
      468,
      470,
      471,
      472,
      473,
      474,
      475,
      476,
      477,
      478,
      479,
      480,
      481,
      482,
      483,
      484,
      485,
      486,
      487,
      488,
      489,
      490,
      491,
      492,
      493,
      494,
      495,
      496,
      497,
      498,
      499,
      500,
      501,
      502,
      503,
      504,
      505,
      506,
      507,
      508,
      509,
      510,
      511,
      512,
      513,
      514,
      515,
      516,
      517,
      518,
      519,
      520,
      521,
      522,
      523,
      524,
      525,
      526,
      527,
      528,
      529,
      530,
      531,
      532,
      533,
      534,
      535,
      536,
      537,
      538,
      539,
      540,
      541,
      542,
      543,
      544,
      545,
      546,
      547,
      548,
      549,
      550,
      551,
      552,
      553,
      554,
      555,
      556,
      557,
      558,
      559,
      560,
      561,
      562,
      563,
      564,
      565,
      566,
      567,
      568,
      569,
      570,
      571,
      572,
      573,
      574,
      575,
      576,
      577,
      578,
      579,
      580,
      581,
      582,
      583,
      584,
      585,
      586,
      587,
      588,
      589,
      590,
      591,
      592,
      593,
      594,
      595,
      596,
      597,
      598,
      599,
      601,
      602,
      603,
      604,
      605,
      606,
      607,
      608,
      609,
      610,
      611,
      612,
      613,
      614,
      615,
      616,
      617,
      618,
      619,
      620,
      621,
      622,
      623,
      624,
      625,
      626,
      627,
      628,
      629,
      630,
      631,
      632,
      633,
      634,
      635,
      636,
      637,
      638,
      639,
      640,
      641,
      642,
      643,
      644,
      645,
      646,
      647,
      648,
      649,
      650,
      651,
      652,
      653,
      654,
      655,
      656,
      657,
      658,
      659,
      660,
      661,
      662,
      663,
      664,
      665,
      666,
      667,
      668,
      669,
      670,
      671,
      672,
      673,
      674,
      675,
      676,
      677,
      678,
      679,
      680,
      681,
      682,
      683,
      684,
      685,
      686,
      687,
      688,
      689,
      690,
      691,
      692,
      693,
      694,
      695,
      696,
      697,
      698,
      699,
      700,
      701,
      702,
      703,
      704,
      705,
      706,
      707,
      708,
      709,
      710,
      711,
      712,
      713,
      714,
      715,
      716,
      717,
      718,
      719,
      720,
      721,
      722,
      723,
      724,
      725,
      726,
      727,
      728,
      729,
      730,
      731,
      732,
      733,
      734,
      735,
      736,
      737,
      738,
      739,
      740,
      741,
      742,
      743,
      744,
      745,
      746,
      747,
      748,
      749,
      750,
      751,
      752,
      753,
      754,
      755,
      756,
      757,
      758,
      759,
      760,
      761,
      762,
      763,
      764,
      765,
      766,
      767,
      768,
      769,
      770,
      771,
      772,
      773,
      774,
      775,
      776,
      777,
      778,
      779,
      780,
      781,
      782,
      783,
      784,
      785,
      786,
      787,
      788,
      789,
      790,
      791,
      792,
      793,
      794,
      795,
      796,
      797,
      798,
      799,
      800,
      801,
      802,
      803,
      804,
      805,
      806,
      807,
      808,
      809,
      810,
      811,
      812,
      813,
      814,
      815,
      816,
      817,
      818,
      819,
      820,
      821,
      822,
      823,
      824,
      825,
      826,
      827,
      828,
      829,
      830,
      831,
      832,
      833,
      834,
      835,
      836,
      837,
      838,
      839,
      840,
      841,
      842,
      843,
      844,
      845,
      846,
      847,
      848,
      849,
      850,
      851,
      852,
      853,
      854,
      855,
      856,
      857,
      858,
      859,
      860,
      861,
      862,
      863,
      864,
      865,
      866,
      867,
      868,
      869,
      870,
      871,
      872,
      873,
      874,
      875,
      876,
      877,
      878,
      879,
      880,
      881,
      882,
      883,
      884,
      885,
      886,
      887,
      888,
      889,
      890,
      891,
      892,
      893,
      894,
      895,
      896,
      897,
      898,
      899,
      901,
      902,
      903,
      904,
      905,
      906,
      907,
      908,
      909,
      910,
      911,
      912,
      913,
      914,
      915,
      916,
      917,
      918,
      919,
      920,
      921,
      922,
      923,
      924,
      925,
      926,
      927,
      928,
      929,
      930,
      931,
      932,
      933,
      934,
      935,
      936,
      937,
      938,
      939,
      940,
      941,
      942,
      943,
      944,
      945,
      946,
      947,
      948,
      949,
      950,
      951,
      952,
      953,
      954,
      955,
      956,
      957,
      958,
      959
    ],
    "temporal_baseline_readback_count": 0,
    "temporal_baseline_readback_frame_indices": null,
    "additional_artifact_readback_count": 1,
    "additional_artifact_readback_frame_indices": [
      960
    ],
    "timing_scope": "Every simulation frame calls the primary renderer once, advances history and exposure, and enters phase statistics without outlier filtering. Any initial exposure warm-up submissions drain before primary frame 0; their count and timing policy appear in submission_timing. Encode timing includes validation, fitting, uploads, encoding, submission, and optional diagnostics. The wait column includes oldest-submission admission in bounded mode, current completion in serial mode, and selected pixel copy/mapping/extraction. Unselected frames omit pixel operations. Pipelined PNG writes and progress logs occur after final drain; serial captures retain their historical writes. Repeated comparisons and extra readbacks are excluded from the historical component sum but retained in continuous iteration timing. Temporal comparisons remain serial and preserve all-frame pixel readback and warmed paired intervals."
  },
  "width": 1920,
  "height": 1080,
  "fps": 60.0,
  "steps_per_frame": 1,
  "quality": "high",
  "effective_quality": "high",
  "particle_budget": 2048,
  "frame_budget_ms": 16.66666603088379,
  "impact_layers": [
    "flash",
    "stretched_sparks_one_bounce",
    "cooling_fireball",
    "ground_dust_ring",
    "projected_scorch",
    "smolder",
    "distance_shake"
  ],
  "trail": "Connected camera-facing ribbon widening and cooling behind the rock, with retained smoke and embers.",
  "adapter": {
    "name": "Apple M5 Max",
    "vendor": 0,
    "device": 0,
    "backend": "Metal",
    "device_type": "IntegratedGpu"
  },
  "light_settled_before_capture": true,
  "destruction_relighting_enabled": false,
  "rebuild_capture": {
    "pristine_image": "pristine.png",
    "restored_image": "restored.png",
    "pristine_frame": 0,
    "restoration_frame": 960,
    "after_simulation_frame": 959,
    "simulation_seconds": 15.983333587646484,
    "stage_time": 0.0,
    "shot": {
      "eye": [
        -34.560752868652344,
        8.5,
        -69.30223083496094
      ],
      "target": [
        -55.0,
        7.5,
        -7.0
      ]
    },
    "pristine_view": {
      "eye": [
        -34.560752868652344,
        8.5,
        -69.30223083496094
      ],
      "view_proj": [
        [
          -0.9783461093902588,
          -0.008701224811375141,
          -0.31173041462898254,
          -0.31168362498283386
        ],
        [
          0.0,
          1.830275058746338,
          -0.01525155920535326,
          -0.01524927094578743
        ],
        [
          -0.32096216082572937,
          0.026522783562541008,
          0.9502061605453491,
          0.9500635862350464
        ],
        [
          -56.0557746887207,
          -14.019970893859863,
          54.9073600769043,
          55.199119567871094
        ]
      ]
    },
    "restored_view": {
      "eye": [
        -34.560752868652344,
        8.5,
        -69.30223083496094
      ],
      "view_proj": [
        [
          -0.9783461093902588,
          -0.008701224811375141,
          -0.31173041462898254,
          -0.31168362498283386
        ],
        [
          0.0,
          1.830275058746338,
          -0.01525155920535326,
          -0.01524927094578743
        ],
        [
          -0.32096216082572937,
          0.026522783562541008,
          0.9502061605453491,
          0.9500635862350464
        ],
        [
          -56.0557746887207,
          -14.019970893859863,
          54.9073600769043,
          55.199119567871094
        ]
      ]
    },
    "method": "Applies the same rebuild intent as R after the final simulation frame, then renders with the saved pristine camera and stage without advancing simulation. The runtime clock and character state continue; exact pristine bake restoration is checked by unit tests."
  },
  "gpu_timestamp_features_supported": true,
  "gpu_timestamps_flag": false,
  "gpu_timestamps_requested": false,
  "gpu_timestamp_diagnostics_enabled": false,
  "gpu_timestamp_diagnostics_method": "Ordinary captures omit both timestamp marker draws, counter resolve/copy, and query mapping/readback. --gpu-timestamps and every comparison mode request diagnostics; unsupported devices omit them. Rendering, history, exposure, serial queue submission, and the existing completion wait remain unchanged. Enabled diagnostics use two one-pixel marker draws and four queries; invalid durations remain null. --readback-every-frame plus --gpu-timestamps reproduces the original pixel and timer workload.",
  "gpu_timestamps_available": false,
  "flash_lights_enabled": true,
  "impact_frame": 469,
  "smoke_frame": 600,
  "particle_lighting_enabled": true,
  "soft_particles_enabled": true,
  "temporal_aa_available": true,
  "temporal_aa_enabled": false,
  "temporal_comparison": null,
  "sprite_area_method": "Sum of half-width times (half-width plus half-tail) over squared camera distance, before GPU clipping; an angular overdraw proxy, not pixel coverage.",
  "particle_comparison": null,
  "flash_light_comparison": null,
  "phases": {
    "before": {
      "frames": 330,
      "frame_ms": {
        "p50": 4.678250312805176,
        "p99": 7.911750793457031,
        "max": 236.6137237548828
      },
      "continuous_iteration_ms": {
        "p50": 4.691790580749512,
        "p99": 9.8010835647583,
        "max": 642.2488403320312
      },
      "component_sum_ms": {
        "p50": 4.678250312805176,
        "p99": 7.911750793457031,
        "max": 236.6137237548828
      },
      "tick_ms": {
        "p50": 0.1458750069141388,
        "p99": 0.5452919602394104,
        "max": 0.7581660151481628
      },
      "dynamic_mesh_ms": {
        "p50": 0.9252079725265503,
        "p99": 1.171333909034729,
        "max": 1.4316660165786743
      },
      "encode_ms": {
        "p50": 0.9183329939842224,
        "p99": 1.707332968711853,
        "max": 204.32867431640625
      },
      "gpu_wait_ms": {
        "p50": 2.55574893951416,
        "p99": 5.118791580200195,
        "max": 30.853374481201172
      },
      "town_swarm_ms": {
        "p50": 0.002334000077098608,
        "p99": 0.005375000182539225,
        "max": 0.03033299930393696
      },
      "town_physics_ms": {
        "p50": 0.0003330000035930425,
        "p99": 0.0010420000180602074,
        "max": 0.0050409999676048756
      },
      "physics_detect_ms": {
        "p50": 0.0,
        "p99": 0.0,
        "max": 0.0
      },
      "physics_solve_ms": {
        "p50": 0.0,
        "p99": 0.0,
        "max": 0.0
      },
      "physics_step_ms": {
        "p50": 0.0,
        "p99": 0.0,
        "max": 0.0
      },
      "physics_steps_max": 0,
      "geometry_updates_max": 0,
      "body_records_max": 1,
      "collider_records_max": 1,
      "town_sync_ms": {
        "p50": 0.002749999985098839,
        "p99": 0.40287500619888306,
        "max": 0.5157080292701721
      },
      "town_pose_ms": {
        "p50": 0.00020799999765586108,
        "p99": 0.00045900000259280205,
        "max": 0.0008329999982379377
      },
      "town_solids_ms": {
        "p50": 0.0,
        "p99": 0.0,
        "max": 0.0012909999350085855
      },
      "chunks_max": 0,
      "posed_vertices_max": 0,
      "rigid_instances_max": 0,
      "awake_bodies_max": 0,
      "sleeping_bodies_max": 0,
      "merged_chunks_max": 0,
      "static_parts_max": 0,
      "static_groups_max": 0,
      "static_vertices_max": 0,
      "static_transformed_vertices_cumulative": 0,
      "static_rebuilds_cumulative": 0,
      "contact_points_max": 0,
      "warm_candidates_max": 0,
      "debris_end": {
        "frame": 329,
        "rigid_instances": 0,
        "awake_bodies": 0,
        "sleeping_bodies": 0,
        "merged_chunks": 0,
        "contact_points": 0,
        "warm_candidates": 0,
        "static_parts": 0,
        "static_groups": 0,
        "static_vertices": 0,
        "static_transformed_vertices_cumulative": 0,
        "static_rebuilds_cumulative": 0
      },
      "sprites_max": 66,
      "ribbons_max": 0,
      "ribbon_segments_max": 0,
      "draws_max": 636,
      "triangles_max": 552198,
      "flash_lights_selected_max": 0,
      "lit_alpha_max": 0,
      "density_max": 0.0,
      "most_sprites_snapshot": {
        "frame": 270,
        "sprites": 66,
        "lit_alpha": 0,
        "density_max": 0.0,
        "sprite_angular_area": 0.0032892124727368355,
        "lit_alpha_angular_area": 0.0
      },
      "most_sprite_area_snapshot": {
        "frame": 320,
        "sprites": 65,
        "lit_alpha": 0,
        "density_max": 0.0,
        "sprite_angular_area": 0.003439171239733696,
        "lit_alpha_angular_area": 0.0
      },
      "most_lit_alpha_area_snapshot": {
        "frame": 329,
        "sprites": 60,
        "lit_alpha": 0,
        "density_max": 0.0,
        "sprite_angular_area": 0.003237051423639059,
        "lit_alpha_angular_area": 0.0
      }
    },
    "swarm": {
      "frames": 360,
      "frame_ms": {
        "p50": 14.306751251220703,
        "p99": 21.494457244873047,
        "max": 25.510793685913086
      },
      "continuous_iteration_ms": {
        "p50": 14.330082893371582,
        "p99": 23.84658432006836,
        "max": 386.69500732421875
      },
      "component_sum_ms": {
        "p50": 14.306751251220703,
        "p99": 21.494457244873047,
        "max": 25.510793685913086
      },
      "tick_ms": {
        "p50": 6.315999984741211,
        "p99": 9.967791557312012,
        "max": 12.158041000366211
      },
      "dynamic_mesh_ms": {
        "p50": 1.021333932876587,
        "p99": 1.3370000123977661,
        "max": 2.1682090759277344
      },
      "encode_ms": {
        "p50": 1.8856250047683716,
        "p99": 4.8401665687561035,
        "max": 6.782792091369629
      },
      "gpu_wait_ms": {
        "p50": 5.060250282287598,
        "p99": 8.849750518798828,
        "max": 11.37458324432373
      },
      "town_swarm_ms": {
        "p50": 0.011374999769032001,
        "p99": 0.15779200196266174,
        "max": 0.39399999380111694
      },
      "town_physics_ms": {
        "p50": 5.731416702270508,
        "p99": 8.614333152770996,
        "max": 11.690792083740234
      },
      "physics_detect_ms": {
        "p50": 1.9973750114440918,
        "p99": 3.0011260509490967,
        "max": 3.319125175476074
      },
      "physics_solve_ms": {
        "p50": 3.1373748779296875,
        "p99": 5.864166259765625,
        "max": 8.894208908081055
      },
      "physics_step_ms": {
        "p50": 5.423000335693359,
        "p99": 8.120542526245117,
        "max": 10.84304141998291
      },
      "physics_steps_max": 2,
      "geometry_updates_max": 1474,
      "body_records_max": 1241,
      "collider_records_max": 1909,
      "town_sync_ms": {
        "p50": 0.03516699746251106,
        "p99": 0.9264589548110962,
        "max": 1.669916033744812
      },
      "town_pose_ms": {
        "p50": 0.13345900177955627,
        "p99": 0.18962500989437103,
        "max": 0.32074999809265137
      },
      "town_solids_ms": {
        "p50": 0.0,
        "p99": 0.0070420000702142715,
        "max": 0.009874999523162842
      },
      "chunks_max": 700,
      "posed_vertices_max": 0,
      "rigid_instances_max": 1453,
      "awake_bodies_max": 700,
      "sleeping_bodies_max": 289,
      "merged_chunks_max": 0,
      "static_parts_max": 0,
      "static_groups_max": 0,
      "static_vertices_max": 0,
      "static_transformed_vertices_cumulative": 0,
      "static_rebuilds_cumulative": 2,
      "contact_points_max": 4320,
      "warm_candidates_max": 12400,
      "debris_end": {
        "frame": 689,
        "rigid_instances": 1372,
        "awake_bodies": 411,
        "sleeping_bodies": 289,
        "merged_chunks": 0,
        "contact_points": 1610,
        "warm_candidates": 3720,
        "static_parts": 0,
        "static_groups": 0,
        "static_vertices": 0,
        "static_transformed_vertices_cumulative": 0,
        "static_rebuilds_cumulative": 2
      },
      "sprites_max": 1711,
      "ribbons_max": 8,
      "ribbon_segments_max": 96,
      "draws_max": 3647,
      "triangles_max": 632179,
      "flash_lights_selected_max": 8,
      "lit_alpha_max": 987,
      "density_max": 1.5,
      "most_sprites_snapshot": {
        "frame": 481,
        "sprites": 1711,
        "lit_alpha": 987,
        "density_max": 1.5,
        "sprite_angular_area": 2.0328264236450195,
        "lit_alpha_angular_area": 1.383757472038269
      },
      "most_sprite_area_snapshot": {
        "frame": 514,
        "sprites": 1374,
        "lit_alpha": 871,
        "density_max": 1.5,
        "sprite_angular_area": 2.412853717803955,
        "lit_alpha_angular_area": 1.737107276916504
      },
      "most_lit_alpha_area_snapshot": {
        "frame": 514,
        "sprites": 1374,
        "lit_alpha": 871,
        "density_max": 1.5,
        "sprite_angular_area": 2.412853717803955,
        "lit_alpha_angular_area": 1.737107276916504
      }
    },
    "after": {
      "frames": 270,
      "frame_ms": {
        "p50": 11.217876434326172,
        "p99": 16.874874114990234,
        "max": 19.322708129882812
      },
      "continuous_iteration_ms": {
        "p50": 11.235250473022461,
        "p99": 17.488750457763672,
        "max": 376.8571472167969
      },
      "component_sum_ms": {
        "p50": 11.217876434326172,
        "p99": 16.874874114990234,
        "max": 19.322708129882812
      },
      "tick_ms": {
        "p50": 1.7871249914169312,
        "p99": 5.171457767486572,
        "max": 5.611667156219482
      },
      "dynamic_mesh_ms": {
        "p50": 1.1157500743865967,
        "p99": 2.719917058944702,
        "max": 3.5889170169830322
      },
      "encode_ms": {
        "p50": 1.9660000801086426,
        "p99": 6.191041946411133,
        "max": 8.51462459564209
      },
      "gpu_wait_ms": {
        "p50": 3.844458818435669,
        "p99": 8.85441780090332,
        "max": 10.173500061035156
      },
      "town_swarm_ms": {
        "p50": 0.007708999793976545,
        "p99": 0.011291000060737133,
        "max": 0.012415999546647072
      },
      "town_physics_ms": {
        "p50": 1.4012080430984497,
        "p99": 4.761707782745361,
        "max": 5.205708026885986
      },
      "physics_detect_ms": {
        "p50": 0.46275100111961365,
        "p99": 1.9299590587615967,
        "max": 2.1752090454101562
      },
      "physics_solve_ms": {
        "p50": 0.5480419993400574,
        "p99": 2.4432079792022705,
        "max": 2.462124824523926
      },
      "physics_step_ms": {
        "p50": 1.0595829486846924,
        "p99": 4.3491668701171875,
        "max": 4.753748893737793
      },
      "physics_steps_max": 2,
      "geometry_updates_max": 736,
      "body_records_max": 1241,
      "collider_records_max": 2454,
      "town_sync_ms": {
        "p50": 0.03999999910593033,
        "p99": 0.24699999392032623,
        "max": 0.2853330075740814
      },
      "town_pose_ms": {
        "p50": 0.13349999487400055,
        "p99": 0.1823749989271164,
        "max": 0.2261659950017929
      },
      "town_solids_ms": {
        "p50": 0.0,
        "p99": 0.0,
        "max": 0.0
      },
      "chunks_max": 700,
      "posed_vertices_max": 0,
      "rigid_instances_max": 1372,
      "awake_bodies_max": 407,
      "sleeping_bodies_max": 625,
      "merged_chunks_max": 545,
      "static_parts_max": 958,
      "static_groups_max": 865,
      "static_vertices_max": 71019,
      "static_transformed_vertices_cumulative": 71019,
      "static_rebuilds_cumulative": 89,
      "contact_points_max": 1597,
      "warm_candidates_max": 3679,
      "debris_end": {
        "frame": 959,
        "rigid_instances": 1279,
        "awake_bodies": 0,
        "sleeping_bodies": 155,
        "merged_chunks": 545,
        "contact_points": 0,
        "warm_candidates": 0,
        "static_parts": 958,
        "static_groups": 865,
        "static_vertices": 71019,
        "static_transformed_vertices_cumulative": 71019,
        "static_rebuilds_cumulative": 89
      },
      "sprites_max": 398,
      "ribbons_max": 0,
      "ribbon_segments_max": 0,
      "draws_max": 3279,
      "triangles_max": 422775,
      "flash_lights_selected_max": 4,
      "lit_alpha_max": 248,
      "density_max": 1.5,
      "most_sprites_snapshot": {
        "frame": 690,
        "sprites": 398,
        "lit_alpha": 238,
        "density_max": 1.5,
        "sprite_angular_area": 1.0892046689987183,
        "lit_alpha_angular_area": 1.0266118049621582
      },
      "most_sprite_area_snapshot": {
        "frame": 921,
        "sprites": 299,
        "lit_alpha": 239,
        "density_max": 1.0,
        "sprite_angular_area": 1.1150959730148315,
        "lit_alpha_angular_area": 1.0611882209777832
      },
      "most_lit_alpha_area_snapshot": {
        "frame": 921,
        "sprites": 299,
        "lit_alpha": 239,
        "density_max": 1.0,
        "sprite_angular_area": 1.1150959730148315,
        "lit_alpha_angular_area": 1.0611882209777832
      }
    }
  }
}
slowest frame to render: 237 ms; most sprites in a frame: 1711
