issue	partition	fix	parent	issue_sha256
303	training	dc9bf674583ac93c422d556e11bc2a09137765d8	fcd5e6d712a35d9f4754605c730278d41149a05d	sha256:0adf36f47aff4db13aaf9834e354dc47ed8d6ec2166d1252d5e6a8cf8ddc7eea
8329	training	e067cc8cd96c365917955389682e1590fa5bd93a	399de8b529e6ea477467876039f378f4a52db604	sha256:7e946555729b66dedc01c3d2b759ae78dccf110899463decdee0901742e2214e
8335	training	fbaa3cad7ff7da44c3ba52294c2f024c5e82f492	442d3a46c746b3731aca01ff7d27ecefc8c53b02	sha256:a782ec664cf292d76d3112d471d19a279bbea3a07b7257ce759b20469555a011
8336	training	0790d457754a6b355bff43a24a3502bf60826c39	816caf81fe3f40fd608bbbd550f233f62820f358	sha256:1ee7c0e5493190a413f4a205fd1712d5d458f49b5acc4b76eaaef84750538b41
8337	training	eaf3e7e685780c2b4361e97452e6672ca2b8fae8	9025778df0f50a085e8bfb8a54112842c1ba5af1	sha256:0503830b0441c41c2c4afa49fd77077ef32db2ad224037edf73a722857ee093e
8338	training	399de8b529e6ea477467876039f378f4a52db604	8965d12ddc053db5822566973f4e3b04f08dfb56	sha256:1882060f8136561fd33d22102ce7f2000471a900cba7dad1484f9b49ea498b13
8350	training	249763a96a80afb7a53310d1bc71a5e0df282466	1070dd96115017b8330f3d0050bbba9dc25d7c67	sha256:7caedcf6984bbe01c5d4c1c12f97bce6a2cfa13cdcbda366f7c97a2da5f07144
8354	training	2d99abdb9e4dbd8b659d5720438a5a1f7a6bf6c6	970f6d1bddb771632fdaebcb4fae5cf52210b417	sha256:483334f091c57d525e8d14db3a99fce43d5d7a617ecc94fa9588aecc907c811b
8355	training	8965d12ddc053db5822566973f4e3b04f08dfb56	c7b284c9cbf85aed66609e9a9dd93b6e371b79b5	sha256:e24dd7a8501af073b0edbedf4512146d1e8c1933bfe1f5e6095cc3c6af779fe4
8360	training	f69dd5706587d5639c27da1882c15c7c2a658bdc	1b943e15f5b1b2ca0c90f577cabca408099fa7c4	sha256:7af92f12c478a85fdbf3860c85215337096bf238c1406afbe2f84262b4297561
8388	training	e673fd9aaa408fb1606891cd8777869a080d9b47	1e63586716bc1edbb2b8c706c46fadbebd4c9173	sha256:e85facea9ac6adb68ae3f9fa74612deefe453e6c833bbb6da0c8d64187072255
8391	training	7dd53b60516f8a400663757e4499923eadf90dfe	a1435e6b89ba995b2f7bfd77bd7a14d5398f53ef	sha256:7e641d5ad74f89d5ed267a31026a1a76a784189005034e6895bef75de4c24fae
8392	training	07ea9b67bb365fe54b5d623c2f448b1e35ab6f0d	0c76d01f1a1d9558b52b520dd469bbbbd16bf9c8	sha256:be7991617103f1e0ccc20ff1f20c4e55eb0e77422cd79ff5515ac0ff110f3994
8397	training	7dd53b60516f8a400663757e4499923eadf90dfe	a1435e6b89ba995b2f7bfd77bd7a14d5398f53ef	sha256:fa239d5ff27e27c1d32db130e81f373bd33e6290d64cb13e2f62da2a051b530a
8400	training	7dd53b60516f8a400663757e4499923eadf90dfe	a1435e6b89ba995b2f7bfd77bd7a14d5398f53ef	sha256:f66d464357717babdb561c96e3c620c093a4bbd37932ee0241111428bd46792a
8402	training	3c655da78ab6eeadce06585c1aeeada8e3f0e813	f71834861e4525b9ce9a17256022986dd52ea600	sha256:26b9a855620a607e101c9bf93a9fbffeb9967bd170a606938cfe14ef5a715383
8404	training	0c76d01f1a1d9558b52b520dd469bbbbd16bf9c8	a3f75bb2eb1a6085a0b0d4a0dd95a212261e3773	sha256:cc7f8a46dcfee5d1c5dfccaf8906457270471c56e0de3dd89319dec5595e6995
8405	training	2d65bde9ecf3c5ce1cdd71ac45b06a9bc784d515	06ee7de4c79605ea3bb31fa3d4040962a9582295	sha256:2e129be54997060fb6802b9dc4f2f9d2b2d7cfbd4581a30e7b39a1e07b7782dc
8406	training	f71834861e4525b9ce9a17256022986dd52ea600	9c2e2429c069543ac2e348156b94a308dd0ea35a	sha256:47ab547d22b1365f31bfac7bca3ab455f1716275d5fe6939cdeb5f15be19d67f
8407	training	9025778df0f50a085e8bfb8a54112842c1ba5af1	6dc24da0f85b5bfc61ebb152872ae78f137622e9	sha256:72e64788c45e9a588bdaab4e1a51011a1dec77b1bf44054c26d0ec6fc896e1d0
8410	training	ab7d25b8410ba5a210630f1e09543909db3c107f	a37a79b4fa1f818fde9139f15f52b0081770e275	sha256:b5730c116a0cab313ae71dd94ac2ee574d84791cd19b0b8974f4a4c36ac66d0d
8413	training	2d99abdb9e4dbd8b659d5720438a5a1f7a6bf6c6	7a1e0b8fc04d1873e3658fb87944bc44a4b34e30	sha256:ef911a7e44ff8183568a913e208eb60a5f3c031a853d153e3bf5929cd7e6357c
8414	training	9fb9665f419320f457fd6c3ee401a88628eab67e	cb284086fbdf5424c69204caf67de01e7309e5c5	sha256:80cdf5478923e7369d945ef02e4befc5513279084c07184a2b4ad1848aab8ab5
8415	training	cb284086fbdf5424c69204caf67de01e7309e5c5	f7f49a7b38606e1737cc18496d4ff9cfc5a67d89	sha256:065ddc6e025ac1cf79d4d5d2a952878e1c45edb142379f8de7027b4058afa515
8416	training	0ad8c36bc5d43ac099516cbead06090f3e802210	4cf758761d7ab384f95e22926f471b9a539c9ec6	sha256:b390245ae13e3b603b628aa5f3235c7e105e9f35dab063730e49430fe96740e3
8417	training	1af6d4e28a8dbe6310d9251e8406d3596b44ce96	a5ee922914ce331b0eb3e9e354772b7f58a5a824	sha256:ac55cb2a958a83fdb5fd2bdaec5085e6fb45c4fb7c9b9a98cb08f485cb8bb9e0
8418	training	4cf758761d7ab384f95e22926f471b9a539c9ec6	f0023f6d300048165bf05c1cedebabffdb6538eb	sha256:676e8d790a1e3af67617a5250f53b6e66fceb52bcfe37b63dbe91454537fe406
8419	training	a5ee922914ce331b0eb3e9e354772b7f58a5a824	875486655f339d261a49177642592a4df7a9b909	sha256:f97bd43ff8e73b277c43de028a1dd0fa2ee20c5492e3fcb7144aa6c3659b675a
8420	training	ba55076233bfa0b14cd1dc94b5003df7e0f3722a	8e95ac66878ef3ce5d78c759a926226a67aa3d6b	sha256:18e735b0a38a6eeebe87269ac14dedbded80e8d16cf0394ae3a9c657850be94a
8421	training	e09d43f36534cb7bf8303c130ca3146e2c9e5fb0	9389da8f454454de685de4bc74e812093ea9d60c	sha256:61e51b2240f1c82071e5497c3bee3b9a34baf836afbfacec124e412c63137434
8422	training	8c3ac808e71ed2399cc6d2b49415f9c9b7739530	e38570eaafb78ecdf1f9d2352c545b5918bf2c31	sha256:4fa3b2aef364d350550970d1c91922aec59951fd9eb0500a86e3cd1631fb6da2
8423	training	59702c588baa9b16c9e8fae78afb414e0dc641b4	cd3aa603f669226b49287a462344f0a2a90af4fb	sha256:07fa7186daf6d4e1fcff08b9c8f7e704ea577d4c13ea812c2b7ba8baad7230b6
8425	training	c0815e57dc543877e6a5bf77d64f2923a7cdeb08	11ee533633baf685ce73b3bfbb31d01bb4a5257b	sha256:0b430f67c03b65d6f72192850616f94a8308a623e224830bcf9b7996661f2865
8440	training	837be60da71fcfa8d279ef4812aef5b4f4631ddf	7d255056cd5ad718e8ce63143a0ae84c53e53a93	sha256:9924b7dff3842cfb72ca18898d7b636a124e7b5e56639fcbeac94842a0dca055
8442	training	4b74c381f21223cb494c241e0b1ff521d1d122ae	c9826a9ae6419c7287dba216e886fabee662f390	sha256:56e42b040e05c945b4e196af1424b9db54dcb79e8bd18fabfe317ecb2d7aef50
8467	training	3e0f7818e75b162269a0eacc7a9b4e3f5fc148eb	f552c3aaebcb60cabd27190a48febb8af520db83	sha256:78c8b0306eee6885850a07323da04f36dc08e0fd1b4ddb6b7e668b951d0e5211
8471	training	58a07f06579cfa507edf92ae2920131d58768384	17210959157045a054313fd1dcc574c07abe4bd0	sha256:955a2a6b37074aa237a0e3fc79c6b7592dc49294639e42be3cf857f32e09cfd5
8472	training	2753da87d35f93c9b5de8830b2f17fa0b36ebbac	dfd4d848c278c37445dbaa6469ce07949d31861f	sha256:3e830f6781be498278151255be6f41a02f3096038d141115620927b5310762d3
8478	training	dfd4d848c278c37445dbaa6469ce07949d31861f	b2d36f5a6aa198696cb608e70a543429c13d75ef	sha256:c56674ba2a331b1e2a17401ec2ca94e236a485b876d7b2b0ff578017a4a212ce
8480	training	01f8af26091b7a4d2856e37207543b3659e3e2eb	b37bfef24fbd5bc79d1a2f01a045070ccae76486	sha256:d636ad2283af18130ee9c9fab4022e9ccd5239a0fd819364ca58657bfe1e464c
8482	training	b37bfef24fbd5bc79d1a2f01a045070ccae76486	8f38922fc49be43c0854ab5e4c1f2c2f383ee5e6	sha256:88a16a83f5e7cc2ee8eea107ed5a330a88b180c1113287c65a8347be7dd00692
8484	training	7a574db22229ba65894194ee416082c1a05ea9e8	bc5fc5241f0e544e7de57ad1a0b17626b818d6dc	sha256:fad49bc6b1c9885fcfa4fbe716ead2588c73013fcb676824f64c9c8410a62c44
8485	training	b2d36f5a6aa198696cb608e70a543429c13d75ef	58a07f06579cfa507edf92ae2920131d58768384	sha256:0e6f6f3022ed8163096696fa55d26e5588d84509088b32a2b7c43937c95f6b83
8486	training	932aa796ab74646cf42c41b433ca795f4ed285f9	f13fbb9a4b1215d56112a37d18a249d42b930855	sha256:e0da050da523c832cc60e0510ff01d621fb64517a50a36a5977f94122e92724b
8487	training	bc5fc5241f0e544e7de57ad1a0b17626b818d6dc	932aa796ab74646cf42c41b433ca795f4ed285f9	sha256:3ef42ed04f320360d09707dc537ed4479eb5206b7c1cb6f69eb7687ef07a096d
8488	training	9c4b52b800191245c82a93547c4090d1127c1279	1e256e1cc55b03ca3f1267372a1e4ace8f7dbbf0	sha256:f1bf921e321098ad8b5724b9f11ab70579452c048d890837924efb04f0531a93
8489	training	be4fa8d83435bd9f2ef6c9204346a44f2775bba3	9c4b52b800191245c82a93547c4090d1127c1279	sha256:6da2e29427b0d1acaa40de49a16e4d1f855269b5bb7500a31e54211e01ab1b66
8490	training	9e1957022dd9993e198e8356b5e850cac6e02c15	9fa0a5c06f5a5bfe851f7a86053096bf5f5de224	sha256:15088d8fe844f814a348b9038f6f929949a1dd9edf9624f6f09cdab9dbe46135
8492	training	ae35eaee1098411e92cda14f5bb8198f526256eb	3e22e0e9a0c18fa201e93be17b7282d93054dc15	sha256:15e3ec0997990e1fd6c30ae321d5dd28e2645adec34c37f2dfdad1e59c5c0c2e
8493	training	fc42bca63b7392cc571c791c5457b98186d4233f	ae36e7d916b20f8d38d22f630a11f7c64d964f03	sha256:72513cca18cd0dadff3875500959f92d3f3f698bcbc8962afbcbeca9a75a0b88
8500	training	8ff4c9b051ffe11dd60eccf42b87e8caba06cee6	3015501bfba84c4deae5c7d3499dd615cacb00d4	sha256:d79e31a0dc41549041e46999f2a8cdc81bce4f48a709d5903e3324378014aec3
8501	training	ccd9a108a78f5145b754a5df7aaeb30504c907d9	cac5bee38e43ee78e7607f4f87f04bdcb29a1402	sha256:0b794aeb4cb35bab6f9fd06d35b87d340e232651c251881fab3010e8d8ffc581
8505	training	8c50e5c235b8a2ecabd1d53c77b689392964d711	217a74a28d96e0f298a77c00e9491be763a113bd	sha256:8fa780cf486326015fce4ccf7d866ad169c97af481512863854a92d7cc7e19b5
8507	training	d96341b63be431d89bd5f967d784eb08f59bb9a1	2780fa5e011b7b21d682bd38d5c8f99d76a8a821	sha256:fc0ddb29c03152c22559ed28b1fbce2c75c91dde3dd53b73d9bc8e639f028aaa
8508	training	d96341b63be431d89bd5f967d784eb08f59bb9a1	2780fa5e011b7b21d682bd38d5c8f99d76a8a821	sha256:53a0d993b2fb2b643c42e0c38676a8e6b34dc76400c01dcc3e0621723f470e3f
8509	training	60d9470878fc014b6d38fdb5d1bcd91ab46bc008	bd677cb4e3e7da4c5b440834fd733b7b4cbcfc69	sha256:07780febfbe1c13419f14bb4636faafd691a79b5b9d8bf19653ecdd916611748
8510	training	2d5a00b716654bf78d1c56ce45c7bbda0f7dd3ce	e79571071a1b7083deb8b30508bc373285b24071	sha256:79acbcc790bd8153c58171efebe685188e8849f018b665dea44fc61211a263e2
8516	training	2a5bbdc0b719cc3d41f41bb7a5aca8f370f533c2	71b00cdbb36ef968464e9b56b603a90e61cae1e9	sha256:5f492fac1160829ffacd2b55b1a40d78323bdcaa332ccc314000fd11c4454209
8518	training	40ae3aa6d525f3bf1db1cd2519c833cc628e186c	cac7d2c09cfb2c8f7120e623f877dcb62a325429	sha256:09d450d3c396d068a170daa43127e49b18ed6539ab794b31ce1b9c5d1f602a5b
8521	training	6e6f93c26949fd9b8a00f672b7dc5f0e708ab96b	658ae6de875aebec432f14a8c5b98929635624c3	sha256:ea56e9818ed65b86a410271d54ce07ba9114032116b8af6f00602746ebcf6f0c
8522	training	34b4869f2bc08596e06baef7d72526c3af5b3fda	202740c146b0aff340ab6a52634b4a6b06dc49d6	sha256:f15c4610466cd1888ceb93f6678e9754a7c5b063e5ce3405cfa33c41eaa80548
8523	training	b75c87feaf4aad51aef869f26903d71dc8593a83	d4cbe3540713cf18e600131ced9d0f332b0874fb	sha256:675b01d15dc5eaea9197ec482d063d4d063fbdb2091d5970663f533cdd3671b9
8524	training	3ca82246a53d8fd373cfc85b2438fdb783a668f0	34b4869f2bc08596e06baef7d72526c3af5b3fda	sha256:7ce3b91f8539a4de38131cca6d9a64d285ed0b001cf9dc110f1daee2664d0231
8525	training	e334ebdd6b61f37b66154fb0c4b64f1b180654e3	e006a7cecc34c71bcdb8d19d54166580b7c3ffdc	sha256:2ad16b98151cec48e39c2f40bf6475a7ca8847d8e11a17b54643a13da9dda5b9
8526	training	1dbf6e275fc251523d2dbc5a67ec88e6648fc9a7	9feec429e4012679d04a68574e1f0a91ebf8d9e8	sha256:c6c6f99c6a4c1f8c51b7afdff3d446154a963c4ec2d941a7a374594165c3528d
8528	training	61545561117060b369a2b20e68802859fa63afc8	2a5bbdc0b719cc3d41f41bb7a5aca8f370f533c2	sha256:39993996e4c9647c15b75efcfbc53e3364f56dfb661c2c6fce3c72b59634182b
8530	training	5a300f21d4f9ae1dcbd35fd99a42715627a50828	0804db3ada6019777b17dd0f0cdf9734715a9821	sha256:1993290fe42d15cbbe8da33097b8cb43d7927daed572ac5dde278a842ae1cc5c
8531	training	58f46f06b52d22ebc1ae920e509a698e44d5d8ff	b75c87feaf4aad51aef869f26903d71dc8593a83	sha256:864f34a61f11d8caaf8d04261928d3c06e562618370d6db353f8fa428981cce6
8532	training	6dd6839ef449d01866a05d952a7c98a8ffb4b2e4	1f8fd7563959a85da31c17e6c4ece10f17264765	sha256:066e3746f44c2ac2932e6edccda5fdedea718a2e9c83682a6b9858e9d7b8112a
8533	training	39264fd1f1852f7e750b1c6147cea060b3f8ba59	e9dbae5f225bd40a5dc468514f82f2534208cd03	sha256:ec17e18b08004e0e057d6f35bcee484ae16f7dbaafbb2e269c4337abbfae64aa
8535	training	c3777c8effb47ec69945ced7cc63d16880fd09d8	627e303a6a96a8df008669044a35b1621079425a	sha256:51bfd75f6d1e10d0440206a2fd76a1b9f335948e14a6686da5dddc7d8c6abaff
8536	training	5bf3bba622feae6d09cd34701b37393736a2c7c9	0ba935a69fcb758be3b5e27bc24a74902660febf	sha256:654d5cc6d8fc70460b4125c1a7759fc899d262688bf3d025deb65175d1a47546
8539	training	a462913fb139dc94d53719143af85a80ffbb3d33	f62940f13f012bdcfc53c1d2bc5450422005b8ab	sha256:8f332ac1a292a0c7a330583d169d87baf2a7c58cdba5d096a5f9f9825dcf19fc
8541	training	fe66c9a68762c011649ecb97e840af260051915a	30ae198f78ebc38c69f33ce5d0a04b69aa298399	sha256:23a0e93041df4ec95de8212e172c7baf95cd44cb216340900378a21081351eda
8543	training	591bc110be42813bb6b0a4f6a03e4aec808dfc24	d0b2fabd5a89b8773b96b7e9c39edf40fee02df9	sha256:387364c6161d593d1975535028031f42d36396d44155a42c7aef6c638a9f848b
8544	training	1b33ea48f5fab5131577c07aef1e166dcfb605bb	0ba935a69fcb758be3b5e27bc24a74902660febf	sha256:e34b4c101f09cb951f70e699c86c7d3679425e77b05c5e80b64c97a9613a51ba
8545	training	dd336e561e6f89d8b962854c99dc21487af17e85	ecbd6905aca5975b1bfacf2fc405744cdad15502	sha256:1c8373b1474c8ed4a27d0211ae189cd429692daffaf7a9bb28d67c3f99257c97
8546	training	2bf644f994ea585b2e0f856731e373a390e26b94	1b33ea48f5fab5131577c07aef1e166dcfb605bb	sha256:8fcd713ed476387386e430e6d652c79f6110d1032d425bb13c10643c195757d6
8547	training	7a283273e2668c4b1fa9d2debe8dc32129a81e3b	c7b581d338550bf2b9c35e6de043bf5f29d4d246	sha256:e1081453074a61fb2add5c8a3951ecb1ca0cbb9681d9d937fad6e0431fc64e48
8548	training	0d20c34c70b9f7b6b8be5e6d5943b88cd013a667	527f614f83c8bf54b61756f323216ee9de6f38e1	sha256:074b1251af9fd25ae0f8bc79b0dce6d2ac59223d0309f11448cf33be2cd93642
8549	training	2aa841ffcb8f0cef56fc48706fa50192d8464096	e6f339d09434b0ca97b498de59a3382d2fe416f5	sha256:adf513fd91ef564f9c97066cb2c1b636323f9c2b9a59b009038f31daeab6bbf1
8553	training	dd336e561e6f89d8b962854c99dc21487af17e85	ecbd6905aca5975b1bfacf2fc405744cdad15502	sha256:caca33ba4783e8d00688401555433a5fc7b254cd88b137945126a826972e0b1b
8554	training	d0adad49338de64818b7690bd558b476bd69c593	725e9ef9c40d89e22a1f39414d080e91c57cb285	sha256:73a003e6abbe1f23905ec8fcb9defd3964de3a68f3c2576df9c3f279d2b44d45
8555	training	725e9ef9c40d89e22a1f39414d080e91c57cb285	9b963db8900fdbb84edf5642cbd766a1a6c5f5ae	sha256:e6fa40f2de1dd086595a610830b09c9680574330d220628dc7c7067a8bbecbaf
8556	training	5beff1e7cb452d5fc5dae7530cebf89ea091b500	c09231f1fb6861a4b1f5df98b1503412c50c3f4e	sha256:1c05b74bfd4f28788d7d06ecac51a8c886702532b1502674eec593df972c128f
8558	training	1573db878e9323eecc81dc508b065c14089f366e	afebf166073fcd92e249b73ea7c3eb35d7caf215	sha256:69f03a7eb3d4d1f3e303d0b72d5c56388d3a3e06e368524e33b1af41d8670454
8559	training	4771af6560d639be3694f43465dcfd85d32315a4	38d61fc81267adf72283cb84f2ee9ea27d410320	sha256:faf8bcf805b9356cf82bd02aebc744c872390343ca27a7c517281f3a7d9af586
8560	training	90163e2c3b3fb43c0f49f53a52653eb334033d1b	fcf4dedd3040c66934d43b5c91a3cf476cc64bc8	sha256:efd3264e19ce2ba806d3df99f46a95934f633008fca263c7a6f4659daabc03e9
8561	training	3e3cda4ccda0ae77283185bbcc0c068a6217ca73	378887c45ef66450294a13c844c3821dc4d458cb	sha256:1542a8ca96c730bfd0490c15ec3be37fd8756de3c871450e9946d9a71d6dcc8b
8562	training	5561280e650507fa61a5d7e59f918abdc6c6218f	202e5a4e07ef31a253463291c12e6d305f8bf5da	sha256:3b12ad3ccfe2ce899ac0fe4b466923b4169d542619f0a6def8384ff4109d8bd9
8563	training	e78e95369f0dfd8719b6faa93431dbb6a57416d1	afebf166073fcd92e249b73ea7c3eb35d7caf215	sha256:6f80712297d2975aeef28ef6c3fbfdf37c02ef4f236bcbb36b512afba26f2aeb
8564	training	71c3491a5c72b0268d0cacfb1e1dbdb6f52a3da3	4aa8ca37db4164e752c6c69e311eafaf018c4c04	sha256:bfb1d728659f6f87b4019218f72ae817ef29c3ee1c3b9189907c8e3f0c3a0738
8565	training	05ea8a13dfc55cd6663ff3ee90e059580b6a0478	e892b1ce48f9bd7d2b4aceaa12022b659c88b7cf	sha256:8b4bd88a5f1d9f72125cac7a296f8014b9bd2e347d43a8f334df6aa09509b6c0
8566	training	721dbb36e8e5eb57b859ad1736031198eefe282f	b5405aa2b277ecae6c99033c515aa7b614c82046	sha256:5e2e28b668f96c8e46e255d7db25de71c9e4b04f4a8c47200a31cefa2fb9bc48
8567	training	721dbb36e8e5eb57b859ad1736031198eefe282f	b5405aa2b277ecae6c99033c515aa7b614c82046	sha256:3a390a6e6afd1188b23e28eb1a733c1cc716b322f82fc4c7ccddc304be31a69d
8568	training	fe3d5fc1afb6b67db3ed63afad43f29f29262868	b5405aa2b277ecae6c99033c515aa7b614c82046	sha256:f53cf24e942793db5781a8a44dcecbc7199d11199bc53c4d445a7b7fdc6794c8
8569	training	7df7066acf859f3b240102b6f3670caa40ea907c	02a28d49a57abd862fecbed7c1749b77d2cc306b	sha256:6b5e2bf4cd3fadcfde854152ed04210219373ea57d1f5b804b14420c481acc4a
8570	training	a1dbba5777133205a1499dfefb113a74b0c17cd0	0af99b75c2bba7c392a65eccee0b9319cdb87e65	sha256:50f0a43bebaebec672f88fce38646fdbcb143d23397eda2ec971088f5150aa42
8572	training	9e49cc4c428ac731b209a8e265fae62129b82b43	6c7b9cdfe469b7748025abd428741c7e79d9da1f	sha256:8a6acfa1a7c2e71442bed61a44e66d0e3edfbc8d1a782b14c47aff5dd3a1f480
8573	training	38d61fc81267adf72283cb84f2ee9ea27d410320	72663057bd35536d6aa9fdd460b86111bde6c886	sha256:345d7cdd28c05c4d1059204c1022c78f348562983607b2fb4d1f367a42e1478c
8574	training	17ae9fca0c3c6f4e8c46518736aa827c1e8796da	fc68a5de57396e26d2ac40560cd0fa300539a6b9	sha256:07686af5b41f68958c53955b5a0a96131b906d11f1121a4457d8afb42f70afe7
8575	training	5ea343c583f4e31ee6ec1e362c0b7c8998c3c460	6c7b9cdfe469b7748025abd428741c7e79d9da1f	sha256:7db82db883e5fddbba86296521260546567a3502e686d22af3efc7f189bd5dad
8576	training	7df7066acf859f3b240102b6f3670caa40ea907c	02a28d49a57abd862fecbed7c1749b77d2cc306b	sha256:9bd09233e030004bcedf5e2ad8c6160fe076207a225da3afe04ba617d02dd021
8577	training	7df7066acf859f3b240102b6f3670caa40ea907c	02a28d49a57abd862fecbed7c1749b77d2cc306b	sha256:57b34fe9991ad484a0f1c74b61fb9b65ed80cf86a89469af11efa3ea3856aeb1
8580	training	e4d87fa395db6812b14ae07d92985652e5266f53	514ad21d58e0a228851adc58ab2ed554bd0155a2	sha256:a4eba32873a24dc8815fc4b5c9e42eb724ac4cacc1d9289dc77dadec271f0c49
8581	training	378887c45ef66450294a13c844c3821dc4d458cb	0ef5739de53cc1bbb9c1a9781befb395744fde29	sha256:9371a52283475e3de0850b20b7e30e96144dcf93846d0ade8113fa71a0b7b010
8582	training	6a4f5155a9571eeb5246456c0e09e847e3d1834d	09ce9af3cc3c2540307739d0f9671dff2eced736	sha256:32b587d5ca5c00d2ece94e7d61bfc4637751e97d2af5f1b0492cbf0534737e88
8583	training	43017be3a540a2329de2512c2acad44c65de8e7a	7b0dd60611ad0d2a0f9de30d253f2d8a3458e094	sha256:91cf16a17f994d98a1dff7749d334bc36153e97d5ba9c7eed1c38b67d646de51
8584	training	89f40a8b451b77ea8d999dedf95f0cd5abcb6c6f	6a4f5155a9571eeb5246456c0e09e847e3d1834d	sha256:7e407c1e97e037afa02c0a5dc12aa8f1ebc5e431f306447d4174202b711404c1
8585	training	036d9a9432ad7379cf437336223538d850803b95	43017be3a540a2329de2512c2acad44c65de8e7a	sha256:ac327bb7b8af2eba50f7eadc92deda050b72fc52deb9355124d785f8d7935c48
8586	training	b6cf6c78d07ec135638a5e332a6497aba74e0b61	6f1716823de83d79825faa55668af78c411dadbf	sha256:890ad0189193e2e7161be8a1026cceb328b3f5f67b4831f09123ff9e13cbca78
8588	training	d4d17e2a838ba2169fd29d649f644c22f131b192	0ef5739de53cc1bbb9c1a9781befb395744fde29	sha256:d09ddae20e2b6c827ce4e03e5151a628e0e0b5fb2a0ae1bb57ac824d3faab7f9
8589	training	b89a1f0b46d094a3f878231590c55e918fd7d439	04abde664687c9b86c7fdb010bf42c8570d6403c	sha256:6a74d5e3b6089da9f5e605fe541151574cb1ba68ef78c5c5057f8a2c2bdd3e2f
8590	training	a5754786d2153b626f081afdefa80d0fbc9f5cef	b3048b7a0b84d102ca50c667cb5833bf6a7b597c	sha256:c8fa36fe7a205183bdb5bf11eafe96faa05a6bda901af8134e2362c96a99de9b
8593	training	f2f34345cbdd47db26ff781f8448522dbf6224bc	85483c92ba74e815b69af6725d80f513ead419c0	sha256:537270e59e3d5b6f16ffd95c626ca3364340a3bf77b69000f3503c62d5493d5e
8595	training	0625e8b2911f41801cea473243e11d52c281192f	158a36126030beb3c07d54e225074ec675a4cf51	sha256:d491db37f2a85ab37aed420dbe553391aba13d39189e4e8ba0f9fe93d92336d4
8599	training	a3a13f184f22dca45407c0dd258b4c934119d1d7	3f0cf443cf6c37e231cf4f3d7ccb488fd7c657eb	sha256:4551557bfbbc6043721d08efd50583f660e7869387360f1a37f1903ee445a44b
8600	training	92faa0a5176a8faa820965a58d04de933ce91d2d	1e52729b431b486429044683dffd0e254d62a2e5	sha256:992da49d1cc41f5be046366dedfd7c17c8d197cb5e11d8116f7859a45385e017
8601	training	21657bc83da5aaa0b4d193c5f990cd7fd2ed4970	455225b15f01aceb446b028414f014daaf4040eb	sha256:22dc03af025863f8eaa75b92df1f99f4d007f89712bf17d11334ae53381c0fbd
8602	training	b8d341c31f87dc68c01aca64beef6a16968909f5	21657bc83da5aaa0b4d193c5f990cd7fd2ed4970	sha256:722da0b3e8d653da01b7192ad94dd877320ec90d1807ba081b2e18918f0cbb96
8603	training	8987db3a23e3e2a35df144e9f756c82f6c85fdb8	0a7207444b42b2bb2b2a5c000b07e67c278602ce	sha256:182d1f01f5de671b65d89b57d8ce4a920733cfbe69ec8bc9e7599deab6026b62
8604	training	84dd4f59560245378b00711aab4c7d4edf6fa19e	b383847fa8f19c8b54e77c0cbb0ed54315dde118	sha256:8eb86ef720aa6470237dd8698eacbb204203db568154504bbf354900f8d52aa2
8605	training	fc4e8e1bce0d72f8f1181a5d4e7bd492b7e2cd29	b8d341c31f87dc68c01aca64beef6a16968909f5	sha256:593f011e3230f6a0e6ddaffab572eb30ada3c14a4d815a9f1f5b312f9d44ea93
8606	training	14303a7251d007b2daa3925c2d45695ebbd48a40	8987db3a23e3e2a35df144e9f756c82f6c85fdb8	sha256:db859832b003c3c578bdb1350caa201823a9efbe0832f864f352480c2e481ea0
8608	training	af2ec4430b7b6cc7839b222f4bb2732d88da21df	84dd4f59560245378b00711aab4c7d4edf6fa19e	sha256:f6b5fbaf78f14cef400d1819a460eee23dc99630aba626b57195c6a79358a21d
8612	training	f5f9cb3725e08d8a710705c3e92864fbfaca3fff	b0a3075b44f4b6848b3d31fc27d45ae541876b36	sha256:bbcf4356ec0b850f285ca7bc430c945246da821b3d8eb0fa889c0f625e3fe937
8614	training	f5f9cb3725e08d8a710705c3e92864fbfaca3fff	af2ec4430b7b6cc7839b222f4bb2732d88da21df	sha256:8e396fb117393c3bcd443e40cb5736312d5e043f3b3e650c1955664908d095b7
8618	training	25219d00fffbf834a295291b3903929312fe38af	f5f9cb3725e08d8a710705c3e92864fbfaca3fff	sha256:9f45f4599c7d223367290570ae78e035adef14cf105be989b21db4dbb7ea1125
8621	training	d1917550800cf2e3b844f4828536661dd7b69993	13311f381fe8a2cee4473dfd26e221cb0f55c06d	sha256:95b2af0911efc78f625d2008732f41f9cbd5bc299852ad561d6876e02734936c
8622	training	13311f381fe8a2cee4473dfd26e221cb0f55c06d	de7ecc6e2fcf8b46a42aa10a974b2bf8e229bf93	sha256:9b1185b851e7392a03c2d1f6e91cf0d14daa84e88bfdcdec91d8ec0c8f3bde5a
8623	training	eceff74471e912628322888fa0e87dd445a55a5a	de7ecc6e2fcf8b46a42aa10a974b2bf8e229bf93	sha256:0c462a292d437950b7d58ee83d76fb4b9c99e114948e66e8b88986ad1690743f
8624	training	0e26a048a29781f11dac797c1a912949caf4938c	de7ecc6e2fcf8b46a42aa10a974b2bf8e229bf93	sha256:f9dfe42ae958e0f5f5e14a064d5f69df62b18625982d333db79dedbb88248b5a
8625	training	de7ecc6e2fcf8b46a42aa10a974b2bf8e229bf93	f5f9cb3725e08d8a710705c3e92864fbfaca3fff	sha256:8dd87df6bb5114c93380dabd4ec92f788b2adbc116fa2cfab49cfd0a1e5bfe58
8626	training	38347f6128ed5011831a6303a2d462af740e0bdd	308e43919cc3bf8d29eca32ef79f5c2cf1dd56d2	sha256:f12c45a0fec47299a5a797f806fa33913aaf98123902accc23678ff3bf2b745e
8627	training	38347f6128ed5011831a6303a2d462af740e0bdd	308e43919cc3bf8d29eca32ef79f5c2cf1dd56d2	sha256:1a338bbaf3da379090825f4d1e721f1f19d0e48b0499640da5eeec2b66fd0f8b
8631	training	b3048b7a0b84d102ca50c667cb5833bf6a7b597c	308e43919cc3bf8d29eca32ef79f5c2cf1dd56d2	sha256:6a562b15d1ce3a5b31e8c4fc30a2f4ee39221b1e7a2c79e3a939d71af4fa5727
8634	training	311c268f94254ca5768bda17eae0a9adcbcdbf39	610adc9f3d2f1d3fd626fe50996659f7a3c1e5a1	sha256:9963929510d9c7e59a1e9ee13cbf0f420d72aed3a739e317d418a5eb1d771dde
8635	training	311c268f94254ca5768bda17eae0a9adcbcdbf39	1d84386cb5f7d08ac2126a618cdb2ef451fd6ec3	sha256:111ec2d306a10dd2a1069fe35687276f644639619c648c08d84f16cfbf2467e3
8636	training	5df9aa6a887284859bb6959f9658679f2b340785	1eb9f1a95fc147ea6554953700dbc9fb6d3466f9	sha256:03081c2cba9f419d888dc31ba733eab0a39afb691b8c9103ffde1aab5f869e71
8639	training	59538f71a2fd90e2b0336db72f93e67b95e1db62	e009a6d4c83104f224748c821bbd92fb60e91eb2	sha256:ec7e57ab8f7451c16678ed5ff85648df20e7d42e127a276030b4fe283c00dd92
8645	training	34e5859f774effdd95a9814a9311eaa6de61392b	5cb12053b65faf75c66508f0bc8cae5a4d914451	sha256:7fab121bf766f0a8601f35ef561f15b370c01960e2fa6ab766be9ef443337131
8646	training	9b2b0f206ab1f62331026c9b1715d07fc024fcf4	655263f645417907553dd56cf9d23dc9cd6ae42a	sha256:0d8cb75b5e941e69eb88bd3d772b6ea69bf4d3040e492c0276565af82dd5d5e7
8647	training	5202a2665a86bd968db7b59b94886ec21405d65d	08aac902502d5acafc77264ecd0c1969a8b0fe51	sha256:2472b05aaaa901d59ab8fa980d94cc8d57e48a14c81dc8aa2d6496a3440ae4bb
8649	training	6647d998ad2efd952c9884de4fdf5cbd98291805	6aaeea5ded7a6c66e2cfd7c32bc52a942b8f36e3	sha256:c8807e31b7cbc2a4aed0e578a55d58f25ff79f3804ddd812d37a5c72564e0317
8650	training	9b2b0f206ab1f62331026c9b1715d07fc024fcf4	655263f645417907553dd56cf9d23dc9cd6ae42a	sha256:9ebc4330dc246ebc795eed1067e4d17d7d407a1ab3a4ddbddc9d190a0fbced05
8666	training	43e92f1cb1b55716a48c45b505d0ee35a6e6ea1f	eadb69c042c0f93667019f9c7f6283abc0940b7e	sha256:ef04d6da5eb8f9db5ef5b852353b81aaa2329b00367994ce47f9c068b50d7179
8675	training	907bb8e2a5d2d9ed86420e2b7aaf89c9ee60a245	c1cdf6d66d57a2b9b4172977d3f71d422f93db58	sha256:517049157c0571ff320ec6068f786ca62cfadd4e3e23ee065e287fdcdbcab0bb
8676	training	9f8a76333cee6cb07e584f64c3daf587f9c31e1d	4315500bff7da6bed3fd719bba446dbd61c1c9ed	sha256:f435137f97391e057ce9c57d2eb21c7d3172da867b388a280a933205b704b356
8677	training	9f8a76333cee6cb07e584f64c3daf587f9c31e1d	4315500bff7da6bed3fd719bba446dbd61c1c9ed	sha256:efac168283fe5536f0b3955387cae498324d91e69525ec9b45f3ae0fd61fc486
8689	training	9f8a76333cee6cb07e584f64c3daf587f9c31e1d	4315500bff7da6bed3fd719bba446dbd61c1c9ed	sha256:91225a312741a416bb1c4de79e4583507f46c8b6443712a043741f61082fd9c1
8696	training	82b26825449649763b5bca0c910d9d1b317e4989	a0419ffd13ac0a87b6e4b04a92355f59808282aa	sha256:dcd638e95d633e68313bc19534b2267e35f64fd7c0538e8ea45868916d5db23a
8700	training	b57bf71fac844d78872105b45a1aec17f674ebca	ff222f367bb746401a1b5e89bfb9bd27c884516c	sha256:8756d449bb27afc2ed4872081c1e867500b93741532722bc44466a3e2a45a731
8702	training	083f3f3654454c291ece4b1861e1ad774724ddc6	4478204c18fdda92497f8842d186afff362e3442	sha256:86979c7487129b0f42ed8bd9d6e808a64a226377677f802758d85a26231d61a9
8704	training	64dcbb52e9aada4b195f27f7b592f3df2f4fb7bb	23a2fee4bd06ee3f73fc8c807b4b7d8c7300aa40	sha256:988de4d599f543cf87c1e266dac043fe576e33a7c257ab92b0edb7bf960ef948
8758	training	7ff548c4d0f9544ca8584aa0f9b4a86601d333c3	c46d85106bd36d6f7f175c93d75b669bd9ea56ce	sha256:407d34b0468c77afca7b0ef7d47f0ff8fd974cdce78c52fc431475c739f6a5af
8761	training	9f74c694bd60b4a0d117c19e004a68c5cc8c1ca3	80a0ab19fce5bbfd15a04f8419a49eb83a97fe36	sha256:cdf1fc861587c14c42a41b84daf98167216ec100bded3e2e68d4a2e4a08c05ac
8762	training	3c8f8d4fb99d4db9e409cf7b964934c457d2ddd9	edae2170dba75176b254f7c544a9ca0d57894497	sha256:517727655e48e2d32efbbeaf3023d334c047260bd45c9bcee4186b8772288fe5
8769	training	d9555525d80430c93312ea6014f1916364053467	ddaecfc6364bb0362b2689ddb85c13043b95c519	sha256:f55ff325cf04b5ed50ba080fcf149ef085613e7b8caa6b8a98e3603d88fae850
8770	training	c18300b5bc5791c4a5f3c4518e0baaf820851539	61e0d837a4f0b9dcdaac3a9536c68c8d795a1401	sha256:4e923d94529a1b4baae7b179d0ba9193eeda024ed74ac5b05c384cf0aa1675d7
8771	training	c18300b5bc5791c4a5f3c4518e0baaf820851539	61e0d837a4f0b9dcdaac3a9536c68c8d795a1401	sha256:0c1790defe848be5f430309066498bd780cbcabcdadc24548661e0984fa9e105
8778	training	13c90c9b1145c13d9366ac77935f5b0dbbf0f4e1	6247f60c43a3a0a50359eb7a7c1d3ef2e822d8ac	sha256:4114751aec2b4884ec8f15f2f1e14f3978f0976fac0c5a882d004928f22651ed
8779	training	23ffe398e79122a7fe39f0f92ccf810dc4fe00b0	90bce8d89b9b1a428d02f569e1c4db26d9e034e6	sha256:9235604eca79a507409aa98c1432d15483932fcae78b97c61ccc79fd0f37a501
8780	training	1d7991fef7da16b34bf167ba821350c9c04c7dea	23ffe398e79122a7fe39f0f92ccf810dc4fe00b0	sha256:6ae65e3d534fff63c20293aff468a1aee08d289ea78d068334f914c0115234e9
8781	training	9b0ba9bf8689a7ccddcc13ec87d4cb8b0e00b8aa	4f6d2cda5b184839f0146dc0f7ca5d6794a01323	sha256:4de762a35844ef5a8fd70f4302509e1d2cbf4b0da0c7639af67cda282a7c072d
8782	training	4200aa1d7fa3c3d924610bc54af88b769fe14fd3	1d7991fef7da16b34bf167ba821350c9c04c7dea	sha256:717bc5faafe7ce876ff88cd14bff18524bd34208bf575231ff17f5e5683a3f31
8785	training	f9c4b4c2b67973133022981aef3e065c9f8e1d5b	8b84af0043abc3b979c2af20d792d3cbc9d6869e	sha256:0cbdd4ac7a4f14ac5513858ce8e4b90e020d04ba4221859b99d3b40ce2fa1980
8786	training	4f6d2cda5b184839f0146dc0f7ca5d6794a01323	2fc11d0836b300e689a2caa17bd10830483c0479	sha256:aaeb50d5ce7ebcc28e4aa5deb2ded4f5bd1ba7951396642db73aa329ff5c6784
8790	training	2769e8827ae4de3fdb9176f1ce6cf0c3f2443621	de662ce21a60cf243620868e0a2c1f2fa7b42ddb	sha256:67215be2bbfb0e0b484f18690ffd47125cb62ec583d9b4beac954934a55acdb3
8791	training	cf48d9b657b71cdae3b3a31a6fc09f5b174750af	9205eb264b0fdd098ea0cdd0975b842da3ddafbf	sha256:72e663fc38a7025cd71265b7f32b69e6cec461288860e4f17f8744bc452af4bd
8795	training	af672ef49be5892ca645fd7dbdde8a677249cffe	2769e8827ae4de3fdb9176f1ce6cf0c3f2443621	sha256:451c241f6278b7e9a15d57796d6b3c6cb51020dad07d7b35ec4b91d9e7714474
8801	training	7ae4e5119c38881c1794eb83ab61580a84f5b828	5bfee0f4d0aa3990d7ae40480e9fb49f8d58a13f	sha256:1de2b84a673eb80308c03d9f05c133e377d7ae83c9e84c60a24a019b4fdadb74
8802	training	e18e8a16ed7383b507c84a1ffe079a9687d9d34a	7e8e3f925be835fc99d4c6fc4bcbcd36401b5ba7	sha256:e767257d3010e0625d30b2e3e35cde6d947c3dbf2f6ded92bef5d44b555a1f1f
8811	training	cb09c2c66d7c0141be18cad699254d70b7547185	e2dcd123c226a39ba9132604a46efdcd1f19757d	sha256:4da9338e6d553280310825c462111e8c809055110c3b044040d62821c7e2598a
8852	training	5357ae837756475b585e03079a85dbe644af2664	5931515112148dc49abae26dd00caaa6aedc87a1	sha256:2f1b44a5d7e80871af4da4b97b05c501134b025404189f5f63ad0039c47cc617
8853	training	d480f779aa037516042b57ccd474a4d3fed6f04b	987d0b1c0f39b3d91b98515dbe12fcb91ffb219c	sha256:d82d8843d25ba2de85c3625627812cc96c01052875c5fbc934f0974a4927b76f
8857	training	7d80b518b087fba797ae6d16e741d49803dd069c	f1f10bf7645578ea48e0b4bbea784c2e813da4e2	sha256:15cf909ee55502f1e029b064d1c7f42527b0cf9f136b8b2eb7cbbf6c17229b8d
8859	training	477ab3188c9067cf42b0135792770c554a550b84	04624506ba8bf7146ef8c0c865232bedbe1e74cc	sha256:eb2f86eae71f801c437fa93865f6ecf64148e7d4ea10cb89835351f59fd3b745
8864	training	b51e322dbd940de9fc1543ccf3aa424f5dffcb3f	89dc61650918006601ecf2753c27463d76d32ae2	sha256:a64f8a45bd3a09b49bf49f0177fd80818716f1081ee0aa94c5dfe5d1dff562f0
8865	training	775a55cdeae250410d9f2af31b50f89021bbf3c6	86cc67a8efc3a5592cba7aa5323b5b2a8749d11c	sha256:9d83155999bd42d89970fe34b78cc7bb76e83e394a7a10ab550cfc7c39f860eb
8866	training	7d80b518b087fba797ae6d16e741d49803dd069c	4d29a589e370d91b71080f15047cf9bbbd08bd1f	sha256:1e979adfe2fe95ab110f24209502bf2b643aa519565ec2f4aa26b74766b7f8b9
8867	training	a240780d56412e7416df7c227545cebe76f8f53c	aeb5a73bb52cf71c83610010acce01af7f54db8e	sha256:9557b4b4969569296a7f13dfeebed46209c6bdf198de5d14a9d54f68029d2247
8868	training	58e6a06db79ae2522ce78503d49210e6ff4a4bb4	775a55cdeae250410d9f2af31b50f89021bbf3c6	sha256:aa67eb51cd416944c76a71c75a9fd37890e8050f449b8802675b7ee3924994db
8869	training	2e3c8c64549e36e8b5b4514aad27dded73b043a6	3967982eaa7e6154a73cc47bd87a5589c97266ce	sha256:3139969cb2ecc203133ea3f9ac36d8f798e49bcda56e552d9e2fdca244d134f0
8872	training	46ea6c28f04b0fc29df482227a2c8e87b16968c5	d06523c656a6b5f666eee1221d32c3dd41194e31	sha256:15aed6301746540008471b33517bf24f350c5046fc1828a679aabdaf75e9f76b
8874	training	5bc6e62faea7be6a90de6e1f28baf0c17ef3944f	e532fe39db28bd349fcf68f3785fc6981cd61e76	sha256:a6dfd88b8e5eb310bfe99e0491c0bc7d29ddf41dbe8b4428e9d6207eeb52ce54
8875	training	43394b7300b847ac9576e2db79baa2bd8e8ece0f	a9a0fd3517a18933ad723e238580330a5e64855f	sha256:6789372d5771304c198716d9702f9239101cd5d3cde344829ea87c4e0c44e857
8876	training	43394b7300b847ac9576e2db79baa2bd8e8ece0f	a9a0fd3517a18933ad723e238580330a5e64855f	sha256:a9cabee0e3d5cb09c7ea407b8f292eed8e27abd3dc93c6b29896897820431f48
8877	training	c74bc449f107463396cd8c6f4cca73c8dfe5082d	076830c1ea65a55550904fe03b085405cc87e077	sha256:31078474e9fb710df60d1f64729436caa1c4ed8b3431cb60ee38196eb0ea557c
8878	training	43394b7300b847ac9576e2db79baa2bd8e8ece0f	a9a0fd3517a18933ad723e238580330a5e64855f	sha256:398d91dee6d93295a375b71bfca78679cdb59b8cdc834026de015c7f190ffafa
8879	training	43394b7300b847ac9576e2db79baa2bd8e8ece0f	a9a0fd3517a18933ad723e238580330a5e64855f	sha256:569edf74d3dbe38d99e32aca1350ee1fbd4f7d06c9e30afd6c16a8e7df3f86b1
8880	training	cbbb02d0f0b4a09941296c2c6170b47f5c7d7bcc	f0f1b654511586a7cedd173440816f8440c65617	sha256:29b18eda14f80726420b0caf4803424af1b6e9588677f67efdf9f2b1a33ac3fb
8881	training	e532fe39db28bd349fcf68f3785fc6981cd61e76	b6bec56791103fae1eda7d1171eda9f9173d9ab0	sha256:bc59e6264c2baade34e0054dfb4ab782603ceee0b73d4c4745c5f442009cc69d
8882	training	e532fe39db28bd349fcf68f3785fc6981cd61e76	b6bec56791103fae1eda7d1171eda9f9173d9ab0	sha256:b328928d595468832e30f23b44952f7c826621c0e0af8ca240d079ae9280cc0c
8883	training	cbbb02d0f0b4a09941296c2c6170b47f5c7d7bcc	f0f1b654511586a7cedd173440816f8440c65617	sha256:04837547c4d5e93faf65e2e246e651cda7d27033cdb4a8463a4f5faeb66049ee
8884	training	b6bec56791103fae1eda7d1171eda9f9173d9ab0	cbbb02d0f0b4a09941296c2c6170b47f5c7d7bcc	sha256:b3550b3c341d168dd3c2eacf457fd5a295ba1ab1ef49eaf18c1eca6891b55552
8885	training	7ae1d41014576891eef1bb4a40a13a4f222eb973	c74bc449f107463396cd8c6f4cca73c8dfe5082d	sha256:42ce4fc68362ba4d9ead06772db92a12d5982143a55b69468d671abc8a69c3e8
8886	training	0353b307fa627bb66f1c20e6f8a6a83e6caa3790	9a453793414672f7ff21b9612fc8d0684ade46d9	sha256:93697b4f38fecaf1f231e9fe4498e92c771cb1f332326b14d8c9dae498bb38af
8890	training	9a453793414672f7ff21b9612fc8d0684ade46d9	58e6a06db79ae2522ce78503d49210e6ff4a4bb4	sha256:af81a834471050c5886e61f89ee7566540119d37b455382f4c0032e0ea3c29b3
8892	training	017b375e362c3adcfd9aeded52ecc45e7f8df3e5	4641c9518b9e0deaf524f2bfe908b1be9f0d93f3	sha256:5702cc476465d1563d445de788f30649900cb824b631c1954de2eba4bbfd17db
8895	training	df03cf2ef76dda8f203083e7c22a02cd519b1a05	19b9c8e3f20254f3616756443364548b4ca7cfa3	sha256:d8914cb9038494a6d2ce1bfc986fb5cefd58b0b6288199f09ac43e5a96fa731a
8896	training	1e5af93521a4d827a592bb9e9734e70709bd4da2	2e3c8c64549e36e8b5b4514aad27dded73b043a6	sha256:65e7ed51222a46ba3ae186481e48b0810cdcad77e03ce0c3d4681ab47d196c30
8899	training	4641c9518b9e0deaf524f2bfe908b1be9f0d93f3	d4b8306d686a522effcdc12c0eb0a5911ed80296	sha256:adbf218014ba1748ee5b8b73f4d228aeb593a0e3491afa553ce999067c94a686
8900	training	a78a5351b81c36dcd296fb3b65f0f4d1a7e466d6	e03268f7a7b552d6793feb0d3dc7e7b679bbba2b	sha256:44b565ad6dde2c6f60ee80dd0ba44fc95875392dfb6e634d57e39e6ea19d7cb7
8901	training	8898b6b75c11e464f5d853e7ef2f21e8ec867a35	7e01915e9845bfe975703972532e0c0ed55e9c9c	sha256:c59eed05d2569049c3f5a30d5a85e9bc0a2c429dc354f5340663a3c6566aa4fd
8902	training	620aa34cd11cdbcf3eba5823b9261b96017d9c45	b760f4ccb337f1d1e534be209ffa47800a33d55a	sha256:22438c20b16810fc08888dad2b7f4ff715df3ee350a633f78af1e8ce36045762
8903	training	63cc0d073417d04bfa3146f7b92da1f385f9f420	7f1c3610bc9b81cfe1162f74d6043e5b66ab7b53	sha256:cd4c5d320e96c32cbac5571c16fda236e950a8da7f1d2b6327eb22128eeb189f
8905	training	489dfbbf35726185919679f4983d98826e2d8519	a02c738dcbeebbb594ddae352890b47207e26c20	sha256:3f0557a0e650bc1d9004ee7ed67ff91c13756062ee88ea90debd77e0bd498477
8906	training	4cc2523c90a31568fd89be1f4f59620e139d360d	8898b6b75c11e464f5d853e7ef2f21e8ec867a35	sha256:2805fd1063c0de3d6075555aedf04dfea5e2f7ee5fbf42d6eca1f8cfffd54bb1
8907	training	08096cae24a914d9b299dcab9327ae586efb21f1	31165ee1302a93dd372c4162b57b3a30ce395971	sha256:3654efb255a5728ceae95510c96972a91e55920ca61a4a4c3e4efe53f68579a6
8908	training	32e24711065365d77d3561e17321141ec50f6155	a78a5351b81c36dcd296fb3b65f0f4d1a7e466d6	sha256:7c1a98bb8070bc191e3bd610a1dd51288954e6cfa1f89a1f5924c8c2a356e0f7
8909	training	0371e2283514ec2e7ea36caf887a264945376a2d	8540c936d92e85c57d369b95417c7cf72079cbc0	sha256:54d40cc0423f5d772572e9f0b0e942472bfb536e8f5ab47572fccd5321a75c33
8910	training	11f6d6126dfbf8fa600867eaa78eb9dfc1b0949b	ae68a5617922111dcea0d4fe2e18207e46b271e0	sha256:d8764377a8d4cb5ffe8dd69f22c60eb98b1ed67020524224129f159112660a1e
8912	training	8540c936d92e85c57d369b95417c7cf72079cbc0	a38f449a61f1dec6de23eb338e077093484e1d02	sha256:e8bc39a6e47e3c4edf2a7603290f51695fd3aadaf611c279419e9ad2d715d2d5
8914	training	8f5ce3128d6a72bac3c20101c631fc1c6fe61254	b45ec52bd08f6859ebea8f057fa7c2362e5b329a	sha256:b16cda215e06fad15739e280aad9fb555d4186d1bbb1b5885691c4b4390fbd3e
8915	training	70c9c2e798c4765a31968712049fc7f51c5f895d	3d38f12b5b5b9c2cf568389284e5c28f58b06f05	sha256:b6290eab8e23a8108df3419127c30a6d5452d33048d0940a58bc737b36fa480d
8916	training	0c6a150dab84ebfcd3f0a68cb0b6caf908a941d6	83c136deadab5b0d7d409234aa3dd94e85cf0d02	sha256:41ee3974ff19eafb59167b1d187060c6b9920fb0b4b113fce9884a9782767a24
8917	training	f92af8ece2624ff7163b15ce07f174734f356cf1	b222fdc8fb0f2c8a27cc02d6075fb7f6be43a0e8	sha256:6cf57ac75a59304ceb48b243fbbf8d774c2411ea64e010e5af73c0b60a601c4b
8918	training	49869182655fb52b24b0276bfed04ec48b3a2da7	e27727aaad091334565f2df5d731993c204d977f	sha256:04c375b6d9fe0f8955ccce8e76a367086dd6275bdef0f73bfa55cbc8e99fec63
8919	training	ea040d302f322064b3ca07f5bc30c1d598e235e9	dcffb138e545401aba7b47465a2d724c0845b0f8	sha256:91e141771c672ade5a14f57fd09faef772ebae1755cbd44dbcc7454a2f0bca18
8920	training	e0b189b55e4685870d15a96c1cc449059c15c50a	4dab48593e6c55c17e03b17ba328aede58206cef	sha256:9d790e5a3335fe19e4f82dd20337e6a80910de80583e76aaedc8b695a579dc1a
8922	training	4dce465a973350b2db571b0f9876b4ac9a156c03	55b81e1e7f504f002285f3dbce961f999d542f04	sha256:93de15f4db52f07e762758531db689e30778fc26d97361f710d28b116c5d0fdb
8923	training	4bf7b7863126b77b05f91e5f5d7ca5c6dda7a839	e34e93d82c8381d97541856a5cc6924c9bab36f8	sha256:3c2286ea965522f1e00289b7e0137b62f385ace9b281519d7bbcb18a23439339
8924	training	69f2cfbf1c0fc80dba74b0f39e865185022abf7d	675efbac9de7a92e8cf1bd076da46ae46c7c7112	sha256:0b7b60d991579589cceb8b236441941653cbd9a5ece6708b6a718e5cd023bf2c
8926	training	bc9ae0f7087a48a1fe05c70775abd7a8d3475115	ce4fe714f05a9f4ca0530e71d4a66b5602d987e4	sha256:43c6ddc0ea7dfe485c39446dba5c33358ae475cde8fc3ef64559e7b6d6988fed
8927	training	4305c06d737534850f39ddbc7f5e1d26ccffde6b	a12ec754793601189e253a5a3894bdc06a4431ce	sha256:d5965d13b3f510ce1f520844a87d7663b97338cd3c4c1f66430171cd33d906f5
8928	training	83c136deadab5b0d7d409234aa3dd94e85cf0d02	661c1b3c7f74ac396026ec6aa1a0c6ea8845dcd1	sha256:7c2f3a354d21ef56d5d1ca7db132b935aa38eb4e42c7d29a766fb39999ffd452
8930	training	8fd1ef61aef73d02c6568aff6c584bb43637b407	bb55f41023f2b6f0b1998939b7f3e5bb9e036aaf	sha256:5ce1a76200d6f4440225ff5b6751c2d7b21996684dc40a34961dacfaea022608
8934	training	f752689740956c6c796b221f353141568305fac6	22e431228fe4eb77a6a9f5728b613404897b8d03	sha256:ce0f40c6ba92b156b80436e9aa1059262ecdbd67e8d80f2571699699f24bb3e7
8937	training	a7fb6551a184fc00bf4b6f9f5573be1062276aaa	f752689740956c6c796b221f353141568305fac6	sha256:b038036f6656e20a7d3f4c8e6085bfe78981b3fa97e0dc53393e219905b31a6c
8938	training	74cc0e689db0f52ed2a8a0382ae2a6182a056df7	a7fb6551a184fc00bf4b6f9f5573be1062276aaa	sha256:5114ced8e8c0a68dd90e3a19fe556b9b7c78336af94ab3cc8aa82ead2e8b77b9
8940	training	9385e8a8a2c7d1b9b71f191bb1d3a4a9a0ec6b80	d7b87c94b54ac0c3ca84467e56d83b2795ef8651	sha256:aea5583f31c085e5fdd691ca57454017566f48876bc3fab5f10d35529ee581f6
8967	training	31d0c7596380e9beb716d0eb0d3ef21315064b97	24b762243204025905969b9b572952d4b8fabd9b	sha256:d3d2ead8c2eab3475780d2f4210366a846d28e1cec75e658c1882d2cf6ac8e0a
8968	training	e2a38a225e8df469c0d5a8ff24d9a171a06b6424	2cbd3a836237d5f06c7d7075efc9bc40a03a7e04	sha256:6801184c258dc8efeeb4f437b1e373b127dbdeb26259343a3bb44b8f5af48d7d
8969	training	eb15ce99c54af497874a998192b1afbb2fa8268b	941c7bc0eab0623f0ed82a6c4b2c24b11600c8c3	sha256:b30c4ce949ce995c274837ea69fb568bd820ed18b7cb0a78ab8fe4b8a85b30b6
8970	training	2cbd3a836237d5f06c7d7075efc9bc40a03a7e04	7fe8b322ff2bb5292a54315d87763682dc65520e	sha256:4366915e5cb7652109e7e3dc5b226ac820c910a1fc4848193cf93afef3484425
8971	training	d9b3b8ed6ff7c4cd9d9ae393da2ea2abb527acab	4398a7765be0e338fb9426e4c1b51c38bec340fd	sha256:e4c576fa22a646ae215c4f063fe9b55f99134c2032250d0b4d1898feb7ec6c51
8972	training	e82f3a44a5018ef8a55f1afba89c968579ae959e	69f2cfbf1c0fc80dba74b0f39e865185022abf7d	sha256:b16516a85d7aae1a8ccd34178e65b7d7798c347e00db3d86aea59a107e5de3a4
8974	training	94c6e09e8723fbfd27339ae4e69f7a594ac74203	2f8e2559076f37322dccb16bcd055c6f0a552b4c	sha256:5eeb8c9652095c75206147e408b0efe4d9933b5ac466bd0057e94c21f8c35e78
8975	training	20f352f33213e4aa9c908f468391787cca496c74	61552d4ed4e675440f2702d6039b3dca202f4393	sha256:74a64bda5c8eea8b6aee2e09f42badaf9e2d521ebf80823461d5a4cffcb6debb
8976	training	b20fd442accf28ad841ef05e42eb09e581fa6ae0	ab7359c3fb5e54184801a53ad49d8381662cb353	sha256:a29953eab243618da7ea766b26a75b70da4228d29183e8b0016c657e21761200
8977	training	ee82a4049ed821afc519a22f229cd4c644cb0568	4bf7b7863126b77b05f91e5f5d7ca5c6dda7a839	sha256:d48754ee09695f82d0da622e57c6ed7e9f057b865d3c3df6a4c735ec5ee5e872
8978	training	862a7a0059930b127416ddf5ed70dc2fc8f1c4cf	4eb4c863b92ac387ee1159a80ce0f379bcc67e1b	sha256:0c02fc7efec198d878e63a7d441c460e2717267401b931adf482e0664a697b6d
8979	training	31d0c7596380e9beb716d0eb0d3ef21315064b97	2ad880a785b576e368566ef63d1143e82574dcb2	sha256:7a7fc80a074269aa7637ab1d113b6a540a5edbe19f0dcf6acdd59f9601a86bde
8981	training	0dae0911bf758f294459acc0d1ef6379130b135a	eae0c55d660812bdb630017bae5599c08a09ce0d	sha256:0b74e8bb6418dad079a2f0d967d0879f13e6db9f1eea02d3915bddaa41e20423
8982	training	116c77903ea2db9c5903c125a7f1925d54923391	13df87b53361d0f4dfaf8640b246a1fb92852142	sha256:b527052ef3621eda5424055b88c56bc7354f9532eb13094ca3e1bfe1be900820
8987	training	c3dd17313e36af8e7c347d5cb56d5d4082143556	84cbe5658910854db3ff4b024ce43d72d36b38d8	sha256:37a2c6a35573323d78559c79e9f3b5ca9b0aac43cc44ec7ada0fd5b6c768e98b
8988	training	84cbe5658910854db3ff4b024ce43d72d36b38d8	9e0314e00ac6e63e6af994bc4486064906198f8b	sha256:1af2692158328a6e5d39d1f5eba7ad91351b85c9dbfe7999bf7712acf0187eb8
8990	training	88b126733bb900c036906ebbfd4eeb8e9a2209f3	3f2cf68002bdee5d69e76d19b368ec3cc0bffe60	sha256:722b2836b3de130462c9dc63ebcc7320aee616f4975157f6d98e10d1b8121d58
8991	training	796fe6011f281dd363ab5045584dbdc969c9b8c7	2664e49d730b689222e385dafccb056d7e492c4b	sha256:624387356be851e562861bf3ccd86eac4b919093bb11cf13fb41ec2182ae7b57
8992	training	2664e49d730b689222e385dafccb056d7e492c4b	341164e633bcfeb0098c16e80ad7effbae948fc6	sha256:2306f2be8be2e3334bb6e05c288def5c6d3a7b35b827dee26797a7f276c27d23
8993	training	0f3f25419f5762e92ec04d7fe819bed8207e934e	48c4e03f7e74e00769f3178c9e832aa3f0eb7da5	sha256:54f58e7358c0330569e38d21053387e6046ce15ea19cd9422b2f4df29eecdaca
8996	training	d42c98c066862abefe73a44d5270d2168e17ad41	de1bcb16823a52f2d3a199a96dd9f736f0365762	sha256:f32ff5b6916400f385f5988741edb1628b2481bc9e354c6dd1f2d0ffda3ae20d
8998	training	3bb7490ca348803508e786f23d20fe025899ded3	9db0597d1c27647297c2df14953b736f9de86042	sha256:ce8d7d0e953839fdbcc7abe695f3e37dcd8092442fae9a47d4e66b66d650fb06
8999	training	f0a20a5779e4a92170c960482a4b5516ef850011	c9315826a06e35a696ac616445e768366215b4c0	sha256:bbb03584a4f4030c5a3790a7cd00dfb880c5442f311c4f03b9165ac50eb4d417
9003	training	d7ab329c4e3ce33d6ed9dc73d58f8f3caba191cb	5ddd0036f3b7ca1d6308dfb51ddf684a77feb9f1	sha256:4d90a3219da5cdae2f7b740ff943685c4fc82b3758f3148a5f0367ac34181caa
9006	training	b0c40cb2844340203632ec5125a48e62efe30abb	fb79fb2bf9d13c737c166d8f504d6f0b5ce2a092	sha256:0ba916c1d1f9c1dc2b18606ff6f3b8e179d71813edd7dfa9de906a03788c5764
9007	training	cea0af7687dd822f8e90fd1fb6fad2085d15b3b4	f85f56edf857fc91e7fda98bf9b2c90e37a30335	sha256:861b40b04a4ed9daf9baa450e1dec6209c5c12fa961542a112a2a45c5a64ae21
9008	training	4fae1df1697cc7c86f32ee45a18c2b876ed742cf	b5fa3acdba6cdfcf5d2dc7e60e07366a66cb0297	sha256:badd67231759992a56a24a1b96f324506900103c1a9eb0e66990894dc1f93190
9009	training	e6b394a7a03672c705853cb3bc6d8891bafc303d	4fae1df1697cc7c86f32ee45a18c2b876ed742cf	sha256:d71b253285aaf815bb50cafcb4e6ba3977a777cd96072cc3aee3a50a21d67954
9010	training	c8f80718ba95d1a9dd52bf47c574c09bc7ea03ea	e6b394a7a03672c705853cb3bc6d8891bafc303d	sha256:23e14ad727ef24d95620817b387ed53ea55c7f95e448ca444d02f59c0d888edc
9011	training	ec6ee5cd44315a7cb8a86ef33586440ee5a881d9	1fb8dcbf10bdca159fe0e3457553db8ed9f8b1e6	sha256:647ce3fb0da8d567ef1979f10b9d8d9d3649d0bd8d0f9a9872c9376a6a82a59f
9015	training	ed0ca607b2c7b6c4ef8d5b57bcaf4de1d5e9c02f	d7ab329c4e3ce33d6ed9dc73d58f8f3caba191cb	sha256:24ebd990dbe68d30be9d77807bc2b555e94d739d449e620d8f3477edc40f2099
9016	training	ff1718593901019f4be9e33ced0e863ea12b1d64	1658d3654831117e26b16edd1e600736a38e2792	sha256:3747c6b444747d6179655c6b3c75641e030afe46c6305aa32bf06b1932fb1ab5
9024	training	cc532500d6b992a1a334b66aa6236cf52815c06c	715112e208236df3e29828e225255acad5f44d53	sha256:0dd48df0df9b234f920c97d043a3b3aceed96e3eddf89442c2a1d660fa71aaef
9025	training	218e2fa0c8e88af6dac122291b1fb2f60790c196	8701b1c386ba02f19e2b5acef8c9b07e18812984	sha256:6c6cd61a76272d8668c82422cf45275463f5695687e1c86cd8e4f8fc95309edc
9026	training	da78f5263c70225f0e06a284aa513131871fdc03	b3818e3ef15a2578f3e5599266578644ec0e86d9	sha256:e55efb45902901f616c5a02fb363222502b9ebaef17952c13d4a25e547fd1100
9027	training	5b49009d0ae20c56ad9b8ad4d09fe6210f14a1c8	eae243290280913f44ccfaffede7ad6a197f6ac7	sha256:9c17d59c73f533f783f64344f4cacf0c4102a66bc7fa12ba16b36c4e68ab7419
9030	training	52b5c7f1c149555d78d402e622e539ae3d668efc	ad3ccb2dc93a55f45204735d45acff838019d19a	sha256:5029c08f9828ed9be14a75573f4343ddf339f21593e84c521fad10470211328e
9032	training	a222ec738d4b4eac3f3917ff78448c54bddb8cc0	0bab746c7e835f5d6c6904751d3288c55c4e66aa	sha256:eb772873985e3d1cb43071dfeba54924760d9134bb7e5890e075416f0512c982
9033	training	e171d074710806d8cd17cfa48e6338546c8992d4	db039ddfdd41c5265889f61996e9f243d29c8ea2	sha256:cb136e26832e0baad3bebbd27524e0551be8eeb83eb7509a30aaca2b411aa5d8
9042	training	0c84b430a795a28bf4e4901a7cde200c40096ff8	d6441c455b158cb6dfe997298dff94d08239a12f	sha256:66877dd6a3260f451b623d9cc816a7550ede93149dd3c9c737ebfa2a8765c41a
9055	training	eae243290280913f44ccfaffede7ad6a197f6ac7	ff4736ac182fcadae2d7af9740bc2e1d81763496	sha256:97419c17d6c1ac30a691c925b0395d9776f98c55454e184836fbc46bc8daa382
9056	training	07b398e94c673683ed7f62370fc5f47cedb27936	91114791e51caca9215ff1cc949084e973a8d985	sha256:1de2cfa5f87af10d87c539b86f2e3bf18e895f6005a15fd2179ca644e54e2ab3
9057	training	a2a2d5921e69f97f143c89dbf0273a05f63ac10d	ee5fcec24ee432a229bf4eacfa47d47a600ff9ee	sha256:bb49effb648ef38a83ca2f9bd42b674811bd1bc490e962c49fa38c648256dd95
9058	training	add601b51996493e5c71432182e5f50a893ff40a	a2a2d5921e69f97f143c89dbf0273a05f63ac10d	sha256:0f961a46e5219aa227ea73e3f1553ea5edff515e0872b9d892f1ef9c7ff62d9e
9059	training	e089354664af1306c03cb3d633f7a249b248a47d	009241e4b5b7deff46113ea6313e8bea345b2b57	sha256:181c6cb302b050401e410038b5f4fe93859083b5f0c5a824c49c2392e30bc3d5
9060	training	6947f4348cf6a4a9902959b9a307511cf76cfb37	ff4736ac182fcadae2d7af9740bc2e1d81763496	sha256:928f8a7f321fc5d700addd211b03ca67eafcda88d57068346108a1aede0ba634
9061	training	ee5fcec24ee432a229bf4eacfa47d47a600ff9ee	07b398e94c673683ed7f62370fc5f47cedb27936	sha256:f30da9c9e9048ae5b0bcb36aaf964eee08afad658b82cc44fb1d25bd5a18fb60
9062	training	7bce35df4aa31be7cd87f925bcc4e9b3ac2ade5c	41726ba7068ef89c35d9f749ea9966caab95ef65	sha256:7b52b2079c999701f7d0933814edceca1a1ef363ef42127236c44921562111d2
9063	training	7bce35df4aa31be7cd87f925bcc4e9b3ac2ade5c	4fc388f412bebe5ab8c41cd33586dc33533211ee	sha256:9e24a05c6cf40fa424eaea627d84f39fb1a1291059600349acbb21a4a92727b7
9064	training	48fcfddb392265e142df38a9a715b5fe66521926	522ad9efeb1c8c8a753cd8db04984ee88ab82076	sha256:1f1045e84a3d3b187b020f457010ccca643043aae3833b682bfd2b744a89e2a3
9065	training	ee896de022acfce0a6db1fe7c9239880fcd2f116	41726ba7068ef89c35d9f749ea9966caab95ef65	sha256:38485a8a015c40917dc7d021d5a45ca8d496861ef7eec3adb01d7fa7cc5314b6
9066	training	fd49e0a9b16f86460f8da0f56a9877f4fabb8c3c	5cea96617f27376eac1bb727215822dfdf4f5d61	sha256:20a9e8e13a9a5dbdb3b86181f79ff3920d0a4171cd6b6490888d027845c15a00
9067	training	bdadc3ca437dbfcbf054764da77edbfe8d29612b	5e31bade0716d1965bc2c4d8aa2606d3a175fd5c	sha256:ee66e5b8a40b7b0e70c4693fa1f4f9cb01f43d928e840c211a3e63a25e53add7
9068	training	3aa85e918ecd3e0c7718f6c5c152511bab88931a	1476e38a329915d5370110c8f2b4c15a272c99bb	sha256:1d3a35859c97cbfbaed5d7bda5a8992815a226c7bfa749aabf1705b446826df4
9070	training	4a94ff238197fcf350a0fc16a4d690266443339d	af24aabf76ef01b78874ad902827da48637357d8	sha256:77d57d3358fad5b3816b5779b13b0c0d012d3a94b638b704710a36be87c8f46c
9071	training	bb4362f2e950486130eb7020e8c1878f78f6ac5a	ad0594bb679f2c0f2cb07d4825972598a0551ed6	sha256:1c95c3b03223e22120d6788b051ed32feb1364b9c08d7bc6867e7de091ab750c
9072	training	d1837a52d1dfadb556944231cf7ab18554787e97	53cdb76015cbd18ffb529222c3b4f97ec5ce4be7	sha256:d0d344605cba50e11f8d3727f521d7e04dd5271b186df141e512d1f8848c3a1c
9073	training	b491ecf03af16956e03d69d7f4afd66c02480253	23695c36ebf03ba8a163dd358dece19a60f817c7	sha256:59090608da65ee8c9ca0eff8524e09c6f2ccf57621d2eee32917ef157fdedff3
9074	training	eda852854ddab0820f6224411be971585817c697	dbf6ebea5a2f6bbe6df815c3c3bf68f4775323f7	sha256:d885da701b116996eed3f2369680d3acebbe55f91446ba0caae1021ed5e7dac2
9075	training	d03a1f8ee341e79bb83a9cc70e5c9694c67451cf	eda852854ddab0820f6224411be971585817c697	sha256:7a03438b2f22d9024b4d04c6482f132ada1f9fba17601afdeec884b1c097b710
9076	training	6c1e0745dd034713b1f8fe505ab07a61b4cf0b71	d03a1f8ee341e79bb83a9cc70e5c9694c67451cf	sha256:794eaf7dd19748e5033975a5bbe93717cfe36cb2ad144df9036c3b12db0c07cb
9079	training	d96b755d284020ecd46a5501aa93e4ff2f6f3ad9	11752b94b06e3ef62f9a6b756f057b04f25c2a18	sha256:ce5e5ea89cd9ce7124d6488a99e2a24a3dd8f296b2369d7f8503e5f669fcb8c4
9080	training	97a0e41543a6ccb8ac09db0aea40fa25e72ebb1b	d96b755d284020ecd46a5501aa93e4ff2f6f3ad9	sha256:5c5e975fa82f5d4b4056453f3416caab39ed7c975f0bd399944f4fc93181439d
9081	training	d718b9d6f09b8653be594ff473663c39fc2fa79e	97a0e41543a6ccb8ac09db0aea40fa25e72ebb1b	sha256:2b5f0177f08e45e467b1898f005980278e04dedddd12982b005d8a550fb5c1c3
9082	training	329f43910c203a3eb1c7969e81eb3cbd307cf525	6d45896502fdfa08c0ea57e8ebf3df5f8e9a80e5	sha256:7d8659735c5903fe47a401bde80479698d6f51104a625e2d68429cd81aa41130
9083	training	45e61c3510451eaa1438e672bcaf829ab04f3fa5	329f43910c203a3eb1c7969e81eb3cbd307cf525	sha256:ef7c822a67ac58f3782c2b373110b45f1b8d78ed8a09193587792fcbe3d80945
9084	training	30b416924513de6fca582eca16b3dd5a677f3b7a	45e61c3510451eaa1438e672bcaf829ab04f3fa5	sha256:ba88b08a9820113dfa51089f63bea81a4a29930fa332260a91c04f0b5f677172
9085	training	f6c4c669d032ad5c06518c7cbe6e7a6788ab540d	2857715b3beda4810f1b2abda41729f8d712716b	sha256:c6439a6a83d67d074ec8e090a7fb1e13b49744eff02be37e7b45cef5b34df7be
9086	training	6d45896502fdfa08c0ea57e8ebf3df5f8e9a80e5	d718b9d6f09b8653be594ff473663c39fc2fa79e	sha256:3ce8cd34aca699d1cffd69cf7cd3675cef8841971221c47c237169e0e74422f2
9087	training	26ba70d8599bc83e9c748732af8c9c0e86630e47	422db39e24291792dc5bd94a948695b91c97ff30	sha256:4e94949f5ed37425f50608130feabc7254ce6c97e5b31b54408d5467515a37ef
9088	training	187c18d7cd4e328fe03016d2759fea8033c0ea0e	8fcebceeb37a5b714bb48c1632018c17325abd0c	sha256:1ca1654bfdfbe054981f0e056d20b7e309db96df56fd412859a2be3dbd50b2c2
9089	training	5ddeb27c20220e8fca33d4075d77061f0704e377	bfe934b6da8bdb08016230f19ed2a41be77fc93c	sha256:7fdc72e6312377a935b15398295b7d89f6166c48ffebcc3e9cb6704a6c79a422
9090	training	2857715b3beda4810f1b2abda41729f8d712716b	9060da4b47c0588dccde18c101de6ca495b878f4	sha256:d756e7cd7439b9fcdbd04b5150c8f4865cda938b86696603a7b6b964737b7388
9091	training	bfe934b6da8bdb08016230f19ed2a41be77fc93c	0cde3c3190abec1257fe2616dcc150014c56a013	sha256:a55531dda67d685114c8296a21aa7124bda0d5dd152cc0aa0e2c40ed3d55c58c
9094	training	7da626270496737d9e94c32263a2c3de152a0b90	e6273cbbd5d8e9f3d11d878c3abafc5d66b378e6	sha256:fd17cfb1cd7b03ca5a30c07ac631b800f1b7eb39365c93d9a4f0041070477040
9095	training	d054e611aec9aae93ff65bb40a00bc7a1f4a1c9b	187c18d7cd4e328fe03016d2759fea8033c0ea0e	sha256:7f569ad46b9e5089a8f886c10f2092b914b05daaeeb1c588ac15b7864b3e0041
9098	training	324b5b13177c8e77702df55d18763b92cfbc7a60	35a252a204ac34cc34eb5ba99ef70509e8426156	sha256:5e5e33971189d089001cf3b968e9fe5b6bd1aea6e08949a2ab70a506c45dee36
9099	training	ed0b456cdb89363baecf923bec1b80dae920c969	39b80ca2173b5bfa7385c5e4d4e59a11d18d6c45	sha256:8e7f5603e7bacec704137f4682070a2a8cad2408812e2e6a0841a05b7b2ab8e6
9100	training	27f2385787f2da83b47af68efebffe17b62fe3b8	324b5b13177c8e77702df55d18763b92cfbc7a60	sha256:d5ee793f3aa1cd8e7fb822538967e228688280e6f78856d3a0563bb486945568
9101	training	19d474e86d4e46cb0c7855b7d663f4d2e7614d4f	27f2385787f2da83b47af68efebffe17b62fe3b8	sha256:34440bcb8671063c27f7df693f85e81ef1ba120d8e0c1dbf57e4f210fb0e8ef7
9103	training	e6273cbbd5d8e9f3d11d878c3abafc5d66b378e6	26ba70d8599bc83e9c748732af8c9c0e86630e47	sha256:6af14b8ceeb613e0b5b33c334dd5fa3057a29b8ee78107d479872be31f5fe31c
9105	training	3d1c0e82e1fc9aa05f52311051e7901f5c2a4e52	9fc2e90e6226f0232519efbc16745968abb72bfc	sha256:734051690163d3e9f2b962eff4a796892f4d6922bc82da68136f9bb6b0c9855d
9106	training	1a7eff25f1b13de37ba2fad0852ac3a81da81a7f	4b06f4b9de74aebfc96cdb260e4e9256d0503317	sha256:256a2b5943ea207018e9dd70d0e9c96e61083a1aa17bef3075a2355d43cce146
9107	training	8b4fb84125c0d34b806e534f33b46acef929302e	19016a0fae7b5849ffa4bf75baed632eb068e454	sha256:78752414a3dfe30f4acc924adcd6200dd1933a11c1cb8739c301ed9ffe9e2222
9108	training	42dc3bd9b26485e07040933b6dfbbbc00009a669	1a7eff25f1b13de37ba2fad0852ac3a81da81a7f	sha256:81a75bf8635fb0ae195e452989ea156b86ded1501ca6e46e7dd69db6aeed4977
9109	training	9fc2e90e6226f0232519efbc16745968abb72bfc	c59a704b1c0cc14f8c519f20c1bd096328178d64	sha256:01fc5e9f243a844b8c52a679414b72f12a77ad72f064164f6afec28f2a88fe0c
9111	training	b98f6349513cb3a04a07b19ab9f784b2c5983b97	3d1c0e82e1fc9aa05f52311051e7901f5c2a4e52	sha256:d6059d5b29a2aee7d3912af1988e2e45140fea0f143185ad217b2f5cdef9e089
9112	training	6ece7626473aba7786792c21b9fd0bdac93ac8fc	b98f6349513cb3a04a07b19ab9f784b2c5983b97	sha256:df565fe756de8dbd90b7c52998d4daf9c7aec358faabd0818c736e201287fa7c
9113	training	e7910b63ac5a135b6da68abdca5d15be525e560f	6ece7626473aba7786792c21b9fd0bdac93ac8fc	sha256:ba5e333e5ea22fe4c9297230fa6d4d35c6111c34c4e67e0eeb0a022dea8e7e98
9114	training	19ac593e84ae88fb12530c4afcdf40b4494d98d8	e7910b63ac5a135b6da68abdca5d15be525e560f	sha256:f9e2d84683ed468338fb611d26152f1f49c5297098247fa6f35f0765850802e9
9116	training	e3c1b520e9c704bf7316d648a0396aa71c51a4b6	0e511130258f8cdf825af260106930ec5e0704d4	sha256:16e504e542036deb8202502a8f82a9ed741e78431def403e532aa4c8c972f9e2
9117	training	e938f25d6083aecb5e3d6f8a402b98f3820cfb85	e3c1b520e9c704bf7316d648a0396aa71c51a4b6	sha256:b71e4caa9fb8aff7045fae0aeef7f831743a6233be24fc3d0c2f4dffe48061fc
9118	training	91de2845121875d7817b6c0b24d918b81b99c15c	eace6702446b4b6aa48ebace3034e07f2e3a81be	sha256:c32736eee3e1d49d00d456c52fa5a858aeffa668f84a0e9f23216602dc0eb18e
9119	training	eace6702446b4b6aa48ebace3034e07f2e3a81be	1f469293eb27b7dac4ac67673f85d31b9f5c6c33	sha256:8f8fb1ef843a584af80b67fbe55b6a340632a693674efd92bd2521bbc8309c27
9120	training	688d26842c785b8085e7e491062e63282857859a	ed2f0ab04542dd63625a0b15b2425ec06bb2501b	sha256:348e7692b1962443b8dbdbc55d544c003297fdeb6a9495395f531497e0412315
9121	training	340693ef5449e3737b0aa0393638fb2659ae09cf	ed2f0ab04542dd63625a0b15b2425ec06bb2501b	sha256:29d199fa6a2f565613d6db6240845248b1d9b077a4832f126dc93280a4358714
9122	training	051efe73abe1d59b6b1956ac38fed807ed701999	e938f25d6083aecb5e3d6f8a402b98f3820cfb85	sha256:69e2c62b10624c4a97d800f32a613c5fd773a499c65c30c83ba8cd073f934230
9123	training	eace6702446b4b6aa48ebace3034e07f2e3a81be	1f469293eb27b7dac4ac67673f85d31b9f5c6c33	sha256:bb7ef685cd1de66348357dedabccf376718046c4daf9ca833aba6d48fa5daddc
9124	training	156e6a82688c126c851b8ef139bcbba22f624783	91de2845121875d7817b6c0b24d918b81b99c15c	sha256:5cb2d7c10a4ae31ffdf357a1fb15974159ac27c5b451926608e89e94ab9cd99e
9125	training	f9011202e6d5fa190838275657f1249efa3b78d5	c830839e6c937ac5c859596c581ad8df995dc384	sha256:496d89e293c0c38b04019030df88e75206632bf002133ad265b007d67f476ca0
9126	training	4ef0bd5fa22e781f3f937c8e76ea484326fe6838	da1db019f04aaa75ab26f63dac4ca8f98d87b596	sha256:244acffca1b0fa516c33df3df2c560f30f3b0c23ef4c38c57c0f2b693a94591c
9127	training	f67b1fc26cb22726e651748a75388c78bf63e58d	cd914966610a810a7a01e2986a3e97f4841fd143	sha256:d3d325b5958d09836597cb3ddf283fd4a78ce41d4888317890c3571b681ebaa4
9129	training	38b28b8d9798ecc9496ae91fe9c291ba872b68b1	4ef0bd5fa22e781f3f937c8e76ea484326fe6838	sha256:1f88fa4222cad53cd0a39fa7c954b8d49a379c12a1746b3fdfc326787ffc8aa8
9130	training	da1db019f04aaa75ab26f63dac4ca8f98d87b596	2993423cf375261c8e9b8d8705926e7297256c44	sha256:a380778c236d6236d39856460b6734af9ae8b7c2b01509566b7e70a92f429158
9131	training	010ea7c74c0d89904ebead7140a1b7fd4c18a347	3d15a41e9482297e6b4e29658e5d3ed473abe1e8	sha256:21f486a68230cb3ebefdc07c48ea10ba3b9b6a16f8c31b2171bd6c64fb4681fb
9132	training	2993423cf375261c8e9b8d8705926e7297256c44	f9011202e6d5fa190838275657f1249efa3b78d5	sha256:143e7cbdf5cd09c6abaee46e174ff469e21def33de8add2cb492cbbc6d125243
9133	training	40eea799a6f931fc538b934cce69897d34a151f1	95f1bf932a07377b66069d498c9e2f8c85462e0b	sha256:af3df688e5f97e01367d14ee4398ab701bbff6419c326dedfee5405d5b7e8100
9134	training	2993423cf375261c8e9b8d8705926e7297256c44	f9011202e6d5fa190838275657f1249efa3b78d5	sha256:24411656a663036b31b4bcd90f0a7b8942ecdee6f96a5311269408e0ad10590e
9135	training	87189a0df1cf211d1ef800e7d7600e8c5c17446b	0fca064e287562775d74d5f7d21b39c0c5657a17	sha256:959d591eacb22afb9ce9be5a0e2b7cb24cd2745113faba7259cc87b1c9c50225
9137	training	da1db019f04aaa75ab26f63dac4ca8f98d87b596	2993423cf375261c8e9b8d8705926e7297256c44	sha256:55c2d9369921adb16022afbbe248eeff26c0778cd15dd41e822316c2ef29f0d6
9138	training	0fca064e287562775d74d5f7d21b39c0c5657a17	f67b1fc26cb22726e651748a75388c78bf63e58d	sha256:5adfcb6d4ccd77a6e86209299bfdf8a53707f5995dfaf0bb567526ebcd9c8808
9139	training	75e4cabfe6cffe402a0d4e52b56fa5cd209a2c1f	010ea7c74c0d89904ebead7140a1b7fd4c18a347	sha256:f83a3c1d739334a3c984d820489cce16709c4c2657f7c2df673251890d2673bd
9140	training	c55cd6c413b6af524561dbefcd837cabf4801fa7	87189a0df1cf211d1ef800e7d7600e8c5c17446b	sha256:98d5b7fa76269c82675862558fb511cc2005eb46171dde9626028e66554dd2f0
9141	training	f0cc163af0e6c9f9f9ad4af37bc54e4d668628c5	6f277f17874802192a238fa0b53cd55e1017216d	sha256:2c73d78668d5aa3c968f7f337f56677de4dc871a1eead85dd41df2dcd5464ea1
9142	training	db1178b84dc24cd3dd67cc1a716d7fbaacf3e690	1947c5e4421143d9321c7be49e96df73f0feea60	sha256:d393d95e158c3f652053e27f22257606b39a38fe94ce810d2e285f95f50eb897
9143	training	1947c5e4421143d9321c7be49e96df73f0feea60	0c84b430a795a28bf4e4901a7cde200c40096ff8	sha256:8406e296f55796ea47e7d65f3d4e2a91eac2a5ad930c03712aa5dfc8a988fc51
9145	training	c34e56192328fc89ffc8bd2248d97ad2a4faddc4	f658d6aa91da079e11b6b3e77ac9902cc1a98b8b	sha256:c95e23fbfaf5988cf49fb5794085e471f8a700013bf858cde6425b1de979e4bb
9147	training	e93781b04344e4bec47d7c8a59b9213f142e7674	40eea799a6f931fc538b934cce69897d34a151f1	sha256:78483e7145e139a5cacf93ff37cabb39c4fd10f59d09156330790f584ef15f9e
9148	training	1a7247cec414b950ef3279d6760f1030dea9b281	bd2481023d2feb52dcf7ddc889e2bade1a8b014c	sha256:078340a486d7ea437565d274f496809966781316e6b2d9706684be49a127e004
9149	training	3d15a41e9482297e6b4e29658e5d3ed473abe1e8	c34e56192328fc89ffc8bd2248d97ad2a4faddc4	sha256:1b10dba1dd614e290105c26efa8291e5afe949cae854980ad1892ae59511a86b
9151	training	bd2481023d2feb52dcf7ddc889e2bade1a8b014c	e93781b04344e4bec47d7c8a59b9213f142e7674	sha256:335a5997f140d69288ca094ee8b33b86129868ff50df8ef4fc584ab695f67d42
9154	training	8998ddefae706a68502fb5e7c6eb5026a19bda56	314a14da78aab2ecea59d1cc9b2cdff2ed8285a1	sha256:9c4b46b6c61c203c34b3f03b1aaf71a9cd52a37f57a6e1c826a820a63b2118ac
9155	training	957e646f70fd59702475f32e49a97d0e994d2e81	e171d074710806d8cd17cfa48e6338546c8992d4	sha256:1e8fd40b3eee3098563fc25e43adae29b212ccfeac87893ed77fc79bfcdcfbce
9156	training	0aa6e660fa1d76aa3053152e7645dad9c60dcf1e	0919324b30fa22495a0edaa07c8a5cce7646090f	sha256:9fe866bb58d26984f39620431680b23ba599b649d11f00c9c1808a1bf15c6c3b
9157	training	0aa6e660fa1d76aa3053152e7645dad9c60dcf1e	957e646f70fd59702475f32e49a97d0e994d2e81	sha256:d046d1c8d43cbcbba0657cc69a17e20aed61ddfb598c3cbcd622bbe5b154cc00
9160	training	f9fc44a2e8cb0ddc39c21a214ad93ba97dd16f7a	6299b3f606e790037ab60fcb9ab1b29042e1e97b	sha256:70fec6bf4ff2359d1abfea1eb42b01528518133ab5cd481172f44d2e92972533
9166	training	dcc4677977abb538edc81fbe3b19c1ff9d2678b5	12ebf7fc934889d1bca5d0f53423ddf5356c97b2	sha256:db1d1500c7cb1c5c57ad2d93d884da25011102a90fb7b89d016133dc6f80264e
9168	training	d1f28f6d05a92345e21d0620840bde546e667056	559b7797c3ab0cf59ac826b3c4ed70af462edce3	sha256:42d79d62abb97a649d0c98b4f737f4104ef306081ee39a7fc9cf4b15b735c89f
9169	training	24b762243204025905969b9b572952d4b8fabd9b	2ed280c1a56f80c69af2de19e32b851f56c44a23	sha256:d67b5b0440361cddc4d9d85683e5fb9d7147ae040b88df08756e77d9d383257e
9170	training	c1f3030defd4b0f375a77fcd388a5ae8a2a4a2a2	31d0c7596380e9beb716d0eb0d3ef21315064b97	sha256:987bc478a7295792dbd0eed11c6005f4a8763281640601daced83c54d03595a6
9172	training	35f30a355fefaf8fd9f36c8984e937aa6d906992	082e2ef7f01258de0db1733fcc754c1b8c0f7550	sha256:1a623f246a725ad3038f4a841b218f7fc1c599e525df675278723cb10dfe173f
9173	training	35f30a355fefaf8fd9f36c8984e937aa6d906992	3d6957d2bcb03f126a22cb87f9bad7ad320d71e7	sha256:e27ff5754bcfaa572ab16e41b8877dde2b6612da02c94e4b4bd6a2133ca5f866
9174	training	35f30a355fefaf8fd9f36c8984e937aa6d906992	3d6957d2bcb03f126a22cb87f9bad7ad320d71e7	sha256:af179437f39150b652dd366c5f42d05698159730cfed3734531286c3e9e514b9
9175	training	35f30a355fefaf8fd9f36c8984e937aa6d906992	082e2ef7f01258de0db1733fcc754c1b8c0f7550	sha256:7fdc96f8b96c29cf8e2178be7e2909c51512b7bcf65dd464691b8d6891e36d62
9176	training	a2ad9ed5fda1e2df2cccc59027cbb172a74c8b6b	bfdaed7bfd942ae1229a7fd46dc816e298af9912	sha256:500b1a8e0b0397c75999572fa950a1e90367414a6961dd4ed67e2658501a15a0
9177	training	e233133a38dd377cb85fc0c905f7acbaa02e750a	5f468d52289ca2a45d476485626f11bb536c376b	sha256:0ca5d51e43afd9e6ed43b3ef1e404dbab6263db88ed811e7852d6d8ffe45d3bc
9180	training	6d361a5f0e5953670bdeb8393e48a0c44984a539	e233133a38dd377cb85fc0c905f7acbaa02e750a	sha256:fc01049f0b993909bdf140b66414333ef2096ef3887abca67737bf7a6d3b363e
9181	training	e66f41e81092da674636b91c6016b974e86bd278	4e0fa56cadea85bf37a408a8b5a2d3b9dbd0e132	sha256:ca27eb89fae57566eac2e673ebda533e6b29a7e0a26405b6ab889cfe44742964
9182	training	ce6b8c84d2a46996f9864aee3fba7f0d25c6d268	e10e74ae7654c719c2e1c668145443dd8954b4bc	sha256:2302eca1eedf60dfd69a1be949d81646a7b568cfd8e929e9d11b410ecad5d76b
9183	training	f1c47f5ac5268719a6e4b0e7abfba5c69a9b70ea	6d361a5f0e5953670bdeb8393e48a0c44984a539	sha256:b3a25325e5b94303e6a4fac686015f928fe7ecf03e8cbccef491fd9851d3dca7
9184	training	c7d137f61c988383442d095e71170af857b4e7b9	70684244ebede4f2fd2e4587e2a1a0dc9ea24150	sha256:4f08b54b7cc991805cad7f967b5942a113b614a1e044764ea4efd0241835a690
9185	training	e9c4d3bba54cc62b7a88206eb36b921cd499c9f9	9a72f8dbb1468b156ca6820a2933b4a7cb9a4d51	sha256:989c49770fb8e5bce91c68e0cf87aba3c4a5c5100dc449ee40a71e2578aea0dc
9186	training	9a72f8dbb1468b156ca6820a2933b4a7cb9a4d51	967bd6a037de6be6b51757224e29be2637977e4c	sha256:100b11829a4074149052210c66a2f8e2e55251a2b8871bf21d3893f750100ee3
9187	training	0584bddb6ae1faa32f25a4abfa6fa60761632a3f	838ecf0ea9a689b36b573ba9e5473b087e86d4e9	sha256:51dafef68a162cf84aababa96c494505064298fd0e5aa32dbd81cb8c18c911bd
9188	training	d21795de299968bb321f12d447933572e091bdee	0584bddb6ae1faa32f25a4abfa6fa60761632a3f	sha256:0539abe1a95d750c260f4cd2bf6e566c8ea22882c3fb4e10071af513a299070d
9189	training	9caa7293f50f387d9112e8a257ae748407e020f6	ad9e9e360a5fd4d73f7c8d7399233959b7cc4a83	sha256:4ad3342fe16e6dfd3a9233ad844bb2055f9849fa5ca1723cb35297238de7e908
9206	training	f1da66793f864795f357b19da5904e45f3bd1417	2136461cf076a421594e4d4266a7e8c6dae78a72	sha256:55370b757ea7cc8d4bdb0020ed7c97ccd549d353f3c82a7c1bb1a1e51cc1e3b0
9233	training	27a146146f1144c7f82fb6f138ce93f671944a19	99ba794b3dc52720f597b0f896f18d9b35c2f8df	sha256:a8e32ddce7d5ac62e79458f65dbba4fd005d4d48def5cfe2813045e0dbfb1923
9234	training	dc435014faddaecebcfbb570767a32fae011891c	74abf13bba949f1f5cf3ba5da34ed466e0c984c3	sha256:9132aa6d6083c1970c7a99830e042e948fce388e738d024d105e115f6ca8ad32
9235	training	74654db48b4eafd4796a4d50f4a63edb999b81fe	80bac560354ca850725e3676d71384d1b9441c4a	sha256:942fdbb3ec7eb02a007a6caf9f20b4d526bc5faa7ffd6f596fdf34d614610ea3
9240	training	4ff3f3e97af2e4c644dd39eeab81cdf14a76e6ee	9704fc41104c254c329e311f50d2426a6aa82a3b	sha256:2e19392e978c245f827ab781750a156a072eab8a1264d7fe11e912c24fdab353
9243	training	bb6d29fb0edda75294acb7601388c2a133c5377a	709834838bc7fd360256b39ca00a45b9933da782	sha256:75a14315cf849d1ee43c2bfe250b2e77f34e6d7663bc5ff9ccb41f95d91c9489
9246	training	c18ad43757227a1baf68067c60309d416f68d49a	c404c3982195ce85ef0acf4d2255b6b1f95e6cd5	sha256:90b2bd7a30d0c62d4d21d9137138d8d3d0b7a9a9b2bc742fc2396d79d3158c9c
9300	training	4a2ae33918bae32b89aae4bc23e9958bfc249ca7	f6c38e066e8804a283d86bee4cac1cd482bea816	sha256:896478b844476d5cb27e19d9422651a388c54deeebaa2f38784f32ad914d49c1
9315	training	7f0fcf8b56abd8fdde4e7736c81e299adff76567	c579a75bcba6d799941efff4dfbf82bd090e88c1	sha256:b0b53b15663ea5d45a7024b59ce1bacb13304fe9cc4b4faabdca3460d2b4ad3f
9316	training	c3b57f948e469ec61870994103d3528a14eeccd3	cad192988c0deba1fd4181370242e5d579bc863c	sha256:bb9b44e8e8eb912acd18b4e50874d7d539e6f93ea1f26ebce6807ff8dca7e4c3
9317	training	1cc29d4318312862e15e1c81151c470818ee6a4a	09e55bf353b5d02cf4b986b81054be407b2b4019	sha256:f16774cdd26772b61dc10474bcc0486d031e7a4e0848befcc323c6f94e4c4835
9318	training	cad192988c0deba1fd4181370242e5d579bc863c	f091fd7242651eba5e3eb38c358d0d89d6a78368	sha256:69027bd7368825563af6330b3309ae98154869e29f9788a568ed9b22d8ea08f9
9320	training	b8fae2889933432ce9e6d039f729654940250e80	d55faadec7f79c6bfce10f6dc70a94be36fc6592	sha256:42fc03cc19f43f3ace7ad1977cf06ccb1406e9e44fa2233aa5b161adb003c90f
9321	training	301cdb5187e42a521b76d5dc6d3ef0fc11dca70b	b8fae2889933432ce9e6d039f729654940250e80	sha256:b5414f96e3effa56d3edf0c39c982ab0cc99e99207b69170b2e4c2f9499170ff
9322	training	d55faadec7f79c6bfce10f6dc70a94be36fc6592	c3b57f948e469ec61870994103d3528a14eeccd3	sha256:298fc31c2f1a13af04750b68d1609f9e0790735115b1ad8eb7f508c5e8568f85
9338	training	8b86694ada2a56b7e673e7eede69e1d41dac3cfd	279918fbbd95b7215c08376166b49ee2d84cd5e1	sha256:9f1647f655861005cbcef94686c277cebd8353b785c5c2ff4e17304c3552c912
9339	training	e2b18e17775dcf7ca51c3d5836e9674442f0c681	8b86694ada2a56b7e673e7eede69e1d41dac3cfd	sha256:bdc8d4ea734ffbe80aeffc141ef1087cbdfffa5d7b9ed21a6a9ca00118074c4d
9340	training	2d8f237291694abbd7d1d0a8aa2a6ee9a6cac2ea	b176f8b36f92211e4a26cde9725347b7e129e0cb	sha256:deda7ac0a16a9c2249805dc9677ceda21a0f38022159c728a93a3887d780b117
9341	training	2d8f237291694abbd7d1d0a8aa2a6ee9a6cac2ea	b176f8b36f92211e4a26cde9725347b7e129e0cb	sha256:a6d76bf320b412ae6312f834490a9d41f02a0f7dcb115e7e42aa3bd5a5f6b4a0
9342	training	2d8f237291694abbd7d1d0a8aa2a6ee9a6cac2ea	b176f8b36f92211e4a26cde9725347b7e129e0cb	sha256:47f6d61e5890574541897456f6716329fada483522d342908e86dd1dafb03d61
9343	training	eb8e4894fe8d7a00ed259102f31850a318bef59c	2d8f237291694abbd7d1d0a8aa2a6ee9a6cac2ea	sha256:b735179103bf8f335e64e9a905c80be8e404f93a0042a88bb2595aa0f08830d7
9344	training	0fc8a95d90921a863433b19fc74c567d986ebb53	22d14da6abd1e8c093a02230f2ea61f800ab22b4	sha256:70c608f25ebda6a712e69f9448489d24168640a51473a62e7f220d56db7798ea
9346	training	35be68a033e282b4c560f7e368b2aad438c8e0f8	718ce4a3b75d4d7f7a8c603efaf29dc74050c459	sha256:3e7ca22a05bb3d04f5e74ee45338269d1d6d6214ed641d0fef4a707d1802b621
9349	training	4fbc8f43cb2deb8fbd054ea727d78cf77d35144a	35be68a033e282b4c560f7e368b2aad438c8e0f8	sha256:db72baf0922f668d3fff5700c9915a9f5aae43aada48f53901abcb4015f77808
9350	training	e1f8677dd41b6013445d3dbc3e84468b63c1b216	45cb6ed3fef7a5d5df7ad3073a10b755cf86a839	sha256:e7bdbb99cb910f95f46da5bffcddde780fa35d90c856a68da9470fef8be1d426
9351	training	4fbc8f43cb2deb8fbd054ea727d78cf77d35144a	35be68a033e282b4c560f7e368b2aad438c8e0f8	sha256:a354b352d8bf8b897567acc7cd46bee894949a788779fbc31514059a3b6e64e3
9353	training	3bd09296b41a9a1627b1286180742efc003334e9	5845bf96e3443c9ff680908d302d3ac812514743	sha256:b7c5a57a34f34337096142c878e850ff2b58e30ec3a2c29bd6f810466bdee997
9354	training	095a7737c125535cca2fdea12d8a967881090862	0fc8a95d90921a863433b19fc74c567d986ebb53	sha256:837696e154365016559c8066b86ee908fbbdf59fb717652c27598ed29dfadba5
9359	training	6fba900f4e4db6cf1312bfd7c99a3a4a08791c82	ad82e6a2c1f3f5535293374296db2563e806ee2c	sha256:e3dbe10d8a9add8e960410cbef38aab121a72dedf1f4585b73da840fadd048ed
9360	training	04929968128973fa915fe9c674ae4eb66844cfa2	6fba900f4e4db6cf1312bfd7c99a3a4a08791c82	sha256:e87f572772ebc77787f625fc604c6d099438f228b2ddd4999bfb4d97afb18559
9361	training	04929968128973fa915fe9c674ae4eb66844cfa2	6fba900f4e4db6cf1312bfd7c99a3a4a08791c82	sha256:0cb135d6903ca78c06e98b6f353f2a500f40274e1b376e11e2f1f746b7955eab
9363	training	c89379d4b3aeb8756ee998170a5cc690fdac89c9	87665c6d114d95b3fb3350f5628534fc0e13cee4	sha256:450f10087beb49a14acd58f8631ad467261bb44037062c897eb7874824362668
9367	training	965b7491d60c66b296225db15086fec3bf5dd917	1b90b0cd4af2c8227ada4d5264cf8c23cb634445	sha256:8d6ad1bbf59f1682ad1d451b747026505c35966c7d543b7adba2b8df6acc9c07
9370	training	7c27cc9112e3131eeff67c7ce0f42fc561fd9def	e5f94c03352c33575820692d83aa3a5344c1bd7a	sha256:2fbe88faf12b60e1c45fb8f1d72a221bcf9226c1eaad6f5197b03fcbe3e54812
9372	training	b34cb87e99ef29c9a1508de0474eb3e80bd6c2ca	0e02f6b3a33e1634e1d107d708585e47e8f3cf56	sha256:5a4558129bb7cfafea8c0124ec8c461d0c337bff896fe2164c2bbbbc35389bc9
9374	training	e5f94c03352c33575820692d83aa3a5344c1bd7a	d53fb7540068fdc87e67e445c8bedbd58ae04394	sha256:e04271e70ad56abe94bc4b1d253fff1c7e0f01eece5708dc2d4053512851390e
9382	training	bc1a7c2f34ab0d715b515fec3b96e9eb84eabbc1	bd2e88af0aa0c26fee92e8461991c10f9613ee55	sha256:57ac16c1de3f9edcd8d78cfbbffe1dec429b0caf9a55aaa4cbecee7a38d30fa6
9385	training	fd2dfc1a8e46c05098fd5f905dfc0c185049472b	14f415e7e0a95d5c7aec58da435e1b3b13d83a3d	sha256:1af7e2d810d153e77cd3c7354e68715808c41e67b9c852d3c8bb958306884bf0
9469	training	f0b68d921de1b44103c70689688a4d221b7b88ce	e82994b20179d2dee3d0cbcc0489b652aa1cdce9	sha256:b589d1591eed45fa42c8a4ab6e3b4891b2fcd292edf1a81b75314ae4db0307b5
9470	training	a2b98a41b4819140e73b12f81c874df937775e13	3702c1d8a2641bc952af787f3b0130226ab685df	sha256:625173f9e8b88b38cf3f5c8b9f86e531401665775e8e4a1b5137d6d87bf31d9f
9472	training	f166924c6328e9ed72843246d6a89dbe8df98050	73ece094772d14f816fee69823927020a851b548	sha256:54a51e95809fbcbfb1ab1aebf6f2636f28594db2afb5f9c3e85734abc587a691
9480	calibration	0434dfeb94cd2d38d116a799621df5ce816a9a34	9a380adbfaaf013db5740a7162bff7533890ccb9	sha256:ec1260c0b677399aa9e2327f80711497190888db7812695f2bc355807cb5b0eb
9483	training	d2d49ecc5a85520760bb67fc767fe723cf7b435f	624480405c60eb74abf7a5635ed02d58bc67de60	sha256:06b45c90e4a3fe60e4d4920bf37be28dcde6b63ffcfaa12f9bde62413fb0323b
9484	training	fcc0b46c9e95d6a03457db620618dfe53aee702d	619a2960d4045dfb2c425678be9aa449ab3d11d0	sha256:22a2c863c44f43a09ac9d1606b340b767aa941484d7ffabf9cb636d8d3ae3b71
9485	training	65dbf32b64988f17c0f21af2b2857f593a89f7b8	3fcb37995852ce7904ad21c74bffe87154b7f688	sha256:3e1e2e7c02929ab666ea712143db7ad41e96e3c74ec77beabaa24abf2bbe4786
9486	training	fe0e601d616a8c7713a28c31ed90797c94ac0513	7643c7a86318179354311dc1825214e55e639158	sha256:e86a8e8a817c92ba799d0852cb1f6b9e2a870ff5d29de24121688874d4e2fda2
9487	training	ae3fe7d2d20bb349d332a6915f5999179a12cdde	9ba2165fd33ceeeca54daebaab2cfbfbca51127d	sha256:71e74526e2dea13a2100de8add1ef6285111aa3d58695d19668b877dea0d9c77
9488	training	0550c08a1ea5c4b46ec5daf92f3ee3bfc598ceba	05dcaf744e753d447bc9c6e8d34176fb24136834	sha256:a1505da4c57111cc0c961574b3ea34ed9b31d10fa9cab184781bc7476e229dca
9489	training	7565a06c49742f3759834648c08317a5a5961c06	158c19650d02aaa23daff94fc6e086971edd4ea6	sha256:8289446d618a8691f83972a5c70ee234cf60e9599eb9c2daa16098ff23d1471a
9490	training	ad63e022f35a9d5d4e2db464669feedd55e7a6f7	0550c08a1ea5c4b46ec5daf92f3ee3bfc598ceba	sha256:6b82aacccc20803617ba50ab112562a9aced02adf59de8280afe50cf7a0b33d7
9492	training	8423ab53cf0da4cd83f7b82107a43fdf3be05361	9f8fd988e9e0c9b2bd25fb24896ac7fecbd0ae37	sha256:599c64dd50d125d651db9cf2ba349825a72fe1462a6c239d444843ba53ff15b0
9494	training	2ae1b24bcb00a33e91464ee01f7fe19cf2fccc01	7565a06c49742f3759834648c08317a5a5961c06	sha256:5ab2cfeb6f769d39299c79b8753a9e9e2894b51e88f5114ea82000037320a5b8
9495	training	018b15043ede7ab3a9abeecd4d68979599149339	5836e816af48c3601b60734ae64f68908f9427dc	sha256:1e208aff17ee7ab2634b79ef333ff22fe7ddcfff99bc83f93605fa5a449aad37
9496	training	478fc5c0874ae9e34f736512a76c97595ddccd32	98e20a70f86fcc7e5b93b8fe0bd63ce29cff3f50	sha256:a984472e322c9340a54803d0cb544766b781062a02dda647a9f3aeabbb9c8e58
9497	training	5836e816af48c3601b60734ae64f68908f9427dc	d13bbf24f3186611e4db8f92249806555765e594	sha256:60470bf77f04874dc6e5467d5e9a72a34aa18692391a2bb2ab44085e1c1e968d
9498	training	98e20a70f86fcc7e5b93b8fe0bd63ce29cff3f50	e99dc2d6c9d69009432ea42849433ed77de77ca0	sha256:75ec280bc8351fd026db57657b3e0bd97bd09f6a633536580ea4b0624ac1a883
9499	training	bd1ebf512f2adb1a71b4e4ccb6d67055106f68f5	478fc5c0874ae9e34f736512a76c97595ddccd32	sha256:8373c21ab5df2d6cea62f8d7cddd86d08d7a193ec03715631b872e6a76fcb849
9500	training	cf96cce8dcf11205c8dfdca997cf370ffecdaac3	bd1ebf512f2adb1a71b4e4ccb6d67055106f68f5	sha256:080935b6bc1fde216322289ccccae51e42d6e087ae76362552e7fff81e262229
9501	training	e99dc2d6c9d69009432ea42849433ed77de77ca0	018b15043ede7ab3a9abeecd4d68979599149339	sha256:3617c36424a6f2cd7e228429dc3180abc3bfb59e4612af71a40769b40071c309
9502	training	9af7319d7be3c722952bdec997b61b1f4b2acdc9	388a60e8742cbf0c36a5c515272aa651be110b55	sha256:d1a08655713d4a6371001cc5caa1c294f6295f9ea84c81a038c81585b9561d22
9506	training	cb88597c3102b74bdec1cc78966d55fb12f9846f	ff32c41e14d6a8558537d1b95b5532eaf5c66f4f	sha256:a52608457eec05c57fe58298062f0879fa3a9f0ac81826e55ecfd4a73a3a05c1
9510	training	96f6307c456e4a1ffa2f254dfca76560b28bd9dc	e122a7cfb9b4fbfdce9553cb8fedaf9fa4c5aac1	sha256:0955ee6399193561e07e4ae85035b9b67b090e997748c91a95174bb90727e045
9512	training	765037530453365a0c7674896d784ab1ec3b5a63	fcc0b46c9e95d6a03457db620618dfe53aee702d	sha256:e28d8b72448a21450f9ab71f5b2c6b921c5597c0f8187338fd649fd221564dbd
9513	training	8da6ef6d18ad310fc9bd04409304956d04de0bf4	2e5869d33c6af98469b880307d270a908ee4dc75	sha256:e2fa7db360dcab88154970849525f2ae76173b62dc451be402141e911a653e38
9516	training	b6217504308a49c30fa68905de1991b9a2ae7eaf	5fcbe702a07b5e66ae310be25be179acf93abe08	sha256:baabc7e304aea950bc3ef8958321ed2d9aba9865d4073aeab094dc4a548bb63a
9517	training	ee7892b61bc1c748d89a84f92011f4518894b886	9ac306f976afa98fe884a1b1e877f14c04e088ce	sha256:0a62b84b444c4c2f90c083a0cba8da03f102cd6106d9a65b7d5ad7d7d3e3062c
9518	training	2517b818e89eae0a3c8757ccc02d1fa4397367ac	a8556050f84f229451ed1012eaa80801a1ca1cda	sha256:cadcd2336d49d4399f3e5b653184f9479f58080851eebeedce079efb5fea829b
9519	training	50a8062c8338f0a559c62fb8fc4fa42acdcf0030	128c3e0ee28db4527c2424904b2f3d69d29c8677	sha256:ae68d4ae002ec4838fcd02e26fb56aa3c8d19a146ef92e0541a3f7ca46e85fce
9520	training	e82994b20179d2dee3d0cbcc0489b652aa1cdce9	6316a2471ca5ad77ee7cbceae9e3e452888f887d	sha256:2a11ef90e094fa3724292bf26a9d7569a366d5af95dac8449ec27a015a5310fe
9521	training	6eb82d8242edd340b55d434565dc5cae338d857e	0f8df69fac80c2df6b307f72ce0350de98d2b258	sha256:bb4f38ce4e1c677b8a33f474e801fbf099bb39f67d0e975016c40604bb3e9a5c
9522	training	3702c1d8a2641bc952af787f3b0130226ab685df	36fc742e5b63538907f7919caf4aaa055fea3845	sha256:b94d8832f91f4f62ce4c239f95ecbe2ba011dedc2ced880ec6389400ded4a30d
9523	training	7cd5cd970477ed76c0675ac77e130cffe95f1309	a2b98a41b4819140e73b12f81c874df937775e13	sha256:8e3e836978b9c1081dcd8e6c924ccda4158035559b6edb02598875bfe0125a10
9525	calibration	9a380adbfaaf013db5740a7162bff7533890ccb9	8da6ef6d18ad310fc9bd04409304956d04de0bf4	sha256:052e7b99978e67cca4135b36b180d5a6319265b748c68d5a5ad57807c11deeda
9526	calibration	4e883e7c5114b89ba9b5c7c13ce2964ea3a66b1a	06cc9b5bffbb3fa5dbd9a17ad3dc0afd897c1bd6	sha256:548d58efaa3e68292c761e6535b668933197a60e34e258ff999ce1873bd80c3a
9528	training	158c19650d02aaa23daff94fc6e086971edd4ea6	cf96cce8dcf11205c8dfdca997cf370ffecdaac3	sha256:8f0e3bb73f43f4aac9838b22974df3568f9c2d0101bde10a0f70e8727dc04a07
9529	training	158c19650d02aaa23daff94fc6e086971edd4ea6	cf96cce8dcf11205c8dfdca997cf370ffecdaac3	sha256:4307588e0c22c8e502f1f02eaa15006ad916e7719e126b842c74d6d7ab29a6a0
9567	calibration	13191836c7449f107011dd16f62c625bf0173eb0	1430255e3d3fe73e9690330a3017382d1760685c	sha256:55670f51a108c48bcb696d10b2565d5d9168fdc478019ad923973157a30ff1a5
9573	calibration	bb4ab30b68f04d989486152858808e04b0262e3a	22c2239be4dc2677248b65a0c589b79fc7bcc8a7	sha256:4ef35bd25c76e094836d0e63653f3748b5f1d71b512a54a0db92cb27e62ee9e2
9584	calibration	ad3dc4739e715f860ec9aca6de469bd8bbcd68a0	9f51a73fca7d39c030265f3b10e5818e3780ec49	sha256:f537b2bbf799543239bc454d056ff5722c3025fd0d382a43f698ecfc3bac8023
9597	calibration	ab1af819d58538e5df2c53a12c8a32b03fd42d11	7c5b53f41401e1da5ddfc3b04b9fcb9631d42c93	sha256:d7cecb948cbd25e15b9b8df9b0e0d58c2f59f1fef14dee906b039f29ef8c1c4d
9625	calibration	23a834376857165b7e2e3f04921e6386ede07650	df9c5d23abe30884ee3c015a0a0808286ac7db2d	sha256:e8be106a993437708633084cab15d05c90805b9c9c1dede379ded681ef8b68a7
9670	calibration	c24e48e55ab28ac9dc7598df61d467d5fd154320	fce6f51897fb63440a62d06eeeb9a3a7006f9c70	sha256:ecdead2e14f372d270f0b272b3ff7d5836a6318d229ba700bb5f560ebece0cec
9674	calibration	791f9972f69db152b68ac93a2edced314efb7125	24440ad574c7c103561c0e010bf6b00a346a1b99	sha256:3cb720eee95a3ac09c968780e52e4ad0c7ab22a91501c1b320726472cfe8800b
9712	calibration	47d4a9e48adc6b2f93f6b80eac458f9c56b783cc	b7434541471f2832559ecc1fb0028b1ff14d1ca7	sha256:59c121a73419137d624ef16cf1fdbdb90401feb9400b7672ab4098d2a40ea949
9713	calibration	ac18c43e91aa0b717260c0314ec6056e85e07917	5f6854799dc9fd36c1c7807035a852f0d61474df	sha256:af016130a7bd2d8c952b145d90c519a4cb25824a47088d130f90fa03bda83efc
9715	calibration	35fefc6bcf2817389868b5331fbb3e66c9c412fc	4b24de9fe31135ba6f832f75df5e50f0c97ac27b	sha256:38c337cba45303bd5b79484807a3f390092d32f17dc82a28a33418c2936e7951
9717	calibration	4e2bc57b93067b97e47956b0e8bcb9fcc9d44705	4865afd68793c9b85a919cc51b772764c83b670e	sha256:f93c6e9f8ec13a3c34c932334ff5ae52f40b5d7d4bd2f9eb866997440fba3f27
9719	calibration	35b386a807cf1989d7ad51e0a9c94381bd33cfe9	063e9707e7c62dbc1e71e8a1c6f9d2d3a8be0355	sha256:7eb436c6d3c5fddfaa84eeec41bccaa5cb20c7dac98e3ce3446edbc5abdae819
9723	calibration	450422a24cebabdbed4ea37ae28e3fabb2f38680	200eed955c981a83ccaa47d27b3bee8331573feb	sha256:80b39b4ab206754b1051990fc3f46834231a22793032049974a2cf508d9a69d0
9743	calibration	cc01a02147360824ac975527bc8b4107b2fe8664	1e9bc9d1c6c6e0c721f3d889863ad72a4e8462ed	sha256:efaeee5950641be10f2b7f071c2b4aafe5c8d18a1ad6b78b949ffd1d74e63338
9757	calibration	ee9074c9d683cd076557d09eb6531f2f92fa92e4	622dff64bcedb52b19a8df58de0b478d0a4dfe7a	sha256:c9a74cb321d8bcdf7de2dacffd6caa3525fc0cdbcbf8f40f14c54724babcd739
9762	calibration	8f6b4448534c1a2187ccf632b39143bd27ee3c06	b089434ca022b226e1c72ffae5381fccba491c38	sha256:7ca277c77e77808891e90dfa9a348f3b58b222821ff5529b2cad3ff88520d32c
9763	calibration	43c6f37e125777ea70261b3d0982297656f7b0c7	bb38f2751c123f55fa89052d281c87399bcd04d5	sha256:31c246db8f49bda70ae40f11fcc156b1d56ed200a9275a19d00b9a4c23ca1f3e
9764	calibration	d39f3be2d26ecd16f312212a5d29bc4ebf242cd9	540a8ba1fb769e08ea975af246bf5daba44f5ec6	sha256:f4bf3b2f025a514874023ab821e3d9eb76e684212f887635479700f8247ff849
9777	calibration	2003a31acf6198fddc6234d580a46e63e7f02713	56a2664a9487afec546d3b103aa990f1cccbdfcd	sha256:564eed1b9921cbf818815264b86d89e10c7c7e2c9fde224e40df898ff2121e28
9778	calibration	56a2664a9487afec546d3b103aa990f1cccbdfcd	ade3d61631c093fbd9652bd56430496adc23d772	sha256:78cc83d9f3e576f72a14a226bca9a1723a7a68e13c0f945f562cfa778480bb5d
9779	calibration	e098cd73633af0b87f45c209a5853c70650c752c	2003a31acf6198fddc6234d580a46e63e7f02713	sha256:fa966745a83cd4c9d45799e416ec4e96a47d7d3f40a40e5bc7dad6b54480c6c3
9780	calibration	b52b5ea80464d16720c09a321f6163469aeac3c9	e098cd73633af0b87f45c209a5853c70650c752c	sha256:d9e5a36a7fc359e2b4a9cf6d51a3be8b934d58f01329ca7625fa998a310b0d2e
9781	calibration	c1e93251b8acb9d6c3eb41029d273fb6fc4fefbb	d40d606509cab1b06f556c6385085818bfdff194	sha256:2e5a1bb4bc27007df91fc5542cb981f0935657e5256029d5f39c7e5b6e2c09b7
9782	calibration	136f756f4c81a8f0cf503364a99d54a741b9b43a	c1e93251b8acb9d6c3eb41029d273fb6fc4fefbb	sha256:22474025098a6292542f589f489c9f0e0475b17464092f1728a8668c97946cb3
9783	calibration	eb9c42383c9088b8ef5ad308f87f145469bb58e5	24fc83269a6e66f948dbc04029b41daaf36ea23e	sha256:39accbdc838fb43e45919a55d4965f9544e14fba25399f365a2d7ad3633a1458
9784	calibration	8e2a99608f2d712ea6cc73973efcc9c00398517a	eb9c42383c9088b8ef5ad308f87f145469bb58e5	sha256:0ac8f02d24b3502ad5cd1c12c6e97ea6ca7f8ebb6862f58b642005dbde6cd055
9785	calibration	1885ffc3cf616ada4f43f0050827186d2c84a398	8e2a99608f2d712ea6cc73973efcc9c00398517a	sha256:603b3eeab0e5397f3f755d32f41b8e79c5e1a09a9cd5e6f38f1908bcb30fa22b
9786	calibration	ade3d61631c093fbd9652bd56430496adc23d772	f9ebd2eb8cfe4f6ee0c6e26dd2c86a77aeaca62f	sha256:5cc8b1c77396e58f6d338929d3c74152568c8a5b8b7f1e9be9677d8b4312674e
9789	calibration	d40d606509cab1b06f556c6385085818bfdff194	b52b5ea80464d16720c09a321f6163469aeac3c9	sha256:1ff5fb37a220a2eba0aff817cd60e3157b187a00801f20a4d9fd57e8f0e3bbd1
9791	calibration	24fc83269a6e66f948dbc04029b41daaf36ea23e	136f756f4c81a8f0cf503364a99d54a741b9b43a	sha256:b064a28babfbe79e68d9169fe68f471f4e7a5fe7770d3ed2fb738648381a19b5
9794	calibration	abab7ebecb0d52c1f9ffefa5c1dcbc73fe6eb4d8	7ca3498fc66087d45b62dbf6e41bd3b2313a210c	sha256:401ce13481572b890d63b873103a77901056e52d040dfc7d7527839150edefaf
9796	calibration	527584b9ee08481db2e287dd53e52cdd7f66bb80	01fd5c2c26abf288b9a51fe2bfa9b20890b143d9	sha256:75270fffffa2f57ebb112d65aca6afc31001f873c8dc3a5f35667f1181d0e0d3
9797	calibration	a8ae917044e0ef926ca2591f3aacc721a25a04b8	01fd5c2c26abf288b9a51fe2bfa9b20890b143d9	sha256:75504461e63c69832264a351eef1fa8535ba78344a8e77aa4fd44a4600159b0b
9798	calibration	a8ae917044e0ef926ca2591f3aacc721a25a04b8	01fd5c2c26abf288b9a51fe2bfa9b20890b143d9	sha256:c33e34f64bb3f65c4f161972659de360c3b873e9f517667a39c5b68a7439eb77
9799	calibration	ca54eab66de0c022115c2eeff94e27f8afb0c138	527584b9ee08481db2e287dd53e52cdd7f66bb80	sha256:da1654acfdf96335f613e6b5c05d758de3622a5e1b9c23e8e15c1cc4243a025e
9800	calibration	00186d2efe63363c60f3dc8ec10c86775103ff1e	01fd5c2c26abf288b9a51fe2bfa9b20890b143d9	sha256:3ce9fcff649dc6dba912f831fba5b4f3b982573c62e710df7915fc73be4a9900
9801	calibration	527584b9ee08481db2e287dd53e52cdd7f66bb80	7694952ceaa29f77bc3ace44ba2a842d408da47f	sha256:0c124b377390513d74fefef90c1c9dab9f793720a546a960eb85159730d80763
9803	calibration	2402d15b54d5b7553132e297ad96db3ba9c9f58d	00186d2efe63363c60f3dc8ec10c86775103ff1e	sha256:a53b471f0dc974c730c882569fcb0d0a3bc16e000e0ac456587c1ad4c4c08c0e
9805	calibration	804e51a3fe9a467f0808aa81fa34dd6535683b48	cb8da6aa9e189c5fe4c0e7cf39196eb3002c62a5	sha256:38d96819cb8294f0d7006d2c77ce54dcdf4d54199667acdd809bf2fde46daf05
9806	calibration	bcad8d8177bcff733a51a502f48a8bcf0c2aadd2	804e51a3fe9a467f0808aa81fa34dd6535683b48	sha256:26fb352e31baed8774bddbe20227e20524d6428b2fb99c96730ec0d992b2dda8
9807	calibration	3a592f0ab2cfdb6dae59af843b63cf33d0f4343a	f3bb5b36ab5c6370cd428e12965524abd282a7a3	sha256:b504313770402d4d6b8445b7fea263736df394106015e1e3bfb486337986d91c
9808	calibration	f466bc95344105601294415d406e31d613dd9aae	2402d15b54d5b7553132e297ad96db3ba9c9f58d	sha256:39b8210d93627eae1a7e820bb6ca1e17c3b25beb5723efe480d3306a88839b6d
9813	calibration	b7f2caea2022fd1d2e9098313baae6a14b5b2cfd	04b09ad8da3cd2143310aa45ac035d4f0100c7ee	sha256:24bf817f4f09af86ab13a77a163960b9bde14c72e07c4ad8d35e4e730940c16a
9814	calibration	49dbf2f00ce21c363a0334f08048d365a2896b42	fc0befde3895af3ddda80ca5564bfed183b7f9fe	sha256:4f9d364c8b72f89b95d771c4de87bc2e651de414333b0b63f3320dc7466a8705
9815	calibration	17ee60f4c712331e83d4324fffa84981ea2cf35d	032922cba04db2bab7bebb1ff0b44590a99bcf3d	sha256:d08919f8f6bd6fe6d5444be8a38a5769159b56076829914da44aefb9227c315d
9816	calibration	032922cba04db2bab7bebb1ff0b44590a99bcf3d	6f0df88cc2db2107304e48ca9564c06e4faed31c	sha256:8fd3b14cd21b40c793e34f40cf4b31bad184a18595c8465324112d57a3de1128
9817	calibration	8caf1ea19ac02ceb5fd9ad53bbc12c2ea15af536	e95f292fa3a12b8a37d3081e5979175dfdc9bbdb	sha256:27e955cdd25d1571f4284b13c202507f4c3c83ed6f0b281a852d6db64f99d9e2
9818	calibration	4c446deded87d484dd2d5ddb00dd183266dd8277	df00a8d59483da5185bda1cf9feabdbec2038228	sha256:7e39958be5379ff67e84b9697362fe7102fe3944920e923efc6e07b854b19dc7
9819	calibration	e95f292fa3a12b8a37d3081e5979175dfdc9bbdb	4c446deded87d484dd2d5ddb00dd183266dd8277	sha256:0b6ad4435b02cdbddc53a923f159aac211fc9900daaddc694d3121a949cac4a5
9827	calibration	c0ee4ca58c308fff5b8116dc5fa953afc77a7713	8caf1ea19ac02ceb5fd9ad53bbc12c2ea15af536	sha256:e73846d26551997b9dc7bd829ae62ac8e54e900552dc6b3343f6306b7bd728a4
9829	calibration	3086f8557de1f1b069fa632f38c9d02322db27ec	bc6fe8388c76eabcce4a0b1c888709c9e18d6a4a	sha256:bfa048089f8970218eefd5fa10b2655179493dee55159b7fff670a412157b53b
9885	calibration	c038e1d25b6c4a59cdb0ba121fbb35f6071dc5f5	a1ea5ea9ccb6548434f486206dd6b875f5a77823	sha256:c430681d5649953062a4e8dd24cf2cdc36c64a5afb76c1da57f86629f0cfcdbb
9886	calibration	38c2a7f9f074bf780f07c64b205e46127845f09e	8309d6199bd2b738647ef44c1fbef9d344c859bf	sha256:46da1cfc33ad614b00e23ed7bc6bbca52dd8c5984b6f8e4a4659b9db25c7e340
9900	calibration	ecf6cabd3becd4f634fdaf5a9ce7994655c9075a	563df7393327f3fe1819c447cbf271859a5c5c17	sha256:cf6bf5fee2df11726842fbdea85874c19d70833c22081e6efe1c28614cb5260b
9901	calibration	59ab5a28166ae2fd095bd409f54307db55e7d232	e7989aa4e166473c7355400f4ca0c4ce9c88fc6d	sha256:d8f67146437d087a57639d578afc4ec00079bf35ec2ed14bae0907b8a978661c
9904	calibration	c9850f5c73394c23e34f4765f190b6b2775036c9	c4e2005174fd34c56381c776ecfe6f4adbdf1ddd	sha256:703716b70c22e9bf7a30014ae7fbe5648a73c3cb8ac79d60eef7b9a2c8aef7aa
9905	calibration	cf9d36741b77ed00cd747904920e74db5166ad2f	738d1b5248c700c5d520d00a92e5c7276aaec130	sha256:27ecd664a7b7cd89d9cfac17a1029d4b72333776e0650b9ec12a19d2c6bfe7db
9906	calibration	f8b773578ae4ed63280b399be954d71e41e2143e	d145d7ffbfa5865451ec92825dc5be8a2390b651	sha256:3628e5326561bfacc4ac8276c1cdd268fa47cd3be1f914bbe04cc50528ad5686
9918	calibration	a3fcea6dcc88004f7a7bcde335c8893bf8199f79	a658823f34d26d07826ab84df22bb6cd378787f3	sha256:d068e524036627c0d6c1779be0f6d2d8368625838ec1ac2e6d8fb7ab0d2774fd
9919	calibration	4a9074b1f223c850a91e48abd064c4483430abd7	7c1d286f7ab2175e2312c93077c34aff0eadb429	sha256:29d0c6f5ef044f8d6caf10e2e2a7c7055cdbbb8934f68afff4dc800c16253da6
9931	calibration	39780492c3fc35d0855725bb98caa32e30a677e1	50eb35b8b7c05b444cded72ea73ee8cf8928920d	sha256:40146481f06b3de69ff509d15f3f5944e8fdd54d0b942f027082cf63f0aa7ce0
10036	calibration	5306e705aeaa450591e0c0239b9412cb2730b472	b697d1f18e46d526e27f75713651d924e2f45b52	sha256:38535dafb47195921cbb5e47638e25abc83ad9cc894aac2aa9062a7defc228be
10037	calibration	e40fde4028cdbd0a9c7a5dc04604a65bfa9a9de5	a934905d9c801ef3ee79ebda426566fefb27b136	sha256:7f1e23104980efe37c13f0d0830daa99ae874c3e2061d86cde08e1e4fd6bf471
10044	calibration	a59177b30bebd425ee1788edb0a82057f2f57eb8	dc026c036943f2b3371313c481e91f5e4270adc2	sha256:88d337e9c24b2d47067a70e4a631d9bb6fd2265f6cbed1001b2707e05f768cd0
10045	calibration	39e07de34aef4593083e1c81d623fb2c48467d35	944dcbbdd57aa330cfc4c93071c75f9a58055084	sha256:c47969f860518f850be91eadb3f9447a335d3eee29eaf8dffa83a35f27adf450
10055	calibration	70b78c260cb69a0bb9fee8877168461868e9edf4	f4e6934f5bd772cad311ed96ec9fd29a62889be9	sha256:1484ca8aede278a02e263bcc7d97c914f79d4a31b9c15eb0f05741b11ecf92d8
10057	calibration	dcbe58a5427ef81762e61a80004a4d2ebef415b6	c2a35bc64d6aa1f4ea1d18821de87d8f4b33257b	sha256:964ac7d14155464615d37a53354c8d54eb7ec9f4ebc1dd0f94ff68cc80d3c7ef
10058	calibration	7c12e6c1afe270b798a919be4d2223b8c91a7bcd	817f1425b8ee4a24cefbe19dec9eeded802492ae	sha256:096c3c79050797805e01ad74b1919526f42831370fe8a1a01d4a8eb730472aa2
10065	calibration	9a200853c7444c138dc699ea3c5634d4db7c464e	0a78ebf1434ad22aef5035d46af3bc2cd126e4d6	sha256:c3147ca2ce3ba158011c67454cad5361947f63fa616a646c577e4420f83f064f
10069	calibration	109f6aacdace4c89cd233ecc2f4377b0931485c8	3e139170012829d05ac94e3f44994bb68927cf30	sha256:22d05faed4edd6f8f5bbd7a9ff23ba66f6bf32f154334349d048c927f6382cfa
10070	calibration	1ebd5e20f726844a0174991852987b910e01d090	109f6aacdace4c89cd233ecc2f4377b0931485c8	sha256:d672c2bf8d8becae94002cb99985f5cff960e595a3442941c88e2e84c191405a
10073	calibration	65f0a50e77d1e54cb81debfed0f7fb03a64cf5ab	cc38b68fbecf5b1a14172a2576d3ad296b2f4c50	sha256:0ae76e75ae8139c6790729c41ef3fe6fac65f52cae6f14b44164951bb90409d9
10074	calibration	2563d8abdede816499abdb774fd5abf1e74a8134	50368770a3cf7361c0569089616658240ede89b0	sha256:1346332f80a14abc6c9bf064aa9dce6b123e00ac96defa8a1a88dcd2123bb947
10075	calibration	9f4d410361bf807ace1a2d726e4c053969aabbd3	e36830df154cd42bb70f966b62aa23402fb0d0a7	sha256:53d07fc01e8c35cb6a00dcc5c608f3543e5196f9724de2203204ce9be688bd8c
10077	calibration	7153cd64bfe0eee52e4d7bc6a880c46fbb53ee56	9f4d410361bf807ace1a2d726e4c053969aabbd3	sha256:b9998425560a931ae828203cb29a9771114af368ba11c0a3e3f6e4475a06f9a8
10078	calibration	8e590650c2ea23eccb5ba8cd0f318ddbda3fefac	f056853c6508581e5fc6f3c09a99edba6b05f212	sha256:22a540672c2b5b501c7eaa3924d85b580615416654eca1fc6ae5764be05106e5
10079	calibration	30b7a816022d71f554627429f9db35612be69dd3	8e590650c2ea23eccb5ba8cd0f318ddbda3fefac	sha256:e91854455e2c6bb6affc7b356a5e315fc7e59c4b7c91e0c7db463ffc9c139dc6
10080	calibration	0062a366eea71793387d06cb4d3e69608c707075	f6d0c4cb2ad72a5775db69d4385d25615bdbcb68	sha256:72d79e94ae641204a73ae128ce28d0784a20ec80e3664459daad0ee078c20e27
10081	calibration	f6d0c4cb2ad72a5775db69d4385d25615bdbcb68	30b7a816022d71f554627429f9db35612be69dd3	sha256:c516cedfe69d796a711b33ea76471edbd519accafd7150a3140c0993bcc963ee
10082	calibration	386e72dacdc5c8d396a9649e6f7f9c42825b2a84	0062a366eea71793387d06cb4d3e69608c707075	sha256:76c250b9e23a03ac96f674c5c17aa88776fa9cf1a81e1b83a6c0b1c5e1a796b4
10083	calibration	b682156dd756800ffb8463a05f7ddd18e558235b	386e72dacdc5c8d396a9649e6f7f9c42825b2a84	sha256:1bbb26955df8959258144b7d3f53767ef9e8aa8f69ca30d8ccefedcf611b7b22
10084	calibration	1c095e50d09841c6d48188c0ee300398e21e5d16	7e8b75015a9c543449316ca123e422f179834f17	sha256:069cc9c3bebf64019e6999fad385b1c2776117c0c091d95dfaf65fa0b5887b53
10090	calibration	e3dde309442bad70c5d6ad360f32c721c2a2da21	946ba026f552cc9ea3a2e4383b4b94f890f2b003	sha256:7fe9f91bdfbb185928f0538f159116f5d193779d50ec48503d8e3459bbbd0824
10092	calibration	a4688ee8b000fcf2e3e7b47d462a8ff7409a1dd4	67047894590e3f8ee8dcaa003e33ac21571c914f	sha256:9db4926cd60a6e5b52e058ed8049871dfcf507680553cd215fceac59f821de03
10093	calibration	2ea22d1df094044f4d7f7839dc5fc4ce8683d029	a4688ee8b000fcf2e3e7b47d462a8ff7409a1dd4	sha256:e943eb656fa04948eec76495d29b6502521d1e1715c10496d04c93ffc33d4a8d
10095	calibration	de4943c63a32cd1af0a554eaf0a1fc75fe88e42a	2ea22d1df094044f4d7f7839dc5fc4ce8683d029	sha256:3b1e3cb6973f952cef2da9ab204f77459e9b5b1623677b1a8a414bac35bb688d
10096	calibration	73bdf64c5846ee2a81beb86713898b44126ce3de	6fa9c31c52f6ab53131e16a5541db4ae1e5e9e37	sha256:78d0472e2adcce296ad73c48cc1ffc65447231fb53ebe9e40a012dd557a375ad
10097	calibration	6fa9c31c52f6ab53131e16a5541db4ae1e5e9e37	e6ee65848ef3191a6c00e58f2d3234de4461bd4b	sha256:80adbb448a7aa37025d31f88a535bc238a0033926090c54385f79042311d4c0b
10101	calibration	190b0127f280e650357c16f8642a26a2137e953a	33ea01804db8adb6a2c51b8dfb60f624631cf875	sha256:d673f4656d58c694c27b01c03d515b36d5ccf5656ae71d7c19d37973a10a4a43
10102	calibration	2cf1615df22e5ea93ec60b82fddc4c8965bf21b9	59b593d0a3ac8bb67c9caa9f10509a2faccf8527	sha256:3fe81c3c426c9e319f47112a30c4319f6a77ff109126a684facbeba29d5c0e8d
10104	calibration	1ace825ae78522a5c10e58197139ad4087111d5d	9ae207a3ae3d2f1f8503d10753b8384164000915	sha256:40567b4b59e072fb3f8b6ae4314b69c86b796ec6a737c69260e581f1b6035df4
10105	calibration	5f6a8f8c26ce2494ae3a3e1eadc5a2acb5b284a7	7cab5e2191446d55f4acce7448551a761faf74b3	sha256:8da54c5740695f0d5177c2ebc0cf455dffed0c2c0cdc20a672ac6c7ddd1878fd
10106	calibration	509575c549dbb182dc0a796068236d3c8ebed82f	3852fe67c50bbdd69463509ef46f98c115356076	sha256:0e21d7fa06b7b8f67d558e02679fe393c3afdbb23073893bbafd87823ccc434b
10107	calibration	d60f35419fba264d881cffead53543194d8dfe0a	1ace825ae78522a5c10e58197139ad4087111d5d	sha256:b0cfb946e6103356fad80c88fe9ad45510197da8082c18368a02bf8e32f44f77
10108	calibration	b997e856856b0e19d3a25dc7548ddf0dc0784598	c1f9d8d9d9cdcec56ce8d24eb4b9542e02aa5a51	sha256:cbd910557b49eceb4fdf7c6f0dc6118a991d11716531af6c0fc841fd914ca79d
10109	calibration	6257eead2873d317bd3deab66b5e7384b380707f	2cf1615df22e5ea93ec60b82fddc4c8965bf21b9	sha256:8de9c901f2672a949d5d60e08e5501ce84396557dcfa77bc5c9517b7b2495d2a
10110	calibration	8e856319a6e28d38d04c9e22e25179bf0c66319e	d908ee153be20a1b15c475c7149aac29eaf0b25d	sha256:5081580e6edbc7538c26c75639127bead602d85fbb1f0bd636dbc6c7de19d5fc
10112	calibration	38e57af69a017fb4af7dac9f6bb02da585d8a6be	6257eead2873d317bd3deab66b5e7384b380707f	sha256:9b5e8a77f8988f540bc43d491dfe7afb5e549f427fef31567ae895ce6c4f50a7
10113	calibration	e4c57638f9b2d3e151f40a566019b9cc74c03ff8	8701d2f8bf9e6f6d8a1e46641a58e66c8438824f	sha256:fb059650cc55184b08cb67d718e685560befd772596fac6eefd564405daaf9a5
10114	calibration	020514057d87e4b7a4e00bcc29f5a1c660b9205e	bc90505473836bd00168d9078b5f011d597b00e5	sha256:547dbf77da521558f7e487d0dd5e25cc11eabde455313272af60c83b406973d4
10115	calibration	ffbc5118ec43eb05e173cc6014bec897be690be0	5cd92616a860fe9af9c9def114705d2044a1b9d9	sha256:bd46fccb8fdc6cc78049b3fe2b1e9fc2c1cf2660d095fb5468f1e5a14b7231ac
10116	calibration	0a596e552052963d281c691f2a4ca70e93111c8e	2599dcb859a796ac5479f6592d2a270b1ffcd3e8	sha256:639fd103b18da25365807124c4852b686a92b6ff0d8e7249de7fde6caf0dd10e
10119	calibration	5887dfd6fefedf19cd4f1e2428a757e9eaea49f1	180c7bce2221c5c82ea5b6e2c8ce4ec0afd65e23	sha256:9c3a9313f1d56448775d521ea1e8980067e7b86c9bb09310e1addfbd20bee342
10121	calibration	1510da53459d6910e0ea3741ac4238ebc9d980f2	c4e70c991aae7ad3544f3b8c4ebe20fef73f749a	sha256:8c94c06eb43841d0e80644c4ed6048d2086edf45467ef291b3b89a582f7919da
10122	calibration	b70d106feb960853eca43a0eb02cd416899fd272	0a5419c7e061a96e0ed47c992766d17d4dc73916	sha256:1050acd9bdb03776476236a3fe57b7495eecd5b57e64812096d67cb71772a115
10123	calibration	b5ff86f3dada1c576d4300623e93000bd3814f96	1978abc026b27631bc56bc3ca93bfe29e1637e6d	sha256:353267a1b88936652732c014124e48df2c5ed84b6aed42e9d616030632af9f34
10124	calibration	68662bd344f73a3b80c4d794fa00c3ddc63a7338	515b63e92683fe407fe2ab94c670004819e132e5	sha256:64bc48173e74c56878743f21e5d978b95a4650758ca353a8eabc36630d221b99
10125	calibration	9ce2ea5b5d61dffdb310887ab50b88ee3c77b6bd	e03b0597f0d04d1915b7750806b68dee7f1f90f6	sha256:9affd9deb290e5250b14e1eb62196b478a7ff34f4747c562eff51d27f4b328bc
10126	calibration	6f0bdb18d7575b5bf14248236e3e23003592e323	9ce2ea5b5d61dffdb310887ab50b88ee3c77b6bd	sha256:00ca567eb64e904d5a25aaecf389adafdd01b19a223fe577d0b96624597f1204
10127	calibration	6d66f9d94001bb460eef4eea4fc00c349f42597f	6f0bdb18d7575b5bf14248236e3e23003592e323	sha256:235dd86e2bb6e7c330b1a80dbd674158a90c9f404b0c4bf07ce16cfa3e208521
10128	calibration	78fb789da77d7834a29233229d6ffcb408a35a2e	aacea3cb828925a0d06cdfb70781d090899b606b	sha256:f92fc70f7b64c0d1a7f7bad87419c8599dc576c864575b1709037cb51f465137
10149	calibration	bd8fb38a78c1f7063e54971346dd09f6499d7184	43aab4012fe6c9401b7f8818bb4fd4810a62fcbb	sha256:2ba7f5391cb5d6a38dd2beb761c35228d9bb3b7361f15a3bea4ba54799f7519f
10152	calibration	9f7492a785d052acc2a6eb8044f8f6fb112354ba	bd8fb38a78c1f7063e54971346dd09f6499d7184	sha256:f53b6ef3624eae9a77383f71b1d1efc2f7bbe6ed290da7aca5800b22da84f857
10154	calibration	2d0c46a9f07006e05cb13db640dc146a18e6fe65	bbb7424fec0204ef06f27875b2413ca60477ac99	sha256:5064b031640e67357c5edab5bd506764c3edc52207d764693076d93ffe0a969d
10156	calibration	5ae8d27af870b0a9448b452644e399eb258614ad	7437fe5ef1c54a90a7c94508f9db8b32de2566d0	sha256:34242d07d4cde97e79304ff2b4a9269762ee612b41bacce650c7beaef0320fb7
10162	development	5e22f2af962f7e848df3aee1385e6cf165132123	6ab9c24fa89a16f2847bdcec5ba3c769ee542542	sha256:5bac65f51ded6afebcbc91a0d1fe5a547f0681a70356826d9de7dcba209d63fa
10167	calibration	3e851134af98d39b07dadd195cb84e09ff310eeb	4705102273140a5f381fb75e17a29965662629c8	sha256:eb3502972d4f38420f981c6297a00598e0232d70354cf337ba776544853680c7
10169	calibration	89fc3c06158ba2c8644f7284a2d960c08eef2228	97d42cf8cd09aa455535b1568733f1647d595627	sha256:14f72f9ce83f4bb9ddaf1562358f5375896ea0ba5d29ce14e68ae12d82e56e53
10172	calibration	97d42cf8cd09aa455535b1568733f1647d595627	93d2a161d2acc543526b033fe76b6836d78d8545	sha256:f954ce6818b1858a899721cb4d0d95237a7cd0af4586d3db4776b68f9bc070aa
10173	calibration	5afcb8fbbb4800239b7bf3de0b0c231dc5f0c283	0079a3c2f219e10eae8656ca430ec00626881374	sha256:90344d55e734602370bbf9aa6570be746231473880c9b9f603f7a5a91fb30bb2
10175	calibration	062f77a2efd7560ec18c1d55140cb4f18dadb881	89fc3c06158ba2c8644f7284a2d960c08eef2228	sha256:17e9f15255fba23429340cb6dd0bc5b70bc9ca479da455a938dedfcea8a52488
10178	calibration	788ed382d6e3ca9a14ccaedfc652876de05fa302	896470aef9cdad9284908bdefe6dbfe6f4aa2821	sha256:c187bc069ef5990bc058527cf785419c91ac3ad46562f790de104143a9392314
10180	calibration	f2429380a9eff51dedd63405950d2377787dc0e8	78f51ca46c7a31eae327becd49bc27a7279f4a0e	sha256:c95d1ea852f6a7bafb0ea77a19bfbf84df9c50701a1a9b738b445a44b577a3a6
10181	development	42ccf12491fa2fc25d1e2e2aa517537b10005e5f	ceac875a81f0452fd934a79c12ae7d594e33f1a8	sha256:0bce2fec49d36417564df9e1e30af42223f3d4cb5ec99f94268c2a8ae7414fad
10182	calibration	78f51ca46c7a31eae327becd49bc27a7279f4a0e	70f248883d8af7203341421b5154515f7b914942	sha256:8ac91e522d6cee3ec717795b8f332f6062b82b4953a1991ac49cc5c2b82711aa
10183	calibration	055f1b236cd6a3eb727d0b4681836bf3cd51df6b	a1599b3effe7c00589c19a2303aa6a3627d4daf7	sha256:106f3492641bf74d539a793044928e5d7a9593f9be88d2abaf1c1b736cb95dcc
10184	calibration	a1599b3effe7c00589c19a2303aa6a3627d4daf7	73de9ee9c6dc39ff15019ec17b78ae6f771f6542	sha256:5846a9d93b325f98468154b72b5f75b759df0d1dfa068e609b3ea1abb54b77b6
10185	calibration	906438707711c98586b30d885d492f294079fec0	4b2140bde2171a9e18f44c65f60d56cc91dd95b0	sha256:7a635997ecaef8c0256b7180b11a9a3c399820e683b1db5880ee37620e5dc3ed
10186	calibration	73de9ee9c6dc39ff15019ec17b78ae6f771f6542	a87165ca0b23c1e966382ff80103f41d9962f864	sha256:7c00e108d34f8fa083e641b01cc1071fb996af50a3e476d674a059c438618610
10188	calibration	cb8f5c42e920e3f2f52795800d658518583592d5	fa12c8313d0708de3f39a56d1891dcd8af30511a	sha256:02960947cbb6d3a167c2b2915d88ce0bdecbf7ef6c427a56aca5ef83e6423c59
10190	development	cc3328622bc2badba2d5677ca68f8122c3681b8e	1cc0970668acb5c3c349e0ed9c3f4c3ba0a1c74f	sha256:ec0944d15558353b6000e0facf9819cf279000b77c07c796624b78f2f238e34c
10191	development	7ee084c9c26d987085ffa733cceee2a00effa7e1	43709aba33bab17d3aa6ab42102097c9d32db760	sha256:915a2118630c72f4d7d1957f3c3fa29343e9ff9b7ab1e4d6d4ccf8cac197f032
10193	calibration	d7c76046dc74e660415dc0e70c7073b99d9e10d1	3f8ce5c739dcb996cd677edcb224e444bfb55076	sha256:75736b29dfcabbad66971153401366a80a95399936e3222fc2ad37d9c49ff7b9
10194	development	9f5f8ad756318ac77d792d2233cf5a51557bb504	e8a22f75365af25918c09d395ae8c8214d79ce50	sha256:7e6da6ae6fce88a16bf305c80ba28a7441e15b43f22f9cf29e590c088b7ef5bf
10196	calibration	3a46b3c415b9421e2b53ac513e1a9aff4d0fc758	cf6b04a3428ce89cc942abb2a69bcd6ed51b00d7	sha256:5878236f06e305e9a924946855cb357fc38e05d7fc73b982496ff0d3ef44fd23
10197	calibration	2ff8a6dbb5a1a480496898cf80b50a5208c3aec9	5dae61d58272027415c7777e644de98b19a3e580	sha256:839336e3caade88f93fe8efe16f8fc7c03e57fcc75c7e31a4f3463a0df321ee7
10198	calibration	5dae61d58272027415c7777e644de98b19a3e580	1b8e76942855393f1580a3e14975573619b5f34e	sha256:fc510953965e87381a0c3dead7ed338a62954acb57414c0aae88276ef0bccc66
10199	development	57c6ca5c39ed0294199a82df64d36fa92d88f5da	4b2140bde2171a9e18f44c65f60d56cc91dd95b0	sha256:bad545694d6af7aaba049cb32cc0ff0946d2677b45d8e65ba093c06d8f6f41d1
10200	calibration	906438707711c98586b30d885d492f294079fec0	4b2140bde2171a9e18f44c65f60d56cc91dd95b0	sha256:972790c918873ae244a2f380108d8a7f153ee93483c85547a7d630fc4cb3f4ae
10203	calibration	f6748624cc390ead2d42f6e89f08606f020e6848	02c25377f317234b731c39e0b3cfbbd8c8cfac01	sha256:f460f8173eea885ff98907eb5181832d2c69afe48cfc35eca284abafaa2d44f0
10205	calibration	0079a3c2f219e10eae8656ca430ec00626881374	155bf09d012ccce7485a126f99b19f5df1ecbf44	sha256:d8dcebf98067c4fa98b79f0834eaa59d86392529ec94943e0ab4f020b04ace7d
10207	calibration	8bcfc6b035066aa4e2653416d2f0f1d54579795f	788ed382d6e3ca9a14ccaedfc652876de05fa302	sha256:8442387753e50369b5ca634d8f83224134fe6ddc3adae9e3f8e390f6610ee9df
10208	calibration	feb4bc8270700270dd0c6eca1e104476cbb431ee	32a6df832d25231a702bfb293e49d560b106e568	sha256:80065021fbcd3937fe05b891781cc65d2180a620e082bcfc84fda12f24eb6cd6
10209	development	de33359b993face97353764629af3cf10af35b10	42ccf12491fa2fc25d1e2e2aa517537b10005e5f	sha256:968b7d5978dbbf57b19dea65aa35f4189836b64fb645da414268f1e079062d3c
10210	development	2bbbd20f907dd72eae48f3e8f322426890908682	6ab9c24fa89a16f2847bdcec5ba3c769ee542542	sha256:426d57e49f5bb51eb3e7de87bf1a277c91b1189bc2e1deac0ecb2c12e99555da
10211	development	3d483e14bbdc108bc485f16c9e7bb980f2e5fc96	682d958c7eb24a4dc32ed503965f4c103919cd77	sha256:9f847c851e33c390331623338c0ca71dd0ae491e5f8664696d065f93649380d4
10212	calibration	788ed382d6e3ca9a14ccaedfc652876de05fa302	9edf3106d6faf4947869fa4c6f006c6be5368108	sha256:40accacdc46ba67dcd2674dce6c1e5fefe9fd58a0ee215e0825516f5716ee93f
10213	calibration	e5de15c99337b652f1f15c631f25c0d1992762f3	63370f599e2ab5401137fa01b09506bfdca07f94	sha256:191d73bd93d1ebe8b8d2fa654a3cba973624f236178fca45b7d6be246e714908
10217	calibration	65449bc51a79c97cb4c84a98a1a6ca557d372564	f1409c846d71c0ccd119d2acf71fe099f97c4ff4	sha256:d4863240fd278d4c4df622dbc9116a00bbd137228cb333ff96af8f59f32c9c3e
10219	development	b39e1a6a81a2def9689b2ce9d8de71bb50eaa953	8f7dafd7f35b64a32f0fe0ef3f0d6e09ff3a9c87	sha256:6f3954e52042b6a616761b1f09d1440a0802bd07ce7901e0d929250850681776
10221	development	3009ed5d9f0c6b87f4bb6b153f5d388c8fb5ef24	24ba9e2406811bec456e9a1a480a2f8a2f8ce904	sha256:1b13b84eadf5c49f1f496791e0013a4971776803bac041c68eafdc63e9f2842f
10224	calibration	e8a22f75365af25918c09d395ae8c8214d79ce50	5df68d1f638999e6288ecc18e06bd5f2edcbd64f	sha256:d839a222734fef717d7d5ad096eb61ed2e3597e93a49cfb974eea41dba36baa8
10225	development	ca7feb5956146db0b5a5bcea217f193776aa3523	28fd9a8781632c1b350a683c98581dd1d1848bc3	sha256:1dc0a586d4a65964ef5dc375cc300935aa1572d87e4d695a2aebc53eab0261fc
10226	calibration	b4bcf7d86c33858bfb9bc96f3941b185f1511021	10bedbc3ee616a77db0ab2929418c7ad6de91958	sha256:55e57764e2bf09a115b13230100c1c088590958cb2c8ca05732387b1e4316fe1
10227	calibration	fb7b88337b6fc4ff78a2ea433f187f1b646cb376	01d617f7d9ff4c642c531121f5ac15f075656cb9	sha256:8b6df64cdb2610aab43c7e4d053929670d53aca07c6b1da014ed9c61f69c9502
10228	calibration	fc2d8698d93c2d94b9000112686378d6c39dbd5d	b39787700107a1605b3412c8653fad887adfbbf8	sha256:297088f9beb61a15379fdd6619060a3a92437314dbb865a5999aea387d29498f
10231	calibration	f99d5973b8327aef7079c8cb9d9b4dc46988ed65	cca13f034c1b6430cd311519afe755d31d2ed27c	sha256:afa3f01d80001c893b91fccafcf407ca865125b9fdb779092589a79e67379505
10232	calibration	36082b3eb97fbdd4c3017ca6d3fd044f734b3507	d7c76046dc74e660415dc0e70c7073b99d9e10d1	sha256:080d4b61a08a8d23c21da1d4b5ac7dc12c18fb74ff0415fe8fbf8ef3667598b3
10236	development	f5e4aaba20de93b4073ebdf7a3eebde427826269	ca8a57ff8256a9a81396e955032e6792256829f1	sha256:eaff6239998ad1d5e257f3422c11b510492557b976cf654143dce81a37f0267d
10237	calibration	3b5c7e6a7e4dd4374d26e5b9bf7723ec17ad48f1	422ea6b148414474308cf8526ececc78a50faf89	sha256:3fa1bbf108efb8a8171fe7129b43419c22e5ec14d9005d77a7292c3ddd8ae96f
10239	development	da66d1feef67522e048fc1a19afc0c4f442d8736	61c036c552808403b314573e759bfcc24b83f6c2	sha256:0e433ad90a1dded1bcb98ab44a982bf763d132a98a6fe145cfd40c6ab3aeb9a3
10240	development	ca8a57ff8256a9a81396e955032e6792256829f1	5c221e67dd9d8a3eebfde193622884bcdacc8c2f	sha256:30c877bd0fbfb14aaf038e5a8790c87a37882910c95d9767617f8914d8ee8816
10244	development	28fd9a8781632c1b350a683c98581dd1d1848bc3	de33359b993face97353764629af3cf10af35b10	sha256:81b919987302616f40e59327094bce86f1a6336ed60ba2653adf8a7bb8afa768
10246	development	8102388d09aeac7e7e00f8f27db6285e01fdcaa1	4ce57420563b4dc99a39f03193bcb8d273827b55	sha256:447cc2cc881e2cc6586eff8d0521d317ed9563aeae6ea15c4dacb5aebaaa1df4
10248	development	5c221e67dd9d8a3eebfde193622884bcdacc8c2f	4c087cb7b02b11eda50372ea8ba410b67b0bcc71	sha256:0181d5b25bdb4bce3f7b22e7ffd910f141b00661d9298b3b559698e0da883420
10250	development	d00a492fbc00161325d2fad7a1095ab666cd51ad	b39e1a6a81a2def9689b2ce9d8de71bb50eaa953	sha256:e97b946c09945ac2107e46b4e9413747155ef40ced446c5043fffac71272a17d
10251	development	390f2c1367675996dea9d7445e85174a4ba31012	45dffd63ff35585e6b4273ae7b45196b3694c7a6	sha256:550ec85adf2e0571ae32a94fef2ce5160a77ed5af567c83e308261c5979e86de
10254	development	0fd51fe58fe7d395d23960a1a79eb71ed3d1c4f4	0f4cfda0d6e5dc08bb4d94f32a9c2872b8b22fee	sha256:2d3ebd938eed235eda37d6069b8f0025be11c362278dbaeb25a379241aa8e10a
10256	development	61c036c552808403b314573e759bfcc24b83f6c2	41e0b9ce4a03cca836d40ccb834d791730a9bece	sha256:02cfeb096aff2761084ddc8bf52a6e18183bddd5c62ba8b21d5866dc5da05d6f
10258	development	ec832a8d9ff8d2f6e0b4ea533968efedc4a762ec	f5e4aaba20de93b4073ebdf7a3eebde427826269	sha256:5750681a7c607354dc626af7b51da0f0ab6132315c093ce8a30c1719587d9045
10273	development	581cd44c541436fcfa9ed6bd6f4e84f3371c90e3	3009ed5d9f0c6b87f4bb6b153f5d388c8fb5ef24	sha256:8a6b425bedc86f6417ea11da193fc33f14b15d7891e5f5ccd16253781f61cc8d
10274	development	390f2c1367675996dea9d7445e85174a4ba31012	45dffd63ff35585e6b4273ae7b45196b3694c7a6	sha256:13500578a5701dc15fe7ece6e8bea671c153270f9cf8552e3421cfd7704fe2e6
10275	development	3f59afacb0998784ae8407f279189b81d4d3299b	accda675aa97199e39c1972da6cad0ff608a1112	sha256:41c2e32d002ba76307f8ff5dd10aa186fe450d2f8a52da3634452dc1bede902b
10279	development	03ca1ae43d4d553300bacc00861cec3d11bbf22b	f8008219c3d2c700eac220232a374dddbb12f0d8	sha256:0c0e61499f7beedaeb2a9c9ea7d859f062d0a8bc3367cc9ac83c202841b74e18
10281	development	67d7c09e4bd5e5f2793162e95c0174c32b8e6a2c	0e8b9fcd39170052bf742c9d6943c066b1866f49	sha256:12069554a996aebada6e5f8e8aa94aa7ea7b3f18e981c5acc35eb2facc92829c
10284	development	39b8ea189455cb78851b28018bb6a7b6de610223	28f746de54264f5a27fb229b3b16159a0c5c2761	sha256:84d6ed94c03d670b26d8a0e3b99824be5205b8ba73723912a619916122665a7c
10285	development	47dd087f72bc2f57cae516bac3095118439d3703	056562971410ea99a0355760c1a0d36776309505	sha256:2154e035cf3b6fcdd71dd5fab72539c493e91181a02d3fa890def6de1c50715a
10286	development	5a7b318a53af4f0a5e554951c4b039b29e688921	021f1c5b5326afe6db22ce1b8c876e3ccbbb32a5	sha256:605016db575b2af7b2b69f79db96bab46ecac05bf73ef565fb39902385cf3936
10287	development	d00a492fbc00161325d2fad7a1095ab666cd51ad	a5d732a8175d2fb2605e1a2756754f5e3a711f2d	sha256:a1b4217f3f11c4bf5c8d2a0990df0e587dad9f969ca524657b7ce6c497e2bb74
10288	development	a5d732a8175d2fb2605e1a2756754f5e3a711f2d	03ca1ae43d4d553300bacc00861cec3d11bbf22b	sha256:c8bafa420e2ae1aea69205ae5e7b2cfced996e655bc400801a66149f78c4583b
10289	development	e0d1e6bbf62946361059c8f74fc9a0a3907c4102	d00a492fbc00161325d2fad7a1095ab666cd51ad	sha256:c85bb433bf3a20572acae982eb5aa9f1c4607d44e59c2362790417666d17f2ed
10290	development	97267865ed5ebb0fa0f076fa31151d2608071aa3	37c0d8ac9bcb97f45998d912002d162bd66a7f90	sha256:b027bb77340319b34227493d793067802a15d930f56b890ab66e96452cdb6a12
10291	development	30ab8658c511a442a2859d006a4739672111bd45	ea0f505a4d52608e2f115745baee489c4342b6e0	sha256:97b9af4c089f61094516265f9c0d10f86a2dfd7c61a86146d8d197e33a4651e0
10292	development	7ae1102705581027472ca6df0572d76e76594708	e1f38510570e1ff95734a650c510f16912c8fefe	sha256:c7747fd10b3629a5650ac070597ac05887a14794e489c2f9069791a07f97b25e
10293	development	9f441f48fb64f97f00cdb45eecaf213e1d7e59f9	07d8378aaed3c7068b0e8306d64fe8f9384626e0	sha256:35eff4c6830c238f4b190cd5a75096c677a9749ed53d04fced21943bc72dd205
10294	development	eeae76ff5ade777c12c49f660b1ce145206a39dd	1de8bdf13f1f64054a928ddd844705f8eda70594	sha256:1110bed21f37c68400224175d0c5d1f2a993035bbb73068251efdd4634adbf6e
10296	development	9f441f48fb64f97f00cdb45eecaf213e1d7e59f9	a782cd6bc759f38a3f660e1489daf60a64dd9b98	sha256:80f330c9bc89db5c31da33c1aa1b883440072a1a0c46ec62eaf7935d6e69d9f3
10297	development	82be23cec192785ea80e4e85a4ed9b595ff958e2	97267865ed5ebb0fa0f076fa31151d2608071aa3	sha256:21cc17caea568d5cbc3395ed6478f5e19f16765218eb800d86256108e33b8430
10298	development	37c0d8ac9bcb97f45998d912002d162bd66a7f90	4eee1cbf3ecc844f89d42abc2b7df7be4411c846	sha256:cc11265c2804985b61e220a7407941a6f22c38a48eb4867c1577cdf6d0daab4a
10299	development	9f441f48fb64f97f00cdb45eecaf213e1d7e59f9	82be23cec192785ea80e4e85a4ed9b595ff958e2	sha256:331b444ac11f1ffa484edae6694cf77101f4597fc4d623f5c482a01f8c2dba48
10300	development	9f441f48fb64f97f00cdb45eecaf213e1d7e59f9	51f76912e8616ff611a52b4122a47af811a6a1fd	sha256:1cd2b8974c01ac808660065134019f7841a15b5d4ddc95927ad315d87883465f
10301	development	38fbc3d0d97302f8fadea3faa6d1601df2a6f0cb	e11b84c3adde42755c32fb478cc1895d13149042	sha256:2b7b8d7513280e53715ea2d205c95c6ea7b39d2a999438731c464a7458b74279
10302	development	10f0a06d86f071b67253abb7d391346274d53782	eeae76ff5ade777c12c49f660b1ce145206a39dd	sha256:113f09e7c9cdff148ae741c4157c889c161160d051a4a2f8c1fb2451c4723bc4
10303	development	a49bee894dba5ac73d37f4b4a9141240f63b89a7	10f0a06d86f071b67253abb7d391346274d53782	sha256:97388630be0bc211df3a33be3f5a796263ca0f6656fe6d1c4a5523be73bc0758
10304	development	04f70a1ca67232f78a90d2d6f74357fe86c713d0	fb768097d586c993425b4246bac732586e1457a7	sha256:f20f8db558e420a19e00c8df0d36a9272b5a6a7c71b2488396c82fa4a6a041bb
10318	development	65e2d09d884c59b4bde159abe52e0d93ca94828c	55d452ecff3ee0ca270455168fe759a08f914587	sha256:3e0574915ff685f26f097f759d330df8ff78b4ad39435dbb3dc1cfe0fa784d82
10336	development	fc89140ba81ff6458b633aacb027f61283a53384	eb9f48f57dfcea2d7a3f15a4de0eceb64d248bba	sha256:97664e9affd7e715c2398ef692b3528d7e85f1d89e5b7fab017941973377d9da
10349	development	bb6a6a5a6f6a07eed6df9e907f6e6996771b7054	b873f50508d8ce37008aed4e6a064a91a23a3dd9	sha256:8dfb2ea76747b114585446eb3f3c18b3f3e0000196400a97ab387fee259e67fb
10356	development	060ce8911e27c44bdca59ffb02f03ae409de6d07	65e2d09d884c59b4bde159abe52e0d93ca94828c	sha256:fb1c2f33460dd60a214d358fbcba28a699fb3905a95897503dcd1c89054bfeb7
10368	development	a8c8dfc3697d9dbbdd6094404f543556472166ed	aeb120a028d517bb8731683a908729a893428384	sha256:144ca21514a06b13a162b94a0e7ae1e21bd073b85bfed1e5f68fa1f61cd2685a
10369	development	aeb120a028d517bb8731683a908729a893428384	348aee9f600c1177dd73e65256fad1fc52948d74	sha256:2f6d850906a91ca8f15c760682142c931fcb5a64a0ee234d2e8ae8c6f8f485c3
10370	development	ec71760ba1024e5ef713396ab1a05dd96075e2ec	49f07e7da4bab74964ce4df5e1cb4220f55b25c8	sha256:638f56abf789afa94cfa0e7594c9a5bbdacf6bd364132ac0aba2cef9af08b755
10372	development	1ef3b003ae7358183b8eebecc3bc6001c77dfa0d	0e96802c6e1b00602fed6b30ffab53f63de8a412	sha256:b8a963e16b7fe22fadeb8ba065604278ab29b7ac3b17ae0060487c0f6d9475f4
10384	development	acf2d7e79a914d928de1d8dfcc7f3b215493d002	659094865d7e3c578cf50059e54f9555ded73378	sha256:12a40eae6520283a536bfcd869243269bf50ddf47bd539325c6d603b66484da1
10386	development	9c7b5f15dc66ced8a537f2674993659f6e3dcd2a	a8d2cf346c2da4559c2e9ba148df98e4cadac4bd	sha256:a7c7353db2d1512d5c07a5b5c70dd5bf410915e8fcf9f4ecf9270dc8fdf4e545
10387	development	7e59e933035a0a04ccca3e31fb1e8537d31a08d6	c233981af6505af6b5bc62ed68e473b01224bd35	sha256:70477309800de268e4af36379998dfea263124a23873a03e2e8a0e6705c6b58b
10561	development	d898f4f33c9506283eb663c541be831a775e63c6	1643041399509701f7941dc57ef1fefcbee00f57	sha256:ce3c8529d03a7316bc313fbaca91aa76716db9f395bc7fc37f0d378b5c5f9d72
10576	development	570e9f62d965e964f02bc0b86ad77bfa30ba3c97	a70e5307cec83922e6f8a21c7e54e9554ff4543d	sha256:1c67cba3803fe20b324ff96c0f7460210944aea7da9898f5e4092761818d88f7
10577	development	570e9f62d965e964f02bc0b86ad77bfa30ba3c97	a70e5307cec83922e6f8a21c7e54e9554ff4543d	sha256:2a95f52363cb665a3da9928df2697b3bc3ea02c423567a3ed14d482ecfda21df
10579	development	864a0df7750d18dccccd9a64400deedb33ed93bb	d2da52c65941f3c732c62393d04ec227c8ae4cd2	sha256:d05dac3435e30463d908a9355856f45db17f139f6784e6327a1df90bc1125837
10581	development	7af7443b57469e1dce117ad0efdeb5b2aae5003b	61b282c2d90662e8350fbde631aab60b015ba9f2	sha256:c1513d3834ab7481ef29e6b0faef346630d23e35daa8e5e5fed0e5aef71a317f
10582	development	ca320dd5b6f14ed8e201f178a2963b1b452724ed	bcc3f56c8ae29dd7bfc0c8fde0c98ed44e20f0e0	sha256:ebe7ce22204653eecd4aa7cee49b1be6ea466795c82f7dcbe330bb06439d295b
10583	development	ca710c40a11405d867fdd319c0de9c57ee60ed5d	46239baddbc7b7ee0cdafa6ca1b4be1c8e2ca6d8	sha256:c816979f0ddaa85c0170c203ea3869179d2c2037b0627ba80faea4fa73ed24fb
10584	development	cad098881c1f568b38fbaba59cfec79b16b8ca33	afa50ffc1c5ce97e347b6d6604645409e93e7a62	sha256:71c102db186ef7c957a4486d1c5581f7b363fb58b662f1353a89d610db87977d
10585	development	dc5072ed86bf583bd9768e908d0743b8dd06d3db	2ecb642ec92c37bdb719ee8c7a46e6c701a1de55	sha256:50aad0bd05337b53e97627c91dc28c633c88fa137de0934ab55c630f4dccecfc
10586	development	8fb646cc8d5ddc40caa8707518bc2d57ea46291a	e2290b536ac702ace23e84ff48e02433a3526089	sha256:5973a87596247700972045da09acb6dd910ec3db6ea551320906046f7a630619
10613	development	b16bbdc5d84d02fb403c7c0eb84552f64b3032ca	486623c8a64d42c201de086010846a659364fa8e	sha256:46f259c54db56b1bcff56cd059345818aedc46ce5d74d2630d68a6e2b4cbc78a
10614	development	e6d55a7b89904ee42cc30cca54950c4048ed7049	34b38fadd46cc99b02904419f37f9016566afe05	sha256:812093191c8c30fcfed88f3d665e9736387d1314680de7b21055b321f0e4763a
10615	development	b0e9158c299c41704dab7acc3a974513b4f8525f	0267928a5b5e8ae03c95917628fbda7452dadfa2	sha256:f6c9c105ab3347251b0f17b795d54888415b8eb7b5c0b928ffbce98d0615af3d
10616	development	e9ffccb1eb7d1c75b59363a829c8c94810f60eab	b0e9158c299c41704dab7acc3a974513b4f8525f	sha256:22476732f2101dad582a48d00657d56ddd3aba5fcd11ea5c812548171c4391a9
10617	development	6636ec761479e9eb8ba808e997578f88adb6acb9	85aed44ff46dc41ca6c5ac6ffb888cd4ef49daaa	sha256:137a2b000133e88895b0d004ca3643c6351990ec8eb31aa0de56537173baf45a
10640	development	6bc2c4c50cc87ccd46bfacadffc91010738fb538	d3115871848a76b8c4f10674dd040ec7b6f8711a	sha256:aa9bdc0b2bb5c1fb6b813d79232b366baf94f6faddeb094ca07206c4a21c4b5c
10811	development	f712bc4a72471c39c4a4bf2a7d01df3e522a755c	f1fd5839486f27da272c55798cb4cd7447b53744	sha256:e8b69df765ecb180f17083973db279860cc20eaba2db83bab887eb187cda5b64
10813	development	7c6c2a0650262f26e2bcb5f2bd548e6a61bcbf45	8fb07e2157bb29c44b082feae8d55615be3693d1	sha256:eccbe21e247d8db0e4d70fbd22967e17ba95ebdb9b01f3d5ce8bec29e9a287cc
10819	development	742c2cdec50a7b360cd526b3dacdb5b57556ffbd	3d2dda748cf883af90dac7e2e52336f61e028808	sha256:30ab3a548bc203134879de65bab745c7219b457dfb7a75d1cb588d4fe9a2aaaa
10835	development	10b74b0043677b26e54f11a460a0bd00d523b045	3c7a5bc820cc8df147519d8423fae6a570920be3	sha256:4fe4511b37e6643ab1c17ba9e2ba0e868894a00c13157d230135c3654f8a6f05
10838	development	68363f23229dcd1e7207e9dd4b795983f54a6d9a	87f430539a8ed51252c91e5bec5cea29939aa2b0	sha256:a196f1987086098e71d9a3435c231142fdf9b4d77c5ca0f043c14c1bbc6f606f
10851	development	77db3ac5e81552c566cbe10e0d879c15bba8860a	1990cb1dc3eef7c20856f61ddf03247ff74786e8	sha256:14fef1f867a6411bc892c51caee89ea36a2bc91913b4fa6845f3bbe55532ac78
10854	development	3cbb626a5faeede4e157c3f2f0bccdb80942c278	77db3ac5e81552c566cbe10e0d879c15bba8860a	sha256:aa1138c68b9712253f6ed70186614b2d16545b4e784276f4dff1499ab2836ca2
10857	development	ba45bfb303d1e6da3c2f8bcd0912a8c017f4d748	e8c3e2a7dfca3472ba6000f24e1ce211770d4921	sha256:6f2a1bc31ef4336151d257ad6e0dc1480af1c9caed8e9d79b7b57163d343496c
10871	development	af28223570539c133b3506ec31a9c0ee342f2b1d	7c2030d77d6fd8cd8268d705f64f4cdb9e9c0bd6	sha256:35a86478e1278e1c1b958e90de972c95138ff1be09f8d6708a6fd24569798041
10872	development	6c8d7755d308fd70e296f81823e0a0a203db7b0f	af28223570539c133b3506ec31a9c0ee342f2b1d	sha256:026489471e553ab1f526532f0050a40e6655208e0d8d884346f689f4c879481f
10873	development	90f90cd4f2ac8d6f175906f31ab1b3aa72709144	868f3c11f9b5a94a19e47f3d4487d7234ae7a398	sha256:a1b5285d24c1e9bac52fecf6c506c46ec994f791269ddcd15e690d35e1f597f3
10877	development	80a19f27f688687997a3bc2f89d34a9aa7ec4d19	43e55bdee7410427182d36a99221894d518399eb	sha256:4c1c2c2dfb8bdd332d754e164040158d2b503bb9fe68e63aef0a4284668db6ee
10878	development	89edd9dc71809670da196f9ae2d896aa4a39c5ef	c57a729956bfe461a8850ff483102f516f016293	sha256:e22e05432f2260f92ba57ba0fa8d03db3f43517b6c63c32427c93167f14b3125
10879	development	091a58272e85d18b15e147403394093f95c9b4d5	89edd9dc71809670da196f9ae2d896aa4a39c5ef	sha256:999a564ed40b06cbc7e6f91fb898a6e1f51023e210887bd05bbb9443411d3073
10880	development	f5f8a0ac12c99e1aa383462c1600862b01aa0022	90f90cd4f2ac8d6f175906f31ab1b3aa72709144	sha256:c1c4ef0bf585ad22f00528b0228e58b623dd5c53bb373a91e36fe0e7e3e2040d
10881	development	e8c3e2a7dfca3472ba6000f24e1ce211770d4921	009a8cf65d71ae77bb5f4f837a317f1b56356ad4	sha256:dba4d895c18846c8fb9a588e5169f581a88d0ff8634302db9e51c9b6bda49eec
10882	development	9a46a330bd67a5064bd5171e2db1436891aa5279	ddd6ae4a4dbb7ba533ee562e88ab756f2f84c0cc	sha256:81fed94b6b76441e715c6fa431fb40e25764197d63c6783c7dac2b8ffa80fc8c
10883	development	57945741251858618fdef2cef691201956adc7a6	4d42e3891147190bc32b33fca639ff2c196b033b	sha256:efee43327941d240063139ab8027c6f78500804014ae4731e13772fdf9c0197c
10893	development	d3f3ad546cff031f58b2b63eb9b62bf29d9a2fb0	b52d59b1272c55108e431cc1586a79f54a82afc7	sha256:43b10e62f8fb4a15a51255ef7191ed4ca88a72580ec32a0f29af01e895c5028a
10907	development	720904b4c2f50cea380c7314421cace70f6626ce	1f16fad522a1a8c3217b3b76e3e3e0ce8afcede6	sha256:5fb32a3608b3965c0962e76955f928fe0c8487c3f24e48afb65f6c5e53ba72e0
10908	development	4cc7adba1b3c067cebec6ef6b1315b23927467a6	768d9b761a441c9e6b65cc594bdd227b9b619feb	sha256:22782852b47929e0905220e500f5ca1965ac2ce087e7b06e911c3f074b99208b
10921	development	a54746f1c30d11ca3407b1653dbd9004f7a81824	f548ba0229fdf1dce36a4c3fe9a0faaabebe5012	sha256:ca79d9214da0a5e871cb2ef516369505b3c8fcd2def0bbcf164d3619dc89676f
10922	development	13ecbcd96594f129aa3e491fc752f13232d9a1d2	2a985c6e19215f83ba876935b30c03a177133a5d	sha256:717bddd14dbdab7e107ade720f2eb2c2d4536a6fe9a62b9c8edb19782afc0de7
10923	development	8be70561448e0534bf174cf0d26e17e5338a3334	dd153f9472c32a9e859abcbb0aee3b0b60fdedb5	sha256:6583f2a1ff25d72928ab2042d6c0a1c8f121214ca9b9135be3e9ffa745ac6663
10924	development	48b3609b78329e1809e54c3c409788d4b4e41d10	76fee9990e2da50385ba791f1e273e0dcaa5fff6	sha256:c553cbe42957f82062d37931a72b08954ac8a0f286d21a2b6db4d64f92dd3bc3
10928	development	1990cb1dc3eef7c20856f61ddf03247ff74786e8	00fa7f6ebe3f86e630a74fbb7908ec246114322e	sha256:09c22dc2977af37c43b6fb9ba83a900bfb21ab79a8562e9dff24ed0c93ded2d5
10934	development	c57a729956bfe461a8850ff483102f516f016293	98df2423e38e9b67fffa5f6e96be0d3e1eae7dda	sha256:e73f0125ba7bda2b54f8d955ea59ad0dc046eb1ea6904b13bdc71f8b3aa5af7d
10935	development	4d42e3891147190bc32b33fca639ff2c196b033b	ed361e602777a9dcbf60eeaab119a93e1b94c8d5	sha256:1a2c60b5bab2eb958af578c9e919118c4c966121fc482ee719127f9a9f987fac
10936	development	1f16fad522a1a8c3217b3b76e3e3e0ce8afcede6	13cca3f64a46ea275aae35a7f1dab816bd428774	sha256:277129c75dd0f209f61068d28b94876e39fa87adcef6ee3a6f430c6eb955048d
10937	development	5ec267a2d206bbb3fcb9163e723a8a24d23acf8b	791157a5f804770e363f0fd19fc8050bff540f7d	sha256:e170112992a9667abf9f28744a59614b55ecda2daad949ee92cb895e3cd4e79a
10938	development	0cc535b5e728b9b75a778b881df0ce30c7291f0e	9d78a450f0157110d7b691083429bb0512eeba52	sha256:8be03ec226c9ca84f133190e1e3fb8f5d3c34ae2bd4d1dcbd3c9277e5e44dcb5
10939	development	23d8be9fdbbb0cdeda399f1144ad15819b819271	4c752bc73e8a451a9c4a58c42009ea54d58f79db	sha256:5d5b8d5eb13a45fe7819e514e9acda5e869170eb9515f857ff19387bacffbb09
10941	development	1bde5b65b850ec7f7bb144e55fc2c4c3aaa07b49	6fba830052bf5012c5ef225c0fc117fde40a8555	sha256:18bdd48c72359c442a6a841617443d2c9309af3a48f93cd77d598afe212f4230
10986	development	ebb0cca95cee5df635266109da8c5156070e330e	7afd440fe81caaeb1609fbe857c8d5f15c4437a6	sha256:dafc75e7bbd7ca68010ae0c037b62c69100c9dbd535818ccadc33280b9cf64b7
10993	development	791157a5f804770e363f0fd19fc8050bff540f7d	83d8edbfc28b4492f8085fa51bdadbe569dfc867	sha256:b5d26861dc0b3e8fb7c160c7382e68cb6daf79905ceab18337e284979f433b76
11002	development	708cfff79b978e0c42bcbcd55b1ad5ccc46ba3cc	aa2ae109b881828312b3c4bee98db0b49a198a28	sha256:1535283b641432da9164d4ad17537b5def7ef277b0272bb3e3f263ee473a24f9
11005	development	ceb67c40c276e0d1e4c9b705fd9100c84003f25f	6b95de03c846de635c67aa04b5d71a88ec8c7b14	sha256:b5ea03d47cace6ac76d62b2742611aa898699a89fac1214ede7be8243bfa2267
11006	development	a003da87025b486bc1915362b80c7f3666145061	69610c0230424791c16b152f659d332fee72fe09	sha256:cef9c04fd0708bd4c9e166125aea9e129b06a2ecb3e7a9520eb6d7aa0c35e692
11029	development	77b5f2472de3362c45feffb4a48da0664f31cff7	122a923eb482c996adae9d53dd8ee1eca59d467c	sha256:d17d7a4a9466b35ef706140c7a25d27328b539afa1d161b918056f5b5e125481
11030	development	93dedf72c8d467a7ec43f8b39e4fd7c3e0f81ec7	954f76721b2d476c9bff8907ce65e86c51330fea	sha256:ee29e221bdb34a2d566f0e34ef75977e38e5e9fe6f1c678e255d4eb53e2e723d
11032	development	a44dedbb2a594b39da9c78c27a8496bb810a8d95	112f0cb2e347d0afc04cd86fb74add5322391cfc	sha256:e8366d357f8daea916fe7b4a2a71a4015b614ab8242cb2d395b5fb3582d219f2
11033	development	d8a4ac810d124817da97df6b89bf08390b490208	1bbecb68227d8460f8b87e2f5a3bfdf89b0861fc	sha256:cdeb800e43c98f27c4e17becbb7f62743072ef1d24fa746f30efdba1dbdd2c9b
11034	development	07bee6aae0182cfbe9339626858aa8fa08046107	24b0907520c6468fb44147d05e405f2c4866a585	sha256:d33df696df9954df00f8d7cb8a5814ef172816ae35ba4240e0fd3997f48c2fc0
11035	development	5a1bfd075aa0c6ae8eee3051ff12b38c9db6fa9d	dc6e9943753d2413093f7614b2edd2315921e707	sha256:e3b0371b75ab306556bb7d0af56f9730836e2ae378f0181ed3a5067e84f7b376
11037	development	f191ca5a93f2bb93a3bd19989fa8aa2f4fee13de	da13c04d14325683116e226c4910684254ade44a	sha256:c690ab56cc7e17ad2d690a8b0af97352cc816dddd2424af1bab6a7362b94edd3
11038	development	dc6e9943753d2413093f7614b2edd2315921e707	e4e14fb8c4219541460f015b1b3e65e1da9be76a	sha256:df143782c7d4351c79ba7d86dfceb09e15745717eca9e7a9e722ba8b8136c443
11039	development	dc6e9943753d2413093f7614b2edd2315921e707	f920fc80a953efc6254a223f08b9979e6936a603	sha256:5695cb0b719f98b9b9d8c71dc1f6d0f6ee675662a5a3c0e081eeefc2d7c2160f
11040	development	a8257506548066302343872d5666544582abed64	f323d93d9b520471f40260dbf9d964d09b6af2ff	sha256:ddc584440e0c1734d9d65193abee3416a2aba7149ec21293bd8401a44eb9b72a
11041	development	6ea8c08b173ccf178a1ebd0d8f46a59fd7695a02	0cc535b5e728b9b75a778b881df0ce30c7291f0e	sha256:e3c0dc1ed0b4f0e4885ef6798c0ffdc6bc5e2a7a299d13c93d31aad61b08ba21
11042	development	a8257506548066302343872d5666544582abed64	e71e7a1cad2616211dcc06a44a77662d4b735a52	sha256:75b0b20f42be6666e8b7c9e2da336d3bc67d0b6fff8c8b48ef2aace2854fef80
11043	development	b29d95a1d26657e8cd51741072dacaf7e35d76ad	6a9a824b05e3548bd908c4dc5a0f0eae4ddc1e40	sha256:f129f5ee8fee309e751844e9333ec8db2931e3d34f3e5a99f3fc52c7b9480f9d
11044	development	f920fc80a953efc6254a223f08b9979e6936a603	2445354d318d14f0d8a17596471a488003d53fee	sha256:e76787cdbe38c393f959a880401c1821a4dd151314ce4f0d7480f2435d53e107
11046	development	cb568113b70ed6b6385ed4d801f790f90011559b	6ea8c08b173ccf178a1ebd0d8f46a59fd7695a02	sha256:31cf3729f2cf479a310a5e83df4d80f2e9698a613a562a26234cc482a5d4c6ee
11047	development	94c45cd6006b8804a23171731182cd2a37511714	6ea8c08b173ccf178a1ebd0d8f46a59fd7695a02	sha256:e8557076dc4310a98564461d3c06f7d5d02e18adce2fcf3442cacf428ffd9cb8
11048	development	d978903373d83dfef1d05c7f693b99f7cafceadb	f191ca5a93f2bb93a3bd19989fa8aa2f4fee13de	sha256:2efd8eaf82a322a9455e29791f71965abf3fcabdaeac7cf26b820aac5082f59c
11049	development	fdd6defe4d72ac3900f6e73ce3647ac489d53715	3c4a11595704f9acfdfc278841ff990798336f93	sha256:89e5a373cf7ede76177b801845c1e0b42c41ceaf0d8ad4c2ac34bf3d9e9bf4c3
11050	development	6b95de03c846de635c67aa04b5d71a88ec8c7b14	a44dedbb2a594b39da9c78c27a8496bb810a8d95	sha256:c17f556303af44b71cb3f63be73f17398a9155280ce2f249ba843832c72cb238
11051	development	112f0cb2e347d0afc04cd86fb74add5322391cfc	771b6c71d9e26320cf936dd27ee3b3e040112048	sha256:908492e7caec47617d69e99539a6c6568abae87e93edb90ef3f10e27b674edd8
11052	development	13cca3f64a46ea275aae35a7f1dab816bd428774	5a1bfd075aa0c6ae8eee3051ff12b38c9db6fa9d	sha256:47dad752672532d9dde0aad2d26dfb72156dcc73a781c4eac8ecc03bcd577556
11053	development	d5d7ee9f252ac02dd32ac9ab8f2fbe76fddc7406	6da5f5313ae14011e49727163f21c7fbbc3059c4	sha256:f7ed5dcff17c1b8610adac491cb87b64e635f6888f253ca1212f3a21b50e295a
11054	development	598f8667e294168c4cc22755718282afec07a5cf	d5d7ee9f252ac02dd32ac9ab8f2fbe76fddc7406	sha256:c33a49f0f9e1180cd293f7431d091e35b35f50b014869909db3e941e9b388265
11056	development	3c2ea2c4635b25e3f3a025f7ceb6e01347f3e149	42fe20c01b9a760ed8a22edeaf090e998dd666f5	sha256:6b67f87cd438906ff7e89b6b1174027c78462f0ca4edcd3a9b34bfc13febf4d1
11057	development	7d900ac644281215bc0437130f98626ee2aa5224	ebd8f4647c81b60e1446cc40cb520c41d4f42453	sha256:989276929d16a6ee03995d5c060aa4163b1d0b84049e52122406d865adc444ee
11058	development	99cf5d15687e0e0a60b376d4f59e2c410e453331	d2e0e67024fb057549c4202c820a37e21f56d1bb	sha256:c2463a40e9a47dde37abeb07624df4d5b49696b8d43125f9cbb5eeb42743bdda
11059	development	87b8adc88b1b512b0c6c218d4f772a9f471336c8	8cb8f639d3bb48255777139f1f90a122a625abbd	sha256:99ec830aa5fc873d8e015bce242854d3cf04ead413e1dbb1f8c7fefdddec211f
11060	development	ebd8f4647c81b60e1446cc40cb520c41d4f42453	a003da87025b486bc1915362b80c7f3666145061	sha256:ad313ba0ddabd1de82bed971f217efed30c72e5a0c7e4261dab2266a6100ad98
11061	development	e7c186a4b755a21c497a5a6143ac969973468b89	29032775fbcaa00ca95143b443de2715331649b8	sha256:64fbb69751a76f1825a74981a70878dc2bd2afcb2827697fede2cb185c48594d
11062	development	c34f7a170510198e8ef7bc639bbfb993efedb48f	3705df0fead3117ed28b08773d7f827adc1db036	sha256:021f49f0cd7a314fb8d2cdc184763709c1458be4dc2d7eba56866841d880206a
11063	development	94c8be7008b8d42ad5ab121cc39e3894179f1478	c34f7a170510198e8ef7bc639bbfb993efedb48f	sha256:80d5c412237c5992b98dae4339bcaf0dba81e0cc4c01b3ec5ee99be9fff87a42
11064	development	3bcae346a852bf250865c6f4214331dce86638af	da804204387536903fca6f68a118a50959478c05	sha256:93042b2862e7f5c2b70c4737c3e61a3f1311654f7224379b45d0eea76e42f2d1
11065	development	4f67e1d071dd3bdf3f8b1fe7b36d0a9e9526834f	9370edc8bef39295ece1dc2c5b2636bf730ac331	sha256:5b9bd70f04f9d29e813e5074f9fd0e07ac913c9948dd518a16e97078dd5c9707
11066	development	8da61fccb00b3f079effaaa57d1dea4cee998d78	e40ad52447bb675dab69ffdce3612ed983ab6ac5	sha256:24807e6c74389b04bea42d51cba026f1cb09b9b1206aaaad6b611c95d7f6ea4d
11067	development	ddc7024e20839ee3394e7ca7d66ef5eb3399913b	1f41ab631a52a3ce31981d2929256b08c1f80b94	sha256:35134223ca4a8dc4d74e2aec9f8c55b3645899ba0befdd96be3efd958317d3f2
11068	development	de519485167082e4a2f52307f80035d863f185fd	0831075e84b490878b890eaa1f90702d022d04fb	sha256:72cd3f2b1acfa76f6d562ff1a74867c6672c7abfaa43a1e4ceab09c1c29659d6
11069	development	8da61fccb00b3f079effaaa57d1dea4cee998d78	dcaa5e79c9e755a774493171a193004e74e41f5e	sha256:a0ed34f51a3834d9fe78d1e73ef24cfdde210400b2f48b6045b5e4866acf65ac
11070	development	9b627e9d3bcebf961218e255c1e12537b8a802ab	6b666315f800fcc2805d6be0edfb5634bf97c9e2	sha256:82354e98b8383f6fd416dbe51e24e9840bcd59f1e7f28c80b829ace18cc446e7
11071	development	9370edc8bef39295ece1dc2c5b2636bf730ac331	a003da87025b486bc1915362b80c7f3666145061	sha256:1428678d381402e4ac8060cb2b9d8f5e7a5c1e759b6b846b3d042e7ce18c456b
11072	development	29032775fbcaa00ca95143b443de2715331649b8	68071e8862d27b5c6f066c2c0500ecfd042f8477	sha256:5499b1325f03c3a34cd5b3fd377671eb651ec70b3f0c1f4a272198e229b04216
11074	development	f7fec45ce6033b69b9cbe180416cedbfc22a0b2f	3c2ea2c4635b25e3f3a025f7ceb6e01347f3e149	sha256:80633c282c96980e8853a09e2d4f87934b0c48ff0db425534fcc026a37c18437
11075	development	eac78fb1d06a2bae826b0a8c4419f006128663b5	94c8be7008b8d42ad5ab121cc39e3894179f1478	sha256:b5595ca84eb821e57c8315f22b07d4a62ab019fc2503a42263088f591ac3e594
11078	development	c383d9fcd10e2ce0410c0cf5d1d6212989d78195	01860b1ea640ccaaf65066e68c8553ac690d3d08	sha256:b6376e007cd0a48de49bc5247435e0f5051e139bf0785fb3afee731a6ddf0db6
11080	locked	e9b1525b23168c0865ebf4928bf811b17ac213f2	072d002943d0af3b164dd6e3989479f055dfcad3	sha256:ffbcd25ead107ea4d2f0d8b3c2c3c82f62994bd6b4e692851ae309b8d6580438
11084	locked	bd25d676b8bce8173f0e77884b4f16b975bf5fac	dfa1ab5b1f2bf8080f54ea1b061b6f3d8aaeabfa	sha256:0b229e7db65802127e69654863a263c623d3a0eee6be65c2d686429cad96ae56
11086	development	1f41ab631a52a3ce31981d2929256b08c1f80b94	a573d298f046f0fa3282725227e5d78051920bfc	sha256:26873c126f75ca5a311b3ee9221a5e93369b2d9e1bf81aa659ba7edf7b28f6f8
11087	development	fdda00ca189301745b860fc499676932ff63508e	de519485167082e4a2f52307f80035d863f185fd	sha256:15ea607eee3790ba78cc792c0cf2e329330be371f05991b18dfd0ba1ed0265d6
11089	development	250abeb77bf22bab57f1b6e8f3a7643c8d8f16e2	158b1edc4be2aa5c12e2d7e5421aaa27a9b4c1e4	sha256:a5ff4d20e4bad0d5abb19a07de207a6a6b8cb3f83b71a65fadd1f1cdf6e85af2
11090	development	3268d5e468cc329e4d4a232da1cf77d7e5d0fbde	b46982ff5f611b5b6434a417281c0a24a3068a65	sha256:fbef43c5e080144666fca9a504f6f167222c11405afd3e79ebc8f1292d710f3f
11095	development	5af7b4257b81ec829498471fda819125fe4c334b	85cd77f095ba574d120d6ffc98e3a8b17301694e	sha256:33f19cb1320995443b4e79ce8bfd2cfab5c480cb342225244e70d9a7cd5d7d09
11103	development	6606215bd3fbbe53938a10f9155b01efc5feb8f9	5e8ea340e75392246d34b540dba50ba70f41956d	sha256:94b4f8c2f0230b7808b2b97228cc02315a29f67ea1fa25b74cfb0e9603a7a0fe
11106	development	15020bfbbc5da75d3e23b1c34c9b9f2abf95f8b5	47a6913f308f0beb0f620a40b3c48d136ba98b4c	sha256:722194cda72b548bab0b8b4a51c57ee9faa4cc582eab9d02e048385a7fee88b8
11108	development	0224c0474b450fde54c05be321196867cc255619	b50bc2ceb867df6eaa5c78a13d13e484494dbeb2	sha256:e5841926b046832d28df0d5868d6bbe23703e12f36e1c6692e72619757561b49
11109	development	8b8c13e97be98b55b603102f018ae0a984238ab1	8685bd2ded855acfcb4c3a462b7f135481fb9c87	sha256:a4739d9050b31d8ee4a799927b130e45ad57825755bc8c7b70ed42c31f03560d
11111	development	656058b7a55366eb0ea48aed10f82379e8507cec	0a20163105d7cb820288508a0b3731a1a72d3cd3	sha256:e8799f168647387d4e020c5b2135f06b47b3134f06de038198e7c52bcf2dcb4e
11112	development	85cd77f095ba574d120d6ffc98e3a8b17301694e	6606215bd3fbbe53938a10f9155b01efc5feb8f9	sha256:c7d012ef04fc850e2e3760c97487f777a9073804bb3e144ced8eb2c0be324e84
11114	locked	e8203c4836b0596c1db18dfe334d89cc471ec970	6606215bd3fbbe53938a10f9155b01efc5feb8f9	sha256:e9d19cd5cb6e06b83399277def26db5e5c8d6fca8a779ecb1a995c8c960000b0
11115	development	a3cfd55419ebb0a096bbb747e8f1a427a4b8210e	7410ecc7f0c050caa00e5b9b4e3d542850dc6417	sha256:36eb2fbd23894529874a4dc2f842c99893f4d822b2fc3235cef54d96a17d4e3e
11118	development	6aa2f671cb419e3d9677a1eeed360a241a5f9b22	7344d6fb526004b1eeee560dde9f809914d7cdac	sha256:b6f6d0288cb508f717329e2fe085a5f9849ccbeb60181b15f12e4ca00901e5ca
11119	development	91140d098b869114cecbd94a1cef277ca73783b8	29fa00319821dc99e799392f7d2a10082a94f80e	sha256:d047d0e67fa56a8cf8adcffd577fa9f638da523f0f0c4993d8309f4d40efa06d
11121	locked	086ecb70a692ccb0fafcbb2bc41c8dcb77b0b88a	79bffd84d0c1d8f688c3e58273b98f633641edb7	sha256:f98e672acdfd14f152cc6e5413aa39e0d1920d1f25b553b295658bd76e2595af
11122	development	8eb3b89db5b88d1e1b6411ea1f77d0120fe507a0	9bb88afc7c2e4813f047a20b1ed90adffb4679c7	sha256:5c1966da81eb8c5053d7681ea950bb8dc75b2b035ff05382759f693aa2ce3a26
11124	development	bd0bca2250657ea51e0106c94638a10e9cba18eb	31640d9ef41ce18482584b75ac41788c0c619b86	sha256:05de82e404a63a6e13c0a08208ea6941a2320ce76091a4da2ce73411cb9184c5
11127	development	28993ee28d4d5f2dc1fba1acbb4cf4eec03bebdd	b1ed17674b6c2e1c2ffb60ce88a21066d22fc723	sha256:e0dae167905f495e74dc6ff5ca52920753c6e70a6205a012b66b0fea4a743b28
11128	development	9bb88afc7c2e4813f047a20b1ed90adffb4679c7	3a29a5e0bf82e271ac9b535395580fe88da3f01b	sha256:46298e4bd42c112ac29b89e90f993f33436bd757dea16e99b414960c396b17b5
11129	locked	08248763b2d4f5c91b598d7fc23cc4b31d5f3b21	96e8c4e0284f089cd59c759a2596ed670506896a	sha256:fe51e03c0db33444148f57eceb1bc6d54429f3ecfc97226661c3df86175e97c8
11133	locked	96e8c4e0284f089cd59c759a2596ed670506896a	e9b1525b23168c0865ebf4928bf811b17ac213f2	sha256:1d3c2a31978f8c9b696f23a393e73750b2a0aeaba7139d0c90858bb2cf612ffc
11136	development	7663d86e3ccebd3edb9531711b1dc535e9a5da4a	b1dfccdde70e2ee68aaccbd73b0eab3e4f9249fd	sha256:f6c90b5caa419fcd0d1b9394a3a10fc0c0900676e380bd0ea1df15f46299a055
11137	development	7663d86e3ccebd3edb9531711b1dc535e9a5da4a	b1dfccdde70e2ee68aaccbd73b0eab3e4f9249fd	sha256:5742b96790e3c3d13658b6a86c1a40486d4a2526e4669c55de82220e32b653bc
11150	development	8d06cfb6a4344c5f531980bbec5bcd643daf8cb2	28993ee28d4d5f2dc1fba1acbb4cf4eec03bebdd	sha256:710214d19dbd74e00a0e4f19dafb90a1a4259d7332f78e4333e553d7e65ce626
11151	development	6dd6399069cda82ada70de84a3548f4e2cc90d8b	3168c986aa11e18a8bd30f52c270f609e49b3815	sha256:c16a53860eccec58fb85be36ee18d45ba37566562def3b57cc87a5a9708150be
11152	development	1f8b74df6e7a7124173329f2284d19865e1a655a	a8b624381f65ef6461c492d9caad61c2c89d344c	sha256:cb26750f10a09ff833a498c37a0746196aa0978c934420340e1ca34870006d59
11153	development	91cdbe16d34d5b23c2c21079cd2645c809d22982	aa43f626d9d0f2ba6f4523b872791f7e4cf64462	sha256:e0210b3d5b881db3b65338192e9d81eda67efa27f60f2089ede3ce8733719228
11155	development	c6b57e71e018dafe3c7af55025400476f04a3775	addaae293317b2934f71da3551ae10ac7b37cb1b	sha256:0bea025c63c1c389d10f8338cdaba493df4d6ae1be06d06712ceb70402bf3738
11157	locked	83834158a4e4337527545173f368ca834ce065b0	b1262b956b8aef221ad35808d5335ddf0ca4a743	sha256:286d14b40d1db96a1d826b0522e4e8a850443617cc5692efabe5374facc5a0a8
11161	locked	3c9fb988d3b8dd973ab7683e33ce326f09239286	addaae293317b2934f71da3551ae10ac7b37cb1b	sha256:dc6eaa8d8e912857e8eeb08503fcad8d5578753d193c8fdb4931dc094e74130a
11162	development	84ed653281a10ba09ae50ec6372d78de79e39fc4	404434812366e63bee8a3d213a33d1e56875e72a	sha256:34caf076bfdb8750f5762ee393029f5dc1194e4da8cfedd02a5de2c333a6a7a7
11163	development	a53051a1b7ebedb379f5de96d30273eeb5e9d174	bdb6439838516a01caeebb71659bf7ae05af3e38	sha256:216862512ed01fa1079397be0b26707b9c22dd876b65a9817026178a3a8a255a
11164	development	3fe12be562b2b8d2526b5a7b8c7871a822299f2f	576bb74aa3b07359d5d27adae168c0353ae0717f	sha256:2613a3b67417dab49db2d1db253a81ed3132224bb5bf812c2c124274d9178f59
11166	locked	aa8978ee14f518a2e046e172aeae5d25611203e1	518f5813bf3e37581e52830fa9326cd659b58549	sha256:b708a27cdf2bac1e1fda99478a971de8a0e842012c9f27805b670465326830ad
11167	locked	aa8978ee14f518a2e046e172aeae5d25611203e1	475e6a00dce98c1da167d43c5625054abec3fba0	sha256:1600291b50152ef800e71a7b435488ca4f5acb89ab5054fb818f4ace27ea74b2
11168	locked	8c0a84a9ef7e548e6e4118a77e5c813e22a0ccf9	581cc75111dfbc21bb97e0e57cdaab6fcdc4b2fc	sha256:1b180607951f096263a40406779d598e566648985bc54104959d938425094f2d
11169	locked	0f4b25d218ec1eab49e3683179ca32687e22f1d4	086ecb70a692ccb0fafcbb2bc41c8dcb77b0b88a	sha256:69bb1e1b7d14800c2fbbdd4f48ab056a690c121030ecbc4fd486ee75b8aa4723
11170	locked	0f4b25d218ec1eab49e3683179ca32687e22f1d4	086ecb70a692ccb0fafcbb2bc41c8dcb77b0b88a	sha256:84b2cc7193aca744bf8ddef9214507c869190d4f10eadabb239421543d54cc59
11171	development	9f5bd0812bbf670b0a0855db3cf60f518b929483	23232df3b049f97f2ed228f831861982d874ee0b	sha256:8a36083bb1d544cf4fa972294a69ab9a04a1e9f5a3f0278850b394b144967662
11172	locked	f50f54311c66bc3fd0658ea00e0bba3eae5adf0d	cb16ca9344e9ab31efdbb72bfed1f6d6691c0ce0	sha256:ed97891168738b217eb383e47c7ff23bb51d385b4165ce0972d87b65a993bc79
11173	locked	63ec45f5fb105ad1eef867e6dc62c7edfcde756c	13a84cfa67fcd8a3d2f78116ed5ce494a695352b	sha256:a47a3d650a00d85fdbe3f4d507754c7fbd6d790abbff6784ec17320194d9112b
11174	locked	1f65dfd89ee0adb30249e93528418d6bc63c2529	aa8978ee14f518a2e046e172aeae5d25611203e1	sha256:b7f71f5e12c008a10d10f281d1e56e49f9f234c15df0b59085c58e5d37c61409
11175	locked	8ceb58980af6c707ad1d91d6a2fc52db6cc2146d	9856bc6aeb77b2c347eadf0e43f878b13c9f60f0	sha256:2aceb1be5e476a6457b91ac20e8924a237e3c14ea1f98b98935e3d8ca07e1638
11176	development	aa43f626d9d0f2ba6f4523b872791f7e4cf64462	33e4e0930f8a70ac9a0f6340518ce3d9647b405c	sha256:cba9f0c5c1bdb34790291da5ed4fe6578777fa40c2c40cf0c364b475d435d9b5
11178	development	bdb6439838516a01caeebb71659bf7ae05af3e38	23563881d75e2858324cf1198a32e7dcd96e7367	sha256:18a9fa2b3cba0395d4f4994c7f9463a42d48403c71fd08d28709482346fc4ed9
11179	locked	5ccd4951c54ed111fe45e648fdcba9f35084d839	bc558122b9ca0a680aac1b70191d26b151b30bf9	sha256:bc207d6b56e6f3a8962d5cb1c849e1fd551e787efb147afec0185821907e51a3
11180	locked	d3d8b6416307fcf9e53345cb83eb7a769ba208f8	73ee3b8a245ce16664eae200a4c02204dcf51646	sha256:0c9e6d0fa47fe26cf448892268dc879dd631611670472c178c3cbf414d808fa2
11186	development	3e3f2a876b6eb5b7c3cb7c802bb6bdf8c5747bd2	3c2bef7e8ddf2e5b6c957ff213897b9c6c784e87	sha256:dbd5de7512f74e0d936b3fdc49a572f548b319b30c640d5bb05df36ccd17507d
11193	locked	e8203c4836b0596c1db18dfe334d89cc471ec970	652ff38b5d97e9239eef7330b03318c15a1d0108	sha256:af4bd0dc0f5839fe6dab077d8972351d9e81f476af1361a58b2157dcc5c5aef1
11194	development	3168c986aa11e18a8bd30f52c270f609e49b3815	a53051a1b7ebedb379f5de96d30273eeb5e9d174	sha256:9a6613f93bd724bddcefdbb4448c55ec9e6cd707c370855dd3ec7f44bfc25c1b
11198	development	6c0de441c7441c56bcc933a71e0a43a5a2527381	8e2b053dfa9d6e14d817f2a500b19761c56d4254	sha256:5c36a662ae79355cfe3d781c7052328c29a654e13937a5743264b9f080b8d49c
11199	development	67898d1470235506ddda4771bad6c13aca9b5f6c	6c0de441c7441c56bcc933a71e0a43a5a2527381	sha256:4574ed73cc3174b10040c2e24e7955e0a6f99f8e29977f385d05bd0c6acd1114
11200	development	3551012941110b10c45253051aea130a07e43af9	09eb5f07b5cdf3152f59167a05d295cea82c5bbf	sha256:b3c9f9f19250318112c3d7ca3c60db6c8042927e05c0f094d98594b12830bb8c
11201	development	581a122fb4552376fb3b0884059104b09cb02585	594aa7afa88a01275e95df9af562d54ea31af2f1	sha256:59a5d61a3dc4054cf274a92782580a6fbac0557a96093f0b33de577d8eb32472
11202	development	595979a08949f40a45c8365782c2d2732f8ec99b	581a122fb4552376fb3b0884059104b09cb02585	sha256:ba78ca22b24656e15ae063efdb5f2314e2a7bb80619230d2253098c4a5075cd5
11203	development	311e9a8c44a80e8202751d8e693067cad64584bd	595979a08949f40a45c8365782c2d2732f8ec99b	sha256:96b291e98301008a8f57bf5dff16ba4e960df0d0c540cadf9abe98684acf36d6
11204	locked	94e81c847c82d9114fcad3470d718c372359b4b3	3551012941110b10c45253051aea130a07e43af9	sha256:9efcad8918fd200b69fc6bbf5215ed9fd40ca4c38e9bf2e17cb230f360bad1ef
11208	development	576bb74aa3b07359d5d27adae168c0353ae0717f	0738dd4d2d17ea9af3819f9e0843ca1fc8867f96	sha256:23d2d2803f7fe8026ecebc36b87a4dd3456de141558916a04399966d3510d6e9
11212	locked	bce6f4f2128809e15c96bd6e8a59b2a6fadce43d	8c0a84a9ef7e548e6e4118a77e5c813e22a0ccf9	sha256:329d59ebaed55ed17249d7d483ba25e0eeeaff84434bfb42d45cb0727a633891
11213	locked	27f24ae96687fbaa3cb4ae086c8a3c0f91c23391	a32a91947112860473b97d00c3f6c6be4813c70e	sha256:837df35794bebdcace1bbd1b66e42c5479ad4330d3b7012b163f233f5e570109
11214	locked	d5341998795311a075b0c8bd779be31902d9a7ef	f50f54311c66bc3fd0658ea00e0bba3eae5adf0d	sha256:65afc37079dd1eb14a995724ded1d9e96042e436b9fada9aa5df9b4dae1bd410
