start_utc,end_utc,observed_seconds,kind
2026-09-20T23:00:36.022Z,2026-09-20T23:00:36.695Z,0.6729998588562012,command call
2026-09-20T23:00:48.333Z,2026-09-20T23:00:49.252Z,0.9190001487731934,command call
2026-09-20T23:00:55.011Z,2026-09-20T23:00:56.014Z,1.003000020980835,command call
2026-09-20T23:01:07.615Z,2026-09-20T23:01:07.735Z,0.11999988555908203,command call
2026-09-20T23:01:17.868Z,2026-09-20T23:01:17.935Z,0.06699991226196289,command call
2026-09-20T23:01:35.397Z,2026-09-20T23:01:37.097Z,1.6999998092651367,command call
2026-09-20T23:01:56.943Z,2026-09-20T23:01:58.593Z,1.6499998569488525,command call
2026-09-20T23:04:29.210Z,2026-09-20T23:04:30.515Z,1.3050000667572021,command call
2026-09-20T23:04:52.653Z,2026-09-20T23:04:53.878Z,1.2249999046325684,command call
2026-09-20T23:05:31.606Z,2026-09-20T23:05:31.698Z,0.09200000762939453,command call
2026-09-20T23:06:20.418Z,2026-09-20T23:06:21.583Z,1.1649999618530273,command call
2026-09-20T23:06:26.761Z,2026-09-20T23:06:26.934Z,0.17300009727478027,explicit wait
2026-09-20T23:07:38.602Z,2026-09-20T23:07:39.767Z,1.1649999618530273,command call
2026-09-20T23:08:31.478Z,2026-09-20T23:08:32.645Z,1.1670000553131104,explicit wait
2026-09-20T23:09:51.181Z,2026-09-20T23:09:52.352Z,1.1710000038146973,explicit wait
2026-09-20T23:10:43.547Z,2026-09-20T23:10:44.714Z,1.1670000553131104,explicit wait
2026-09-20T23:10:55.777Z,2026-09-20T23:10:55.907Z,0.13000011444091797,explicit wait
2026-09-20T23:12:15.663Z,2026-09-20T23:12:16.830Z,1.1669998168945312,command call
2026-09-20T23:13:01.254Z,2026-09-20T23:13:02.420Z,1.1660001277923584,explicit wait
2026-09-20T23:13:28.418Z,2026-09-20T23:13:29.386Z,0.9679999351501465,explicit wait
2026-09-20T23:26:47.272Z,2026-09-20T23:26:48.314Z,1.0419998168945312,command call
2026-09-20T23:27:15.943Z,2026-09-20T23:27:17.075Z,1.1319999694824219,command call
2026-09-20T23:27:31.198Z,2026-09-20T23:27:31.272Z,0.07400012016296387,command call
2026-09-20T23:27:56.644Z,2026-09-20T23:27:57.806Z,1.1619999408721924,command call
2026-09-20T23:28:13.519Z,2026-09-20T23:28:14.985Z,1.4659998416900635,explicit wait
2026-09-20T23:28:38.668Z,2026-09-20T23:28:39.142Z,0.4739999771118164,command call
2026-09-20T23:29:25.882Z,2026-09-20T23:29:26.770Z,0.8880000114440918,command call
2026-09-20T23:29:37.465Z,2026-09-20T23:29:37.539Z,0.07400012016296387,command call
2026-09-20T23:30:03.533Z,2026-09-20T23:30:04.278Z,0.7450001239776611,command call
2026-09-20T23:30:34.034Z,2026-09-20T23:30:34.167Z,0.13300013542175293,command call
2026-09-20T23:31:06.645Z,2026-09-20T23:31:08.526Z,1.88100004196167,command call
2026-09-20T23:31:44.260Z,2026-09-20T23:31:45.495Z,1.2349998950958252,command call
2026-09-20T23:31:56.972Z,2026-09-20T23:31:57.079Z,0.10700011253356934,explicit wait
2026-09-20T23:34:31.420Z,2026-09-20T23:34:32.491Z,1.0709998607635498,command call
2026-09-20T23:37:33.308Z,2026-09-20T23:37:33.863Z,0.554999828338623,command call
2026-09-20T23:37:41.694Z,2026-09-20T23:37:41.774Z,0.07999992370605469,command call
2026-09-20T23:37:50.082Z,2026-09-20T23:37:50.200Z,0.11800003051757812,command call
2026-09-20T23:38:13.675Z,2026-09-20T23:38:14.752Z,1.0770001411437988,command call
2026-09-20T23:41:30.842Z,2026-09-20T23:41:32.147Z,1.3050000667572021,command call
2026-09-20T23:41:40.939Z,2026-09-20T23:41:45.997Z,5.058000087738037,explicit wait
2026-09-20T23:42:02.788Z,2026-09-20T23:42:02.911Z,0.12299990653991699,explicit wait
2026-09-20T23:46:20.189Z,2026-09-20T23:46:20.278Z,0.08900022506713867,command call
2026-09-20T23:46:34.347Z,2026-09-20T23:46:35.105Z,0.7580001354217529,command call
2026-09-20T23:46:51.734Z,2026-09-20T23:46:54.345Z,2.6110000610351562,command call
2026-09-20T23:47:42.759Z,2026-09-20T23:47:42.962Z,0.20299983024597168,command call
2026-09-20T23:48:03.001Z,2026-09-20T23:48:03.107Z,0.10600018501281738,command call
2026-09-20T23:49:41.018Z,2026-09-20T23:49:42.190Z,1.1720001697540283,command call
2026-09-20T23:50:15.095Z,2026-09-20T23:50:15.724Z,0.6289999485015869,explicit wait
2026-09-20T23:50:46.659Z,2026-09-20T23:50:46.856Z,0.19700002670288086,command call
2026-09-20T23:50:53.355Z,2026-09-20T23:50:54.520Z,1.1649999618530273,command call
2026-09-20T23:51:36.657Z,2026-09-20T23:51:38.444Z,1.7869999408721924,explicit wait
2026-09-20T23:52:10.461Z,2026-09-20T23:52:11.634Z,1.1730000972747803,explicit wait
2026-09-20T23:52:24.335Z,2026-09-20T23:52:24.445Z,0.1099998950958252,explicit wait
2026-09-21T01:56:59.682Z,2026-09-21T01:56:59.819Z,0.13700008392333984,command call
2026-09-21T01:57:13.927Z,2026-09-21T01:57:14.031Z,0.10399985313415527,command call
2026-09-21T01:57:30.015Z,2026-09-21T01:57:30.148Z,0.13299989700317383,command call
2026-09-21T01:57:43.122Z,2026-09-21T01:57:43.186Z,0.06400012969970703,command call
2026-09-21T01:58:08.875Z,2026-09-21T01:58:08.992Z,0.11700010299682617,command call
2026-09-21T01:58:27.595Z,2026-09-21T01:58:27.708Z,0.11299991607666016,command call
2026-09-21T02:01:13.528Z,2026-09-21T02:01:13.665Z,0.13699984550476074,command call
2026-09-21T02:01:32.779Z,2026-09-21T02:01:36.391Z,3.611999988555908,command call
2026-09-21T02:02:07.086Z,2026-09-21T02:02:07.227Z,0.14100003242492676,command call
2026-09-21T02:02:59.404Z,2026-09-21T02:03:00.670Z,1.2660000324249268,command call
2026-09-21T02:03:37.962Z,2026-09-21T02:03:38.915Z,0.9530000686645508,command call
2026-09-21T02:05:33.256Z,2026-09-21T02:05:34.427Z,1.1710000038146973,command call
2026-09-21T02:06:15.144Z,2026-09-21T02:06:15.810Z,0.6659998893737793,explicit wait
2026-09-21T02:10:04.707Z,2026-09-21T02:10:04.798Z,0.09100008010864258,command call
2026-09-21T02:11:10.127Z,2026-09-21T02:11:11.295Z,1.1679999828338623,command call
2026-09-21T02:11:55.251Z,2026-09-21T02:11:56.952Z,1.7009999752044678,explicit wait
2026-09-21T02:12:26.208Z,2026-09-21T02:12:26.343Z,0.13499999046325684,explicit wait
2026-09-21T02:13:05.878Z,2026-09-21T02:13:07.129Z,1.250999927520752,command call
2026-09-21T02:13:16.590Z,2026-09-21T02:13:17.140Z,0.5500001907348633,explicit wait
2026-09-21T02:13:29.154Z,2026-09-21T02:13:30.315Z,1.1610000133514404,command call
2026-09-21T02:13:55.415Z,2026-09-21T02:13:58.363Z,2.947999954223633,explicit wait
2026-09-21T02:14:06.589Z,2026-09-21T02:14:06.680Z,0.09100008010864258,explicit wait
2026-09-21T02:18:53.046Z,2026-09-21T02:18:54.496Z,1.4500000476837158,command call
2026-09-21T02:20:04.458Z,2026-09-21T02:20:05.620Z,1.1619999408721924,command call
2026-09-21T02:20:10.058Z,2026-09-21T02:20:10.143Z,0.08499979972839355,explicit wait
2026-09-21T02:20:13.724Z,2026-09-21T02:20:14.886Z,1.1619999408721924,command call
2026-09-21T02:20:18.483Z,2026-09-21T02:20:18.533Z,0.04999995231628418,explicit wait
2026-09-21T02:20:22.867Z,2026-09-21T02:20:24.029Z,1.1619999408721924,command call
2026-09-21T02:20:27.815Z,2026-09-21T02:20:27.819Z,0.003999948501586914,explicit wait
2026-09-21T02:20:31.723Z,2026-09-21T02:20:32.886Z,1.1629998683929443,command call
2026-09-21T02:20:35.429Z,2026-09-21T02:20:35.494Z,0.06500005722045898,explicit wait
2026-09-21T02:20:39.492Z,2026-09-21T02:20:40.655Z,1.1629998683929443,command call
2026-09-21T02:20:43.567Z,2026-09-21T02:20:43.588Z,0.021000146865844727,explicit wait
2026-09-21T02:20:49.542Z,2026-09-21T02:20:50.704Z,1.1619999408721924,command call
2026-09-21T02:21:01.456Z,2026-09-21T02:21:01.978Z,0.5219998359680176,explicit wait
2026-09-21T02:21:15.235Z,2026-09-21T02:21:17.967Z,2.7320001125335693,command call
2026-09-21T02:22:42.496Z,2026-09-21T02:22:45.220Z,2.7239999771118164,command call
2026-09-21T02:23:03.650Z,2026-09-21T02:23:05.111Z,1.4609999656677246,command call
2026-09-21T02:23:21.659Z,2026-09-21T02:23:22.514Z,0.8550000190734863,command call
2026-09-21T02:23:28.812Z,2026-09-21T02:23:28.907Z,0.09500002861022949,command call
2026-09-21T02:23:33.877Z,2026-09-21T02:23:33.946Z,0.0690000057220459,command call
2026-09-21T02:23:38.670Z,2026-09-21T02:23:38.737Z,0.06699991226196289,command call
2026-09-21T02:24:19.752Z,2026-09-21T02:24:22.395Z,2.6429998874664307,command call
2026-09-21T02:24:49.534Z,2026-09-21T02:24:52.731Z,3.197000026702881,command call
2026-09-21T02:25:40.024Z,2026-09-21T02:25:43.522Z,3.498000144958496,command call
2026-09-21T02:28:16.389Z,2026-09-21T02:28:16.475Z,0.08599996566772461,command call
2026-09-21T02:29:42.217Z,2026-09-21T02:29:43.387Z,1.1700000762939453,command call
2026-09-21T02:29:50.068Z,2026-09-21T02:29:55.072Z,5.003999948501587,explicit wait
2026-09-21T02:30:17.897Z,2026-09-21T02:30:18.403Z,0.5060000419616699,explicit wait
2026-09-21T02:31:26.138Z,2026-09-21T02:31:27.303Z,1.1649999618530273,command call
2026-09-21T02:31:36.752Z,2026-09-21T02:31:41.758Z,5.005999803543091,explicit wait
2026-09-21T02:31:55.104Z,2026-09-21T02:32:00.108Z,5.003999948501587,explicit wait
2026-09-21T02:33:09.757Z,2026-09-21T02:33:09.851Z,0.09400010108947754,command call
2026-09-21T02:33:14.652Z,2026-09-21T02:33:19.657Z,5.005000114440918,explicit wait
2026-09-21T02:33:29.677Z,2026-09-21T02:33:31.577Z,1.8999998569488525,explicit wait
2026-09-21T02:33:36.816Z,2026-09-21T02:33:37.978Z,1.1619999408721924,command call
2026-09-21T02:33:45.469Z,2026-09-21T02:33:46.913Z,1.444000005722046,command call
2026-09-21T02:34:07.938Z,2026-09-21T02:34:09.340Z,1.4019999504089355,explicit wait
2026-09-21T02:34:15.751Z,2026-09-21T02:34:16.914Z,1.1630001068115234,command call
2026-09-21T02:34:59.429Z,2026-09-21T02:35:04.435Z,5.00600004196167,explicit wait
2026-09-21T02:35:18.334Z,2026-09-21T02:35:23.775Z,5.440999984741211,explicit wait
2026-09-21T02:35:33.447Z,2026-09-21T02:35:34.613Z,1.1659998893737793,command call
2026-09-21T02:35:54.181Z,2026-09-21T02:35:54.249Z,0.06800007820129395,explicit wait
2026-09-21T02:36:00.094Z,2026-09-21T02:36:01.256Z,1.1619999408721924,command call
2026-09-21T02:36:09.618Z,2026-09-21T02:36:09.723Z,0.10500001907348633,explicit wait
2026-09-21T02:37:21.212Z,2026-09-21T02:37:22.377Z,1.1650002002716064,command call
2026-09-21T02:39:10.539Z,2026-09-21T02:39:10.792Z,0.25300002098083496,explicit wait
2026-09-21T02:39:49.878Z,2026-09-21T02:39:51.396Z,1.5179998874664307,command call
2026-09-21T02:40:16.653Z,2026-09-21T02:40:17.820Z,1.1669998168945312,command call
2026-09-21T02:40:23.961Z,2026-09-21T02:40:28.026Z,4.065000057220459,explicit wait
2026-09-21T02:40:46.305Z,2026-09-21T02:40:48.738Z,2.432999849319458,command call
2026-09-21T02:41:03.672Z,2026-09-21T02:41:06.311Z,2.639000177383423,command call
2026-09-21T02:41:18.306Z,2026-09-21T02:41:19.217Z,0.9110000133514404,command call
2026-09-21T02:41:33.552Z,2026-09-21T02:41:35.429Z,1.876999855041504,command call
2026-09-21T02:41:54.557Z,2026-09-21T02:41:55.720Z,1.1630001068115234,command call
2026-09-21T02:42:11.366Z,2026-09-21T02:42:12.537Z,1.1710000038146973,explicit wait
2026-09-21T02:42:33.217Z,2026-09-21T02:42:35.292Z,2.075000047683716,command call
2026-09-21T02:43:08.271Z,2026-09-21T02:43:08.404Z,0.13300013542175293,explicit wait
2026-09-21T02:45:49.078Z,2026-09-21T02:45:49.659Z,0.5809998512268066,command call
2026-09-21T02:45:56.828Z,2026-09-21T02:45:56.910Z,0.0820000171661377,command call
2026-09-21T02:46:06.964Z,2026-09-21T02:46:07.059Z,0.09500002861022949,command call
2026-09-21T02:46:18.697Z,2026-09-21T02:46:18.834Z,0.13700008392333984,command call
2026-09-21T02:46:24.464Z,2026-09-21T02:46:24.547Z,0.08299994468688965,command call
2026-09-21T02:46:42.570Z,2026-09-21T02:46:48.430Z,5.860000133514404,command call
2026-09-21T02:47:04.377Z,2026-09-21T02:47:05.539Z,1.1619999408721924,command call
2026-09-21T02:47:23.654Z,2026-09-21T02:47:28.709Z,5.055000066757202,explicit wait
2026-09-21T02:47:34.602Z,2026-09-21T02:47:39.681Z,5.078999996185303,explicit wait
2026-09-21T02:47:46.373Z,2026-09-21T02:47:46.468Z,0.09500002861022949,command call
2026-09-21T02:47:52.510Z,2026-09-21T02:47:52.608Z,0.09800004959106445,command call
2026-09-21T02:48:00.217Z,2026-09-21T02:48:00.320Z,0.10299992561340332,explicit wait
2026-09-21T02:48:12.663Z,2026-09-21T02:48:12.754Z,0.09099984169006348,command call
2026-09-21T02:48:44.129Z,2026-09-21T02:48:45.289Z,1.1600000858306885,command call
2026-09-21T02:49:40.770Z,2026-09-21T02:49:45.839Z,5.069000005722046,explicit wait
2026-09-21T02:49:54.589Z,2026-09-21T02:49:54.667Z,0.07800006866455078,command call
2026-09-21T02:50:08.749Z,2026-09-21T02:50:08.824Z,0.07499980926513672,explicit wait
2026-09-21T02:50:17.338Z,2026-09-21T02:50:17.439Z,0.10099983215332031,command call
2026-09-21T02:50:42.307Z,2026-09-21T02:50:43.469Z,1.1620001792907715,command call
2026-09-21T02:51:03.306Z,2026-09-21T02:51:05.565Z,2.259000062942505,command call
2026-09-21T02:51:20.469Z,2026-09-21T02:51:20.576Z,0.10699987411499023,command call
2026-09-21T02:51:32.431Z,2026-09-21T02:51:32.553Z,0.12199997901916504,explicit wait
2026-09-21T02:52:10.749Z,2026-09-21T02:52:11.920Z,1.1710000038146973,command call
2026-09-21T02:52:34.509Z,2026-09-21T02:52:34.646Z,0.13699984550476074,command call
2026-09-21T02:52:54.171Z,2026-09-21T02:52:59.260Z,5.08899998664856,explicit wait
2026-09-21T02:53:24.869Z,2026-09-21T02:53:25.530Z,0.6610000133514404,command call
2026-09-21T02:53:45.654Z,2026-09-21T02:53:46.899Z,1.244999885559082,command call
2026-09-21T02:54:04.674Z,2026-09-21T02:54:04.845Z,0.17100000381469727,command call
2026-09-21T02:54:47.668Z,2026-09-21T02:54:47.805Z,0.13700008392333984,command call
2026-09-21T02:55:00.430Z,2026-09-21T02:55:02.487Z,2.056999921798706,command call
2026-09-21T02:55:16.207Z,2026-09-21T02:55:17.211Z,1.003999948501587,command call
2026-09-21T02:55:41.164Z,2026-09-21T02:55:41.407Z,0.24300003051757812,command call
2026-09-21T02:55:59.327Z,2026-09-21T02:55:59.407Z,0.08000016212463379,command call
2026-09-21T02:56:49.080Z,2026-09-21T02:56:49.204Z,0.12400007247924805,command call
2026-09-21T02:56:59.263Z,2026-09-21T02:56:59.358Z,0.09500002861022949,command call
2026-09-21T02:57:13.558Z,2026-09-21T02:57:13.658Z,0.09999990463256836,command call
2026-09-21T02:57:23.733Z,2026-09-21T02:57:23.833Z,0.09999990463256836,command call
2026-09-21T02:57:47.361Z,2026-09-21T02:57:49.384Z,2.0230000019073486,command call
2026-09-21T02:58:03.932Z,2026-09-21T02:58:05.093Z,1.1610000133514404,command call
2026-09-21T02:58:35.781Z,2026-09-21T02:58:35.901Z,0.12000012397766113,command call
2026-09-21T02:58:46.714Z,2026-09-21T02:58:46.820Z,0.10599994659423828,command call
2026-09-21T02:59:00.424Z,2026-09-21T02:59:00.503Z,0.07899999618530273,command call
2026-09-21T02:59:12.384Z,2026-09-21T02:59:17.498Z,5.113999843597412,explicit wait
2026-09-21T02:59:30.282Z,2026-09-21T02:59:31.501Z,1.2189998626708984,command call
2026-09-21T02:59:50.132Z,2026-09-21T02:59:50.222Z,0.08999991416931152,command call
2026-09-21T03:00:39.668Z,2026-09-21T03:00:40.834Z,1.1660001277923584,command call
2026-09-21T03:00:51.000Z,2026-09-21T03:00:51.171Z,0.17100000381469727,command call
2026-09-21T03:01:03.937Z,2026-09-21T03:01:04.062Z,0.125,command call
2026-09-21T03:03:38.390Z,2026-09-21T03:03:38.515Z,0.125,command call
2026-09-21T03:04:15.073Z,2026-09-21T03:04:16.239Z,1.1660001277923584,command call
2026-09-21T03:04:23.052Z,2026-09-21T03:04:23.160Z,0.10800004005432129,command call
2026-09-21T03:04:35.650Z,2026-09-21T03:04:35.769Z,0.11899995803833008,command call
2026-09-21T03:04:44.781Z,2026-09-21T03:04:44.876Z,0.09500002861022949,command call
2026-09-21T03:04:56.578Z,2026-09-21T03:05:01.635Z,5.056999921798706,explicit wait
2026-09-21T03:06:00.357Z,2026-09-21T03:06:00.446Z,0.08899998664855957,explicit wait
2026-09-21T03:06:29.191Z,2026-09-21T03:06:30.358Z,1.1670000553131104,command call
2026-09-21T03:06:39.133Z,2026-09-21T03:06:39.304Z,0.17100000381469727,explicit wait
2026-09-21T03:06:57.242Z,2026-09-21T03:06:57.458Z,0.21599984169006348,command call
2026-09-21T03:07:09.561Z,2026-09-21T03:07:09.718Z,0.15699982643127441,command call
2026-09-21T03:08:41.852Z,2026-09-21T03:08:42.556Z,0.7039999961853027,command call
2026-09-21T03:09:14.538Z,2026-09-21T03:09:14.721Z,0.182999849319458,command call
2026-09-21T03:09:21.419Z,2026-09-21T03:09:21.520Z,0.10100007057189941,explicit wait
2026-09-21T03:09:38.134Z,2026-09-21T03:09:39.297Z,1.1629998683929443,command call
2026-09-21T03:10:18.090Z,2026-09-21T03:10:19.257Z,1.1670000553131104,command call
2026-09-21T03:10:51.921Z,2026-09-21T03:10:53.085Z,1.1640000343322754,command call
2026-09-21T03:11:10.179Z,2026-09-21T03:11:10.299Z,0.12000012397766113,command call
2026-09-21T03:11:36.403Z,2026-09-21T03:11:43.013Z,6.609999895095825,explicit wait
2026-09-21T03:11:53.180Z,2026-09-21T03:11:53.275Z,0.09500002861022949,command call
2026-09-21T03:12:19.728Z,2026-09-21T03:12:25.248Z,5.519999980926514,explicit wait
2026-09-21T03:12:52.015Z,2026-09-21T03:12:52.120Z,0.10499978065490723,command call
2026-09-21T03:13:28.763Z,2026-09-21T03:13:28.884Z,0.12100005149841309,explicit wait
2026-09-21T03:14:02.641Z,2026-09-21T03:14:03.808Z,1.1670000553131104,command call
2026-09-21T03:14:45.226Z,2026-09-21T03:14:45.374Z,0.14800000190734863,command call
2026-09-21T03:15:55.545Z,2026-09-21T03:15:55.676Z,0.13100004196166992,explicit wait
2026-09-21T03:16:20.021Z,2026-09-21T03:16:20.129Z,0.10800004005432129,command call
2026-09-21T03:17:03.915Z,2026-09-21T03:17:05.077Z,1.1619999408721924,command call
2026-09-21T03:17:27.861Z,2026-09-21T03:17:28.126Z,0.2649998664855957,command call
2026-09-21T03:18:15.107Z,2026-09-21T03:18:15.196Z,0.08899998664855957,command call
2026-09-21T03:18:46.082Z,2026-09-21T03:18:46.174Z,0.09200000762939453,command call
2026-09-21T03:19:27.905Z,2026-09-21T03:19:28.002Z,0.0970001220703125,command call
2026-09-21T03:19:57.407Z,2026-09-21T03:19:57.605Z,0.1979999542236328,command call
2026-09-21T03:20:21.971Z,2026-09-21T03:20:22.082Z,0.11100006103515625,command call
2026-09-21T03:20:49.551Z,2026-09-21T03:20:54.605Z,5.053999900817871,explicit wait
2026-09-21T03:21:45.080Z,2026-09-21T03:21:45.215Z,0.13499999046325684,command call
2026-09-21T03:22:31.313Z,2026-09-21T03:22:31.979Z,0.6660001277923584,explicit wait
2026-09-21T03:22:38.352Z,2026-09-21T03:22:39.514Z,1.1619999408721924,command call
2026-09-21T03:22:48.095Z,2026-09-21T03:22:48.206Z,0.11100006103515625,explicit wait
2026-09-21T03:23:18.185Z,2026-09-21T03:23:19.986Z,1.8010001182556152,command call
2026-09-21T03:26:34.094Z,2026-09-21T03:26:34.811Z,0.7170000076293945,command call
2026-09-21T03:26:54.411Z,2026-09-21T03:26:55.735Z,1.3239998817443848,command call
2026-09-21T03:27:06.100Z,2026-09-21T03:27:07.201Z,1.1010000705718994,command call
2026-09-21T03:27:27.449Z,2026-09-21T03:27:29.678Z,2.2290000915527344,command call
2026-09-21T03:27:41.217Z,2026-09-21T03:27:41.671Z,0.45399999618530273,command call
2026-09-21T03:28:06.616Z,2026-09-21T03:28:06.692Z,0.07599997520446777,command call
2026-09-21T03:28:32.739Z,2026-09-21T03:28:34.310Z,1.5709998607635498,command call
2026-09-21T03:29:45.204Z,2026-09-21T03:29:46.367Z,1.1630001068115234,command call
2026-09-21T03:30:14.600Z,2026-09-21T03:30:18.359Z,3.759000062942505,command call
2026-09-21T03:30:53.061Z,2026-09-21T03:31:03.227Z,10.16599988937378,command call
2026-09-21T03:31:09.252Z,2026-09-21T03:31:09.349Z,0.0969998836517334,command call
2026-09-21T03:31:20.525Z,2026-09-21T03:31:20.617Z,0.09200000762939453,explicit wait
2026-09-21T03:31:49.126Z,2026-09-21T03:31:52.671Z,3.5450000762939453,command call
2026-09-21T03:32:13.368Z,2026-09-21T03:32:13.475Z,0.10699987411499023,command call
2026-09-21T03:32:38.433Z,2026-09-21T03:32:38.534Z,0.10099983215332031,command call
2026-09-21T03:33:16.130Z,2026-09-21T03:33:17.293Z,1.1629998683929443,command call
2026-09-21T03:33:28.687Z,2026-09-21T03:33:28.772Z,0.08500003814697266,command call
2026-09-21T03:33:41.505Z,2026-09-21T03:33:41.596Z,0.09099984169006348,command call
2026-09-21T03:33:50.439Z,2026-09-21T03:33:50.533Z,0.09400010108947754,command call
2026-09-21T03:34:04.467Z,2026-09-21T03:34:04.552Z,0.08500003814697266,command call
2026-09-21T03:34:33.064Z,2026-09-21T03:34:34.235Z,1.1710000038146973,command call
2026-09-21T03:36:14.343Z,2026-09-21T03:36:14.418Z,0.07500004768371582,command call
2026-09-21T03:36:26.922Z,2026-09-21T03:36:27.004Z,0.0820000171661377,explicit wait
2026-09-21T03:36:50.110Z,2026-09-21T03:36:51.609Z,1.499000072479248,command call
2026-09-21T03:37:02.181Z,2026-09-21T03:37:03.344Z,1.1630001068115234,command call
2026-09-21T03:37:11.486Z,2026-09-21T03:37:11.555Z,0.0690000057220459,command call
2026-09-21T03:37:23.307Z,2026-09-21T03:37:23.425Z,0.11800003051757812,command call
2026-09-21T03:37:32.764Z,2026-09-21T03:37:32.833Z,0.0690000057220459,command call
2026-09-21T03:37:52.271Z,2026-09-21T03:37:52.385Z,0.11400008201599121,command call
2026-09-21T03:40:03.189Z,2026-09-21T03:40:04.433Z,1.2440001964569092,command call
2026-09-21T03:40:14.667Z,2026-09-21T03:40:14.779Z,0.1119999885559082,command call
2026-09-21T03:41:35.204Z,2026-09-21T03:41:35.353Z,0.14899992942810059,command call
2026-09-21T03:42:31.827Z,2026-09-21T03:42:32.485Z,0.6579999923706055,command call
2026-09-21T03:43:03.663Z,2026-09-21T03:43:04.903Z,1.2400000095367432,command call
2026-09-21T03:43:19.028Z,2026-09-21T03:43:19.136Z,0.10799980163574219,command call
2026-09-21T03:43:46.019Z,2026-09-21T03:43:46.110Z,0.09099984169006348,explicit wait
2026-09-21T03:44:08.614Z,2026-09-21T03:44:08.708Z,0.09399986267089844,command call
2026-09-21T03:44:41.898Z,2026-09-21T03:44:42.036Z,0.1380000114440918,command call
2026-09-21T03:45:19.602Z,2026-09-21T03:45:20.767Z,1.1649999618530273,command call
2026-09-21T03:45:39.602Z,2026-09-21T03:45:39.748Z,0.14599990844726562,command call
2026-09-21T03:47:18.346Z,2026-09-21T03:47:19.551Z,1.2050001621246338,command call
2026-09-21T03:47:36.844Z,2026-09-21T03:47:36.967Z,0.12299990653991699,command call
2026-09-21T03:47:52.237Z,2026-09-21T03:47:52.337Z,0.09999990463256836,command call
2026-09-21T03:48:55.219Z,2026-09-21T03:48:55.326Z,0.10699987411499023,explicit wait
2026-09-21T03:50:05.366Z,2026-09-21T03:50:05.450Z,0.0840001106262207,command call
2026-09-21T03:50:25.133Z,2026-09-21T03:50:25.267Z,0.13400006294250488,command call
2026-09-21T03:51:08.554Z,2026-09-21T03:51:08.648Z,0.09400010108947754,command call
2026-09-21T03:52:06.826Z,2026-09-21T03:52:07.931Z,1.1050000190734863,command call
2026-09-21T03:54:28.367Z,2026-09-21T03:54:29.529Z,1.1619999408721924,command call
2026-09-21T03:54:38.112Z,2026-09-21T03:54:38.194Z,0.0820000171661377,command call
2026-09-21T03:54:45.343Z,2026-09-21T03:54:45.437Z,0.09400010108947754,command call
2026-09-21T03:54:56.888Z,2026-09-21T03:54:56.968Z,0.07999992370605469,command call
2026-09-21T03:55:18.340Z,2026-09-21T03:55:18.687Z,0.3470001220703125,command call
2026-09-21T03:55:34.110Z,2026-09-21T03:55:34.227Z,0.11700010299682617,command call
2026-09-21T03:55:46.447Z,2026-09-21T03:55:46.557Z,0.1099998950958252,command call
2026-09-21T03:56:08.064Z,2026-09-21T03:56:13.631Z,5.567000150680542,explicit wait
2026-09-21T03:56:33.128Z,2026-09-21T03:56:33.237Z,0.10899996757507324,command call
2026-09-21T03:57:19.206Z,2026-09-21T03:57:19.298Z,0.09200000762939453,command call
2026-09-21T03:57:32.914Z,2026-09-21T03:57:33.100Z,0.18599987030029297,command call
2026-09-21T03:57:45.423Z,2026-09-21T03:57:46.584Z,1.1610000133514404,command call
2026-09-21T03:58:31.465Z,2026-09-21T03:58:31.585Z,0.12000012397766113,command call
2026-09-21T03:58:41.154Z,2026-09-21T03:58:41.306Z,0.15199995040893555,command call
2026-09-21T03:59:36.722Z,2026-09-21T03:59:36.833Z,0.11100006103515625,command call
2026-09-21T04:04:08.265Z,2026-09-21T04:04:09.048Z,0.7829999923706055,command call
2026-09-21T04:04:25.390Z,2026-09-21T04:04:25.655Z,0.2649998664855957,command call
2026-09-21T04:04:59.526Z,2026-09-21T04:05:00.689Z,1.1629998683929443,command call
2026-09-21T04:05:22.208Z,2026-09-21T04:05:22.433Z,0.22500014305114746,command call
2026-09-21T04:06:30.108Z,2026-09-21T04:06:32.507Z,2.3989999294281006,command call
2026-09-21T04:07:56.222Z,2026-09-21T04:07:56.339Z,0.11700010299682617,command call
2026-09-21T04:08:57.975Z,2026-09-21T04:08:59.107Z,1.132000207901001,command call
2026-09-21T04:10:46.634Z,2026-09-21T04:10:47.800Z,1.1659998893737793,command call
2026-09-21T04:13:17.977Z,2026-09-21T04:13:19.144Z,1.1670000553131104,command call
2026-09-21T04:17:47.081Z,2026-09-21T04:17:47.275Z,0.1940000057220459,command call
2026-09-21T04:18:01.839Z,2026-09-21T04:18:01.926Z,0.08700013160705566,command call
2026-09-21T04:18:14.103Z,2026-09-21T04:18:14.239Z,0.1360001564025879,command call
2026-09-21T04:18:25.789Z,2026-09-21T04:18:27.519Z,1.7300000190734863,command call
2026-09-21T04:18:38.497Z,2026-09-21T04:18:39.228Z,0.7309999465942383,command call
2026-09-21T04:19:08.230Z,2026-09-21T04:19:09.476Z,1.246000051498413,command call
2026-09-21T04:19:23.166Z,2026-09-21T04:19:24.381Z,1.2150001525878906,command call
2026-09-21T04:19:39.939Z,2026-09-21T04:19:40.092Z,0.1530001163482666,explicit wait
2026-09-21T04:19:51.837Z,2026-09-21T04:19:51.955Z,0.11800003051757812,command call
2026-09-21T04:20:39.972Z,2026-09-21T04:20:41.217Z,1.2450001239776611,command call
2026-09-21T04:20:55.295Z,2026-09-21T04:20:56.348Z,1.0529999732971191,command call
2026-09-21T04:21:11.871Z,2026-09-21T04:21:12.017Z,0.14599990844726562,command call
2026-09-21T04:21:26.386Z,2026-09-21T04:21:26.529Z,0.14300012588500977,command call
2026-09-21T04:21:51.685Z,2026-09-21T04:21:51.807Z,0.12199997901916504,command call
2026-09-21T04:22:11.494Z,2026-09-21T04:22:11.628Z,0.13400006294250488,command call
2026-09-21T04:22:24.908Z,2026-09-21T04:22:25.012Z,0.10400009155273438,command call
2026-09-21T04:22:36.700Z,2026-09-21T04:22:36.810Z,0.1099998950958252,command call
2026-09-21T04:22:49.024Z,2026-09-21T04:22:50.235Z,1.2109999656677246,command call
2026-09-21T04:23:20.150Z,2026-09-21T04:23:20.295Z,0.14499998092651367,command call
2026-09-21T04:23:26.304Z,2026-09-21T04:23:26.505Z,0.20100021362304688,command call
2026-09-21T04:24:01.794Z,2026-09-21T04:24:02.966Z,1.1720001697540283,command call
2026-09-21T04:24:46.804Z,2026-09-21T04:24:46.812Z,0.00800013542175293,command call
2026-09-21T04:24:52.640Z,2026-09-21T04:24:52.723Z,0.08299994468688965,command call
2026-09-21T04:25:32.937Z,2026-09-21T04:25:33.039Z,0.10199999809265137,command call
2026-09-21T04:25:44.236Z,2026-09-21T04:25:44.369Z,0.13299989700317383,command call
2026-09-21T04:26:17.561Z,2026-09-21T04:26:18.726Z,1.1649999618530273,command call
2026-09-21T04:26:27.210Z,2026-09-21T04:26:27.345Z,0.13499999046325684,command call
2026-09-21T04:26:46.089Z,2026-09-21T04:26:47.298Z,1.2090001106262207,command call
2026-09-21T04:27:56.842Z,2026-09-21T04:27:56.980Z,0.1380000114440918,command call
2026-09-21T04:28:05.267Z,2026-09-21T04:28:05.379Z,0.1119999885559082,command call
2026-09-21T04:29:10.801Z,2026-09-21T04:29:12.031Z,1.2299997806549072,command call
2026-09-21T04:29:25.300Z,2026-09-21T04:29:25.447Z,0.14700007438659668,command call
2026-09-21T04:29:41.851Z,2026-09-21T04:29:43.589Z,1.7379999160766602,command call
2026-09-21T04:30:09.970Z,2026-09-21T04:30:11.203Z,1.2330000400543213,command call
2026-09-21T04:30:25.748Z,2026-09-21T04:30:26.571Z,0.8230001926422119,command call
2026-09-21T04:30:44.391Z,2026-09-21T04:30:44.490Z,0.0989999771118164,command call
2026-09-21T04:31:11.219Z,2026-09-21T04:31:11.335Z,0.11599993705749512,command call
2026-09-21T04:31:39.206Z,2026-09-21T04:31:39.313Z,0.10699987411499023,command call
2026-09-21T04:31:51.559Z,2026-09-21T04:31:51.671Z,0.1119999885559082,command call
2026-09-21T04:32:00.237Z,2026-09-21T04:32:00.393Z,0.15599989891052246,command call
2026-09-21T04:32:09.342Z,2026-09-21T04:32:09.451Z,0.10899996757507324,command call
2026-09-21T04:32:38.972Z,2026-09-21T04:32:40.193Z,1.2210001945495605,command call
2026-09-21T04:33:11.534Z,2026-09-21T04:33:11.647Z,0.11300015449523926,command call
2026-09-21T04:33:39.482Z,2026-09-21T04:33:41.158Z,1.6759998798370361,command call
2026-09-21T04:33:56.419Z,2026-09-21T04:33:57.657Z,1.2380001544952393,command call
2026-09-21T04:34:14.091Z,2026-09-21T04:34:14.205Z,0.11399984359741211,command call
2026-09-21T04:34:37.660Z,2026-09-21T04:34:37.762Z,0.10199999809265137,command call
2026-09-21T04:35:48.126Z,2026-09-21T04:35:49.289Z,1.1630001068115234,command call
2026-09-21T04:36:14.155Z,2026-09-21T04:36:14.691Z,0.5360000133514404,explicit wait
2026-09-21T04:37:01.840Z,2026-09-21T04:37:03.002Z,1.1620001792907715,command call
2026-09-21T04:37:34.212Z,2026-09-21T04:37:36.148Z,1.936000108718872,command call
2026-09-21T04:38:35.442Z,2026-09-21T04:38:36.605Z,1.1630001068115234,command call
2026-09-21T04:39:01.014Z,2026-09-21T04:39:01.118Z,0.10400009155273438,command call
2026-09-21T04:40:15.877Z,2026-09-21T04:40:17.041Z,1.1639997959136963,command call
2026-09-21T04:40:40.047Z,2026-09-21T04:40:40.150Z,0.10300016403198242,explicit wait
2026-09-21T04:41:14.741Z,2026-09-21T04:41:15.975Z,1.2339999675750732,command call
2026-09-21T04:41:37.213Z,2026-09-21T04:41:37.310Z,0.0969998836517334,command call
2026-09-21T04:42:22.824Z,2026-09-21T04:42:24.011Z,1.187000036239624,command call
2026-09-21T04:42:49.045Z,2026-09-21T04:42:49.167Z,0.12199997901916504,explicit wait
2026-09-21T04:43:22.475Z,2026-09-21T04:43:23.635Z,1.1600000858306885,command call
2026-09-21T04:43:46.839Z,2026-09-21T04:43:46.952Z,0.11299991607666016,command call
2026-09-21T04:43:55.705Z,2026-09-21T04:43:55.797Z,0.09200000762939453,command call
2026-09-21T04:44:16.291Z,2026-09-21T04:44:16.407Z,0.11600017547607422,command call
2026-09-21T04:45:11.272Z,2026-09-21T04:45:11.375Z,0.10299992561340332,command call
2026-09-21T04:45:21.058Z,2026-09-21T04:45:21.162Z,0.10399985313415527,command call
2026-09-21T04:45:27.946Z,2026-09-21T04:45:28.071Z,0.125,command call
2026-09-21T04:47:01.304Z,2026-09-21T04:47:02.408Z,1.1040000915527344,command call
2026-09-21T04:47:15.783Z,2026-09-21T04:47:15.910Z,0.127000093460083,command call
2026-09-21T04:48:37.832Z,2026-09-21T04:48:38.995Z,1.1629998683929443,command call
2026-09-21T04:49:00.122Z,2026-09-21T04:49:00.247Z,0.125,command call
2026-09-21T04:49:07.734Z,2026-09-21T04:49:07.852Z,0.11800003051757812,command call
2026-09-21T04:49:37.728Z,2026-09-21T04:49:37.869Z,0.14100003242492676,command call
2026-09-21T04:50:23.691Z,2026-09-21T04:50:24.856Z,1.1649999618530273,command call
2026-09-21T04:50:51.798Z,2026-09-21T04:50:51.930Z,0.13199996948242188,command call
2026-09-21T04:51:46.687Z,2026-09-21T04:51:47.520Z,0.8329999446868896,command call
2026-09-21T04:52:34.040Z,2026-09-21T04:52:35.203Z,1.1630001068115234,command call
2026-09-21T04:52:59.449Z,2026-09-21T04:52:59.550Z,0.10100007057189941,command call
2026-09-21T04:53:19.296Z,2026-09-21T04:53:19.471Z,0.17499995231628418,command call
2026-09-21T04:54:21.772Z,2026-09-21T04:54:22.940Z,1.1679999828338623,command call
2026-09-21T04:54:53.150Z,2026-09-21T04:54:53.256Z,0.10599994659423828,command call
2026-09-21T04:55:00.536Z,2026-09-21T04:55:00.680Z,0.14400005340576172,command call
2026-09-21T04:55:11.196Z,2026-09-21T04:55:11.354Z,0.15799999237060547,command call
2026-09-21T04:55:45.152Z,2026-09-21T04:55:46.043Z,0.8910000324249268,command call
2026-09-21T04:59:24.055Z,2026-09-21T04:59:24.166Z,0.11099982261657715,command call
2026-09-21T04:59:32.575Z,2026-09-21T04:59:32.687Z,0.1119999885559082,command call
2026-09-21T04:59:36.532Z,2026-09-21T04:59:36.651Z,0.11899995803833008,command call
2026-09-21T04:59:42.528Z,2026-09-21T04:59:42.620Z,0.09199976921081543,command call
2026-09-21T04:59:52.545Z,2026-09-21T04:59:52.641Z,0.09599995613098145,command call
2026-09-21T05:00:51.768Z,2026-09-21T05:00:52.941Z,1.1730000972747803,command call
2026-09-21T05:00:57.881Z,2026-09-21T05:00:57.959Z,0.07800006866455078,command call
2026-09-21T05:01:04.091Z,2026-09-21T05:01:04.179Z,0.08799982070922852,command call
2026-09-21T05:01:10.064Z,2026-09-21T05:01:10.152Z,0.08800005912780762,command call
2026-09-21T05:01:15.765Z,2026-09-21T05:01:15.864Z,0.0989999771118164,command call
2026-09-21T05:01:21.526Z,2026-09-21T05:01:21.592Z,0.06599998474121094,command call
2026-09-21T05:01:30.911Z,2026-09-21T05:01:32.035Z,1.124000072479248,command call
2026-09-21T05:01:36.897Z,2026-09-21T05:01:37.086Z,0.18899989128112793,command call
2026-09-21T05:01:43.091Z,2026-09-21T05:01:48.163Z,5.072000026702881,explicit wait
2026-09-21T05:02:03.189Z,2026-09-21T05:02:03.297Z,0.10800004005432129,command call
2026-09-21T05:02:08.441Z,2026-09-21T05:02:09.289Z,0.8480000495910645,command call
2026-09-21T05:02:17.205Z,2026-09-21T05:02:17.396Z,0.19099998474121094,command call
2026-09-21T05:02:22.883Z,2026-09-21T05:02:22.977Z,0.09400010108947754,command call
2026-09-21T05:02:28.840Z,2026-09-21T05:02:28.918Z,0.07800006866455078,command call
2026-09-21T05:02:34.377Z,2026-09-21T05:02:39.440Z,5.062999963760376,explicit wait
2026-09-21T05:02:45.938Z,2026-09-21T05:02:46.020Z,0.0820000171661377,command call
2026-09-21T05:02:52.774Z,2026-09-21T05:02:52.866Z,0.09200000762939453,command call
2026-09-21T05:02:58.803Z,2026-09-21T05:02:58.892Z,0.08899998664855957,command call
2026-09-21T05:03:10.672Z,2026-09-21T05:03:10.752Z,0.08000016212463379,command call
2026-09-21T05:03:30.170Z,2026-09-21T05:03:35.231Z,5.060999870300293,explicit wait
2026-09-21T05:03:37.994Z,2026-09-21T05:04:08.002Z,30.008000135421753,explicit wait
2026-09-21T05:04:13.553Z,2026-09-21T05:04:13.635Z,0.0820000171661377,command call
2026-09-21T05:04:23.313Z,2026-09-21T05:04:23.417Z,0.10400009155273438,command call
2026-09-21T05:04:26.601Z,2026-09-21T05:04:56.607Z,30.00600004196167,explicit wait
2026-09-21T05:05:04.558Z,2026-09-21T05:05:04.674Z,0.11599993705749512,command call
2026-09-21T05:05:09.044Z,2026-09-21T05:05:10.208Z,1.1640000343322754,explicit wait
2026-09-21T05:05:38.901Z,2026-09-21T05:05:40.027Z,1.125999927520752,explicit wait
2026-09-21T05:05:52.008Z,2026-09-21T05:05:52.087Z,0.07899999618530273,command call
2026-09-21T05:05:58.749Z,2026-09-21T05:05:58.841Z,0.09200000762939453,command call
2026-09-21T05:06:31.932Z,2026-09-21T05:06:32.032Z,0.10000014305114746,command call
2026-09-21T05:07:02.598Z,2026-09-21T05:07:03.764Z,1.1659998893737793,command call
2026-09-21T05:07:09.704Z,2026-09-21T05:07:09.787Z,0.08299994468688965,command call
2026-09-21T05:07:26.582Z,2026-09-21T05:07:27.746Z,1.1640000343322754,command call
2026-09-21T05:07:34.518Z,2026-09-21T05:07:35.846Z,1.3280000686645508,command call
2026-09-21T05:07:44.787Z,2026-09-21T05:07:44.889Z,0.10199999809265137,command call
2026-09-21T05:08:00.340Z,2026-09-21T05:08:00.431Z,0.09100008010864258,command call
2026-09-21T05:08:08.151Z,2026-09-21T05:08:08.286Z,0.13499999046325684,command call
2026-09-21T05:08:53.404Z,2026-09-21T05:08:53.515Z,0.11100006103515625,command call
2026-09-21T05:09:02.283Z,2026-09-21T05:09:02.412Z,0.12899994850158691,command call
2026-09-21T05:09:15.560Z,2026-09-21T05:09:15.658Z,0.09800004959106445,command call
2026-09-21T05:09:18.963Z,2026-09-21T05:09:48.968Z,30.00499987602234,explicit wait
2026-09-21T05:09:58.151Z,2026-09-21T05:09:58.630Z,0.4790000915527344,command call
2026-09-21T05:10:14.110Z,2026-09-21T05:10:14.181Z,0.0710000991821289,command call
2026-09-21T05:10:19.028Z,2026-09-21T05:10:49.035Z,30.006999969482422,explicit wait
2026-09-21T05:10:52.908Z,2026-09-21T05:10:52.962Z,0.053999900817871094,command call
2026-09-21T05:10:57.245Z,2026-09-21T05:10:58.410Z,1.1650002002716064,explicit wait
2026-09-21T05:11:20.454Z,2026-09-21T05:11:21.619Z,1.1649999618530273,explicit wait
2026-09-21T05:11:31.233Z,2026-09-21T05:11:34.330Z,3.0969998836517334,explicit wait
2026-09-21T05:11:53.363Z,2026-09-21T05:11:54.528Z,1.1650002002716064,command call
2026-09-21T05:11:59.665Z,2026-09-21T05:12:04.242Z,4.577000141143799,explicit wait
2026-09-21T05:12:10.308Z,2026-09-21T05:12:11.473Z,1.1649999618530273,command call
2026-09-21T05:12:27.517Z,2026-09-21T05:12:27.621Z,0.10400009155273438,command call
2026-09-21T05:12:33.179Z,2026-09-21T05:12:33.300Z,0.12100005149841309,command call
2026-09-21T05:12:36.716Z,2026-09-21T05:13:06.722Z,30.00599980354309,explicit wait
2026-09-21T05:13:10.280Z,2026-09-21T05:13:10.397Z,0.11700010299682617,command call
2026-09-21T05:13:22.536Z,2026-09-21T05:13:22.646Z,0.1099998950958252,command call
2026-09-21T05:13:35.667Z,2026-09-21T05:13:36.192Z,0.5249998569488525,command call
2026-09-21T05:13:45.791Z,2026-09-21T05:13:47.157Z,1.3660001754760742,command call
2026-09-21T05:13:56.644Z,2026-09-21T05:13:56.799Z,0.1549999713897705,command call
2026-09-21T05:14:19.394Z,2026-09-21T05:14:19.483Z,0.08899998664855957,command call
2026-09-21T05:14:39.244Z,2026-09-21T05:14:39.404Z,0.16000008583068848,command call
2026-09-21T05:17:24.471Z,2026-09-21T05:17:24.598Z,0.127000093460083,command call
2026-09-21T05:18:46.550Z,2026-09-21T05:18:47.718Z,1.1679999828338623,command call
2026-09-21T05:18:58.039Z,2026-09-21T05:18:58.133Z,0.09399986267089844,command call
2026-09-21T05:19:23.944Z,2026-09-21T05:19:25.113Z,1.1689999103546143,command call
2026-09-21T05:19:33.654Z,2026-09-21T05:19:33.769Z,0.11500000953674316,command call
2026-09-21T05:20:23.522Z,2026-09-21T05:20:24.370Z,0.8479998111724854,command call
2026-09-21T05:20:36.759Z,2026-09-21T05:20:37.924Z,1.1649999618530273,command call
2026-09-21T05:20:53.014Z,2026-09-21T05:20:53.827Z,0.812999963760376,command call
2026-09-21T05:21:09.992Z,2026-09-21T05:21:10.075Z,0.08299994468688965,command call
2026-09-21T05:21:17.701Z,2026-09-21T05:21:47.708Z,30.006999969482422,explicit wait
2026-09-21T05:21:55.514Z,2026-09-21T05:21:55.598Z,0.0840001106262207,command call
2026-09-21T05:22:01.645Z,2026-09-21T05:22:01.774Z,0.12899994850158691,command call
2026-09-21T05:22:15.872Z,2026-09-21T05:22:15.935Z,0.06299996376037598,command call
2026-09-21T05:22:36.736Z,2026-09-21T05:23:06.737Z,30.000999927520752,explicit wait
2026-09-21T05:23:12.295Z,2026-09-21T05:23:12.424Z,0.12899994850158691,command call
2026-09-21T05:23:18.943Z,2026-09-21T05:23:19.010Z,0.06699991226196289,command call
2026-09-21T05:23:28.297Z,2026-09-21T05:23:28.395Z,0.09800004959106445,command call
2026-09-21T05:23:47.094Z,2026-09-21T05:23:48.263Z,1.1689999103546143,command call
2026-09-21T05:23:57.821Z,2026-09-21T05:23:58.984Z,1.1629998683929443,command call
2026-09-21T05:24:08.911Z,2026-09-21T05:24:08.994Z,0.08299994468688965,command call
2026-09-21T05:24:18.280Z,2026-09-21T05:24:18.433Z,0.1530001163482666,command call
2026-09-21T05:24:24.724Z,2026-09-21T05:24:24.852Z,0.12800002098083496,command call
2026-09-21T05:24:33.155Z,2026-09-21T05:25:03.160Z,30.005000114440918,explicit wait
2026-09-21T05:25:08.021Z,2026-09-21T05:25:08.170Z,0.1490001678466797,command call
2026-09-21T05:25:24.257Z,2026-09-21T05:25:54.261Z,30.003999948501587,explicit wait
2026-09-21T05:25:59.698Z,2026-09-21T05:25:59.803Z,0.10500001907348633,command call
2026-09-21T05:26:08.728Z,2026-09-21T05:26:08.830Z,0.10199999809265137,command call
2026-09-21T05:26:35.727Z,2026-09-21T05:26:36.018Z,0.2909998893737793,command call
2026-09-21T05:26:48.138Z,2026-09-21T05:26:49.302Z,1.1640000343322754,command call
2026-09-21T05:26:58.790Z,2026-09-21T05:26:58.895Z,0.10500001907348633,explicit wait
2026-09-21T05:27:06.084Z,2026-09-21T05:27:06.536Z,0.4519999027252197,command call
2026-09-21T05:27:14.871Z,2026-09-21T05:27:14.924Z,0.05299997329711914,command call
2026-09-21T05:27:30.681Z,2026-09-21T05:27:30.814Z,0.13299989700317383,command call
2026-09-21T05:27:37.602Z,2026-09-21T05:28:07.607Z,30.005000114440918,explicit wait
2026-09-21T05:28:12.542Z,2026-09-21T05:28:12.625Z,0.08299994468688965,command call
2026-09-21T05:28:30.372Z,2026-09-21T05:28:30.826Z,0.45399999618530273,command call
2026-09-21T05:28:33.280Z,2026-09-21T05:29:03.286Z,30.00600004196167,explicit wait
2026-09-21T05:29:12.496Z,2026-09-21T05:29:12.591Z,0.09500002861022949,explicit wait
2026-09-21T05:29:21.224Z,2026-09-21T05:29:22.388Z,1.1640000343322754,command call
2026-09-21T05:29:41.980Z,2026-09-21T05:29:43.257Z,1.2769999504089355,explicit wait
2026-09-21T05:29:56.646Z,2026-09-21T05:29:56.755Z,0.10900020599365234,command call
2026-09-21T05:30:04.245Z,2026-09-21T05:30:04.416Z,0.17100000381469727,command call
2026-09-21T05:30:12.523Z,2026-09-21T05:30:13.710Z,1.187000036239624,command call
2026-09-21T05:30:22.630Z,2026-09-21T05:30:22.725Z,0.09499979019165039,command call
2026-09-21T05:31:27.947Z,2026-09-21T05:31:28.106Z,0.15899991989135742,command call
2026-09-21T05:32:06.743Z,2026-09-21T05:32:07.921Z,1.1779999732971191,command call
2026-09-21T05:32:15.159Z,2026-09-21T05:32:15.291Z,0.13199996948242188,command call
2026-09-21T05:32:22.998Z,2026-09-21T05:32:23.158Z,0.16000008583068848,command call
2026-09-21T05:32:38.358Z,2026-09-21T05:32:39.526Z,1.1679999828338623,command call
2026-09-21T05:33:00.770Z,2026-09-21T05:33:00.916Z,0.14599990844726562,command call
2026-09-21T05:33:11.737Z,2026-09-21T05:33:11.949Z,0.21199989318847656,command call
2026-09-21T05:33:30.866Z,2026-09-21T05:33:30.978Z,0.1119999885559082,command call
2026-09-21T05:33:44.311Z,2026-09-21T05:33:44.428Z,0.11699986457824707,command call
2026-09-21T05:34:02.457Z,2026-09-21T05:34:32.473Z,30.016000032424927,explicit wait
2026-09-21T05:34:42.837Z,2026-09-21T05:34:42.957Z,0.12000012397766113,command call
2026-09-21T05:34:58.864Z,2026-09-21T05:35:28.868Z,30.003999948501587,explicit wait
2026-09-21T05:35:39.795Z,2026-09-21T05:35:39.915Z,0.11999988555908203,command call
2026-09-21T05:36:01.846Z,2026-09-21T05:36:31.851Z,30.005000114440918,explicit wait
2026-09-21T05:36:36.912Z,2026-09-21T05:36:36.976Z,0.06400012969970703,command call
2026-09-21T05:36:44.320Z,2026-09-21T05:36:44.453Z,0.13300013542175293,command call
2026-09-21T05:37:02.328Z,2026-09-21T05:37:03.856Z,1.5279998779296875,command call
2026-09-21T05:37:14.654Z,2026-09-21T05:37:14.780Z,0.12599992752075195,command call
2026-09-21T05:37:35.819Z,2026-09-21T05:37:35.944Z,0.125,command call
2026-09-21T05:37:42.447Z,2026-09-21T05:37:42.553Z,0.10599994659423828,command call
2026-09-21T05:37:49.114Z,2026-09-21T05:37:49.261Z,0.14699983596801758,command call
2026-09-21T05:38:06.911Z,2026-09-21T05:38:07.091Z,0.18000006675720215,command call
2026-09-21T05:38:12.718Z,2026-09-21T05:38:42.732Z,30.014000177383423,explicit wait
2026-09-21T05:38:47.466Z,2026-09-21T05:38:47.530Z,0.06399989128112793,command call
2026-09-21T05:39:08.891Z,2026-09-21T05:39:38.897Z,30.00600004196167,explicit wait
2026-09-21T05:39:52.814Z,2026-09-21T05:39:53.349Z,0.5350000858306885,command call
2026-09-21T05:40:01.670Z,2026-09-21T05:40:01.819Z,0.14899992942810059,command call
2026-09-21T05:40:14.829Z,2026-09-21T05:40:15.028Z,0.19900012016296387,command call
2026-09-21T05:40:23.410Z,2026-09-21T05:40:23.469Z,0.05900001525878906,command call
2026-09-21T05:40:34.421Z,2026-09-21T05:40:34.487Z,0.06599998474121094,command call
2026-09-21T05:40:42.285Z,2026-09-21T05:40:42.370Z,0.08499979972839355,explicit wait
2026-09-21T05:40:50.489Z,2026-09-21T05:40:51.655Z,1.1659998893737793,command call
2026-09-21T05:41:21.143Z,2026-09-21T05:41:22.554Z,1.4110000133514404,explicit wait
2026-09-21T05:41:36.130Z,2026-09-21T05:41:36.365Z,0.2349998950958252,command call
2026-09-21T05:42:13.410Z,2026-09-21T05:42:14.574Z,1.1639997959136963,command call
2026-09-21T05:42:22.703Z,2026-09-21T05:42:22.809Z,0.10599994659423828,command call
2026-09-21T05:42:55.812Z,2026-09-21T05:42:55.984Z,0.17199993133544922,command call
2026-09-21T05:43:14.154Z,2026-09-21T05:43:14.365Z,0.2109999656677246,command call
2026-09-21T05:43:50.276Z,2026-09-21T05:43:51.442Z,1.1659998893737793,command call
2026-09-21T05:43:59.727Z,2026-09-21T05:43:59.852Z,0.125,command call
2026-09-21T05:44:17.244Z,2026-09-21T05:44:17.390Z,0.14600014686584473,command call
2026-09-21T05:44:36.120Z,2026-09-21T05:44:37.288Z,1.1680002212524414,command call
2026-09-21T05:44:43.794Z,2026-09-21T05:44:44.064Z,0.26999998092651367,command call
2026-09-21T05:44:54.166Z,2026-09-21T05:44:54.309Z,0.14300012588500977,command call
2026-09-21T05:48:01.887Z,2026-09-21T05:48:01.960Z,0.07299995422363281,explicit wait
2026-09-21T05:48:07.404Z,2026-09-21T05:48:07.452Z,0.04799985885620117,command call
2026-09-21T05:48:14.654Z,2026-09-21T05:48:15.888Z,1.2339999675750732,command call
2026-09-21T05:48:20.590Z,2026-09-21T05:48:20.664Z,0.07400012016296387,command call
2026-09-21T05:48:26.985Z,2026-09-21T05:48:27.069Z,0.0840001106262207,command call
2026-09-21T05:48:43.135Z,2026-09-21T05:48:43.636Z,0.500999927520752,command call
2026-09-21T05:48:51.490Z,2026-09-21T05:48:51.560Z,0.06999993324279785,command call
2026-09-21T05:48:58.328Z,2026-09-21T05:48:58.391Z,0.06299996376037598,command call
2026-09-21T05:49:05.509Z,2026-09-21T05:49:05.609Z,0.09999990463256836,command call
2026-09-21T05:49:12.522Z,2026-09-21T05:49:12.603Z,0.08099985122680664,command call
2026-09-21T05:49:17.909Z,2026-09-21T05:49:18.002Z,0.09300017356872559,command call
2026-09-21T05:49:25.667Z,2026-09-21T05:49:25.758Z,0.09099984169006348,command call
2026-09-21T05:49:33.656Z,2026-09-21T05:49:38.713Z,5.057000160217285,explicit wait
2026-09-21T05:49:46.872Z,2026-09-21T05:49:47.021Z,0.14899992942810059,command call
2026-09-21T05:49:59.841Z,2026-09-21T05:50:04.899Z,5.057999849319458,explicit wait
2026-09-21T05:50:15.896Z,2026-09-21T05:50:15.976Z,0.08000016212463379,command call
2026-09-21T05:50:23.006Z,2026-09-21T05:50:23.084Z,0.07800006866455078,command call
2026-09-21T05:50:29.036Z,2026-09-21T05:50:29.116Z,0.07999992370605469,command call
2026-09-21T05:50:35.545Z,2026-09-21T05:50:40.610Z,5.06499981880188,explicit wait
2026-09-21T05:50:48.432Z,2026-09-21T05:50:48.499Z,0.06700015068054199,command call
2026-09-21T05:51:03.850Z,2026-09-21T05:51:08.919Z,5.069000005722046,explicit wait
2026-09-21T05:51:18.358Z,2026-09-21T05:51:18.451Z,0.09299993515014648,command call
2026-09-21T05:51:24.670Z,2026-09-21T05:51:29.729Z,5.059000015258789,explicit wait
2026-09-21T05:51:35.301Z,2026-09-21T05:51:35.404Z,0.10299992561340332,command call
2026-09-21T05:51:42.463Z,2026-09-21T05:51:47.533Z,5.069999933242798,explicit wait
2026-09-21T05:51:53.896Z,2026-09-21T05:51:59.288Z,5.392000198364258,explicit wait
2026-09-21T05:52:06.759Z,2026-09-21T05:52:11.813Z,5.053999900817871,explicit wait
2026-09-21T05:52:19.154Z,2026-09-21T05:52:19.426Z,0.2720000743865967,explicit wait
2026-09-21T05:52:33.551Z,2026-09-21T05:52:34.713Z,1.1619999408721924,command call
2026-09-21T05:52:59.500Z,2026-09-21T05:53:00.670Z,1.1700000762939453,explicit wait
2026-09-21T05:53:09.105Z,2026-09-21T05:53:09.217Z,0.1119999885559082,explicit wait
2026-09-21T05:53:23.136Z,2026-09-21T05:53:24.299Z,1.1630001068115234,command call
2026-09-21T05:53:33.773Z,2026-09-21T05:53:33.889Z,0.11599993705749512,explicit wait
2026-09-21T05:53:43.544Z,2026-09-21T05:53:43.633Z,0.08899998664855957,command call
2026-09-21T05:53:58.863Z,2026-09-21T05:53:58.977Z,0.11400008201599121,command call
2026-09-21T05:54:07.712Z,2026-09-21T05:54:07.798Z,0.08600020408630371,command call
2026-09-21T05:54:13.905Z,2026-09-21T05:54:13.978Z,0.07299995422363281,command call
2026-09-21T05:55:15.184Z,2026-09-21T05:55:16.071Z,0.8870000839233398,command call
2026-09-21T05:55:23.316Z,2026-09-21T05:55:23.410Z,0.09400010108947754,command call
2026-09-21T05:55:33.418Z,2026-09-21T05:55:34.582Z,1.1640000343322754,command call
2026-09-21T05:55:45.683Z,2026-09-21T05:55:45.742Z,0.05900001525878906,explicit wait
2026-09-21T05:56:17.690Z,2026-09-21T05:56:18.672Z,0.9819998741149902,command call
2026-09-21T05:56:24.642Z,2026-09-21T05:56:25.805Z,1.1630001068115234,command call
2026-09-21T05:56:34.068Z,2026-09-21T05:56:34.551Z,0.4830000400543213,command call
2026-09-21T05:56:44.721Z,2026-09-21T05:56:45.885Z,1.1640000343322754,explicit wait
2026-09-21T05:57:02.569Z,2026-09-21T05:57:02.656Z,0.08699989318847656,command call
2026-09-21T05:57:13.800Z,2026-09-21T05:57:18.875Z,5.075000047683716,explicit wait
2026-09-21T05:57:25.616Z,2026-09-21T05:57:25.708Z,0.09200000762939453,command call
2026-09-21T05:57:36.714Z,2026-09-21T05:57:36.825Z,0.11100006103515625,command call
2026-09-21T05:57:46.849Z,2026-09-21T05:57:46.950Z,0.10100007057189941,command call
2026-09-21T05:57:54.178Z,2026-09-21T05:57:54.246Z,0.06800007820129395,command call
2026-09-21T05:58:12.916Z,2026-09-21T05:58:17.993Z,5.077000141143799,explicit wait
2026-09-21T05:58:24.828Z,2026-09-21T05:58:30.349Z,5.520999908447266,explicit wait
2026-09-21T05:58:37.018Z,2026-09-21T05:58:42.095Z,5.077000141143799,explicit wait
2026-09-21T05:58:48.519Z,2026-09-21T05:58:53.598Z,5.078999996185303,explicit wait
2026-09-21T05:59:00.457Z,2026-09-21T05:59:05.584Z,5.127000093460083,explicit wait
2026-09-21T05:59:23.611Z,2026-09-21T05:59:28.785Z,5.174000024795532,explicit wait
2026-09-21T05:59:37.198Z,2026-09-21T05:59:42.267Z,5.069000005722046,explicit wait
2026-09-21T05:59:47.900Z,2026-09-21T05:59:52.968Z,5.067999839782715,explicit wait
2026-09-21T05:59:56.294Z,2026-09-21T06:00:26.300Z,30.00600004196167,explicit wait
2026-09-21T06:00:31.248Z,2026-09-21T06:00:31.409Z,0.16100001335144043,explicit wait
2026-09-21T06:00:40.009Z,2026-09-21T06:00:40.114Z,0.10500001907348633,command call
2026-09-21T06:00:47.939Z,2026-09-21T06:00:49.104Z,1.1650002002716064,command call
2026-09-21T06:00:55.018Z,2026-09-21T06:00:55.120Z,0.10199999809265137,command call
2026-09-21T06:01:01.494Z,2026-09-21T06:01:01.625Z,0.13100004196166992,command call
2026-09-21T06:01:11.357Z,2026-09-21T06:01:11.447Z,0.08999991416931152,explicit wait
2026-09-21T06:01:17.421Z,2026-09-21T06:01:47.427Z,30.00600004196167,explicit wait
2026-09-21T06:01:52.147Z,2026-09-21T06:01:52.239Z,0.09200000762939453,command call
2026-09-21T06:02:08.047Z,2026-09-21T06:02:09.278Z,1.2310001850128174,command call
2026-09-21T06:02:22.990Z,2026-09-21T06:02:28.063Z,5.072999954223633,explicit wait
2026-09-21T06:02:45.461Z,2026-09-21T06:02:45.644Z,0.1830000877380371,command call
2026-09-21T06:03:41.242Z,2026-09-21T06:03:41.407Z,0.16499996185302734,command call
2026-09-21T06:03:57.037Z,2026-09-21T06:03:57.127Z,0.09000015258789062,command call
2026-09-21T06:04:24.219Z,2026-09-21T06:04:24.384Z,0.16499996185302734,command call
2026-09-21T06:04:32.751Z,2026-09-21T06:04:32.882Z,0.13100004196166992,explicit wait
2026-09-21T06:04:38.458Z,2026-09-21T06:04:38.553Z,0.09500002861022949,command call
2026-09-21T06:04:51.977Z,2026-09-21T06:04:52.034Z,0.056999921798706055,command call
2026-09-21T06:05:11.047Z,2026-09-21T06:05:12.211Z,1.1640000343322754,command call
2026-09-21T06:05:25.534Z,2026-09-21T06:05:30.798Z,5.264000177383423,explicit wait
2026-09-21T06:05:40.858Z,2026-09-21T06:05:42.022Z,1.1640000343322754,command call
2026-09-21T06:05:56.716Z,2026-09-21T06:05:56.771Z,0.05499982833862305,command call
2026-09-21T06:06:05.114Z,2026-09-21T06:06:05.170Z,0.0559999942779541,command call
2026-09-21T06:06:43.165Z,2026-09-21T06:06:44.329Z,1.1640000343322754,command call
2026-09-21T06:06:50.271Z,2026-09-21T06:06:50.335Z,0.06400012969970703,explicit wait
2026-09-21T06:06:56.108Z,2026-09-21T06:06:56.238Z,0.12999987602233887,command call
2026-09-21T06:07:05.203Z,2026-09-21T06:07:06.369Z,1.1659998893737793,command call
2026-09-21T06:07:13.724Z,2026-09-21T06:07:13.838Z,0.11400008201599121,explicit wait
2026-09-21T06:07:28.613Z,2026-09-21T06:07:28.750Z,0.13700008392333984,command call
2026-09-21T06:07:52.569Z,2026-09-21T06:07:52.647Z,0.07800006866455078,command call
2026-09-21T06:08:01.282Z,2026-09-21T06:08:01.385Z,0.10299992561340332,command call
2026-09-21T06:08:56.365Z,2026-09-21T06:08:57.532Z,1.1670000553131104,command call
2026-09-21T06:09:04.429Z,2026-09-21T06:09:04.530Z,0.10100007057189941,explicit wait
2026-09-21T06:09:46.103Z,2026-09-21T06:09:47.268Z,1.1649999618530273,command call
2026-09-21T06:10:14.045Z,2026-09-21T06:10:15.209Z,1.1640000343322754,command call
2026-09-21T06:10:23.354Z,2026-09-21T06:10:23.416Z,0.06199979782104492,command call
2026-09-21T06:10:37.179Z,2026-09-21T06:10:37.311Z,0.13200020790100098,command call
2026-09-21T06:10:56.936Z,2026-09-21T06:10:58.103Z,1.1669998168945312,command call
2026-09-21T06:11:09.572Z,2026-09-21T06:11:09.730Z,0.15799999237060547,explicit wait
2026-09-21T06:11:24.813Z,2026-09-21T06:11:25.979Z,1.1660001277923584,command call
2026-09-21T06:11:31.989Z,2026-09-21T06:11:32.100Z,0.11099982261657715,explicit wait
2026-09-21T06:11:59.312Z,2026-09-21T06:12:00.548Z,1.2360000610351562,command call
2026-09-21T06:12:15.019Z,2026-09-21T06:12:20.088Z,5.069000005722046,explicit wait
2026-09-21T06:12:32.460Z,2026-09-21T06:12:33.249Z,0.7890000343322754,command call
2026-09-21T06:12:44.997Z,2026-09-21T06:12:45.198Z,0.20099997520446777,command call
2026-09-21T06:12:53.160Z,2026-09-21T06:12:53.284Z,0.12399983406066895,command call
2026-09-21T06:13:10.827Z,2026-09-21T06:13:11.372Z,0.5450000762939453,command call
2026-09-21T06:13:18.263Z,2026-09-21T06:13:24.430Z,6.16700005531311,explicit wait
2026-09-21T06:13:30.476Z,2026-09-21T06:13:31.070Z,0.5939998626708984,explicit wait
2026-09-21T06:13:42.733Z,2026-09-21T06:14:12.737Z,30.003999948501587,explicit wait
2026-09-21T06:14:19.113Z,2026-09-21T06:14:24.171Z,5.058000087738037,explicit wait
2026-09-21T06:14:31.627Z,2026-09-21T06:14:31.831Z,0.20399999618530273,command call
2026-09-21T06:14:34.870Z,2026-09-21T06:15:04.875Z,30.005000114440918,explicit wait
2026-09-21T06:15:13.240Z,2026-09-21T06:15:18.295Z,5.055000066757202,explicit wait
2026-09-21T06:15:44.042Z,2026-09-21T06:15:49.119Z,5.07699990272522,explicit wait
2026-09-21T06:15:52.043Z,2026-09-21T06:16:22.049Z,30.00600004196167,explicit wait
2026-09-21T06:16:26.962Z,2026-09-21T06:16:27.165Z,0.20300006866455078,explicit wait
2026-09-21T06:16:36.430Z,2026-09-21T06:16:37.190Z,0.7599999904632568,command call
2026-09-21T06:16:42.737Z,2026-09-21T06:16:43.240Z,0.503000020980835,command call
2026-09-21T06:16:50.233Z,2026-09-21T06:16:51.398Z,1.1649999618530273,command call
2026-09-21T06:17:14.918Z,2026-09-21T06:17:16.084Z,1.1660001277923584,explicit wait
2026-09-21T06:17:39.406Z,2026-09-21T06:17:40.573Z,1.1670000553131104,explicit wait
2026-09-21T06:17:55.766Z,2026-09-21T06:17:55.856Z,0.08999991416931152,explicit wait
2026-09-21T06:18:08.543Z,2026-09-21T06:18:08.972Z,0.4289999008178711,command call
2026-09-21T06:18:14.880Z,2026-09-21T06:18:14.970Z,0.08999991416931152,command call
2026-09-21T06:18:22.060Z,2026-09-21T06:18:22.255Z,0.19500017166137695,command call
2026-09-21T06:18:31.507Z,2026-09-21T06:18:32.523Z,1.0160000324249268,command call
2026-09-21T06:19:16.708Z,2026-09-21T06:19:17.874Z,1.1660001277923584,command call
2026-09-21T06:19:35.144Z,2026-09-21T06:19:35.278Z,0.13400006294250488,explicit wait
2026-09-21T06:19:42.424Z,2026-09-21T06:19:43.588Z,1.1640000343322754,command call
2026-09-21T06:20:34.440Z,2026-09-21T06:20:35.607Z,1.1670000553131104,command call
2026-09-21T06:20:49.611Z,2026-09-21T06:20:49.736Z,0.125,explicit wait
2026-09-21T06:21:10.815Z,2026-09-21T06:21:11.980Z,1.1649999618530273,command call
2026-09-21T06:21:24.468Z,2026-09-21T06:21:24.582Z,0.11400008201599121,explicit wait
2026-09-21T06:21:55.732Z,2026-09-21T06:21:56.898Z,1.1659998893737793,command call
2026-09-21T06:22:14.412Z,2026-09-21T06:22:14.511Z,0.0989999771118164,command call
2026-09-21T06:22:27.886Z,2026-09-21T06:22:29.051Z,1.1650002002716064,explicit wait
2026-09-21T06:22:37.588Z,2026-09-21T06:22:37.720Z,0.13199996948242188,explicit wait
2026-09-21T06:22:47.677Z,2026-09-21T06:22:47.798Z,0.12100005149841309,command call
2026-09-21T06:23:01.585Z,2026-09-21T06:23:03.003Z,1.4179999828338623,command call
2026-09-21T06:23:13.805Z,2026-09-21T06:23:13.890Z,0.08500003814697266,command call
2026-09-21T06:24:01.329Z,2026-09-21T06:24:02.496Z,1.1670000553131104,command call
2026-09-21T06:24:10.480Z,2026-09-21T06:24:10.687Z,0.2070000171661377,explicit wait
2026-09-21T06:24:33.698Z,2026-09-21T06:24:34.862Z,1.1640000343322754,command call
2026-09-21T06:24:51.881Z,2026-09-21T06:24:52.062Z,0.1809999942779541,command call
2026-09-21T06:25:04.978Z,2026-09-21T06:25:10.055Z,5.077000141143799,explicit wait
2026-09-21T06:25:18.273Z,2026-09-21T06:25:18.715Z,0.4419999122619629,command call
2026-09-21T06:25:26.496Z,2026-09-21T06:25:56.501Z,30.00499987602234,explicit wait
2026-09-21T06:26:04.232Z,2026-09-21T06:26:09.299Z,5.066999912261963,explicit wait
2026-09-21T06:26:29.595Z,2026-09-21T06:26:29.701Z,0.10599994659423828,command call
2026-09-21T06:26:42.904Z,2026-09-21T06:26:43.058Z,0.15400004386901855,command call
2026-09-21T06:26:54.505Z,2026-09-21T06:27:24.512Z,30.006999969482422,explicit wait
2026-09-21T06:27:32.081Z,2026-09-21T06:27:37.143Z,5.061999797821045,explicit wait
2026-09-21T06:27:43.523Z,2026-09-21T06:28:13.532Z,30.009000062942505,explicit wait
2026-09-21T06:28:20.948Z,2026-09-21T06:28:26.003Z,5.055000066757202,explicit wait
2026-09-21T06:28:39.767Z,2026-09-21T06:28:39.962Z,0.19499993324279785,command call
2026-09-21T06:28:47.211Z,2026-09-21T06:29:17.217Z,30.00600004196167,explicit wait
2026-09-21T06:29:23.065Z,2026-09-21T06:29:23.233Z,0.1679999828338623,explicit wait
2026-09-21T06:29:33.702Z,2026-09-21T06:29:34.701Z,0.999000072479248,command call
2026-09-21T06:29:41.033Z,2026-09-21T06:29:41.457Z,0.4240000247955322,command call
2026-09-21T06:29:48.920Z,2026-09-21T06:29:50.085Z,1.1649999618530273,command call
2026-09-21T06:30:12.043Z,2026-09-21T06:30:13.209Z,1.1660001277923584,explicit wait
2026-09-21T06:30:21.599Z,2026-09-21T06:30:21.735Z,0.1359999179840088,explicit wait
2026-09-21T06:30:38.532Z,2026-09-21T06:30:38.647Z,0.11500000953674316,command call
2026-09-21T06:30:47.970Z,2026-09-21T06:30:48.089Z,0.11899995803833008,command call
2026-09-21T06:31:26.700Z,2026-09-21T06:31:27.864Z,1.1640000343322754,command call
2026-09-21T06:31:47.425Z,2026-09-21T06:31:47.546Z,0.12100005149841309,explicit wait
2026-09-21T06:32:11.436Z,2026-09-21T06:32:12.666Z,1.2299997806549072,command call
2026-09-21T06:32:30.079Z,2026-09-21T06:32:35.637Z,5.558000087738037,explicit wait
2026-09-21T06:32:44.707Z,2026-09-21T06:32:44.851Z,0.14400005340576172,command call
2026-09-21T06:32:56.526Z,2026-09-21T06:32:56.659Z,0.13299989700317383,command call
2026-09-21T06:33:14.222Z,2026-09-21T06:33:14.481Z,0.2590000629425049,command call
2026-09-21T06:35:46.682Z,2026-09-21T06:35:46.763Z,0.08100008964538574,command call
2026-09-21T06:35:57.617Z,2026-09-21T06:36:02.624Z,5.006999969482422,explicit wait
2026-09-21T06:36:06.842Z,2026-09-21T06:36:07.371Z,0.5290000438690186,command call
2026-09-21T06:36:13.132Z,2026-09-21T06:36:13.189Z,0.056999921798706055,command call
2026-09-21T06:36:18.464Z,2026-09-21T06:36:18.545Z,0.08100008964538574,command call
2026-09-21T06:36:25.729Z,2026-09-21T06:36:30.784Z,5.054999828338623,explicit wait
2026-09-21T06:36:35.686Z,2026-09-21T06:36:35.757Z,0.0709998607635498,command call
2026-09-21T06:36:40.736Z,2026-09-21T06:36:40.827Z,0.09099984169006348,explicit wait
2026-09-21T06:36:46.165Z,2026-09-21T06:36:48.121Z,1.9560000896453857,command call
2026-09-21T06:37:13.796Z,2026-09-21T06:37:17.317Z,3.5209999084472656,command call
2026-09-21T06:37:29.077Z,2026-09-21T06:37:29.163Z,0.08600020408630371,command call
2026-09-21T06:37:37.022Z,2026-09-21T06:37:37.431Z,0.4089999198913574,command call
2026-09-21T06:38:16.150Z,2026-09-21T06:38:17.317Z,1.1669998168945312,command call
2026-09-21T06:38:24.075Z,2026-09-21T06:38:24.211Z,0.1359999179840088,explicit wait
2026-09-21T06:38:35.801Z,2026-09-21T06:38:37.037Z,1.2359998226165771,command call
2026-09-21T06:38:49.504Z,2026-09-21T06:38:49.581Z,0.07700014114379883,command call
2026-09-21T06:38:57.883Z,2026-09-21T06:38:57.968Z,0.08500003814697266,command call
2026-09-21T06:39:16.331Z,2026-09-21T06:39:21.412Z,5.080999851226807,explicit wait
2026-09-21T06:39:31.402Z,2026-09-21T06:39:36.491Z,5.08899998664856,explicit wait
2026-09-21T06:39:43.629Z,2026-09-21T06:39:45.522Z,1.8930001258850098,command call
2026-09-21T06:39:59.195Z,2026-09-21T06:40:02.424Z,3.2290000915527344,command call
2026-09-21T06:40:11.529Z,2026-09-21T06:40:11.613Z,0.0839998722076416,command call
2026-09-21T06:40:21.809Z,2026-09-21T06:40:21.891Z,0.0820000171661377,command call
2026-09-21T06:40:34.776Z,2026-09-21T06:40:39.856Z,5.079999923706055,explicit wait
2026-09-21T06:40:47.712Z,2026-09-21T06:41:17.719Z,30.007000207901,explicit wait
2026-09-21T06:41:30.137Z,2026-09-21T06:41:35.203Z,5.065999984741211,explicit wait
2026-09-21T06:41:43.321Z,2026-09-21T06:41:43.445Z,0.12399983406066895,command call
2026-09-21T06:41:53.270Z,2026-09-21T06:41:53.362Z,0.09200000762939453,command call
2026-09-21T06:42:04.299Z,2026-09-21T06:42:04.433Z,0.13400006294250488,command call
2026-09-21T06:42:20.675Z,2026-09-21T06:42:25.754Z,5.078999996185303,explicit wait
2026-09-21T06:42:44.797Z,2026-09-21T06:42:49.881Z,5.084000110626221,explicit wait
2026-09-21T06:42:56.556Z,2026-09-21T06:42:56.624Z,0.06800007820129395,command call
2026-09-21T06:43:00.104Z,2026-09-21T06:43:00.186Z,0.0820000171661377,explicit wait
2026-09-21T06:43:04.987Z,2026-09-21T06:43:07.105Z,2.118000030517578,command call
2026-09-21T06:43:17.447Z,2026-09-21T06:43:18.665Z,1.2179999351501465,command call
2026-09-21T06:43:25.420Z,2026-09-21T06:43:25.516Z,0.09599995613098145,command call
2026-09-21T06:43:36.260Z,2026-09-21T06:43:36.337Z,0.07699990272521973,explicit wait
2026-09-21T06:43:42.546Z,2026-09-21T06:43:42.610Z,0.06399989128112793,command call
2026-09-21T06:44:12.936Z,2026-09-21T06:44:14.102Z,1.1659998893737793,command call
2026-09-21T06:44:20.220Z,2026-09-21T06:44:20.286Z,0.06599998474121094,explicit wait
2026-09-21T06:44:40.148Z,2026-09-21T06:44:42.386Z,2.23799991607666,command call
2026-09-21T06:44:58.847Z,2026-09-21T06:45:04.314Z,5.4670000076293945,explicit wait
2026-09-21T06:45:15.695Z,2026-09-21T06:45:15.800Z,0.10500001907348633,command call
2026-09-21T06:45:31.450Z,2026-09-21T06:45:34.509Z,3.059000015258789,command call
2026-09-21T06:45:48.156Z,2026-09-21T06:45:48.307Z,0.1510000228881836,command call
2026-09-21T06:46:00.118Z,2026-09-21T06:46:05.194Z,5.075999975204468,explicit wait
2026-09-21T06:46:11.896Z,2026-09-21T06:46:11.984Z,0.08800005912780762,command call
2026-09-21T06:46:17.480Z,2026-09-21T06:46:47.487Z,30.006999969482422,explicit wait
2026-09-21T06:46:53.623Z,2026-09-21T06:46:53.713Z,0.09000015258789062,command call
2026-09-21T06:47:03.534Z,2026-09-21T06:47:03.616Z,0.0820000171661377,command call
2026-09-21T06:47:11.839Z,2026-09-21T06:47:11.944Z,0.10500001907348633,command call
2026-09-21T06:47:17.967Z,2026-09-21T06:47:47.973Z,30.00600004196167,explicit wait
2026-09-21T06:47:56.310Z,2026-09-21T06:47:56.407Z,0.0970001220703125,command call
2026-09-21T06:48:04.266Z,2026-09-21T06:48:34.270Z,30.003999948501587,explicit wait
2026-09-21T06:48:39.125Z,2026-09-21T06:48:39.228Z,0.10299992561340332,explicit wait
2026-09-21T06:48:46.217Z,2026-09-21T06:48:46.335Z,0.11800003051757812,command call
2026-09-21T06:48:53.463Z,2026-09-21T06:48:53.563Z,0.09999990463256836,command call
2026-09-21T06:48:57.265Z,2026-09-21T06:48:57.367Z,0.10199999809265137,command call
2026-09-21T06:49:05.465Z,2026-09-21T06:49:05.572Z,0.10700011253356934,command call
2026-09-21T06:49:19.283Z,2026-09-21T06:49:19.369Z,0.08599996566772461,command call
2026-09-21T06:49:35.709Z,2026-09-21T06:49:35.856Z,0.14699983596801758,command call
2026-09-21T06:49:46.257Z,2026-09-21T06:49:46.390Z,0.13300013542175293,command call
2026-09-21T06:50:14.643Z,2026-09-21T06:50:14.722Z,0.07899999618530273,command call
2026-09-21T06:50:23.197Z,2026-09-21T06:50:23.950Z,0.753000020980835,command call
2026-09-21T06:50:57.856Z,2026-09-21T06:50:59.021Z,1.1649999618530273,command call
2026-09-21T06:51:12.315Z,2026-09-21T06:51:17.427Z,5.111999988555908,explicit wait
2026-09-21T06:51:22.508Z,2026-09-21T06:51:22.598Z,0.09000015258789062,command call
2026-09-21T06:51:37.066Z,2026-09-21T06:51:38.294Z,1.2279999256134033,explicit wait
2026-09-21T06:51:56.540Z,2026-09-21T06:51:56.669Z,0.12899994850158691,command call
2026-09-21T06:52:15.666Z,2026-09-21T06:52:20.730Z,5.064000129699707,explicit wait
2026-09-21T06:52:34.280Z,2026-09-21T06:52:34.420Z,0.1400001049041748,command call
2026-09-21T06:52:43.664Z,2026-09-21T06:52:43.770Z,0.10599994659423828,command call
2026-09-21T06:52:58.018Z,2026-09-21T06:52:58.094Z,0.07600021362304688,command call
2026-09-21T06:53:08.723Z,2026-09-21T06:53:08.926Z,0.20300006866455078,command call
2026-09-21T06:53:22.958Z,2026-09-21T06:53:23.014Z,0.0559999942779541,command call
2026-09-21T06:53:39.028Z,2026-09-21T06:53:39.103Z,0.07499980926513672,command call
2026-09-21T06:53:47.272Z,2026-09-21T06:53:47.381Z,0.10899996757507324,command call
2026-09-21T06:54:12.055Z,2026-09-21T06:54:13.219Z,1.1640000343322754,explicit wait
2026-09-21T06:54:23.226Z,2026-09-21T06:54:23.322Z,0.09599995613098145,explicit wait
2026-09-21T06:54:28.692Z,2026-09-21T06:54:28.740Z,0.04800009727478027,command call
2026-09-21T06:54:48.379Z,2026-09-21T06:54:49.615Z,1.2360000610351562,command call
2026-09-21T06:55:14.353Z,2026-09-21T06:55:19.415Z,5.062000036239624,explicit wait
2026-09-21T06:55:29.551Z,2026-09-21T06:55:29.657Z,0.10599994659423828,command call
2026-09-21T06:55:50.824Z,2026-09-21T06:55:50.932Z,0.10800004005432129,command call
2026-09-21T06:56:53.959Z,2026-09-21T06:56:54.160Z,0.20099997520446777,command call
2026-09-21T06:57:08.950Z,2026-09-21T06:57:09.103Z,0.1529998779296875,command call
2026-09-21T06:57:29.121Z,2026-09-21T06:57:34.195Z,5.073999881744385,explicit wait
2026-09-21T06:57:46.687Z,2026-09-21T06:57:46.819Z,0.13199996948242188,command call
2026-09-21T06:58:13.205Z,2026-09-21T06:58:13.326Z,0.12100005149841309,explicit wait
2026-09-21T06:58:28.166Z,2026-09-21T06:58:30.385Z,2.2190001010894775,command call
2026-09-21T06:58:46.589Z,2026-09-21T06:58:46.718Z,0.12899994850158691,command call
2026-09-21T06:59:19.400Z,2026-09-21T06:59:20.565Z,1.1649999618530273,command call
2026-09-21T06:59:43.493Z,2026-09-21T06:59:44.730Z,1.2369999885559082,explicit wait
2026-09-21T07:00:17.348Z,2026-09-21T07:00:22.407Z,5.059000015258789,explicit wait
2026-09-21T07:00:38.982Z,2026-09-21T07:00:39.073Z,0.09099984169006348,explicit wait
2026-09-21T07:01:04.542Z,2026-09-21T07:01:04.652Z,0.1099998950958252,command call
2026-09-21T07:02:01.807Z,2026-09-21T07:02:02.867Z,1.0600001811981201,command call
2026-09-21T07:02:34.526Z,2026-09-21T07:02:34.635Z,0.10899996757507324,command call
2026-09-21T07:03:00.545Z,2026-09-21T07:03:00.652Z,0.10699987411499023,command call
2026-09-21T07:03:34.110Z,2026-09-21T07:03:34.262Z,0.15200018882751465,command call
2026-09-21T07:05:09.085Z,2026-09-21T07:05:10.250Z,1.1649999618530273,command call
2026-09-21T07:05:25.856Z,2026-09-21T07:05:25.924Z,0.06800007820129395,command call
2026-09-21T07:05:41.865Z,2026-09-21T07:05:41.978Z,0.11299991607666016,command call
2026-09-21T07:06:25.179Z,2026-09-21T07:06:25.235Z,0.0559999942779541,command call
2026-09-21T07:06:51.087Z,2026-09-21T07:06:52.252Z,1.1650002002716064,explicit wait
2026-09-21T07:07:04.759Z,2026-09-21T07:07:09.813Z,5.053999900817871,explicit wait
2026-09-21T07:07:32.967Z,2026-09-21T07:07:33.105Z,0.1380000114440918,explicit wait
2026-09-21T07:07:42.410Z,2026-09-21T07:07:43.579Z,1.1689999103546143,command call
2026-09-21T07:07:57.437Z,2026-09-21T07:07:57.530Z,0.09299993515014648,explicit wait
2026-09-21T07:08:15.205Z,2026-09-21T07:08:16.443Z,1.2380001544952393,command call
2026-09-21T07:08:37.565Z,2026-09-21T07:08:37.681Z,0.11599993705749512,explicit wait
2026-09-21T07:09:18.645Z,2026-09-21T07:09:19.814Z,1.1689999103546143,command call
2026-09-21T07:09:27.818Z,2026-09-21T07:09:27.934Z,0.11599993705749512,command call
2026-09-21T07:09:52.497Z,2026-09-21T07:09:53.664Z,1.1670000553131104,command call
2026-09-21T07:10:04.649Z,2026-09-21T07:10:04.801Z,0.15200018882751465,explicit wait
2026-09-21T07:10:21.623Z,2026-09-21T07:10:22.789Z,1.1660001277923584,command call
2026-09-21T07:10:36.643Z,2026-09-21T07:10:37.190Z,0.5470001697540283,command call
2026-09-21T07:10:56.993Z,2026-09-21T07:11:02.845Z,5.851999998092651,explicit wait
2026-09-21T07:11:34.116Z,2026-09-21T07:11:34.192Z,0.07599997520446777,command call
2026-09-21T07:12:06.668Z,2026-09-21T07:12:07.833Z,1.1649999618530273,command call
2026-09-21T07:12:18.669Z,2026-09-21T07:12:19.837Z,1.1679999828338623,explicit wait
2026-09-21T07:12:28.490Z,2026-09-21T07:12:28.600Z,0.1099998950958252,command call
2026-09-21T07:12:41.973Z,2026-09-21T07:12:47.054Z,5.080999851226807,explicit wait
2026-09-21T07:13:24.571Z,2026-09-21T07:13:30.579Z,6.007999897003174,explicit wait
2026-09-21T07:13:45.266Z,2026-09-21T07:13:45.409Z,0.14299988746643066,command call
2026-09-21T07:14:03.666Z,2026-09-21T07:14:04.165Z,0.49900007247924805,command call
2026-09-21T07:14:12.861Z,2026-09-21T07:14:12.984Z,0.12299990653991699,command call
2026-09-21T07:14:46.115Z,2026-09-21T07:14:51.198Z,5.08299994468689,explicit wait
2026-09-21T07:15:06.133Z,2026-09-21T07:15:11.207Z,5.074000120162964,explicit wait
2026-09-21T07:15:36.468Z,2026-09-21T07:15:39.305Z,2.8370001316070557,command call
2026-09-21T07:15:54.173Z,2026-09-21T07:15:54.285Z,0.1119999885559082,command call
2026-09-21T07:16:10.284Z,2026-09-21T07:16:13.185Z,2.9010000228881836,command call
2026-09-21T07:16:57.473Z,2026-09-21T07:17:02.573Z,5.099999904632568,explicit wait
2026-09-21T07:17:34.731Z,2026-09-21T07:17:34.850Z,0.11899995803833008,command call
2026-09-21T07:18:34.467Z,2026-09-21T07:18:34.679Z,0.21199989318847656,command call
2026-09-21T07:18:59.859Z,2026-09-21T07:19:01.077Z,1.2179999351501465,command call
2026-09-21T07:19:17.745Z,2026-09-21T07:19:17.873Z,0.12800002098083496,explicit wait
2026-09-21T07:20:02.258Z,2026-09-21T07:20:07.324Z,5.065999984741211,explicit wait
2026-09-21T07:20:45.220Z,2026-09-21T07:20:46.385Z,1.1649999618530273,command call
2026-09-21T07:21:18.368Z,2026-09-21T07:21:18.476Z,0.10800004005432129,explicit wait
2026-09-21T07:21:51.220Z,2026-09-21T07:21:52.071Z,0.8510000705718994,command call
2026-09-21T07:22:08.357Z,2026-09-21T07:22:14.530Z,6.172999858856201,explicit wait
2026-09-21T07:22:41.904Z,2026-09-21T07:22:41.991Z,0.08699989318847656,explicit wait
2026-09-21T07:22:52.396Z,2026-09-21T07:22:52.667Z,0.2710001468658447,command call
2026-09-21T07:23:10.652Z,2026-09-21T07:23:40.658Z,30.00600004196167,explicit wait
2026-09-21T07:23:45.778Z,2026-09-21T07:23:45.947Z,0.16899991035461426,command call
2026-09-21T07:23:58.009Z,2026-09-21T07:23:58.251Z,0.24199986457824707,command call
2026-09-21T07:24:11.724Z,2026-09-21T07:24:16.815Z,5.091000080108643,explicit wait
2026-09-21T07:24:41.676Z,2026-09-21T07:24:41.769Z,0.09299993515014648,command call
2026-09-21T07:25:19.865Z,2026-09-21T07:25:49.871Z,30.00600004196167,explicit wait
2026-09-21T07:25:56.850Z,2026-09-21T07:25:56.911Z,0.06100010871887207,explicit wait
2026-09-21T07:26:07.067Z,2026-09-21T07:26:09.315Z,2.248000144958496,command call
2026-09-21T07:26:38.409Z,2026-09-21T07:26:40.714Z,2.305000066757202,command call
2026-09-21T07:27:16.909Z,2026-09-21T07:27:21.990Z,5.081000089645386,explicit wait
2026-09-21T07:27:58.600Z,2026-09-21T07:27:59.772Z,1.1720001697540283,command call
2026-09-21T07:28:16.429Z,2026-09-21T07:28:17.597Z,1.1679999828338623,explicit wait
2026-09-21T07:28:32.916Z,2026-09-21T07:28:33.102Z,0.18600010871887207,command call
2026-09-21T07:28:44.898Z,2026-09-21T07:28:45.597Z,0.6989998817443848,command call
2026-09-21T07:29:01.280Z,2026-09-21T07:29:06.354Z,5.074000120162964,explicit wait
2026-09-21T07:32:06.677Z,2026-09-21T07:32:06.825Z,0.14800000190734863,command call
2026-09-21T07:32:13.605Z,2026-09-21T07:32:18.662Z,5.056999921798706,explicit wait
2026-09-21T07:32:26.056Z,2026-09-21T07:32:26.147Z,0.09100008010864258,command call
2026-09-21T07:32:34.297Z,2026-09-21T07:32:34.374Z,0.07700014114379883,command call
2026-09-21T07:32:45.715Z,2026-09-21T07:32:45.834Z,0.11900019645690918,command call
2026-09-21T07:32:57.975Z,2026-09-21T07:32:58.039Z,0.06400012969970703,explicit wait
2026-09-21T07:33:08.557Z,2026-09-21T07:33:09.055Z,0.4980001449584961,command call
2026-09-21T07:33:14.143Z,2026-09-21T07:33:15.857Z,1.7140002250671387,command call
2026-09-21T07:33:25.918Z,2026-09-21T07:33:26.566Z,0.6480000019073486,command call
2026-09-21T07:33:43.848Z,2026-09-21T07:33:45.014Z,1.1659998893737793,command call
2026-09-21T07:33:53.919Z,2026-09-21T07:33:54.832Z,0.9130001068115234,explicit wait
2026-09-21T07:34:05.833Z,2026-09-21T07:34:07.053Z,1.2200000286102295,command call
2026-09-21T07:34:14.207Z,2026-09-21T07:34:14.284Z,0.07699990272521973,command call
2026-09-21T07:34:26.877Z,2026-09-21T07:34:27.024Z,0.14699983596801758,command call
2026-09-21T07:35:23.005Z,2026-09-21T07:35:24.172Z,1.1669998168945312,command call
2026-09-21T07:35:30.988Z,2026-09-21T07:35:31.054Z,0.06599998474121094,command call
2026-09-21T07:35:37.349Z,2026-09-21T07:35:37.442Z,0.09299993515014648,command call
2026-09-21T07:35:45.433Z,2026-09-21T07:35:45.519Z,0.08599996566772461,command call
2026-09-21T07:36:20.812Z,2026-09-21T07:36:21.978Z,1.1659998893737793,command call
2026-09-21T07:36:37.188Z,2026-09-21T07:36:37.282Z,0.09400010108947754,command call
2026-09-21T07:36:48.204Z,2026-09-21T07:36:49.369Z,1.1649999618530273,command call
2026-09-21T07:36:56.159Z,2026-09-21T07:36:56.240Z,0.08100008964538574,command call
2026-09-21T07:37:10.295Z,2026-09-21T07:37:11.511Z,1.2159998416900635,command call
2026-09-21T07:37:22.657Z,2026-09-21T07:37:23.199Z,0.5419998168945312,command call
2026-09-21T07:37:31.500Z,2026-09-21T07:37:31.581Z,0.08100008964538574,command call
2026-09-21T07:37:57.103Z,2026-09-21T07:37:57.186Z,0.08300018310546875,command call
2026-09-21T07:38:07.520Z,2026-09-21T07:38:07.626Z,0.10599994659423828,explicit wait
2026-09-21T07:38:20.332Z,2026-09-21T07:38:21.498Z,1.1659998893737793,command call
2026-09-21T07:38:30.142Z,2026-09-21T07:38:30.300Z,0.15799999237060547,explicit wait
2026-09-21T07:38:37.743Z,2026-09-21T07:38:37.835Z,0.09200000762939453,command call
2026-09-21T07:38:42.759Z,2026-09-21T07:38:42.878Z,0.11899995803833008,command call
2026-09-21T07:38:48.003Z,2026-09-21T07:38:48.246Z,0.24300003051757812,command call
2026-09-21T07:39:08.440Z,2026-09-21T07:39:09.557Z,1.116999864578247,command call
2026-09-21T07:39:19.666Z,2026-09-21T07:39:20.831Z,1.1650002002716064,command call
2026-09-21T07:39:30.150Z,2026-09-21T07:39:35.229Z,5.078999996185303,explicit wait
2026-09-21T07:39:43.692Z,2026-09-21T07:39:43.786Z,0.09400010108947754,command call
2026-09-21T07:39:57.030Z,2026-09-21T07:39:58.196Z,1.1660001277923584,explicit wait
2026-09-21T07:40:05.587Z,2026-09-21T07:40:05.716Z,0.12900018692016602,command call
2026-09-21T07:40:16.592Z,2026-09-21T07:40:17.757Z,1.1649999618530273,command call
2026-09-21T07:40:24.078Z,2026-09-21T07:40:24.172Z,0.09399986267089844,explicit wait
2026-09-21T07:40:37.400Z,2026-09-21T07:40:38.566Z,1.1659998893737793,command call
2026-09-21T07:41:01.561Z,2026-09-21T07:41:01.685Z,0.12399983406066895,command call
2026-09-21T07:41:16.587Z,2026-09-21T07:41:17.427Z,0.8400001525878906,command call
2026-09-21T07:41:36.420Z,2026-09-21T07:41:36.483Z,0.06299996376037598,command call
2026-09-21T07:41:58.091Z,2026-09-21T07:42:43.096Z,45.00499987602234,explicit wait
2026-09-21T07:42:50.238Z,2026-09-21T07:42:50.344Z,0.10600018501281738,command call
2026-09-21T07:43:15.006Z,2026-09-21T07:43:15.115Z,0.10899996757507324,command call
2026-09-21T07:43:34.570Z,2026-09-21T07:43:34.688Z,0.11800003051757812,command call
2026-09-21T07:43:43.333Z,2026-09-21T07:43:43.406Z,0.07299995422363281,command call
2026-09-21T07:43:50.365Z,2026-09-21T07:43:50.481Z,0.11599993705749512,command call
2026-09-21T07:44:04.385Z,2026-09-21T07:44:05.552Z,1.1670000553131104,command call
2026-09-21T07:44:20.362Z,2026-09-21T07:44:21.528Z,1.1660001277923584,explicit wait
2026-09-21T07:44:47.258Z,2026-09-21T07:44:47.335Z,0.07700014114379883,command call
2026-09-21T07:45:04.129Z,2026-09-21T07:45:49.135Z,45.00600004196167,explicit wait
2026-09-21T07:45:54.198Z,2026-09-21T07:45:54.295Z,0.0970001220703125,command call
2026-09-21T07:46:06.339Z,2026-09-21T07:46:06.432Z,0.09299993515014648,command call
2026-09-21T07:46:16.288Z,2026-09-21T07:46:16.404Z,0.11599993705749512,command call
2026-09-21T07:46:30.098Z,2026-09-21T07:46:30.276Z,0.17799997329711914,command call
2026-09-21T07:46:37.374Z,2026-09-21T07:46:37.430Z,0.0559999942779541,command call
2026-09-21T07:46:43.803Z,2026-09-21T07:46:44.369Z,0.5659999847412109,command call
2026-09-21T07:46:53.031Z,2026-09-21T07:46:53.168Z,0.13700008392333984,command call
2026-09-21T07:47:09.605Z,2026-09-21T07:47:10.772Z,1.1670000553131104,command call
2026-09-21T07:47:17.551Z,2026-09-21T07:47:17.639Z,0.08799982070922852,explicit wait
2026-09-21T07:47:25.609Z,2026-09-21T07:48:10.614Z,45.00500011444092,explicit wait
2026-09-21T07:48:16.264Z,2026-09-21T07:48:16.347Z,0.08299994468688965,command call
2026-09-21T07:48:25.724Z,2026-09-21T07:48:26.892Z,1.1679999828338623,explicit wait
2026-09-21T07:48:39.832Z,2026-09-21T07:48:39.960Z,0.12800002098083496,explicit wait
2026-09-21T07:49:05.494Z,2026-09-21T07:49:06.661Z,1.1670000553131104,command call
2026-09-21T07:49:09.781Z,2026-09-21T07:49:09.949Z,0.1679999828338623,explicit wait
2026-09-21T07:49:31.330Z,2026-09-21T07:49:31.507Z,0.1770000457763672,command call
2026-09-21T07:49:41.068Z,2026-09-21T07:49:41.198Z,0.12999987602233887,command call
2026-09-21T07:49:54.529Z,2026-09-21T07:49:54.652Z,0.12299990653991699,command call
2026-09-21T07:50:04.893Z,2026-09-21T07:50:05.006Z,0.11300015449523926,command call
2026-09-21T07:50:17.312Z,2026-09-21T07:50:17.981Z,0.6689999103546143,command call
2026-09-21T07:50:23.888Z,2026-09-21T07:50:23.996Z,0.10800004005432129,command call
2026-09-21T07:51:16.421Z,2026-09-21T07:51:17.587Z,1.1659998893737793,command call
2026-09-21T07:51:32.108Z,2026-09-21T07:51:32.222Z,0.11399984359741211,command call
2026-09-21T07:52:16.466Z,2026-09-21T07:52:17.633Z,1.1669998168945312,command call
2026-09-21T07:52:27.744Z,2026-09-21T07:52:27.838Z,0.09400010108947754,command call
2026-09-21T07:52:52.500Z,2026-09-21T07:52:53.666Z,1.1659998893737793,command call
2026-09-21T07:53:19.051Z,2026-09-21T07:53:19.956Z,0.9049999713897705,command call
2026-09-21T07:53:25.323Z,2026-09-21T07:53:25.809Z,0.48600006103515625,command call
2026-09-21T07:53:39.593Z,2026-09-21T07:53:39.686Z,0.09300017356872559,command call
2026-09-21T07:54:00.927Z,2026-09-21T07:54:45.932Z,45.00499987602234,explicit wait
2026-09-21T07:54:52.890Z,2026-09-21T07:54:53.003Z,0.11299991607666016,command call
2026-09-21T07:55:25.682Z,2026-09-21T07:55:25.793Z,0.11100006103515625,command call
2026-09-21T07:55:33.432Z,2026-09-21T07:56:18.438Z,45.00600004196167,explicit wait
2026-09-21T07:56:32.540Z,2026-09-21T07:56:32.635Z,0.09500002861022949,command call
2026-09-21T07:56:47.427Z,2026-09-21T07:56:47.524Z,0.0969998836517334,command call
2026-09-21T07:57:09.460Z,2026-09-21T07:57:39.464Z,30.003999948501587,explicit wait
2026-09-21T07:57:45.734Z,2026-09-21T07:57:45.915Z,0.1809999942779541,explicit wait
2026-09-21T07:58:04.621Z,2026-09-21T07:58:05.787Z,1.1659998893737793,command call
2026-09-21T07:58:31.123Z,2026-09-21T07:58:32.289Z,1.1660001277923584,explicit wait
2026-09-21T07:59:19.073Z,2026-09-21T07:59:20.235Z,1.1619999408721924,command call
2026-09-21T07:59:30.320Z,2026-09-21T07:59:30.424Z,0.10400009155273438,explicit wait
2026-09-21T07:59:44.544Z,2026-09-21T07:59:45.420Z,0.876000165939331,explicit wait
2026-09-21T07:59:53.270Z,2026-09-21T07:59:54.438Z,1.1679999828338623,command call
2026-09-21T08:00:10.062Z,2026-09-21T08:00:10.160Z,0.09800004959106445,command call
2026-09-21T08:00:30.248Z,2026-09-21T08:00:30.365Z,0.11700010299682617,command call
2026-09-21T08:00:48.589Z,2026-09-21T08:00:48.679Z,0.08999991416931152,command call
2026-09-21T08:01:01.302Z,2026-09-21T08:01:01.415Z,0.11299991607666016,command call
2026-09-21T08:01:11.190Z,2026-09-21T08:01:11.379Z,0.18899989128112793,command call
2026-09-21T08:01:25.151Z,2026-09-21T08:01:25.251Z,0.09999990463256836,command call
2026-09-21T08:01:40.644Z,2026-09-21T08:01:40.878Z,0.23399996757507324,command call
2026-09-21T08:02:43.706Z,2026-09-21T08:02:44.872Z,1.1659998893737793,command call
2026-09-21T08:02:55.541Z,2026-09-21T08:02:55.726Z,0.18500018119812012,command call
2026-09-21T08:03:07.059Z,2026-09-21T08:03:08.226Z,1.1670000553131104,command call
2026-09-21T08:03:20.940Z,2026-09-21T08:03:22.107Z,1.1670000553131104,explicit wait
2026-09-21T08:03:35.327Z,2026-09-21T08:03:35.451Z,0.12400007247924805,command call
2026-09-21T08:03:54.489Z,2026-09-21T08:03:54.591Z,0.10199999809265137,command call
2026-09-21T08:04:07.253Z,2026-09-21T08:04:07.363Z,0.1099998950958252,command call
2026-09-21T08:04:17.084Z,2026-09-21T08:05:02.089Z,45.00499987602234,explicit wait
2026-09-21T08:05:07.920Z,2026-09-21T08:05:08.025Z,0.10500001907348633,command call
2026-09-21T08:05:20.042Z,2026-09-21T08:05:20.152Z,0.1099998950958252,command call
2026-09-21T08:05:27.242Z,2026-09-21T08:05:27.309Z,0.06699991226196289,command call
2026-09-21T08:06:05.259Z,2026-09-21T08:06:06.243Z,0.9839999675750732,command call
2026-09-21T08:06:18.872Z,2026-09-21T08:06:18.987Z,0.11500000953674316,command call
2026-09-21T08:06:35.848Z,2026-09-21T08:06:35.960Z,0.1119999885559082,command call
2026-09-21T08:07:57.195Z,2026-09-21T08:07:57.358Z,0.16300010681152344,command call
2026-09-21T08:08:08.903Z,2026-09-21T08:08:09.134Z,0.23099994659423828,command call
2026-09-21T08:08:19.798Z,2026-09-21T08:08:21.011Z,1.2129998207092285,command call
2026-09-21T08:09:03.270Z,2026-09-21T08:09:03.447Z,0.1770000457763672,command call
2026-09-21T08:09:17.410Z,2026-09-21T08:09:18.577Z,1.1669998168945312,explicit wait
2026-09-21T08:09:25.393Z,2026-09-21T08:09:25.494Z,0.10100007057189941,command call
2026-09-21T08:09:53.719Z,2026-09-21T08:09:53.805Z,0.08599996566772461,explicit wait
2026-09-21T08:10:21.601Z,2026-09-21T08:10:21.710Z,0.10899996757507324,command call
2026-09-21T08:10:48.790Z,2026-09-21T08:10:49.165Z,0.375,command call
2026-09-21T08:11:48.439Z,2026-09-21T08:11:49.604Z,1.1650002002716064,command call
2026-09-21T08:12:07.597Z,2026-09-21T08:12:07.698Z,0.10100007057189941,command call
2026-09-21T08:12:26.702Z,2026-09-21T08:12:27.869Z,1.1670000553131104,command call
2026-09-21T08:12:45.928Z,2026-09-21T08:12:47.096Z,1.1679999828338623,explicit wait
2026-09-21T08:13:38.024Z,2026-09-21T08:13:38.151Z,0.127000093460083,command call
2026-09-21T08:14:18.445Z,2026-09-21T08:15:03.452Z,45.00699996948242,explicit wait
2026-09-21T08:15:08.764Z,2026-09-21T08:15:08.848Z,0.0840001106262207,command call
2026-09-21T08:15:19.847Z,2026-09-21T08:15:19.966Z,0.11900019645690918,command call
2026-09-21T08:15:36.186Z,2026-09-21T08:15:36.294Z,0.10799980163574219,command call
2026-09-21T08:16:13.007Z,2026-09-21T08:16:58.012Z,45.00500011444092,explicit wait
2026-09-21T08:17:03.400Z,2026-09-21T08:17:04.268Z,0.867999792098999,command call
2026-09-21T08:17:22.197Z,2026-09-21T08:17:23.364Z,1.1670000553131104,explicit wait
2026-09-21T08:18:37.974Z,2026-09-21T08:18:39.143Z,1.1689999103546143,explicit wait
2026-09-21T08:19:01.184Z,2026-09-21T08:19:01.336Z,0.15199995040893555,command call
2026-09-21T08:19:18.379Z,2026-09-21T08:19:18.821Z,0.442000150680542,command call
2026-09-21T08:19:42.896Z,2026-09-21T08:19:42.929Z,0.03299999237060547,command call
2026-09-21T08:20:26.699Z,2026-09-21T08:20:27.863Z,1.1640000343322754,command call
2026-09-21T08:20:40.796Z,2026-09-21T08:20:40.914Z,0.11800003051757812,explicit wait
2026-09-21T08:20:53.152Z,2026-09-21T08:20:54.317Z,1.1649999618530273,explicit wait
2026-09-21T08:21:03.533Z,2026-09-21T08:21:04.315Z,0.7820000648498535,command call
2026-09-21T08:21:09.703Z,2026-09-21T08:21:09.803Z,0.09999990463256836,command call
2026-09-21T08:21:28.876Z,2026-09-21T08:21:29.037Z,0.16100001335144043,command call
2026-09-21T08:21:45.982Z,2026-09-21T08:21:46.112Z,0.12999987602233887,command call
2026-09-21T08:21:52.613Z,2026-09-21T08:21:52.738Z,0.125,command call
2026-09-21T08:21:58.028Z,2026-09-21T08:21:58.196Z,0.1679999828338623,command call
2026-09-21T08:22:06.754Z,2026-09-21T08:22:06.886Z,0.13199996948242188,command call
2026-09-21T08:23:27.827Z,2026-09-21T08:23:28.993Z,1.1660001277923584,command call
2026-09-21T08:23:36.562Z,2026-09-21T08:23:37.276Z,0.7139999866485596,command call
2026-09-21T08:24:00.101Z,2026-09-21T08:24:01.268Z,1.1669998168945312,command call
2026-09-21T08:24:45.542Z,2026-09-21T08:24:46.707Z,1.1649999618530273,command call
2026-09-21T08:25:13.108Z,2026-09-21T08:25:13.264Z,0.15599989891052246,command call
2026-09-21T08:25:24.516Z,2026-09-21T08:25:24.655Z,0.13899993896484375,command call
2026-09-21T08:26:09.852Z,2026-09-21T08:26:10.358Z,0.5060000419616699,command call
2026-09-21T08:26:49.065Z,2026-09-21T08:26:49.158Z,0.09299993515014648,command call
2026-09-21T08:27:37.026Z,2026-09-21T08:27:37.170Z,0.14400005340576172,command call
2026-09-21T08:28:14.853Z,2026-09-21T08:28:14.967Z,0.11400008201599121,command call
2026-09-21T08:28:29.288Z,2026-09-21T08:28:29.352Z,0.06399989128112793,command call
2026-09-21T08:29:00.075Z,2026-09-21T08:29:00.233Z,0.15799999237060547,command call
2026-09-21T08:29:15.282Z,2026-09-21T08:29:16.448Z,1.1659998893737793,explicit wait
2026-09-21T08:29:36.280Z,2026-09-21T08:29:37.446Z,1.1660001277923584,explicit wait
2026-09-21T08:29:41.191Z,2026-09-21T08:29:41.346Z,0.1549999713897705,explicit wait
2026-09-21T08:29:46.163Z,2026-09-21T08:30:31.170Z,45.00699996948242,explicit wait
2026-09-21T08:30:38.265Z,2026-09-21T08:30:38.351Z,0.08599996566772461,command call
2026-09-21T08:30:45.130Z,2026-09-21T08:30:45.246Z,0.11599993705749512,command call
2026-09-21T08:31:14.537Z,2026-09-21T08:31:15.704Z,1.1670000553131104,command call
2026-09-21T08:31:33.412Z,2026-09-21T08:31:33.526Z,0.11400008201599121,command call
2026-09-21T08:32:08.525Z,2026-09-21T08:32:09.691Z,1.1659998893737793,explicit wait
2026-09-21T08:32:18.265Z,2026-09-21T08:32:19.431Z,1.1659998893737793,command call
2026-09-21T08:32:38.629Z,2026-09-21T08:32:38.753Z,0.12400007247924805,command call
2026-09-21T08:32:49.100Z,2026-09-21T08:32:50.269Z,1.1690001487731934,command call
2026-09-21T08:33:00.394Z,2026-09-21T08:33:00.448Z,0.053999900817871094,explicit wait
2026-09-21T08:33:29.762Z,2026-09-21T08:33:30.929Z,1.1669998168945312,command call
2026-09-21T08:33:51.067Z,2026-09-21T08:33:51.213Z,0.14600014686584473,command call
2026-09-21T08:36:50.155Z,2026-09-21T08:36:50.294Z,0.13899993896484375,command call
2026-09-21T08:36:55.788Z,2026-09-21T08:36:56.665Z,0.8769998550415039,command call
2026-09-21T08:37:02.284Z,2026-09-21T08:37:02.352Z,0.06800007820129395,command call
2026-09-21T08:37:12.137Z,2026-09-21T08:37:12.205Z,0.06799983978271484,command call
2026-09-21T08:37:52.732Z,2026-09-21T08:37:52.802Z,0.06999993324279785,command call
2026-09-21T08:38:27.330Z,2026-09-21T08:38:28.571Z,1.2410001754760742,command call
2026-09-21T08:38:34.063Z,2026-09-21T08:38:34.133Z,0.06999993324279785,explicit wait
2026-09-21T08:38:40.272Z,2026-09-21T08:38:40.341Z,0.0690000057220459,command call
2026-09-21T08:39:02.398Z,2026-09-21T08:39:03.565Z,1.1670000553131104,command call
2026-09-21T08:39:11.946Z,2026-09-21T08:39:13.032Z,1.0859999656677246,explicit wait
2026-09-21T08:39:19.554Z,2026-09-21T08:39:20.720Z,1.1660001277923584,command call
2026-09-21T08:39:26.951Z,2026-09-21T08:39:27.041Z,0.08999991416931152,command call
2026-09-21T08:39:35.882Z,2026-09-21T08:39:41.003Z,5.121000051498413,explicit wait
2026-09-21T08:39:46.420Z,2026-09-21T08:39:47.286Z,0.8659999370574951,explicit wait
2026-09-21T08:39:57.000Z,2026-09-21T08:39:57.123Z,0.12299990653991699,command call
2026-09-21T08:40:08.957Z,2026-09-21T08:40:09.037Z,0.07999992370605469,command call
2026-09-21T08:40:15.593Z,2026-09-21T08:40:16.021Z,0.42799997329711914,command call
2026-09-21T08:40:23.453Z,2026-09-21T08:40:23.549Z,0.09599995613098145,command call
2026-09-21T08:40:30.531Z,2026-09-21T08:40:30.594Z,0.06300020217895508,command call
2026-09-21T08:41:16.881Z,2026-09-21T08:41:18.048Z,1.1670000553131104,command call
2026-09-21T08:41:25.284Z,2026-09-21T08:41:25.346Z,0.06200003623962402,explicit wait
2026-09-21T08:41:35.889Z,2026-09-21T08:41:35.955Z,0.06599998474121094,command call
2026-09-21T08:42:12.438Z,2026-09-21T08:42:13.605Z,1.1670000553131104,command call
2026-09-21T08:42:18.744Z,2026-09-21T08:42:18.813Z,0.0690000057220459,command call
2026-09-21T08:42:29.089Z,2026-09-21T08:42:29.166Z,0.07699990272521973,explicit wait
2026-09-21T08:42:36.692Z,2026-09-21T08:42:36.794Z,0.10199999809265137,command call
2026-09-21T08:43:17.665Z,2026-09-21T08:43:18.832Z,1.1670000553131104,command call
2026-09-21T08:43:57.815Z,2026-09-21T08:43:57.900Z,0.08500003814697266,command call
2026-09-21T08:44:15.265Z,2026-09-21T08:44:16.498Z,1.2329998016357422,command call
2026-09-21T08:44:27.530Z,2026-09-21T08:44:27.658Z,0.12800002098083496,command call
2026-09-21T08:44:32.213Z,2026-09-21T08:44:32.289Z,0.07599997520446777,explicit wait
2026-09-21T08:44:49.674Z,2026-09-21T08:44:50.839Z,1.1649999618530273,command call
2026-09-21T08:44:58.681Z,2026-09-21T08:44:59.560Z,0.8789999485015869,command call
2026-09-21T08:45:09.664Z,2026-09-21T08:45:09.724Z,0.059999942779541016,command call
2026-09-21T08:45:18.137Z,2026-09-21T08:45:18.212Z,0.07499980926513672,command call
2026-09-21T08:45:26.464Z,2026-09-21T08:45:26.526Z,0.06200003623962402,command call
2026-09-21T08:45:32.443Z,2026-09-21T08:45:32.529Z,0.08599996566772461,command call
2026-09-21T08:45:58.794Z,2026-09-21T08:45:58.888Z,0.09400010108947754,command call
2026-09-21T08:46:05.517Z,2026-09-21T08:46:10.583Z,5.065999984741211,explicit wait
2026-09-21T08:46:29.704Z,2026-09-21T08:46:29.816Z,0.1119999885559082,command call
2026-09-21T08:46:39.671Z,2026-09-21T08:46:39.778Z,0.10700011253356934,command call
2026-09-21T08:46:48.441Z,2026-09-21T08:46:48.536Z,0.09500002861022949,command call
2026-09-21T08:47:03.807Z,2026-09-21T08:47:03.922Z,0.11500000953674316,command call
2026-09-21T08:47:21.963Z,2026-09-21T08:47:27.042Z,5.078999996185303,explicit wait
2026-09-21T08:47:41.788Z,2026-09-21T08:47:46.869Z,5.080999851226807,explicit wait
2026-09-21T08:48:00.900Z,2026-09-21T08:48:01.047Z,0.14699983596801758,command call
2026-09-21T08:48:16.067Z,2026-09-21T08:48:16.128Z,0.06100010871887207,command call
2026-09-21T08:48:24.287Z,2026-09-21T08:48:24.373Z,0.08599996566772461,command call
2026-09-21T08:48:34.594Z,2026-09-21T08:48:40.181Z,5.586999893188477,explicit wait
2026-09-21T08:48:48.492Z,2026-09-21T08:49:08.497Z,20.00499987602234,explicit wait
2026-09-21T08:49:14.123Z,2026-09-21T08:49:14.259Z,0.1360001564025879,command call
2026-09-21T08:49:26.382Z,2026-09-21T08:49:26.502Z,0.12000012397766113,command call
2026-09-21T08:49:40.901Z,2026-09-21T08:49:41.001Z,0.09999990463256836,command call
2026-09-21T08:49:50.310Z,2026-09-21T08:49:50.744Z,0.43400001525878906,command call
2026-09-21T08:49:55.750Z,2026-09-21T08:50:15.756Z,20.00600004196167,explicit wait
2026-09-21T08:50:23.121Z,2026-09-21T08:50:23.198Z,0.07699990272521973,command call
2026-09-21T08:50:33.154Z,2026-09-21T08:50:38.211Z,5.056999921798706,explicit wait
2026-09-21T08:50:47.241Z,2026-09-21T08:51:07.246Z,20.005000114440918,explicit wait
2026-09-21T08:51:13.176Z,2026-09-21T08:51:13.304Z,0.12799978256225586,command call
2026-09-21T08:51:21.364Z,2026-09-21T08:51:21.463Z,0.0989999771118164,command call
2026-09-21T08:51:34.567Z,2026-09-21T08:51:34.655Z,0.08800005912780762,command call
2026-09-21T08:51:42.465Z,2026-09-21T08:51:42.562Z,0.0970001220703125,command call
2026-09-21T08:51:49.137Z,2026-09-21T08:51:51.224Z,2.0869998931884766,explicit wait
2026-09-21T08:51:55.623Z,2026-09-21T08:51:55.703Z,0.08000016212463379,command call
2026-09-21T08:52:15.581Z,2026-09-21T08:52:16.638Z,1.056999921798706,command call
2026-09-21T08:52:27.811Z,2026-09-21T08:52:27.907Z,0.09599995613098145,command call
2026-09-21T08:52:46.916Z,2026-09-21T08:52:48.082Z,1.1660001277923584,command call
2026-09-21T08:52:54.116Z,2026-09-21T08:52:59.194Z,5.078000068664551,explicit wait
2026-09-21T08:53:09.131Z,2026-09-21T08:53:09.231Z,0.09999990463256836,command call
2026-09-21T08:53:14.933Z,2026-09-21T08:53:15.093Z,0.15999984741210938,explicit wait
2026-09-21T08:53:26.732Z,2026-09-21T08:53:29.059Z,2.3269999027252197,command call
2026-09-21T08:53:40.869Z,2026-09-21T08:53:40.986Z,0.11700010299682617,explicit wait
2026-09-21T08:53:46.070Z,2026-09-21T08:53:46.162Z,0.09200000762939453,command call
2026-09-21T08:54:08.234Z,2026-09-21T08:54:08.485Z,0.25099992752075195,explicit wait
2026-09-21T08:54:29.261Z,2026-09-21T08:54:30.428Z,1.1670000553131104,command call
2026-09-21T08:54:52.656Z,2026-09-21T08:54:53.895Z,1.2390000820159912,command call
2026-09-21T08:55:00.654Z,2026-09-21T08:55:00.748Z,0.09399986267089844,explicit wait
2026-09-21T08:55:08.389Z,2026-09-21T08:55:23.394Z,15.005000114440918,explicit wait
2026-09-21T08:55:28.029Z,2026-09-21T08:55:28.166Z,0.13699984550476074,command call
2026-09-21T08:55:39.929Z,2026-09-21T08:55:40.037Z,0.10800004005432129,command call
2026-09-21T08:55:56.063Z,2026-09-21T08:55:56.227Z,0.1640000343322754,command call
2026-09-21T08:56:05.590Z,2026-09-21T08:56:05.651Z,0.06100010871887207,command call
2026-09-21T08:56:14.274Z,2026-09-21T08:56:14.402Z,0.12800002098083496,command call
2026-09-21T08:56:22.612Z,2026-09-21T08:56:22.792Z,0.18000006675720215,command call
2026-09-21T08:57:06.603Z,2026-09-21T08:57:07.767Z,1.1640000343322754,command call
2026-09-21T08:57:18.528Z,2026-09-21T08:57:18.626Z,0.09799981117248535,command call
2026-09-21T08:57:35.243Z,2026-09-21T08:57:35.320Z,0.07699990272521973,command call
2026-09-21T08:58:10.350Z,2026-09-21T08:58:11.519Z,1.1690001487731934,command call
2026-09-21T08:58:24.421Z,2026-09-21T08:58:24.506Z,0.08500003814697266,command call
2026-09-21T08:58:36.287Z,2026-09-21T08:58:36.525Z,0.23800015449523926,command call
2026-09-21T08:58:47.139Z,2026-09-21T08:58:47.216Z,0.07700014114379883,command call
2026-09-21T08:59:16.433Z,2026-09-21T08:59:17.598Z,1.1649999618530273,command call
2026-09-21T08:59:23.349Z,2026-09-21T08:59:23.489Z,0.1400001049041748,command call
2026-09-21T08:59:33.014Z,2026-09-21T08:59:33.232Z,0.21800017356872559,command call
2026-09-21T08:59:40.502Z,2026-09-21T08:59:40.611Z,0.10899996757507324,command call
2026-09-21T08:59:48.470Z,2026-09-21T08:59:48.584Z,0.11400008201599121,command call
2026-09-21T08:59:55.392Z,2026-09-21T08:59:55.535Z,0.14300012588500977,command call
2026-09-21T09:00:02.645Z,2026-09-21T09:00:02.730Z,0.08500003814697266,command call
2026-09-21T09:00:55.940Z,2026-09-21T09:00:57.108Z,1.1679999828338623,command call
2026-09-21T09:01:04.940Z,2026-09-21T09:01:05.075Z,0.13499999046325684,explicit wait
2026-09-21T09:01:13.281Z,2026-09-21T09:01:14.447Z,1.1660001277923584,command call
2026-09-21T09:01:21.743Z,2026-09-21T09:01:21.866Z,0.12299990653991699,command call
2026-09-21T09:01:27.414Z,2026-09-21T09:01:27.521Z,0.10699987411499023,command call
2026-09-21T09:01:39.172Z,2026-09-21T09:01:40.338Z,1.1660001277923584,command call
2026-09-21T09:01:46.854Z,2026-09-21T09:01:46.979Z,0.125,command call
2026-09-21T09:02:00.999Z,2026-09-21T09:02:01.109Z,0.1099998950958252,command call
2026-09-21T09:02:18.642Z,2026-09-21T09:02:19.810Z,1.1679999828338623,command call
2026-09-21T09:02:32.816Z,2026-09-21T09:02:32.939Z,0.12299990653991699,command call
2026-09-21T09:02:45.386Z,2026-09-21T09:02:45.572Z,0.18600010871887207,command call
2026-09-21T09:03:09.412Z,2026-09-21T09:03:10.665Z,1.253000020980835,command call
2026-09-21T09:03:20.875Z,2026-09-21T09:03:22.255Z,1.380000114440918,command call
2026-09-21T09:03:35.232Z,2026-09-21T09:03:35.356Z,0.12399983406066895,explicit wait
2026-09-21T09:03:44.565Z,2026-09-21T09:03:45.595Z,1.0299999713897705,command call
2026-09-21T09:03:53.027Z,2026-09-21T09:03:53.171Z,0.14400005340576172,command call
2026-09-21T09:03:58.978Z,2026-09-21T09:03:59.090Z,0.1119999885559082,command call
2026-09-21T09:04:13.775Z,2026-09-21T09:04:14.939Z,1.1639997959136963,command call
2026-09-21T09:04:26.107Z,2026-09-21T09:04:26.210Z,0.10299992561340332,command call
2026-09-21T09:04:33.870Z,2026-09-21T09:04:34.062Z,0.192000150680542,command call
2026-09-21T09:04:54.859Z,2026-09-21T09:04:55.022Z,0.16300010681152344,command call
2026-09-21T09:05:08.032Z,2026-09-21T09:05:08.130Z,0.09800004959106445,command call
2026-09-21T09:05:15.278Z,2026-09-21T09:05:15.372Z,0.09399986267089844,command call
2026-09-21T09:05:21.834Z,2026-09-21T09:05:21.966Z,0.13199996948242188,command call
2026-09-21T09:05:29.804Z,2026-09-21T09:05:29.914Z,0.1100001335144043,command call
2026-09-21T09:06:30.465Z,2026-09-21T09:06:31.633Z,1.1679999828338623,command call
2026-09-21T09:06:36.916Z,2026-09-21T09:06:37.037Z,0.12100005149841309,command call
2026-09-21T09:06:51.068Z,2026-09-21T09:06:51.127Z,0.05900001525878906,command call
2026-09-21T09:07:10.612Z,2026-09-21T09:07:10.696Z,0.0840001106262207,command call
2026-09-21T09:08:03.406Z,2026-09-21T09:08:04.572Z,1.1660001277923584,command call
2026-09-21T09:08:11.331Z,2026-09-21T09:08:11.467Z,0.1359999179840088,command call
2026-09-21T09:08:21.749Z,2026-09-21T09:08:21.899Z,0.14999985694885254,command call
2026-09-21T09:08:40.684Z,2026-09-21T09:08:41.850Z,1.1659998893737793,command call
2026-09-21T09:08:58.985Z,2026-09-21T09:09:00.234Z,1.249000072479248,command call
2026-09-21T09:09:20.223Z,2026-09-21T09:09:20.351Z,0.12800002098083496,command call
2026-09-21T09:10:00.816Z,2026-09-21T09:10:01.981Z,1.1649999618530273,command call
2026-09-21T09:10:11.360Z,2026-09-21T09:10:11.511Z,0.1510000228881836,command call
2026-09-21T09:10:49.508Z,2026-09-21T09:10:50.672Z,1.1640000343322754,command call
2026-09-21T09:11:17.617Z,2026-09-21T09:11:17.777Z,0.15999984741210938,command call
2026-09-21T09:11:24.961Z,2026-09-21T09:11:25.116Z,0.1549999713897705,command call
2026-09-21T09:11:32.548Z,2026-09-21T09:11:32.661Z,0.11299991607666016,command call
2026-09-21T09:11:40.963Z,2026-09-21T09:11:41.074Z,0.11099982261657715,command call
2026-09-21T09:11:56.395Z,2026-09-21T09:11:56.574Z,0.1789999008178711,command call
2026-09-21T09:12:07.609Z,2026-09-21T09:12:07.759Z,0.15000009536743164,command call
2026-09-21T09:12:34.887Z,2026-09-21T09:12:36.055Z,1.1679999828338623,command call
2026-09-21T09:13:29.537Z,2026-09-21T09:13:29.744Z,0.2070000171661377,command call
2026-09-21T09:13:45.345Z,2026-09-21T09:13:46.625Z,1.2799999713897705,command call
2026-09-21T09:13:58.640Z,2026-09-21T09:13:58.788Z,0.14800000190734863,command call
2026-09-21T09:14:15.605Z,2026-09-21T09:14:16.771Z,1.1659998893737793,explicit wait
2026-09-21T09:14:35.125Z,2026-09-21T09:14:35.243Z,0.11800003051757812,command call
2026-09-21T09:14:53.255Z,2026-09-21T09:14:53.934Z,0.6789999008178711,command call
2026-09-21T09:15:11.178Z,2026-09-21T09:15:11.321Z,0.14300012588500977,command call
2026-09-21T09:15:33.005Z,2026-09-21T09:15:38.089Z,5.083999872207642,explicit wait
2026-09-21T09:15:55.453Z,2026-09-21T09:15:55.653Z,0.20000004768371582,command call
2026-09-21T09:16:10.019Z,2026-09-21T09:16:10.130Z,0.11100006103515625,command call
2026-09-21T09:16:33.753Z,2026-09-21T09:16:33.926Z,0.17300009727478027,command call
2026-09-21T09:16:41.457Z,2026-09-21T09:16:41.638Z,0.1809999942779541,command call
2026-09-21T09:17:29.893Z,2026-09-21T09:17:31.061Z,1.1680002212524414,command call
2026-09-21T09:17:37.810Z,2026-09-21T09:17:37.951Z,0.14100003242492676,command call
2026-09-21T09:17:54.327Z,2026-09-21T09:17:54.390Z,0.06300020217895508,command call
2026-09-21T09:18:27.174Z,2026-09-21T09:18:27.303Z,0.12899994850158691,command call
2026-09-21T09:18:49.357Z,2026-09-21T09:18:49.489Z,0.13199996948242188,command call
2026-09-21T09:19:35.094Z,2026-09-21T09:19:36.259Z,1.1649999618530273,command call
2026-09-21T09:22:46.709Z,2026-09-21T09:22:46.812Z,0.10299992561340332,command call
2026-09-21T09:22:54.570Z,2026-09-21T09:22:54.702Z,0.13199996948242188,command call
2026-09-21T09:23:03.898Z,2026-09-21T09:23:10.067Z,6.168999910354614,explicit wait
2026-09-21T09:23:14.925Z,2026-09-21T09:23:15.025Z,0.10000014305114746,command call
2026-09-21T09:23:21.705Z,2026-09-21T09:23:24.753Z,3.0480000972747803,explicit wait
2026-09-21T09:23:32.315Z,2026-09-21T09:23:34.126Z,1.810999870300293,command call
2026-09-21T09:23:38.619Z,2026-09-21T09:23:39.784Z,1.1649999618530273,command call
2026-09-21T09:23:49.092Z,2026-09-21T09:23:49.161Z,0.0690000057220459,explicit wait
2026-09-21T09:24:05.274Z,2026-09-21T09:24:06.522Z,1.248000144958496,command call
2026-09-21T09:24:12.515Z,2026-09-21T09:24:12.601Z,0.08599996566772461,explicit wait
2026-09-21T09:24:23.429Z,2026-09-21T09:24:23.508Z,0.07899999618530273,command call
2026-09-21T09:24:40.651Z,2026-09-21T09:24:41.129Z,0.4779999256134033,command call
2026-09-21T09:24:45.473Z,2026-09-21T09:24:45.607Z,0.13400006294250488,command call
2026-09-21T09:24:56.010Z,2026-09-21T09:24:56.064Z,0.053999900817871094,command call
2026-09-21T09:25:01.166Z,2026-09-21T09:25:01.249Z,0.08300018310546875,command call
2026-09-21T09:25:27.034Z,2026-09-21T09:25:28.200Z,1.1660001277923584,command call
2026-09-21T09:25:33.964Z,2026-09-21T09:25:34.031Z,0.06699991226196289,command call
2026-09-21T09:25:57.205Z,2026-09-21T09:25:58.421Z,1.2160000801086426,command call
2026-09-21T09:26:05.629Z,2026-09-21T09:26:05.727Z,0.09800004959106445,command call
2026-09-21T09:26:19.952Z,2026-09-21T09:26:20.093Z,0.14100003242492676,command call
2026-09-21T09:26:34.437Z,2026-09-21T09:26:34.580Z,0.14299988746643066,command call
2026-09-21T09:26:40.643Z,2026-09-21T09:26:40.720Z,0.07700014114379883,command call
2026-09-21T09:27:09.746Z,2026-09-21T09:27:10.912Z,1.1659998893737793,command call
2026-09-21T09:27:15.977Z,2026-09-21T09:27:16.253Z,0.2760000228881836,command call
2026-09-21T09:27:46.523Z,2026-09-21T09:27:47.690Z,1.1670000553131104,command call
2026-09-21T09:27:53.052Z,2026-09-21T09:27:53.126Z,0.07399988174438477,command call
2026-09-21T09:28:01.804Z,2026-09-21T09:28:01.901Z,0.0970001220703125,command call
2026-09-21T09:28:17.543Z,2026-09-21T09:28:18.708Z,1.1649999618530273,command call
2026-09-21T09:28:24.346Z,2026-09-21T09:28:24.444Z,0.09800004959106445,command call
2026-09-21T09:28:36.405Z,2026-09-21T09:28:36.582Z,0.1770000457763672,explicit wait
2026-09-21T09:28:48.070Z,2026-09-21T09:28:48.225Z,0.1549999713897705,command call
2026-09-21T09:28:54.993Z,2026-09-21T09:28:55.084Z,0.09100008010864258,command call
2026-09-21T09:29:10.585Z,2026-09-21T09:29:11.821Z,1.2360000610351562,command call
2026-09-21T09:29:22.317Z,2026-09-21T09:29:22.423Z,0.10600018501281738,command call
2026-09-21T09:29:30.548Z,2026-09-21T09:29:30.608Z,0.059999942779541016,command call
2026-09-21T09:29:40.369Z,2026-09-21T09:29:40.427Z,0.05800008773803711,command call
2026-09-21T09:29:48.235Z,2026-09-21T09:29:48.334Z,0.09900021553039551,command call
2026-09-21T09:29:54.733Z,2026-09-21T09:29:54.883Z,0.14999985694885254,command call
2026-09-21T09:30:26.311Z,2026-09-21T09:30:27.476Z,1.1649999618530273,command call
2026-09-21T09:30:33.478Z,2026-09-21T09:30:33.603Z,0.125,command call
2026-09-21T09:30:54.820Z,2026-09-21T09:30:55.985Z,1.1649999618530273,command call
2026-09-21T09:31:08.011Z,2026-09-21T09:31:08.122Z,0.11100006103515625,command call
2026-09-21T09:31:19.460Z,2026-09-21T09:31:19.530Z,0.06999993324279785,command call
2026-09-21T09:31:39.820Z,2026-09-21T09:31:40.987Z,1.1670000553131104,command call
2026-09-21T09:31:46.518Z,2026-09-21T09:31:46.624Z,0.10600018501281738,command call
2026-09-21T09:31:53.705Z,2026-09-21T09:31:53.779Z,0.07400012016296387,command call
2026-09-21T09:32:08.369Z,2026-09-21T09:32:09.535Z,1.1660001277923584,command call
2026-09-21T09:32:15.576Z,2026-09-21T09:32:15.801Z,0.22500014305114746,command call
2026-09-21T09:32:37.792Z,2026-09-21T09:32:37.967Z,0.17499995231628418,command call
2026-09-21T09:32:44.086Z,2026-09-21T09:32:45.252Z,1.1660001277923584,command call
2026-09-21T09:32:56.838Z,2026-09-21T09:32:56.984Z,0.14599990844726562,command call
2026-09-21T09:33:14.297Z,2026-09-21T09:33:15.465Z,1.1679999828338623,explicit wait
2026-09-21T09:33:22.061Z,2026-09-21T09:33:22.272Z,0.2109999656677246,command call
2026-09-21T09:33:34.730Z,2026-09-21T09:33:34.801Z,0.0710000991821289,command call
2026-09-21T09:33:42.653Z,2026-09-21T09:33:42.779Z,0.12599992752075195,command call
2026-09-21T09:34:17.720Z,2026-09-21T09:34:18.885Z,1.1649999618530273,command call
2026-09-21T09:34:24.578Z,2026-09-21T09:34:24.689Z,0.11099982261657715,command call
2026-09-21T09:34:34.204Z,2026-09-21T09:34:34.295Z,0.09100008010864258,command call
2026-09-21T09:34:49.931Z,2026-09-21T09:34:51.096Z,1.1649999618530273,command call
2026-09-21T09:34:58.128Z,2026-09-21T09:35:03.193Z,5.065000057220459,explicit wait
2026-09-21T09:35:15.752Z,2026-09-21T09:35:15.863Z,0.11099982261657715,command call
2026-09-21T09:35:24.716Z,2026-09-21T09:35:24.837Z,0.12099981307983398,command call
2026-09-21T09:35:32.268Z,2026-09-21T09:35:32.368Z,0.10000014305114746,command call
2026-09-21T09:35:54.717Z,2026-09-21T09:35:55.881Z,1.1640000343322754,command call
2026-09-21T09:36:02.763Z,2026-09-21T09:36:02.882Z,0.11899995803833008,command call
2026-09-21T09:36:11.075Z,2026-09-21T09:36:11.181Z,0.10599994659423828,command call
2026-09-21T09:36:23.656Z,2026-09-21T09:36:23.756Z,0.10000014305114746,command call
2026-09-21T09:36:37.363Z,2026-09-21T09:36:37.480Z,0.11700010299682617,command call
2026-09-21T09:36:43.266Z,2026-09-21T09:36:43.352Z,0.08599996566772461,command call
2026-09-21T09:36:49.983Z,2026-09-21T09:36:50.124Z,0.14100003242492676,command call
2026-09-21T09:37:01.399Z,2026-09-21T09:37:01.500Z,0.10100007057189941,command call
2026-09-21T09:37:08.752Z,2026-09-21T09:37:08.843Z,0.09099984169006348,command call
2026-09-21T09:37:28.656Z,2026-09-21T09:37:29.825Z,1.1690001487731934,command call
2026-09-21T09:37:37.571Z,2026-09-21T09:37:37.680Z,0.10899996757507324,command call
2026-09-21T09:37:47.703Z,2026-09-21T09:37:47.821Z,0.11800003051757812,command call
2026-09-21T09:37:57.223Z,2026-09-21T09:37:57.280Z,0.056999921798706055,command call
2026-09-21T09:38:03.371Z,2026-09-21T09:38:03.456Z,0.08500003814697266,command call
2026-09-21T09:38:27.423Z,2026-09-21T09:38:28.588Z,1.1649999618530273,command call
2026-09-21T09:38:34.707Z,2026-09-21T09:38:34.765Z,0.05800008773803711,command call
2026-09-21T09:38:43.120Z,2026-09-21T09:38:44.285Z,1.1650002002716064,command call
2026-09-21T09:38:51.288Z,2026-09-21T09:38:56.345Z,5.056999921798706,explicit wait
2026-09-21T09:39:06.510Z,2026-09-21T09:39:06.664Z,0.15400004386901855,command call
2026-09-21T09:39:21.857Z,2026-09-21T09:39:22.559Z,0.7019999027252197,explicit wait
2026-09-21T09:39:27.851Z,2026-09-21T09:39:28.303Z,0.4519999027252197,command call
2026-09-21T09:39:32.380Z,2026-09-21T09:39:33.543Z,1.1629998683929443,command call
2026-09-21T09:39:39.639Z,2026-09-21T09:39:39.709Z,0.07000017166137695,explicit wait
2026-09-21T09:39:48.278Z,2026-09-21T09:39:48.375Z,0.0969998836517334,command call
2026-09-21T09:39:55.907Z,2026-09-21T09:39:55.994Z,0.08699989318847656,command call
2026-09-21T09:40:17.389Z,2026-09-21T09:40:18.547Z,1.1579999923706055,command call
2026-09-21T09:40:24.478Z,2026-09-21T09:40:25.643Z,1.1649999618530273,command call
2026-09-21T09:40:39.414Z,2026-09-21T09:40:39.490Z,0.07599997520446777,explicit wait
2026-09-21T09:40:52.033Z,2026-09-21T09:40:52.129Z,0.09599995613098145,command call
2026-09-21T09:41:26.750Z,2026-09-21T09:41:27.417Z,0.6670000553131104,command call
2026-09-21T09:41:49.680Z,2026-09-21T09:41:50.842Z,1.1619999408721924,command call
2026-09-21T09:41:55.254Z,2026-09-21T09:41:55.349Z,0.09500002861022949,command call
2026-09-21T09:42:07.648Z,2026-09-21T09:42:07.752Z,0.10400009155273438,command call
2026-09-21T09:42:21.737Z,2026-09-21T09:42:21.815Z,0.07800006866455078,command call
2026-09-21T09:43:05.043Z,2026-09-21T09:43:06.209Z,1.1660001277923584,command call
2026-09-21T09:43:11.291Z,2026-09-21T09:43:11.355Z,0.06400012969970703,command call
2026-09-21T09:43:23.070Z,2026-09-21T09:43:24.236Z,1.1660001277923584,command call
2026-09-21T09:43:31.041Z,2026-09-21T09:43:31.155Z,0.11400008201599121,command call
2026-09-21T09:43:41.912Z,2026-09-21T09:43:42.055Z,0.14300012588500977,command call
2026-09-21T09:43:52.048Z,2026-09-21T09:43:52.117Z,0.0690000057220459,command call
2026-09-21T09:44:21.029Z,2026-09-21T09:44:22.195Z,1.1659998893737793,command call
2026-09-21T09:44:28.286Z,2026-09-21T09:44:28.384Z,0.09800004959106445,command call
2026-09-21T09:44:38.535Z,2026-09-21T09:44:39.700Z,1.1649999618530273,command call
2026-09-21T09:44:44.637Z,2026-09-21T09:44:44.786Z,0.14899992942810059,command call
2026-09-21T09:44:54.469Z,2026-09-21T09:44:55.635Z,1.1659998893737793,command call
2026-09-21T09:44:59.619Z,2026-09-21T09:44:59.745Z,0.12599992752075195,command call
2026-09-21T09:45:03.811Z,2026-09-21T09:45:03.938Z,0.1269998550415039,explicit wait
2026-09-21T09:45:14.677Z,2026-09-21T09:45:14.856Z,0.1789999008178711,command call
2026-09-21T09:45:28.080Z,2026-09-21T09:45:28.208Z,0.12800002098083496,command call
2026-09-21T09:45:34.063Z,2026-09-21T09:45:34.133Z,0.06999993324279785,command call
2026-09-21T09:46:30.510Z,2026-09-21T09:46:31.678Z,1.1679999828338623,command call
2026-09-21T09:46:34.717Z,2026-09-21T09:46:34.906Z,0.18899989128112793,command call
2026-09-21T09:46:55.240Z,2026-09-21T09:46:56.405Z,1.1649999618530273,command call
2026-09-21T09:47:00.964Z,2026-09-21T09:47:01.109Z,0.14499998092651367,command call
2026-09-21T09:47:05.577Z,2026-09-21T09:47:05.709Z,0.13200020790100098,command call
2026-09-21T09:47:21.973Z,2026-09-21T09:47:23.139Z,1.1659998893737793,command call
2026-09-21T09:47:27.147Z,2026-09-21T09:47:27.406Z,0.2589998245239258,command call
2026-09-21T09:47:37.633Z,2026-09-21T09:47:37.802Z,0.16900014877319336,command call
2026-09-21T09:47:51.562Z,2026-09-21T09:47:51.617Z,0.05500006675720215,command call
2026-09-21T09:47:56.032Z,2026-09-21T09:47:56.153Z,0.12100005149841309,command call
2026-09-21T09:48:01.914Z,2026-09-21T09:48:01.970Z,0.0559999942779541,command call
2026-09-21T09:48:06.920Z,2026-09-21T09:48:07.038Z,0.11800003051757812,command call
2026-09-21T09:48:33.396Z,2026-09-21T09:48:34.562Z,1.1660001277923584,command call
2026-09-21T09:48:38.257Z,2026-09-21T09:48:38.381Z,0.12400007247924805,command call
2026-09-21T09:48:53.101Z,2026-09-21T09:48:53.315Z,0.21399998664855957,command call
2026-09-21T09:49:24.078Z,2026-09-21T09:49:25.244Z,1.1659998893737793,command call
2026-09-21T09:49:31.818Z,2026-09-21T09:49:31.962Z,0.14399981498718262,command call
2026-09-21T09:50:20.085Z,2026-09-21T09:50:21.250Z,1.1649999618530273,command call
2026-09-21T09:50:25.472Z,2026-09-21T09:50:25.576Z,0.10400009155273438,command call
2026-09-21T09:50:36.939Z,2026-09-21T09:50:37.051Z,0.1120002269744873,command call
2026-09-21T09:50:47.067Z,2026-09-21T09:50:47.149Z,0.0820000171661377,command call
2026-09-21T09:50:53.285Z,2026-09-21T09:50:53.439Z,0.15399980545043945,command call
2026-09-21T09:51:11.708Z,2026-09-21T09:51:12.877Z,1.1690001487731934,command call
2026-09-21T09:51:27.729Z,2026-09-21T09:51:27.878Z,0.14899992942810059,command call
2026-09-21T09:51:36.953Z,2026-09-21T09:51:37.135Z,0.18199992179870605,command call
2026-09-21T09:51:43.192Z,2026-09-21T09:51:43.307Z,0.11500000953674316,command call
2026-09-21T09:51:53.378Z,2026-09-21T09:51:54.543Z,1.1649999618530273,command call
2026-09-21T09:52:17.098Z,2026-09-21T09:52:17.282Z,0.18400001525878906,command call
2026-09-21T09:52:29.841Z,2026-09-21T09:52:35.522Z,5.680999994277954,explicit wait
2026-09-21T09:52:43.995Z,2026-09-21T09:52:45.058Z,1.063000202178955,command call
2026-09-21T09:52:51.024Z,2026-09-21T09:52:51.161Z,0.13700008392333984,command call
2026-09-21T09:53:01.044Z,2026-09-21T09:53:01.149Z,0.10500001907348633,command call
2026-09-21T09:53:33.122Z,2026-09-21T09:53:33.276Z,0.15400004386901855,command call
2026-09-21T09:53:45.466Z,2026-09-21T09:53:45.623Z,0.15699982643127441,command call
2026-09-21T09:53:55.933Z,2026-09-21T09:53:56.158Z,0.22499990463256836,command call
2026-09-21T09:54:02.685Z,2026-09-21T09:54:02.975Z,0.28999996185302734,command call
2026-09-21T09:54:08.701Z,2026-09-21T09:54:08.794Z,0.09299993515014648,command call
2026-09-21T09:54:29.899Z,2026-09-21T09:54:31.062Z,1.1630001068115234,command call
2026-09-21T09:54:44.786Z,2026-09-21T09:54:44.969Z,0.1830000877380371,command call
2026-09-21T09:54:55.150Z,2026-09-21T09:55:00.211Z,5.060999870300293,explicit wait
2026-09-21T09:55:14.704Z,2026-09-21T09:55:14.890Z,0.18600010871887207,command call
2026-09-21T09:55:40.672Z,2026-09-21T09:55:40.751Z,0.07899999618530273,command call
2026-09-21T09:55:45.160Z,2026-09-21T09:55:45.324Z,0.1639997959136963,explicit wait
2026-09-21T09:55:56.716Z,2026-09-21T09:55:56.941Z,0.22499990463256836,command call
2026-09-21T09:56:09.953Z,2026-09-21T09:56:15.042Z,5.08899998664856,explicit wait
2026-09-21T09:56:25.576Z,2026-09-21T09:56:30.636Z,5.059999942779541,explicit wait
2026-09-21T09:56:36.263Z,2026-09-21T09:56:36.386Z,0.12299990653991699,command call
2026-09-21T09:56:54.360Z,2026-09-21T09:56:54.604Z,0.24400019645690918,command call
2026-09-21T09:57:06.348Z,2026-09-21T09:57:11.430Z,5.082000017166138,explicit wait
2026-09-21T09:57:29.819Z,2026-09-21T09:57:34.881Z,5.062000036239624,explicit wait
2026-09-21T09:57:43.641Z,2026-09-21T09:57:48.695Z,5.053999900817871,explicit wait
2026-09-21T09:58:23.204Z,2026-09-21T09:58:24.371Z,1.1670000553131104,command call
2026-09-21T09:58:30.138Z,2026-09-21T09:58:30.232Z,0.09400010108947754,command call
2026-09-21T09:58:39.554Z,2026-09-21T09:58:39.631Z,0.07700014114379883,command call
2026-09-21T09:58:49.794Z,2026-09-21T09:58:49.948Z,0.15400004386901855,explicit wait
2026-09-21T09:58:55.246Z,2026-09-21T09:59:00.344Z,5.0980000495910645,explicit wait
2026-09-21T09:59:03.573Z,2026-09-21T09:59:33.586Z,30.013000011444092,explicit wait
2026-09-21T09:59:39.027Z,2026-09-21T09:59:44.085Z,5.058000087738037,explicit wait
2026-09-21T09:59:57.055Z,2026-09-21T09:59:57.130Z,0.07500004768371582,command call
2026-09-21T10:00:10.047Z,2026-09-21T10:00:15.105Z,5.058000087738037,explicit wait
2026-09-21T10:00:19.637Z,2026-09-21T10:00:49.644Z,30.006999969482422,explicit wait
2026-09-21T10:00:54.517Z,2026-09-21T10:00:59.575Z,5.058000087738037,explicit wait
2026-09-21T10:01:03.295Z,2026-09-21T10:01:23.300Z,20.00499987602234,explicit wait
2026-09-21T10:01:31.245Z,2026-09-21T10:01:36.297Z,5.052000045776367,explicit wait
2026-09-21T10:01:39.531Z,2026-09-21T10:02:09.537Z,30.00600004196167,explicit wait
2026-09-21T10:02:14.185Z,2026-09-21T10:02:14.331Z,0.14600014686584473,explicit wait
2026-09-21T10:02:29.855Z,2026-09-21T10:02:31.021Z,1.1659998893737793,command call
2026-09-21T10:02:40.266Z,2026-09-21T10:02:40.454Z,0.18799996376037598,command call
2026-09-21T10:02:45.540Z,2026-09-21T10:02:45.738Z,0.1979999542236328,command call
2026-09-21T10:02:54.788Z,2026-09-21T10:02:55.958Z,1.1699998378753662,command call
2026-09-21T10:02:59.950Z,2026-09-21T10:03:04.334Z,4.384000062942505,explicit wait
2026-09-21T10:03:12.678Z,2026-09-21T10:03:13.855Z,1.1770000457763672,command call
2026-09-21T10:03:26.979Z,2026-09-21T10:03:27.128Z,0.14899992942810059,command call
2026-09-21T10:03:42.883Z,2026-09-21T10:03:43.163Z,0.2800002098083496,command call
2026-09-21T10:03:51.182Z,2026-09-21T10:03:51.292Z,0.1100001335144043,command call
2026-09-21T10:04:10.286Z,2026-09-21T10:04:10.878Z,0.5920000076293945,command call
2026-09-21T10:04:19.787Z,2026-09-21T10:04:20.005Z,0.21800017356872559,command call
2026-09-21T10:04:55.979Z,2026-09-21T10:04:57.145Z,1.1659998893737793,command call
2026-09-21T10:05:02.324Z,2026-09-21T10:05:06.103Z,3.7790000438690186,explicit wait
2026-09-21T10:05:12.731Z,2026-09-21T10:05:13.896Z,1.1649999618530273,command call
2026-09-21T10:05:22.194Z,2026-09-21T10:05:22.312Z,0.11800003051757812,command call
2026-09-21T10:05:36.948Z,2026-09-21T10:05:37.098Z,0.15000009536743164,command call
2026-09-21T10:05:47.282Z,2026-09-21T10:05:47.480Z,0.1979999542236328,command call
2026-09-21T10:06:05.914Z,2026-09-21T10:06:06.502Z,0.5880000591278076,command call
2026-09-21T10:06:21.176Z,2026-09-21T10:06:21.389Z,0.21299982070922852,command call
2026-09-21T10:06:27.868Z,2026-09-21T10:06:28.027Z,0.15899991989135742,command call
2026-09-21T10:06:36.422Z,2026-09-21T10:06:36.570Z,0.14800000190734863,command call
2026-09-21T10:07:22.208Z,2026-09-21T10:07:22.320Z,0.1119999885559082,command call
2026-09-21T10:07:33.241Z,2026-09-21T10:07:33.486Z,0.24500012397766113,command call
2026-09-21T10:07:46.664Z,2026-09-21T10:07:51.763Z,5.098999977111816,explicit wait
2026-09-21T10:08:03.634Z,2026-09-21T10:08:03.787Z,0.1529998779296875,command call
2026-09-21T10:08:17.603Z,2026-09-21T10:08:47.608Z,30.005000114440918,explicit wait
2026-09-21T10:08:52.512Z,2026-09-21T10:08:57.578Z,5.065999984741211,explicit wait
2026-09-21T10:09:08.088Z,2026-09-21T10:09:08.260Z,0.17199993133544922,command call
2026-09-21T10:09:25.707Z,2026-09-21T10:09:30.773Z,5.065999984741211,explicit wait
2026-09-21T10:09:34.103Z,2026-09-21T10:10:04.110Z,30.006999969482422,explicit wait
2026-09-21T10:10:09.301Z,2026-09-21T10:10:14.357Z,5.055999994277954,explicit wait
2026-09-21T10:10:34.946Z,2026-09-21T10:10:35.537Z,0.5909998416900635,command call
2026-09-21T10:13:12.011Z,2026-09-21T10:13:12.283Z,0.2720000743865967,explicit wait
2026-09-21T10:13:20.370Z,2026-09-21T10:13:20.505Z,0.13500022888183594,command call
2026-09-21T10:13:27.186Z,2026-09-21T10:13:27.779Z,0.5929999351501465,command call
2026-09-21T10:13:34.540Z,2026-09-21T10:13:36.578Z,2.0380001068115234,command call
2026-09-21T10:13:43.915Z,2026-09-21T10:13:48.459Z,4.544000148773193,command call
2026-09-21T10:14:03.543Z,2026-09-21T10:14:08.131Z,4.588000059127808,command call
2026-09-21T10:14:16.984Z,2026-09-21T10:14:18.992Z,2.008000135421753,command call
2026-09-21T10:14:36.957Z,2026-09-21T10:14:41.912Z,4.954999923706055,command call
2026-09-21T10:14:47.397Z,2026-09-21T10:14:47.892Z,0.49499988555908203,command call
2026-09-21T10:15:00.700Z,2026-09-21T10:15:01.677Z,0.9769999980926514,command call
2026-09-21T10:15:08.539Z,2026-09-21T10:15:08.994Z,0.4549999237060547,command call
2026-09-21T10:15:18.234Z,2026-09-21T10:15:18.310Z,0.07599997520446777,command call
2026-09-21T10:15:28.324Z,2026-09-21T10:15:28.391Z,0.06700015068054199,command call
2026-09-21T10:15:37.024Z,2026-09-21T10:15:37.113Z,0.08899998664855957,command call
2026-09-21T10:15:43.632Z,2026-09-21T10:15:43.841Z,0.2090001106262207,command call
2026-09-21T10:15:51.486Z,2026-09-21T10:15:51.579Z,0.09299993515014648,command call
2026-09-21T10:16:02.275Z,2026-09-21T10:16:03.330Z,1.054999828338623,command call
2026-09-21T10:16:59.845Z,2026-09-21T10:16:59.929Z,0.0839998722076416,command call
2026-09-21T10:18:18.067Z,2026-09-21T10:18:18.133Z,0.06599998474121094,command call
2026-09-21T10:19:08.926Z,2026-09-21T10:19:09.629Z,0.7029998302459717,command call
2026-09-21T10:19:20.903Z,2026-09-21T10:19:23.233Z,2.3299999237060547,command call
2026-09-21T10:19:34.771Z,2026-09-21T10:19:45.071Z,10.300000190734863,explicit wait
2026-09-21T10:19:56.902Z,2026-09-21T10:19:57.379Z,0.47699999809265137,explicit wait
2026-09-21T10:20:08.195Z,2026-09-21T10:20:08.312Z,0.11700010299682617,command call
2026-09-21T10:20:13.855Z,2026-09-21T10:20:15.019Z,1.1640000343322754,command call
2026-09-21T10:20:26.351Z,2026-09-21T10:20:27.077Z,0.7259998321533203,command call
2026-09-21T10:20:41.726Z,2026-09-21T10:20:41.833Z,0.10699987411499023,command call
2026-09-21T10:20:55.972Z,2026-09-21T10:20:56.054Z,0.0820000171661377,command call
2026-09-21T10:21:06.372Z,2026-09-21T10:21:09.309Z,2.937000036239624,command call
2026-09-21T10:21:16.186Z,2026-09-21T10:21:16.330Z,0.14399981498718262,command call
2026-09-21T10:21:28.293Z,2026-09-21T10:21:28.398Z,0.10500001907348633,command call
2026-09-21T10:21:41.418Z,2026-09-21T10:21:41.511Z,0.09299993515014648,command call
2026-09-21T10:21:51.654Z,2026-09-21T10:21:52.328Z,0.6740000247955322,command call
2026-09-21T10:21:59.320Z,2026-09-21T10:22:44.326Z,45.00600004196167,explicit wait
2026-09-21T10:22:52.447Z,2026-09-21T10:22:52.616Z,0.16899991035461426,command call
2026-09-21T10:23:03.038Z,2026-09-21T10:23:03.889Z,0.8509998321533203,command call
2026-09-21T10:23:22.915Z,2026-09-21T10:23:22.991Z,0.07599997520446777,command call
2026-09-21T10:23:26.140Z,2026-09-21T10:24:11.147Z,45.00699996948242,explicit wait
2026-09-21T10:24:17.407Z,2026-09-21T10:24:17.526Z,0.11899995803833008,command call
2026-09-21T10:24:43.279Z,2026-09-21T10:24:43.796Z,0.5169999599456787,command call
2026-09-21T10:24:50.929Z,2026-09-21T10:25:35.936Z,45.007000207901,explicit wait
2026-09-21T10:25:39.179Z,2026-09-21T10:25:39.308Z,0.12900018692016602,command call
2026-09-21T10:25:48.567Z,2026-09-21T10:25:48.697Z,0.13000011444091797,explicit wait
2026-09-21T10:25:53.471Z,2026-09-21T10:25:55.650Z,2.17900013923645,command call
2026-09-21T10:26:12.059Z,2026-09-21T10:26:14.660Z,2.6010000705718994,command call
2026-09-21T10:26:33.788Z,2026-09-21T10:26:43.905Z,10.116999864578247,explicit wait
2026-09-21T10:26:49.906Z,2026-09-21T10:26:49.984Z,0.07800006866455078,command call
2026-09-21T10:27:10.928Z,2026-09-21T10:27:11.359Z,0.4309999942779541,command call
2026-09-21T10:27:20.043Z,2026-09-21T10:27:20.188Z,0.14499998092651367,command call
2026-09-21T10:27:34.904Z,2026-09-21T10:27:35.882Z,0.9779999256134033,command call
2026-09-21T10:30:01.516Z,2026-09-21T10:30:02.684Z,1.1679999828338623,command call
2026-09-21T10:30:11.914Z,2026-09-21T10:30:12.026Z,0.1119999885559082,command call
2026-09-21T10:30:30.938Z,2026-09-21T10:30:31.033Z,0.09500002861022949,command call
2026-09-21T10:31:40.244Z,2026-09-21T10:31:41.419Z,1.1749999523162842,command call
2026-09-21T10:31:54.396Z,2026-09-21T10:31:54.497Z,0.10100007057189941,command call
2026-09-21T10:32:10.641Z,2026-09-21T10:32:11.811Z,1.1700000762939453,command call
2026-09-21T10:32:23.748Z,2026-09-21T10:32:23.852Z,0.10400009155273438,explicit wait
2026-09-21T10:32:29.003Z,2026-09-21T10:32:29.105Z,0.10199999809265137,command call
2026-09-21T10:32:34.543Z,2026-09-21T10:32:35.710Z,1.1670000553131104,command call
2026-09-21T10:32:48.203Z,2026-09-21T10:32:48.396Z,0.19299983978271484,command call
2026-09-21T10:32:59.602Z,2026-09-21T10:32:59.728Z,0.12599992752075195,command call
2026-09-21T10:33:06.277Z,2026-09-21T10:33:06.390Z,0.11300015449523926,command call
2026-09-21T10:33:37.221Z,2026-09-21T10:33:37.327Z,0.10599994659423828,command call
2026-09-21T10:33:45.102Z,2026-09-21T10:33:45.212Z,0.1099998950958252,command call
2026-09-21T10:33:58.645Z,2026-09-21T10:33:59.183Z,0.5380001068115234,command call
2026-09-21T10:34:18.091Z,2026-09-21T10:34:18.207Z,0.11599993705749512,command call
2026-09-21T10:35:08.412Z,2026-09-21T10:35:09.583Z,1.1710000038146973,command call
2026-09-21T10:35:16.811Z,2026-09-21T10:35:16.945Z,0.13399982452392578,command call
2026-09-21T10:35:36.486Z,2026-09-21T10:35:37.654Z,1.1679999828338623,command call
2026-09-21T10:35:52.941Z,2026-09-21T10:35:54.199Z,1.2579998970031738,command call
2026-09-21T10:36:04.874Z,2026-09-21T10:36:05.005Z,0.13100004196166992,explicit wait
2026-09-21T10:36:46.102Z,2026-09-21T10:37:31.109Z,45.00699996948242,explicit wait
2026-09-21T10:37:38.380Z,2026-09-21T10:37:38.538Z,0.15799999237060547,command call
2026-09-21T10:37:47.503Z,2026-09-21T10:37:47.644Z,0.14100003242492676,command call
2026-09-21T10:38:08.937Z,2026-09-21T10:38:09.061Z,0.12400007247924805,command call
2026-09-21T10:38:19.746Z,2026-09-21T10:38:24.828Z,5.082000017166138,explicit wait
2026-09-21T10:38:42.482Z,2026-09-21T10:38:42.560Z,0.07799983024597168,command call
2026-09-21T10:38:49.450Z,2026-09-21T10:38:50.615Z,1.1649999618530273,explicit wait
2026-09-21T10:39:01.605Z,2026-09-21T10:39:01.718Z,0.11299991607666016,command call
2026-09-21T10:39:43.445Z,2026-09-21T10:39:43.550Z,0.10500001907348633,command call
2026-09-21T10:40:04.607Z,2026-09-21T10:40:49.614Z,45.00699996948242,explicit wait
2026-09-21T10:40:55.668Z,2026-09-21T10:40:55.802Z,0.13400006294250488,command call
2026-09-21T10:41:55.325Z,2026-09-21T10:41:55.455Z,0.12999987602233887,command call
2026-09-21T10:42:05.540Z,2026-09-21T10:42:05.597Z,0.056999921798706055,command call
2026-09-21T10:43:46.395Z,2026-09-21T10:43:46.480Z,0.08500003814697266,command call
2026-09-21T10:43:59.671Z,2026-09-21T10:44:04.736Z,5.065000057220459,explicit wait
2026-09-21T10:44:40.210Z,2026-09-21T10:44:40.299Z,0.08899998664855957,explicit wait
2026-09-21T10:44:57.421Z,2026-09-21T10:45:02.852Z,5.430999994277954,command call
2026-09-21T10:45:28.499Z,2026-09-21T10:45:33.588Z,5.08899998664856,explicit wait
2026-09-21T10:45:40.453Z,2026-09-21T10:45:40.547Z,0.09399986267089844,command call
2026-09-21T10:45:47.681Z,2026-09-21T10:45:48.232Z,0.5510001182556152,command call
2026-09-21T10:45:54.462Z,2026-09-21T10:45:54.639Z,0.1770000457763672,command call
2026-09-21T10:46:03.741Z,2026-09-21T10:46:03.962Z,0.22099995613098145,command call
2026-09-21T10:46:21.232Z,2026-09-21T10:46:21.284Z,0.051999807357788086,command call
2026-09-21T10:46:32.375Z,2026-09-21T10:46:32.605Z,0.23000001907348633,command call
2026-09-21T10:46:52.507Z,2026-09-21T10:46:52.565Z,0.05800008773803711,command call
2026-09-21T10:47:33.734Z,2026-09-21T10:47:33.925Z,0.19099998474121094,command call
2026-09-21T10:47:43.737Z,2026-09-21T10:47:43.887Z,0.15000009536743164,command call
2026-09-21T10:48:16.219Z,2026-09-21T10:48:16.390Z,0.17100000381469727,command call
2026-09-21T10:48:29.497Z,2026-09-21T10:48:29.600Z,0.10299992561340332,command call
2026-09-21T10:49:13.953Z,2026-09-21T10:49:15.120Z,1.1669998168945312,command call
2026-09-21T10:49:25.379Z,2026-09-21T10:49:25.466Z,0.08700013160705566,command call
2026-09-21T10:49:32.529Z,2026-09-21T10:49:32.643Z,0.11399984359741211,command call
2026-09-21T10:49:38.782Z,2026-09-21T10:49:38.928Z,0.14599990844726562,command call
2026-09-21T10:49:44.695Z,2026-09-21T10:49:44.793Z,0.09800004959106445,explicit wait
2026-09-21T10:49:50.569Z,2026-09-21T10:49:50.765Z,0.1960000991821289,command call
2026-09-21T10:50:33.750Z,2026-09-21T10:50:34.917Z,1.1670000553131104,explicit wait
2026-09-21T10:50:42.429Z,2026-09-21T10:50:42.560Z,0.13100004196166992,command call
2026-09-21T10:51:25.974Z,2026-09-21T10:51:26.077Z,0.10299992561340332,command call
2026-09-21T10:51:33.697Z,2026-09-21T10:51:33.877Z,0.18000006675720215,command call
2026-09-21T10:51:54.644Z,2026-09-21T10:51:55.812Z,1.1679999828338623,explicit wait
2026-09-21T10:52:11.069Z,2026-09-21T10:52:11.196Z,0.127000093460083,command call
2026-09-21T10:52:50.757Z,2026-09-21T10:52:50.952Z,0.19499993324279785,explicit wait
2026-09-21T10:53:13.191Z,2026-09-21T10:53:14.284Z,1.0929999351501465,command call
2026-09-21T10:53:22.304Z,2026-09-21T10:53:22.355Z,0.051000118255615234,command call
2026-09-21T10:54:09.305Z,2026-09-21T10:54:09.381Z,0.07599997520446777,command call
2026-09-21T10:54:39.405Z,2026-09-21T10:54:40.570Z,1.1649999618530273,command call
2026-09-21T10:54:51.397Z,2026-09-21T10:54:52.565Z,1.1679999828338623,explicit wait
2026-09-21T10:55:21.692Z,2026-09-21T10:55:21.768Z,0.07599997520446777,command call
2026-09-21T10:55:28.766Z,2026-09-21T10:55:28.825Z,0.05900001525878906,command call
2026-09-21T10:55:42.487Z,2026-09-21T10:55:42.880Z,0.39300012588500977,command call
2026-09-21T10:55:55.142Z,2026-09-21T10:55:55.290Z,0.14800000190734863,command call
2026-09-21T10:56:07.789Z,2026-09-21T10:56:08.958Z,1.1689999103546143,command call
2026-09-21T10:56:13.311Z,2026-09-21T10:56:18.318Z,5.006999969482422,explicit wait
2026-09-21T10:56:22.740Z,2026-09-21T10:56:23.053Z,0.312999963760376,explicit wait
2026-09-21T10:56:46.087Z,2026-09-21T10:56:47.254Z,1.1670000553131104,command call
2026-09-21T10:58:13.305Z,2026-09-21T10:58:15.633Z,2.3279998302459717,explicit wait
2026-09-21T10:58:27.014Z,2026-09-21T10:58:27.136Z,0.12199997901916504,command call
2026-09-21T10:58:38.000Z,2026-09-21T10:58:38.147Z,0.14700007438659668,command call
2026-09-21T10:59:00.299Z,2026-09-21T10:59:00.410Z,0.11100006103515625,command call
2026-09-21T11:02:01.824Z,2026-09-21T11:02:01.915Z,0.09100008010864258,command call
2026-09-21T11:02:12.366Z,2026-09-21T11:02:12.494Z,0.12800002098083496,command call
2026-09-21T11:02:18.566Z,2026-09-21T11:02:18.656Z,0.08999991416931152,command call
2026-09-21T11:02:24.234Z,2026-09-21T11:02:24.347Z,0.11299991607666016,command call
2026-09-21T11:02:59.368Z,2026-09-21T11:03:00.535Z,1.1670000553131104,command call
2026-09-21T11:03:07.129Z,2026-09-21T11:03:07.187Z,0.05800008773803711,explicit wait
2026-09-21T11:03:13.554Z,2026-09-21T11:03:13.660Z,0.10600018501281738,command call
2026-09-21T11:03:20.260Z,2026-09-21T11:03:20.315Z,0.05500006675720215,command call
2026-09-21T11:03:47.695Z,2026-09-21T11:03:48.860Z,1.1649999618530273,command call
2026-09-21T11:03:53.648Z,2026-09-21T11:03:53.768Z,0.11999988555908203,command call
2026-09-21T11:03:59.341Z,2026-09-21T11:03:59.444Z,0.10299992561340332,command call
2026-09-21T11:04:17.194Z,2026-09-21T11:04:17.305Z,0.11100006103515625,command call
2026-09-21T11:04:26.562Z,2026-09-21T11:04:27.839Z,1.2769999504089355,command call
2026-09-21T11:04:42.418Z,2026-09-21T11:04:42.527Z,0.10899996757507324,command call
2026-09-21T11:04:53.133Z,2026-09-21T11:04:58.796Z,5.663000106811523,explicit wait
2026-09-21T11:05:05.618Z,2026-09-21T11:05:05.709Z,0.09100008010864258,command call
2026-09-21T11:05:12.493Z,2026-09-21T11:05:13.013Z,0.5199999809265137,command call
2026-09-21T11:05:20.928Z,2026-09-21T11:05:21.022Z,0.09400010108947754,command call
2026-09-21T11:05:27.084Z,2026-09-21T11:05:27.149Z,0.06499981880187988,command call
2026-09-21T11:05:34.995Z,2026-09-21T11:05:35.086Z,0.09100008010864258,command call
2026-09-21T11:05:40.247Z,2026-09-21T11:05:41.136Z,0.8889999389648438,command call
2026-09-21T11:05:49.455Z,2026-09-21T11:05:49.561Z,0.10600018501281738,command call
2026-09-21T11:06:00.147Z,2026-09-21T11:06:00.221Z,0.07399988174438477,command call
2026-09-21T11:06:31.134Z,2026-09-21T11:06:31.233Z,0.0989999771118164,command call
2026-09-21T11:06:38.497Z,2026-09-21T11:06:39.192Z,0.6949999332427979,command call
2026-09-21T11:06:44.678Z,2026-09-21T11:06:44.737Z,0.05900001525878906,command call
2026-09-21T11:07:36.795Z,2026-09-21T11:07:36.977Z,0.18199992179870605,command call
2026-09-21T11:07:42.760Z,2026-09-21T11:07:43.487Z,0.7269999980926514,command call
2026-09-21T11:07:50.214Z,2026-09-21T11:07:50.271Z,0.056999921798706055,command call
2026-09-21T11:08:26.914Z,2026-09-21T11:08:27.209Z,0.2950000762939453,command call
2026-09-21T11:08:35.563Z,2026-09-21T11:08:35.662Z,0.0989999771118164,command call
2026-09-21T11:08:43.754Z,2026-09-21T11:08:43.858Z,0.10400009155273438,command call
2026-09-21T11:08:53.287Z,2026-09-21T11:08:53.505Z,0.21800017356872559,command call
2026-09-21T11:09:05.187Z,2026-09-21T11:09:06.021Z,0.8339998722076416,command call
2026-09-21T11:09:21.286Z,2026-09-21T11:09:21.483Z,0.19700002670288086,command call
2026-09-21T11:09:28.303Z,2026-09-21T11:09:29.744Z,1.440999984741211,command call
2026-09-21T11:09:42.127Z,2026-09-21T11:09:47.287Z,5.159999847412109,explicit wait
2026-09-21T11:09:55.212Z,2026-09-21T11:09:55.318Z,0.10600018501281738,command call
2026-09-21T11:10:30.002Z,2026-09-21T11:10:30.125Z,0.12299990653991699,command call
2026-09-21T11:10:40.164Z,2026-09-21T11:11:10.171Z,30.006999969482422,explicit wait
2026-09-21T11:11:15.073Z,2026-09-21T11:11:15.216Z,0.14300012588500977,command call
2026-09-21T11:11:47.191Z,2026-09-21T11:11:47.344Z,0.1530001163482666,command call
2026-09-21T11:11:52.434Z,2026-09-21T11:12:22.440Z,30.00600004196167,explicit wait
2026-09-21T11:12:27.569Z,2026-09-21T11:12:27.684Z,0.11500000953674316,command call
2026-09-21T11:12:48.410Z,2026-09-21T11:12:48.568Z,0.15799999237060547,command call
2026-09-21T11:12:57.606Z,2026-09-21T11:13:27.612Z,30.00600004196167,explicit wait
2026-09-21T11:13:46.533Z,2026-09-21T11:13:46.631Z,0.09800004959106445,command call
2026-09-21T11:13:53.814Z,2026-09-21T11:13:53.872Z,0.05800008773803711,command call
2026-09-21T11:14:02.205Z,2026-09-21T11:14:02.297Z,0.09200000762939453,command call
2026-09-21T11:14:07.631Z,2026-09-21T11:14:37.650Z,30.01900005340576,explicit wait
2026-09-21T11:14:42.067Z,2026-09-21T11:14:47.127Z,5.06000018119812,explicit wait
2026-09-21T11:15:06.472Z,2026-09-21T11:15:06.543Z,0.0710000991821289,command call
2026-09-21T11:15:18.191Z,2026-09-21T11:15:18.693Z,0.502000093460083,command call
2026-09-21T11:15:21.274Z,2026-09-21T11:15:51.280Z,30.00600004196167,explicit wait
2026-09-21T11:15:58.120Z,2026-09-21T11:15:58.230Z,0.1100001335144043,explicit wait
2026-09-21T11:16:03.062Z,2026-09-21T11:16:04.972Z,1.9099998474121094,command call
2026-09-21T11:16:15.769Z,2026-09-21T11:16:18.063Z,2.2939999103546143,command call
2026-09-21T11:16:29.602Z,2026-09-21T11:16:29.705Z,0.10299992561340332,command call
2026-09-21T11:16:35.856Z,2026-09-21T11:16:35.950Z,0.09400010108947754,command call
2026-09-21T11:16:58.297Z,2026-09-21T11:16:59.461Z,1.1640000343322754,command call
2026-09-21T11:17:05.303Z,2026-09-21T11:17:06.677Z,1.374000072479248,explicit wait
2026-09-21T11:17:13.677Z,2026-09-21T11:17:14.842Z,1.1649999618530273,explicit wait
2026-09-21T11:17:30.184Z,2026-09-21T11:17:30.294Z,0.1099998950958252,command call
2026-09-21T11:17:38.292Z,2026-09-21T11:17:39.458Z,1.1659998893737793,command call
2026-09-21T11:17:54.776Z,2026-09-21T11:17:54.896Z,0.11999988555908203,explicit wait
2026-09-21T11:17:58.174Z,2026-09-21T11:17:58.254Z,0.07999992370605469,command call
2026-09-21T11:18:03.708Z,2026-09-21T11:18:03.812Z,0.10400009155273438,command call
2026-09-21T11:18:15.792Z,2026-09-21T11:18:16.957Z,1.1649999618530273,command call
2026-09-21T11:18:34.609Z,2026-09-21T11:18:34.719Z,0.1100001335144043,command call
2026-09-21T11:18:47.906Z,2026-09-21T11:18:53.003Z,5.0970001220703125,explicit wait
2026-09-21T11:19:00.276Z,2026-09-21T11:19:01.013Z,0.7369999885559082,command call
2026-09-21T11:19:09.185Z,2026-09-21T11:19:09.250Z,0.06500005722045898,command call
2026-09-21T11:19:21.500Z,2026-09-21T11:19:22.036Z,0.5360000133514404,command call
2026-09-21T11:19:34.875Z,2026-09-21T11:19:35.007Z,0.13199996948242188,command call
2026-09-21T11:19:44.977Z,2026-09-21T11:19:45.092Z,0.11500000953674316,command call
2026-09-21T11:19:56.525Z,2026-09-21T11:19:56.619Z,0.09399986267089844,command call
2026-09-21T11:20:06.333Z,2026-09-21T11:20:06.400Z,0.06700015068054199,command call
2026-09-21T11:20:34.166Z,2026-09-21T11:20:34.338Z,0.17200016975402832,command call
2026-09-21T11:20:42.509Z,2026-09-21T11:20:42.700Z,0.19099998474121094,command call
2026-09-21T11:20:59.597Z,2026-09-21T11:20:59.697Z,0.10000014305114746,command call
2026-09-21T11:21:09.970Z,2026-09-21T11:21:10.825Z,0.8550000190734863,command call
2026-09-21T11:21:16.121Z,2026-09-21T11:21:16.233Z,0.1119999885559082,command call
2026-09-21T11:21:28.573Z,2026-09-21T11:21:28.687Z,0.11400008201599121,command call
2026-09-21T11:22:23.577Z,2026-09-21T11:22:23.913Z,0.3360002040863037,command call
2026-09-21T11:22:33.060Z,2026-09-21T11:22:33.234Z,0.17400002479553223,command call
2026-09-21T11:22:40.056Z,2026-09-21T11:22:40.192Z,0.1359999179840088,command call
2026-09-21T11:23:06.994Z,2026-09-21T11:23:07.217Z,0.22300004959106445,command call
2026-09-21T11:23:17.338Z,2026-09-21T11:23:17.443Z,0.10500001907348633,command call
2026-09-21T11:23:33.163Z,2026-09-21T11:23:33.320Z,0.15699982643127441,command call
2026-09-21T11:23:46.923Z,2026-09-21T11:23:47.089Z,0.1659998893737793,command call
2026-09-21T11:24:07.505Z,2026-09-21T11:24:07.593Z,0.08799982070922852,command call
2026-09-21T11:24:17.483Z,2026-09-21T11:24:17.654Z,0.17100000381469727,command call
2026-09-21T11:24:21.960Z,2026-09-21T11:24:51.967Z,30.006999969482422,explicit wait
2026-09-21T11:24:58.084Z,2026-09-21T11:25:00.619Z,2.5349998474121094,explicit wait
2026-09-21T11:25:10.501Z,2026-09-21T11:25:13.266Z,2.765000104904175,command call
2026-09-21T11:25:28.294Z,2026-09-21T11:25:29.502Z,1.2080001831054688,command call
2026-09-21T11:25:36.344Z,2026-09-21T11:25:36.542Z,0.1979999542236328,explicit wait
2026-09-21T11:25:52.433Z,2026-09-21T11:25:53.597Z,1.1639997959136963,command call
2026-09-21T11:26:04.567Z,2026-09-21T11:26:04.772Z,0.2050001621246338,command call
2026-09-21T11:26:12.811Z,2026-09-21T11:26:13.976Z,1.1649999618530273,command call
2026-09-21T11:26:29.421Z,2026-09-21T11:26:29.509Z,0.08800005912780762,explicit wait
2026-09-21T11:26:36.443Z,2026-09-21T11:26:36.553Z,0.1099998950958252,command call
2026-09-21T11:26:42.770Z,2026-09-21T11:26:43.936Z,1.1660001277923584,command call
2026-09-21T11:26:59.395Z,2026-09-21T11:26:59.507Z,0.1119999885559082,command call
2026-09-21T11:27:13.694Z,2026-09-21T11:27:18.793Z,5.098999977111816,explicit wait
2026-09-21T11:27:37.490Z,2026-09-21T11:27:37.572Z,0.0820000171661377,command call
2026-09-21T11:27:52.581Z,2026-09-21T11:27:52.718Z,0.13699984550476074,command call
2026-09-21T11:28:40.660Z,2026-09-21T11:28:40.850Z,0.18999981880187988,command call
2026-09-21T11:28:53.968Z,2026-09-21T11:28:54.157Z,0.18900012969970703,command call
2026-09-21T11:29:05.512Z,2026-09-21T11:29:05.637Z,0.125,command call
2026-09-21T11:29:55.257Z,2026-09-21T11:29:55.444Z,0.18700003623962402,command call
2026-09-21T11:30:04.264Z,2026-09-21T11:30:04.469Z,0.2050001621246338,command call
2026-09-21T11:30:23.802Z,2026-09-21T11:30:23.961Z,0.15899991989135742,command call
2026-09-21T11:30:30.128Z,2026-09-21T11:30:30.272Z,0.14400005340576172,command call
2026-09-21T11:30:41.817Z,2026-09-21T11:31:11.825Z,30.008000135421753,explicit wait
2026-09-21T11:31:18.186Z,2026-09-21T11:31:18.333Z,0.14699983596801758,explicit wait
2026-09-21T11:31:25.894Z,2026-09-21T11:31:28.735Z,2.8409998416900635,command call
2026-09-21T11:31:37.464Z,2026-09-21T11:31:37.696Z,0.23200011253356934,command call
2026-09-21T11:31:54.972Z,2026-09-21T11:31:55.114Z,0.1420001983642578,command call
2026-09-21T11:32:01.317Z,2026-09-21T11:32:02.483Z,1.1660001277923584,command call
2026-09-21T11:32:23.937Z,2026-09-21T11:32:25.455Z,1.5179998874664307,command call
2026-09-21T11:32:43.992Z,2026-09-21T11:32:49.062Z,5.069999933242798,explicit wait
2026-09-21T11:33:00.765Z,2026-09-21T11:33:00.885Z,0.11999988555908203,command call
2026-09-21T11:33:38.907Z,2026-09-21T11:33:39.093Z,0.18599987030029297,command call
2026-09-21T11:34:00.871Z,2026-09-21T11:34:01.035Z,0.1640000343322754,command call
2026-09-21T11:34:22.021Z,2026-09-21T11:34:52.027Z,30.00600004196167,explicit wait
2026-09-21T11:34:57.899Z,2026-09-21T11:35:02.972Z,5.072999954223633,explicit wait
2026-09-21T11:35:18.845Z,2026-09-21T11:35:20.009Z,1.1640000343322754,command call
2026-09-21T11:35:28.171Z,2026-09-21T11:35:28.240Z,0.0690000057220459,explicit wait
2026-09-21T11:36:23.167Z,2026-09-21T11:36:23.231Z,0.06399989128112793,command call
2026-09-21T11:36:48.107Z,2026-09-21T11:36:48.306Z,0.19899988174438477,command call
2026-09-21T11:38:21.712Z,2026-09-21T11:38:21.933Z,0.22100019454956055,command call
2026-09-21T11:38:31.364Z,2026-09-21T11:38:31.432Z,0.06799983978271484,command call
2026-09-21T11:38:43.336Z,2026-09-21T11:38:44.504Z,1.1679999828338623,explicit wait
2026-09-21T11:38:53.378Z,2026-09-21T11:38:55.374Z,1.996000051498413,command call
2026-09-21T11:39:06.483Z,2026-09-21T11:39:06.682Z,0.19899988174438477,command call
2026-09-21T11:39:26.238Z,2026-09-21T11:39:26.422Z,0.18400001525878906,command call
2026-09-21T11:39:57.071Z,2026-09-21T11:39:57.150Z,0.07899999618530273,command call
2026-09-21T11:40:37.911Z,2026-09-21T11:40:39.076Z,1.1649999618530273,command call
2026-09-21T11:40:54.902Z,2026-09-21T11:40:55.076Z,0.17400002479553223,command call
2026-09-21T11:41:45.467Z,2026-09-21T11:41:46.850Z,1.3829998970031738,command call
2026-09-21T11:41:58.120Z,2026-09-21T11:41:58.226Z,0.10600018501281738,command call
2026-09-21T11:42:31.154Z,2026-09-21T11:42:31.211Z,0.056999921798706055,command call
2026-09-21T11:43:52.957Z,2026-09-21T11:43:54.123Z,1.1659998893737793,command call
2026-09-21T11:44:30.384Z,2026-09-21T11:44:30.529Z,0.14499998092651367,explicit wait
2026-09-21T11:45:36.546Z,2026-09-21T11:45:36.755Z,0.2090001106262207,command call
2026-09-21T11:46:01.309Z,2026-09-21T11:46:02.473Z,1.1640000343322754,command call
2026-09-21T11:47:09.802Z,2026-09-21T11:47:10.969Z,1.1670000553131104,command call
2026-09-21T11:47:38.354Z,2026-09-21T11:47:40.009Z,1.6549999713897705,command call
2026-09-21T11:50:14.992Z,2026-09-21T11:50:15.119Z,0.1269998550415039,command call
2026-09-21T11:50:50.864Z,2026-09-21T11:50:52.514Z,1.6499998569488525,command call
2026-09-21T11:50:59.472Z,2026-09-21T11:50:59.553Z,0.08100008964538574,command call
2026-09-21T11:51:07.028Z,2026-09-21T11:51:07.145Z,0.11699986457824707,command call
2026-09-21T11:51:12.976Z,2026-09-21T11:51:13.087Z,0.11099982261657715,command call
2026-09-21T11:51:20.804Z,2026-09-21T11:51:20.980Z,0.17600011825561523,command call
2026-09-21T11:51:30.769Z,2026-09-21T11:51:30.926Z,0.15700006484985352,command call
2026-09-21T11:51:37.164Z,2026-09-21T11:51:37.233Z,0.0690000057220459,command call
2026-09-21T11:52:03.168Z,2026-09-21T11:52:03.807Z,0.6389999389648438,command call
2026-09-21T11:52:45.280Z,2026-09-21T11:52:46.448Z,1.1679999828338623,command call
2026-09-21T11:52:54.113Z,2026-09-21T11:52:54.239Z,0.12600016593933105,command call
2026-09-21T11:53:17.047Z,2026-09-21T11:53:18.216Z,1.1690001487731934,command call
2026-09-21T11:53:21.517Z,2026-09-21T11:53:21.617Z,0.10000014305114746,command call
2026-09-21T11:53:28.574Z,2026-09-21T11:53:28.772Z,0.19800019264221191,explicit wait
2026-09-21T11:53:33.886Z,2026-09-21T11:53:33.981Z,0.09500002861022949,command call
2026-09-21T11:53:45.877Z,2026-09-21T11:53:47.042Z,1.1649999618530273,command call
2026-09-21T11:53:54.264Z,2026-09-21T11:53:54.351Z,0.08700013160705566,command call
2026-09-21T11:54:13.138Z,2026-09-21T11:54:14.304Z,1.1659998893737793,command call
2026-09-21T11:54:20.381Z,2026-09-21T11:54:20.492Z,0.11100006103515625,command call
2026-09-21T11:54:29.592Z,2026-09-21T11:54:29.733Z,0.14100003242492676,command call
2026-09-21T11:54:36.766Z,2026-09-21T11:54:36.888Z,0.12199997901916504,command call
2026-09-21T11:54:42.763Z,2026-09-21T11:54:42.898Z,0.13499999046325684,command call
2026-09-21T11:54:49.555Z,2026-09-21T11:54:49.685Z,0.12999987602233887,command call
2026-09-21T11:54:54.972Z,2026-09-21T11:55:00.158Z,5.186000108718872,explicit wait
2026-09-21T11:55:07.257Z,2026-09-21T11:55:07.381Z,0.12400007247924805,command call
2026-09-21T11:55:15.359Z,2026-09-21T11:55:15.455Z,0.09599995613098145,command call
2026-09-21T11:55:22.350Z,2026-09-21T11:55:27.454Z,5.104000091552734,explicit wait
2026-09-21T11:55:33.171Z,2026-09-21T11:55:53.177Z,20.00600004196167,explicit wait
2026-09-21T11:56:00.250Z,2026-09-21T11:56:00.316Z,0.06599998474121094,command call
2026-09-21T11:56:11.282Z,2026-09-21T11:56:11.858Z,0.5759999752044678,command call
2026-09-21T11:56:16.121Z,2026-09-21T11:56:36.127Z,20.00600004196167,explicit wait
2026-09-21T11:56:40.465Z,2026-09-21T11:56:40.541Z,0.07599997520446777,command call
2026-09-21T11:56:45.924Z,2026-09-21T11:56:46.058Z,0.13400006294250488,command call
2026-09-21T11:56:53.876Z,2026-09-21T11:57:13.921Z,20.045000076293945,explicit wait
2026-09-21T11:57:19.569Z,2026-09-21T11:57:19.674Z,0.10500001907348633,command call
2026-09-21T11:57:26.747Z,2026-09-21T11:57:26.833Z,0.08599996566772461,command call
2026-09-21T11:57:35.701Z,2026-09-21T11:57:40.152Z,4.450999975204468,command call
2026-09-21T11:57:44.439Z,2026-09-21T11:58:04.445Z,20.00600004196167,explicit wait
2026-09-21T11:58:09.067Z,2026-09-21T11:58:09.171Z,0.10400009155273438,command call
2026-09-21T11:58:21.050Z,2026-09-21T11:58:41.056Z,20.00600004196167,explicit wait
2026-09-21T11:58:44.916Z,2026-09-21T11:58:45.033Z,0.11700010299682617,command call
2026-09-21T11:58:51.201Z,2026-09-21T11:59:11.207Z,20.00600004196167,explicit wait
2026-09-21T11:59:15.600Z,2026-09-21T11:59:15.672Z,0.07200002670288086,command call
2026-09-21T11:59:21.127Z,2026-09-21T11:59:21.251Z,0.12399983406066895,command call
2026-09-21T11:59:28.086Z,2026-09-21T11:59:48.094Z,20.008000135421753,explicit wait
2026-09-21T11:59:52.716Z,2026-09-21T11:59:53.185Z,0.46899986267089844,command call
2026-09-21T11:59:56.549Z,2026-09-21T12:00:16.555Z,20.00600004196167,explicit wait
2026-09-21T12:00:21.866Z,2026-09-21T12:00:22.056Z,0.19000005722045898,command call
2026-09-21T12:00:26.593Z,2026-09-21T12:00:46.598Z,20.005000114440918,explicit wait
2026-09-21T12:00:49.654Z,2026-09-21T12:00:49.746Z,0.09200000762939453,command call
2026-09-21T12:00:54.428Z,2026-09-21T12:01:14.434Z,20.00600004196167,explicit wait
2026-09-21T12:01:20.433Z,2026-09-21T12:01:20.526Z,0.09299993515014648,command call
2026-09-21T12:01:44.558Z,2026-09-21T12:01:45.729Z,1.1710000038146973,explicit wait
2026-09-21T12:01:56.243Z,2026-09-21T12:01:56.340Z,0.0969998836517334,explicit wait
2026-09-21T12:02:10.141Z,2026-09-21T12:02:11.311Z,1.1700000762939453,command call
2026-09-21T12:02:22.093Z,2026-09-21T12:02:22.307Z,0.21399998664855957,explicit wait
2026-09-21T12:02:44.894Z,2026-09-21T12:02:46.062Z,1.1679999828338623,command call
2026-09-21T12:03:00.884Z,2026-09-21T12:03:02.409Z,1.5249998569488525,explicit wait
