{
  "schemaVersion": "openagents.desktop.ide-workbench-benchmark.v1",
  "capturedAt": "2026-07-19T09:47:25.070Z",
  "commitSha": "78ac9e74fe26505ef94e72ed8d8e892abf7ab996",
  "fixture": {
    "indexedPaths": 50000,
    "quickOpenIterations": 32,
    "navigationPushes": 10000
  },
  "quickOpenMs": {
    "p50": 2.950917000000004,
    "p95": 3.1669169999999554,
    "p99": 3.2973329999999805
  },
  "navigationPushMs": {
    "p50": 0.1462500000000091,
    "p95": 0.17300000000000182,
    "p99": 0.2961249999998472
  },
  "retainedHistoryEntries": 100,
  "thresholds": {
    "quickOpenP95Ms": 250,
    "navigationPushP95Ms": 2,
    "retainedHistoryEntries": 100
  }
}
