Command line invocation:
    /Applications/Xcode.app/Contents/Developer/usr/bin/xcodebuild -project bins/coder-ios/host/Coder.xcodeproj -scheme Coder -configuration Release -destination "platform=iOS Simulator,id=80A56DD2-8E81-4037-B560-2BEDBB61CAF2" -derivedDataPath /Users/christopherdavid/work/openagents-mobile45-target/coder-ios-build47-sim/DerivedData CODER_RUST_LIBRARY_DIR=/Users/christopherdavid/work/openagents-mobile45-target/aarch64-apple-ios-sim/release CURRENT_PROJECT_VERSION=47 CODE_SIGN_IDENTITY=- PROVISIONING_PROFILE_SPECIFIER= -resultBundlePath /tmp/coder-build47-zones-native.xcresult -parallel-testing-enabled NO "-only-testing:CoderUITests/ZoneUITests" "-only-testing:CoderUITests/MapUITests" "-only-testing:CoderUITests/ProductionLaunchUITests" test

Build settings from command line:
    CODE_SIGN_IDENTITY = -
    CODER_RUST_LIBRARY_DIR = /Users/christopherdavid/work/openagents-mobile45-target/aarch64-apple-ios-sim/release
    CURRENT_PROJECT_VERSION = 47
    PROVISIONING_PROFILE_SPECIFIER = 

Writing result bundle at path:
	/tmp/coder-build47-zones-native.xcresult

note: Using codesigning identity override: -
ComputePackagePrebuildTargetDependencyGraph

Prepare packages

CreateBuildRequest

SendProjectDescription

CreateBuildOperation

ComputeTargetDependencyGraph
note: Building targets in dependency order
note: Target dependency graph (2 targets)
    Target 'CoderUITests' in project 'Coder'
        ➜ Explicit dependency on target 'Coder' in project 'Coder'
    Target 'Coder' in project 'Coder' (no dependencies)

GatherProvisioningInputs

CreateBuildDescription

ExecuteExternalTool /Applications/Xcode.app/Contents/Developer/Toolchains/XcodeDefault.xctoolchain/usr/bin/clang -v -E -dM -isysroot /Applications/Xcode.app/Contents/Developer/Platforms/iPhoneSimulator.platform/Developer/SDKs/iPhoneSimulator26.5.sdk -x c -c /dev/null

ExecuteExternalTool /Applications/Xcode.app/Contents/Developer/usr/bin/actool --print-asset-tag-combinations --output-format xml1 /Users/christopherdavid/work/openagents-mobile45/bins/coder-ios/host/App/Assets.xcassets

ExecuteExternalTool /Applications/Xcode.app/Contents/Developer/Toolchains/XcodeDefault.xctoolchain/usr/bin/swiftc --version

ExecuteExternalTool /Applications/Xcode.app/Contents/Developer/usr/bin/actool --version --output-format xml1

ExecuteExternalTool /Applications/Xcode.app/Contents/Developer/Toolchains/XcodeDefault.xctoolchain/usr/bin/ld -version_details

Build description signature: 9d9a39628647c6e14a791cf01e20deb0
Build description path: /Users/christopherdavid/work/openagents-mobile45-target/coder-ios-build47-sim/DerivedData/Build/Intermediates.noindex/XCBuildData/9d9a39628647c6e14a791cf01e20deb0.xcbuilddata
ClangStatCache /Applications/Xcode.app/Contents/Developer/Toolchains/XcodeDefault.xctoolchain/usr/bin/clang-stat-cache /Applications/Xcode.app/Contents/Developer/Platforms/iPhoneSimulator.platform/Developer/SDKs/iPhoneSimulator26.5.sdk /Users/christopherdavid/work/openagents-mobile45-target/coder-ios-build47-sim/DerivedData/SDKStatCaches.noindex/iphonesimulator26.5-23F81a-688ef53f1462e2c8f657fdc38a81448f6cfe768891a92b912361537c460fe42b.sdkstatcache
    cd /Users/christopherdavid/work/openagents-mobile45/bins/coder-ios/host/Coder.xcodeproj
    /Applications/Xcode.app/Contents/Developer/Toolchains/XcodeDefault.xctoolchain/usr/bin/clang-stat-cache /Applications/Xcode.app/Contents/Developer/Platforms/iPhoneSimulator.platform/Developer/SDKs/iPhoneSimulator26.5.sdk -o /Users/christopherdavid/work/openagents-mobile45-target/coder-ios-build47-sim/DerivedData/SDKStatCaches.noindex/iphonesimulator26.5-23F81a-688ef53f1462e2c8f657fdc38a81448f6cfe768891a92b912361537c460fe42b.sdkstatcache

ProcessProductPackaging "" /Users/christopherdavid/work/openagents-mobile45-target/coder-ios-build47-sim/DerivedData/Build/Intermediates.noindex/Coder.build/Release-iphonesimulator/Coder.build/Coder.app-Simulated.xcent (in target 'Coder' from project 'Coder')
    cd /Users/christopherdavid/work/openagents-mobile45/bins/coder-ios/host
    
    Entitlements:
    
    {
    "application-identifier" = "HQWSG26L43.com.openagents.coder";
}
    
    builtin-productPackagingUtility -entitlements -format xml -o /Users/christopherdavid/work/openagents-mobile45-target/coder-ios-build47-sim/DerivedData/Build/Intermediates.noindex/Coder.build/Release-iphonesimulator/Coder.build/Coder.app-Simulated.xcent

WriteAuxiliaryFile /Users/christopherdavid/work/openagents-mobile45-target/coder-ios-build47-sim/DerivedData/Build/Intermediates.noindex/Coder.build/Release-iphonesimulator/CoderUITests.build/CoderUITests.hmap (in target 'CoderUITests' from project 'Coder')
    cd /Users/christopherdavid/work/openagents-mobile45/bins/coder-ios/host
    write-file /Users/christopherdavid/work/openagents-mobile45-target/coder-ios-build47-sim/DerivedData/Build/Intermediates.noindex/Coder.build/Release-iphonesimulator/CoderUITests.build/CoderUITests.hmap

WriteAuxiliaryFile /Users/christopherdavid/work/openagents-mobile45-target/coder-ios-build47-sim/DerivedData/Build/Intermediates.noindex/Coder.build/Release-iphonesimulator/CoderUITests.build/empty-CoderUITests.plist (in target 'CoderUITests' from project 'Coder')
    cd /Users/christopherdavid/work/openagents-mobile45/bins/coder-ios/host
    write-file /Users/christopherdavid/work/openagents-mobile45-target/coder-ios-build47-sim/DerivedData/Build/Intermediates.noindex/Coder.build/Release-iphonesimulator/CoderUITests.build/empty-CoderUITests.plist

WriteAuxiliaryFile /Users/christopherdavid/work/openagents-mobile45-target/coder-ios-build47-sim/DerivedData/Build/Intermediates.noindex/Coder.build/Release-iphonesimulator/CoderUITests.build/CoderUITests-own-target-headers.hmap (in target 'CoderUITests' from project 'Coder')
    cd /Users/christopherdavid/work/openagents-mobile45/bins/coder-ios/host
    write-file /Users/christopherdavid/work/openagents-mobile45-target/coder-ios-build47-sim/DerivedData/Build/Intermediates.noindex/Coder.build/Release-iphonesimulator/CoderUITests.build/CoderUITests-own-target-headers.hmap

WriteAuxiliaryFile /Users/christopherdavid/work/openagents-mobile45-target/coder-ios-build47-sim/DerivedData/Build/Intermediates.noindex/Coder.build/Release-iphonesimulator/CoderUITests.build/CoderUITests-generated-files.hmap (in target 'CoderUITests' from project 'Coder')
    cd /Users/christopherdavid/work/openagents-mobile45/bins/coder-ios/host
    write-file /Users/christopherdavid/work/openagents-mobile45-target/coder-ios-build47-sim/DerivedData/Build/Intermediates.noindex/Coder.build/Release-iphonesimulator/CoderUITests.build/CoderUITests-generated-files.hmap

WriteAuxiliaryFile /Users/christopherdavid/work/openagents-mobile45-target/coder-ios-build47-sim/DerivedData/Build/Intermediates.noindex/Coder.build/Release-iphonesimulator/CoderUITests.build/CoderUITests-project-headers.hmap (in target 'CoderUITests' from project 'Coder')
    cd /Users/christopherdavid/work/openagents-mobile45/bins/coder-ios/host
    write-file /Users/christopherdavid/work/openagents-mobile45-target/coder-ios-build47-sim/DerivedData/Build/Intermediates.noindex/Coder.build/Release-iphonesimulator/CoderUITests.build/CoderUITests-project-headers.hmap

WriteAuxiliaryFile /Users/christopherdavid/work/openagents-mobile45-target/coder-ios-build47-sim/DerivedData/Build/Intermediates.noindex/Coder.build/Release-iphonesimulator/CoderUITests.build/DerivedSources/Entitlements-Simulated.plist (in target 'CoderUITests' from project 'Coder')
    cd /Users/christopherdavid/work/openagents-mobile45/bins/coder-ios/host
    write-file /Users/christopherdavid/work/openagents-mobile45-target/coder-ios-build47-sim/DerivedData/Build/Intermediates.noindex/Coder.build/Release-iphonesimulator/CoderUITests.build/DerivedSources/Entitlements-Simulated.plist

WriteAuxiliaryFile /Users/christopherdavid/work/openagents-mobile45-target/coder-ios-build47-sim/DerivedData/Build/Intermediates.noindex/Coder.build/Release-iphonesimulator/CoderUITests.build/Objects-normal/arm64/CoderUITests_const_extract_protocols.json (in target 'CoderUITests' from project 'Coder')
    cd /Users/christopherdavid/work/openagents-mobile45/bins/coder-ios/host
    write-file /Users/christopherdavid/work/openagents-mobile45-target/coder-ios-build47-sim/DerivedData/Build/Intermediates.noindex/Coder.build/Release-iphonesimulator/CoderUITests.build/Objects-normal/arm64/CoderUITests_const_extract_protocols.json

WriteAuxiliaryFile /Users/christopherdavid/work/openagents-mobile45-target/coder-ios-build47-sim/DerivedData/Build/Intermediates.noindex/Coder.build/Release-iphonesimulator/CoderUITests.build/Objects-normal/arm64/CoderUITests.LinkFileList (in target 'CoderUITests' from project 'Coder')
    cd /Users/christopherdavid/work/openagents-mobile45/bins/coder-ios/host
    write-file /Users/christopherdavid/work/openagents-mobile45-target/coder-ios-build47-sim/DerivedData/Build/Intermediates.noindex/Coder.build/Release-iphonesimulator/CoderUITests.build/Objects-normal/arm64/CoderUITests.LinkFileList

WriteAuxiliaryFile /Users/christopherdavid/work/openagents-mobile45-target/coder-ios-build47-sim/DerivedData/Build/Intermediates.noindex/Coder.build/Release-iphonesimulator/CoderUITests.build/Objects-normal/arm64/CoderUITests.SwiftFileList (in target 'CoderUITests' from project 'Coder')
    cd /Users/christopherdavid/work/openagents-mobile45/bins/coder-ios/host
    write-file /Users/christopherdavid/work/openagents-mobile45-target/coder-ios-build47-sim/DerivedData/Build/Intermediates.noindex/Coder.build/Release-iphonesimulator/CoderUITests.build/Objects-normal/arm64/CoderUITests.SwiftFileList

WriteAuxiliaryFile /Users/christopherdavid/work/openagents-mobile45-target/coder-ios-build47-sim/DerivedData/Build/Intermediates.noindex/Coder.build/Release-iphonesimulator/CoderUITests.build/Objects-normal/arm64/CoderUITests-OutputFileMap.json (in target 'CoderUITests' from project 'Coder')
    cd /Users/christopherdavid/work/openagents-mobile45/bins/coder-ios/host
    write-file /Users/christopherdavid/work/openagents-mobile45-target/coder-ios-build47-sim/DerivedData/Build/Intermediates.noindex/Coder.build/Release-iphonesimulator/CoderUITests.build/Objects-normal/arm64/CoderUITests-OutputFileMap.json

WriteAuxiliaryFile /Users/christopherdavid/work/openagents-mobile45-target/coder-ios-build47-sim/DerivedData/Build/Intermediates.noindex/Coder.build/Release-iphonesimulator/CoderUITests.build/ProductTypeInfoPlistAdditions.plist (in target 'CoderUITests' from project 'Coder')
    cd /Users/christopherdavid/work/openagents-mobile45/bins/coder-ios/host
    write-file /Users/christopherdavid/work/openagents-mobile45-target/coder-ios-build47-sim/DerivedData/Build/Intermediates.noindex/Coder.build/Release-iphonesimulator/CoderUITests.build/ProductTypeInfoPlistAdditions.plist

WriteAuxiliaryFile /Users/christopherdavid/work/openagents-mobile45-target/coder-ios-build47-sim/DerivedData/Build/Intermediates.noindex/Coder.build/Release-iphonesimulator/CoderUITests.build/Objects-normal/arm64/CoderUITests.SwiftConstValuesFileList (in target 'CoderUITests' from project 'Coder')
    cd /Users/christopherdavid/work/openagents-mobile45/bins/coder-ios/host
    write-file /Users/christopherdavid/work/openagents-mobile45-target/coder-ios-build47-sim/DerivedData/Build/Intermediates.noindex/Coder.build/Release-iphonesimulator/CoderUITests.build/Objects-normal/arm64/CoderUITests.SwiftConstValuesFileList

WriteAuxiliaryFile /Users/christopherdavid/work/openagents-mobile45-target/coder-ios-build47-sim/DerivedData/Build/Intermediates.noindex/Coder.build/Release-iphonesimulator/CoderUITests.build/CoderUITests.DependencyStaticMetadataFileList (in target 'CoderUITests' from project 'Coder')
    cd /Users/christopherdavid/work/openagents-mobile45/bins/coder-ios/host
    write-file /Users/christopherdavid/work/openagents-mobile45-target/coder-ios-build47-sim/DerivedData/Build/Intermediates.noindex/Coder.build/Release-iphonesimulator/CoderUITests.build/CoderUITests.DependencyStaticMetadataFileList

WriteAuxiliaryFile /Users/christopherdavid/work/openagents-mobile45-target/coder-ios-build47-sim/DerivedData/Build/Intermediates.noindex/Coder.build/Release-iphonesimulator/CoderUITests.build/CoderUITests.DependencyMetadataFileList (in target 'CoderUITests' from project 'Coder')
    cd /Users/christopherdavid/work/openagents-mobile45/bins/coder-ios/host
    write-file /Users/christopherdavid/work/openagents-mobile45-target/coder-ios-build47-sim/DerivedData/Build/Intermediates.noindex/Coder.build/Release-iphonesimulator/CoderUITests.build/CoderUITests.DependencyMetadataFileList

WriteAuxiliaryFile /Users/christopherdavid/work/openagents-mobile45-target/coder-ios-build47-sim/DerivedData/Build/Intermediates.noindex/Coder.build/Release-iphonesimulator/CoderUITests.build/CoderUITests-all-target-headers.hmap (in target 'CoderUITests' from project 'Coder')
    cd /Users/christopherdavid/work/openagents-mobile45/bins/coder-ios/host
    write-file /Users/christopherdavid/work/openagents-mobile45-target/coder-ios-build47-sim/DerivedData/Build/Intermediates.noindex/Coder.build/Release-iphonesimulator/CoderUITests.build/CoderUITests-all-target-headers.hmap

WriteAuxiliaryFile /Users/christopherdavid/work/openagents-mobile45-target/coder-ios-build47-sim/DerivedData/Build/Intermediates.noindex/Coder.build/Release-iphonesimulator/CoderUITests.build/CoderUITests-all-non-framework-target-headers.hmap (in target 'CoderUITests' from project 'Coder')
    cd /Users/christopherdavid/work/openagents-mobile45/bins/coder-ios/host
    write-file /Users/christopherdavid/work/openagents-mobile45-target/coder-ios-build47-sim/DerivedData/Build/Intermediates.noindex/Coder.build/Release-iphonesimulator/CoderUITests.build/CoderUITests-all-non-framework-target-headers.hmap

MkDir /Users/christopherdavid/work/openagents-mobile45-target/coder-ios-build47-sim/DerivedData/Build/Products/Release-iphonesimulator/CoderUITests-Runner.app/PlugIns/CoderUITests.xctest (in target 'CoderUITests' from project 'Coder')
    cd /Users/christopherdavid/work/openagents-mobile45/bins/coder-ios/host
    /bin/mkdir -p /Users/christopherdavid/work/openagents-mobile45-target/coder-ios-build47-sim/DerivedData/Build/Products/Release-iphonesimulator/CoderUITests-Runner.app/PlugIns/CoderUITests.xctest

ProcessProductPackagingDER /Users/christopherdavid/work/openagents-mobile45-target/coder-ios-build47-sim/DerivedData/Build/Intermediates.noindex/Coder.build/Release-iphonesimulator/Coder.build/Coder.app-Simulated.xcent /Users/christopherdavid/work/openagents-mobile45-target/coder-ios-build47-sim/DerivedData/Build/Intermediates.noindex/Coder.build/Release-iphonesimulator/Coder.build/Coder.app-Simulated.xcent.der (in target 'Coder' from project 'Coder')
    cd /Users/christopherdavid/work/openagents-mobile45/bins/coder-ios/host
    /usr/bin/derq query -f xml -i /Users/christopherdavid/work/openagents-mobile45-target/coder-ios-build47-sim/DerivedData/Build/Intermediates.noindex/Coder.build/Release-iphonesimulator/Coder.build/Coder.app-Simulated.xcent -o /Users/christopherdavid/work/openagents-mobile45-target/coder-ios-build47-sim/DerivedData/Build/Intermediates.noindex/Coder.build/Release-iphonesimulator/Coder.build/Coder.app-Simulated.xcent.der --raw

CompileAssetCatalogVariant thinned /Users/christopherdavid/work/openagents-mobile45-target/coder-ios-build47-sim/DerivedData/Build/Products/Release-iphonesimulator/Coder.app /Users/christopherdavid/work/openagents-mobile45/bins/coder-ios/host/App/Assets.xcassets (in target 'Coder' from project 'Coder')
    cd /Users/christopherdavid/work/openagents-mobile45/bins/coder-ios/host
    /Applications/Xcode.app/Contents/Developer/usr/bin/actool /Users/christopherdavid/work/openagents-mobile45/bins/coder-ios/host/App/Assets.xcassets --compile /Users/christopherdavid/work/openagents-mobile45-target/coder-ios-build47-sim/DerivedData/Build/Intermediates.noindex/Coder.build/Release-iphonesimulator/Coder.build/assetcatalog_output/thinned --output-format human-readable-text --notices --warnings --export-dependency-info /Users/christopherdavid/work/openagents-mobile45-target/coder-ios-build47-sim/DerivedData/Build/Intermediates.noindex/Coder.build/Release-iphonesimulator/Coder.build/assetcatalog_dependencies_thinned --output-partial-info-plist /Users/christopherdavid/work/openagents-mobile45-target/coder-ios-build47-sim/DerivedData/Build/Intermediates.noindex/Coder.build/Release-iphonesimulator/Coder.build/assetcatalog_generated_info.plist_thinned --app-icon AppIcon --compress-pngs --enable-on-demand-resources YES --filter-for-thinning-device-configuration iPhone18,1 --filter-for-device-os-version 26.5 --development-region en --target-device iphone --minimum-deployment-target 17.0 --platform iphonesimulator
/* com.apple.actool.compilation-results */
/Users/christopherdavid/work/openagents-mobile45-target/coder-ios-build47-sim/DerivedData/Build/Intermediates.noindex/Coder.build/Release-iphonesimulator/Coder.build/assetcatalog_generated_info.plist_thinned
/Users/christopherdavid/work/openagents-mobile45-target/coder-ios-build47-sim/DerivedData/Build/Intermediates.noindex/Coder.build/Release-iphonesimulator/Coder.build/assetcatalog_output/thinned/AppIcon60x60@2x.png
/Users/christopherdavid/work/openagents-mobile45-target/coder-ios-build47-sim/DerivedData/Build/Intermediates.noindex/Coder.build/Release-iphonesimulator/Coder.build/assetcatalog_output/thinned/AppIcon76x76@2x~ipad.png
/Users/christopherdavid/work/openagents-mobile45-target/coder-ios-build47-sim/DerivedData/Build/Intermediates.noindex/Coder.build/Release-iphonesimulator/Coder.build/assetcatalog_output/thinned/Assets.car


Ld /Users/christopherdavid/work/openagents-mobile45-target/coder-ios-build47-sim/DerivedData/Build/Products/Release-iphonesimulator/Coder.app/Coder normal (in target 'Coder' from project 'Coder')
    cd /Users/christopherdavid/work/openagents-mobile45/bins/coder-ios/host
    /Applications/Xcode.app/Contents/Developer/Toolchains/XcodeDefault.xctoolchain/usr/bin/clang -Xlinker -reproducible -target arm64-apple-ios17.0-simulator -isysroot /Applications/Xcode.app/Contents/Developer/Platforms/iPhoneSimulator.platform/Developer/SDKs/iPhoneSimulator26.5.sdk -Os -L/Users/christopherdavid/work/openagents-mobile45-target/coder-ios-build47-sim/DerivedData/Build/Intermediates.noindex/EagerLinkingTBDs/Release-iphonesimulator -L/Users/christopherdavid/work/openagents-mobile45-target/coder-ios-build47-sim/DerivedData/Build/Products/Release-iphonesimulator -L/Users/christopherdavid/work/openagents-mobile45-target/aarch64-apple-ios-sim/release -F/Users/christopherdavid/work/openagents-mobile45-target/coder-ios-build47-sim/DerivedData/Build/Intermediates.noindex/EagerLinkingTBDs/Release-iphonesimulator -F/Users/christopherdavid/work/openagents-mobile45-target/coder-ios-build47-sim/DerivedData/Build/Products/Release-iphonesimulator -filelist /Users/christopherdavid/work/openagents-mobile45-target/coder-ios-build47-sim/DerivedData/Build/Intermediates.noindex/Coder.build/Release-iphonesimulator/Coder.build/Objects-normal/arm64/Coder.LinkFileList -Xlinker -rpath -Xlinker /usr/lib/swift -Xlinker -rpath -Xlinker @executable_path/Frameworks -Xlinker -dead_strip -Xlinker -object_path_lto -Xlinker /Users/christopherdavid/work/openagents-mobile45-target/coder-ios-build47-sim/DerivedData/Build/Intermediates.noindex/Coder.build/Release-iphonesimulator/Coder.build/Objects-normal/arm64/Coder_lto.o -Xlinker -objc_abi_version -Xlinker 2 -Xlinker -dependency_info -Xlinker /Users/christopherdavid/work/openagents-mobile45-target/coder-ios-build47-sim/DerivedData/Build/Intermediates.noindex/Coder.build/Release-iphonesimulator/Coder.build/Objects-normal/arm64/Coder_dependency_info.dat -fobjc-link-runtime -L/Applications/Xcode.app/Contents/Developer/Toolchains/XcodeDefault.xctoolchain/usr/lib/swift/iphonesimulator -L/usr/lib/swift -Xlinker -add_ast_path -Xlinker /Users/christopherdavid/work/openagents-mobile45-target/coder-ios-build47-sim/DerivedData/Build/Intermediates.noindex/Coder.build/Release-iphonesimulator/Coder.build/Objects-normal/arm64/Coder.swiftmodule @/Users/christopherdavid/work/openagents-mobile45-target/coder-ios-build47-sim/DerivedData/Build/Intermediates.noindex/Coder.build/Release-iphonesimulator/Coder.build/Objects-normal/arm64/Coder-linker-args.resp /Users/christopherdavid/work/openagents-mobile45-target/aarch64-apple-ios-sim/release/libcoder_mobile.a -framework Metal -liconv -Xlinker -sectcreate -Xlinker __TEXT -Xlinker __entitlements -Xlinker /Users/christopherdavid/work/openagents-mobile45-target/coder-ios-build47-sim/DerivedData/Build/Intermediates.noindex/Coder.build/Release-iphonesimulator/Coder.build/Coder.app-Simulated.xcent -Xlinker -sectcreate -Xlinker __TEXT -Xlinker __ents_der -Xlinker /Users/christopherdavid/work/openagents-mobile45-target/coder-ios-build47-sim/DerivedData/Build/Intermediates.noindex/Coder.build/Release-iphonesimulator/Coder.build/Coder.app-Simulated.xcent.der -Xlinker -no_adhoc_codesign -o /Users/christopherdavid/work/openagents-mobile45-target/coder-ios-build47-sim/DerivedData/Build/Products/Release-iphonesimulator/Coder.app/Coder

ProcessProductPackaging "" /Users/christopherdavid/work/openagents-mobile45-target/coder-ios-build47-sim/DerivedData/Build/Intermediates.noindex/Coder.build/Release-iphonesimulator/CoderUITests.build/CoderUITests.xctest-Simulated.xcent (in target 'CoderUITests' from project 'Coder')
    cd /Users/christopherdavid/work/openagents-mobile45/bins/coder-ios/host
    
    Entitlements:
    
    {
    "application-identifier" = "HQWSG26L43.com.openagents.coder.uitests.xctrunner";
    "keychain-access-groups" =     (
        "HQWSG26L43.com.openagents.coder.uitests.xctrunner"
    );
}
    
    builtin-productPackagingUtility -entitlements -format xml -o /Users/christopherdavid/work/openagents-mobile45-target/coder-ios-build47-sim/DerivedData/Build/Intermediates.noindex/Coder.build/Release-iphonesimulator/CoderUITests.build/CoderUITests.xctest-Simulated.xcent

ProcessProductPackagingDER /Users/christopherdavid/work/openagents-mobile45-target/coder-ios-build47-sim/DerivedData/Build/Intermediates.noindex/Coder.build/Release-iphonesimulator/CoderUITests.build/CoderUITests.xctest-Simulated.xcent /Users/christopherdavid/work/openagents-mobile45-target/coder-ios-build47-sim/DerivedData/Build/Intermediates.noindex/Coder.build/Release-iphonesimulator/CoderUITests.build/CoderUITests.xctest-Simulated.xcent.der (in target 'CoderUITests' from project 'Coder')
    cd /Users/christopherdavid/work/openagents-mobile45/bins/coder-ios/host
    /usr/bin/derq query -f xml -i /Users/christopherdavid/work/openagents-mobile45-target/coder-ios-build47-sim/DerivedData/Build/Intermediates.noindex/Coder.build/Release-iphonesimulator/CoderUITests.build/CoderUITests.xctest-Simulated.xcent -o /Users/christopherdavid/work/openagents-mobile45-target/coder-ios-build47-sim/DerivedData/Build/Intermediates.noindex/Coder.build/Release-iphonesimulator/CoderUITests.build/CoderUITests.xctest-Simulated.xcent.der --raw

SwiftDriver CoderUITests normal arm64 com.apple.xcode.tools.swift.compiler (in target 'CoderUITests' from project 'Coder')
    cd /Users/christopherdavid/work/openagents-mobile45/bins/coder-ios/host
    builtin-SwiftDriver -- /Applications/Xcode.app/Contents/Developer/Toolchains/XcodeDefault.xctoolchain/usr/bin/swiftc -module-name CoderUITests -O -whole-module-optimization @/Users/christopherdavid/work/openagents-mobile45-target/coder-ios-build47-sim/DerivedData/Build/Intermediates.noindex/Coder.build/Release-iphonesimulator/CoderUITests.build/Objects-normal/arm64/CoderUITests.SwiftFileList -module-alias Testing\=_Testing_Unavailable -plugin-path /Applications/Xcode.app/Contents/Developer/Toolchains/XcodeDefault.xctoolchain/usr/lib/swift/host/plugins/testing -enable-bare-slash-regex -enable-experimental-feature DebugDescriptionMacro -sdk /Applications/Xcode.app/Contents/Developer/Platforms/iPhoneSimulator.platform/Developer/SDKs/iPhoneSimulator26.5.sdk -target arm64-apple-ios17.0-simulator -g -module-cache-path /Users/christopherdavid/work/openagents-mobile45-target/coder-ios-build47-sim/DerivedData/ModuleCache.noindex -Xfrontend -serialize-debugging-options -swift-version 5 -I /Users/christopherdavid/work/openagents-mobile45-target/coder-ios-build47-sim/DerivedData/Build/Products/Release-iphonesimulator -Isystem /Applications/Xcode.app/Contents/Developer/Platforms/iPhoneSimulator.platform/Developer/usr/lib -F /Users/christopherdavid/work/openagents-mobile45-target/coder-ios-build47-sim/DerivedData/Build/Products/Release-iphonesimulator -F /Applications/Xcode.app/Contents/Developer/Platforms/iPhoneSimulator.platform/Developer/Library/Frameworks -F /Applications/Xcode.app/Contents/Developer/Platforms/iPhoneSimulator.platform/Developer/SDKs/iPhoneSimulator26.5.sdk/Developer/Library/Frameworks -c -num-threads 18 -Xcc -ivfsstatcache -Xcc /Users/christopherdavid/work/openagents-mobile45-target/coder-ios-build47-sim/DerivedData/SDKStatCaches.noindex/iphonesimulator26.5-23F81a-688ef53f1462e2c8f657fdc38a81448f6cfe768891a92b912361537c460fe42b.sdkstatcache -output-file-map /Users/christopherdavid/work/openagents-mobile45-target/coder-ios-build47-sim/DerivedData/Build/Intermediates.noindex/Coder.build/Release-iphonesimulator/CoderUITests.build/Objects-normal/arm64/CoderUITests-OutputFileMap.json -use-frontend-parseable-output -save-temps -no-color-diagnostics -explicit-module-build -module-cache-path /Users/christopherdavid/work/openagents-mobile45-target/coder-ios-build47-sim/DerivedData/Build/Intermediates.noindex/SwiftExplicitPrecompiledModules -clang-scanner-module-cache-path /Users/christopherdavid/work/openagents-mobile45-target/coder-ios-build47-sim/DerivedData/ModuleCache.noindex -sdk-module-cache-path /Users/christopherdavid/work/openagents-mobile45-target/coder-ios-build47-sim/DerivedData/ModuleCache.noindex -serialize-diagnostics -emit-dependencies -emit-module -emit-module-path /Users/christopherdavid/work/openagents-mobile45-target/coder-ios-build47-sim/DerivedData/Build/Intermediates.noindex/Coder.build/Release-iphonesimulator/CoderUITests.build/Objects-normal/arm64/CoderUITests.swiftmodule -validate-clang-modules-once -clang-build-session-file /Users/christopherdavid/work/openagents-mobile45-target/coder-ios-build47-sim/DerivedData/ModuleCache.noindex/Session.modulevalidation -Xcc -I/Users/christopherdavid/work/openagents-mobile45-target/coder-ios-build47-sim/DerivedData/Build/Intermediates.noindex/Coder.build/Release-iphonesimulator/CoderUITests.build/swift-overrides.hmap -emit-const-values -Xfrontend -const-gather-protocols-file -Xfrontend /Users/christopherdavid/work/openagents-mobile45-target/coder-ios-build47-sim/DerivedData/Build/Intermediates.noindex/Coder.build/Release-iphonesimulator/CoderUITests.build/Objects-normal/arm64/CoderUITests_const_extract_protocols.json -Xcc -iquote -Xcc /Users/christopherdavid/work/openagents-mobile45-target/coder-ios-build47-sim/DerivedData/Build/Intermediates.noindex/Coder.build/Release-iphonesimulator/CoderUITests.build/CoderUITests-generated-files.hmap -Xcc -I/Users/christopherdavid/work/openagents-mobile45-target/coder-ios-build47-sim/DerivedData/Build/Intermediates.noindex/Coder.build/Release-iphonesimulator/CoderUITests.build/CoderUITests-own-target-headers.hmap -Xcc -I/Users/christopherdavid/work/openagents-mobile45-target/coder-ios-build47-sim/DerivedData/Build/Intermediates.noindex/Coder.build/Release-iphonesimulator/CoderUITests.build/CoderUITests-all-target-headers.hmap -Xcc -iquote -Xcc /Users/christopherdavid/work/openagents-mobile45-target/coder-ios-build47-sim/DerivedData/Build/Intermediates.noindex/Coder.build/Release-iphonesimulator/CoderUITests.build/CoderUITests-project-headers.hmap -Xcc -I/Users/christopherdavid/work/openagents-mobile45-target/coder-ios-build47-sim/DerivedData/Build/Products/Release-iphonesimulator/include -Xcc -I/Users/christopherdavid/work/openagents-mobile45-target/coder-ios-build47-sim/DerivedData/Build/Intermediates.noindex/Coder.build/Release-iphonesimulator/CoderUITests.build/DerivedSources-normal/arm64 -Xcc -I/Users/christopherdavid/work/openagents-mobile45-target/coder-ios-build47-sim/DerivedData/Build/Intermediates.noindex/Coder.build/Release-iphonesimulator/CoderUITests.build/DerivedSources/arm64 -Xcc -I/Users/christopherdavid/work/openagents-mobile45-target/coder-ios-build47-sim/DerivedData/Build/Intermediates.noindex/Coder.build/Release-iphonesimulator/CoderUITests.build/DerivedSources -emit-objc-header -emit-objc-header-path /Users/christopherdavid/work/openagents-mobile45-target/coder-ios-build47-sim/DerivedData/Build/Intermediates.noindex/Coder.build/Release-iphonesimulator/CoderUITests.build/Objects-normal/arm64/CoderUITests-Swift.h -working-directory /Users/christopherdavid/work/openagents-mobile45/bins/coder-ios/host -no-emit-module-separately-wmo

LinkAssetCatalog /Users/christopherdavid/work/openagents-mobile45/bins/coder-ios/host/App/Assets.xcassets (in target 'Coder' from project 'Coder')
    cd /Users/christopherdavid/work/openagents-mobile45/bins/coder-ios/host
    builtin-linkAssetCatalog --thinned /Users/christopherdavid/work/openagents-mobile45-target/coder-ios-build47-sim/DerivedData/Build/Intermediates.noindex/Coder.build/Release-iphonesimulator/Coder.build/assetcatalog_output/thinned --thinned-dependencies /Users/christopherdavid/work/openagents-mobile45-target/coder-ios-build47-sim/DerivedData/Build/Intermediates.noindex/Coder.build/Release-iphonesimulator/Coder.build/assetcatalog_dependencies_thinned --thinned-info-plist-content /Users/christopherdavid/work/openagents-mobile45-target/coder-ios-build47-sim/DerivedData/Build/Intermediates.noindex/Coder.build/Release-iphonesimulator/Coder.build/assetcatalog_generated_info.plist_thinned --unthinned /Users/christopherdavid/work/openagents-mobile45-target/coder-ios-build47-sim/DerivedData/Build/Intermediates.noindex/Coder.build/Release-iphonesimulator/Coder.build/assetcatalog_output/unthinned --unthinned-dependencies /Users/christopherdavid/work/openagents-mobile45-target/coder-ios-build47-sim/DerivedData/Build/Intermediates.noindex/Coder.build/Release-iphonesimulator/Coder.build/assetcatalog_dependencies_unthinned --unthinned-info-plist-content /Users/christopherdavid/work/openagents-mobile45-target/coder-ios-build47-sim/DerivedData/Build/Intermediates.noindex/Coder.build/Release-iphonesimulator/Coder.build/assetcatalog_generated_info.plist_unthinned --output /Users/christopherdavid/work/openagents-mobile45-target/coder-ios-build47-sim/DerivedData/Build/Products/Release-iphonesimulator/Coder.app --plist-output /Users/christopherdavid/work/openagents-mobile45-target/coder-ios-build47-sim/DerivedData/Build/Intermediates.noindex/Coder.build/Release-iphonesimulator/Coder.build/assetcatalog_generated_info.plist
note: Emplaced /Users/christopherdavid/work/openagents-mobile45-target/coder-ios-build47-sim/DerivedData/Build/Products/Release-iphonesimulator/Coder.app/AppIcon76x76@2x~ipad.png (in target 'Coder' from project 'Coder')
note: Emplaced /Users/christopherdavid/work/openagents-mobile45-target/coder-ios-build47-sim/DerivedData/Build/Products/Release-iphonesimulator/Coder.app/Assets.car (in target 'Coder' from project 'Coder')
note: Emplaced /Users/christopherdavid/work/openagents-mobile45-target/coder-ios-build47-sim/DerivedData/Build/Products/Release-iphonesimulator/Coder.app/AppIcon60x60@2x.png (in target 'Coder' from project 'Coder')

ProcessInfoPlistFile /Users/christopherdavid/work/openagents-mobile45-target/coder-ios-build47-sim/DerivedData/Build/Products/Release-iphonesimulator/Coder.app/Info.plist /Users/christopherdavid/work/openagents-mobile45/bins/coder-ios/host/App/Info.plist (in target 'Coder' from project 'Coder')
    cd /Users/christopherdavid/work/openagents-mobile45/bins/coder-ios/host
    builtin-infoPlistUtility /Users/christopherdavid/work/openagents-mobile45/bins/coder-ios/host/App/Info.plist -producttype com.apple.product-type.application -genpkginfo /Users/christopherdavid/work/openagents-mobile45-target/coder-ios-build47-sim/DerivedData/Build/Products/Release-iphonesimulator/Coder.app/PkgInfo -expandbuildsettings -format binary -platform iphonesimulator -additionalcontentfile /Users/christopherdavid/work/openagents-mobile45-target/coder-ios-build47-sim/DerivedData/Build/Intermediates.noindex/Coder.build/Release-iphonesimulator/Coder.build/assetcatalog_generated_info.plist -o /Users/christopherdavid/work/openagents-mobile45-target/coder-ios-build47-sim/DerivedData/Build/Products/Release-iphonesimulator/Coder.app/Info.plist

ExtractAppIntentsMetadata (in target 'Coder' from project 'Coder')
    cd /Users/christopherdavid/work/openagents-mobile45/bins/coder-ios/host
    /Applications/Xcode.app/Contents/Developer/Toolchains/XcodeDefault.xctoolchain/usr/bin/appintentsmetadataprocessor --toolchain-dir /var/run/com.apple.security.cryptexd/mnt/com.apple.MobileAsset.MetalToolchain-v17.6.109.0.VdpV4P/Metal.xctoolchain --module-name Coder --sdk-root /Applications/Xcode.app/Contents/Developer/Platforms/iPhoneSimulator.platform/Developer/SDKs/iPhoneSimulator26.5.sdk --xcode-version 17F113 --platform-family iOS --deployment-target 17.0 --bundle-identifier com.openagents.coder --output /Users/christopherdavid/work/openagents-mobile45-target/coder-ios-build47-sim/DerivedData/Build/Products/Release-iphonesimulator/Coder.app --target-triple arm64-apple-ios17.0-simulator --binary-file /Users/christopherdavid/work/openagents-mobile45-target/coder-ios-build47-sim/DerivedData/Build/Products/Release-iphonesimulator/Coder.app/Coder --dependency-file /Users/christopherdavid/work/openagents-mobile45-target/coder-ios-build47-sim/DerivedData/Build/Intermediates.noindex/Coder.build/Release-iphonesimulator/Coder.build/Objects-normal/arm64/Coder_dependency_info.dat --stringsdata-file /Users/christopherdavid/work/openagents-mobile45-target/coder-ios-build47-sim/DerivedData/Build/Intermediates.noindex/Coder.build/Release-iphonesimulator/Coder.build/Objects-normal/arm64/ExtractedAppShortcutsMetadata.stringsdata --source-file-list /Users/christopherdavid/work/openagents-mobile45-target/coder-ios-build47-sim/DerivedData/Build/Intermediates.noindex/Coder.build/Release-iphonesimulator/Coder.build/Objects-normal/arm64/Coder.SwiftFileList --metadata-file-list /Users/christopherdavid/work/openagents-mobile45-target/coder-ios-build47-sim/DerivedData/Build/Intermediates.noindex/Coder.build/Release-iphonesimulator/Coder.build/Coder.DependencyMetadataFileList --static-metadata-file-list /Users/christopherdavid/work/openagents-mobile45-target/coder-ios-build47-sim/DerivedData/Build/Intermediates.noindex/Coder.build/Release-iphonesimulator/Coder.build/Coder.DependencyStaticMetadataFileList --swift-const-vals-list /Users/christopherdavid/work/openagents-mobile45-target/coder-ios-build47-sim/DerivedData/Build/Intermediates.noindex/Coder.build/Release-iphonesimulator/Coder.build/Objects-normal/arm64/Coder.SwiftConstValuesFileList --compile-time-extraction --deployment-aware-processing --validate-assistant-intents --no-app-shortcuts-localization
2026-09-27 00:23:18.418 appintentsmetadataprocessor[30332:99137409] Starting appintentsmetadataprocessor export
2026-09-27 00:23:18.419 appintentsmetadataprocessor[30332:99137409] warning: Metadata extraction skipped. No AppIntents.framework dependency found.

CopySwiftLibs /Users/christopherdavid/work/openagents-mobile45-target/coder-ios-build47-sim/DerivedData/Build/Products/Release-iphonesimulator/Coder.app (in target 'Coder' from project 'Coder')
    cd /Users/christopherdavid/work/openagents-mobile45/bins/coder-ios/host
    builtin-swiftStdLibTool --copy --verbose --sign - --scan-executable /Users/christopherdavid/work/openagents-mobile45-target/coder-ios-build47-sim/DerivedData/Build/Products/Release-iphonesimulator/Coder.app/Coder --scan-folder /Users/christopherdavid/work/openagents-mobile45-target/coder-ios-build47-sim/DerivedData/Build/Products/Release-iphonesimulator/Coder.app/Frameworks --scan-folder /Users/christopherdavid/work/openagents-mobile45-target/coder-ios-build47-sim/DerivedData/Build/Products/Release-iphonesimulator/Coder.app/PlugIns --scan-folder /Users/christopherdavid/work/openagents-mobile45-target/coder-ios-build47-sim/DerivedData/Build/Products/Release-iphonesimulator/Coder.app/SystemExtensions --scan-folder /Users/christopherdavid/work/openagents-mobile45-target/coder-ios-build47-sim/DerivedData/Build/Products/Release-iphonesimulator/Coder.app/Extensions --platform iphonesimulator --toolchain /var/run/com.apple.security.cryptexd/mnt/com.apple.MobileAsset.MetalToolchain-v17.6.109.0.VdpV4P/Metal.xctoolchain --toolchain /Applications/Xcode.app/Contents/Developer/Toolchains/XcodeDefault.xctoolchain --destination /Users/christopherdavid/work/openagents-mobile45-target/coder-ios-build47-sim/DerivedData/Build/Products/Release-iphonesimulator/Coder.app/Frameworks --strip-bitcode --strip-bitcode-tool /Applications/Xcode.app/Contents/Developer/Toolchains/XcodeDefault.xctoolchain/usr/bin/bitcode_strip --emit-dependency-info /Users/christopherdavid/work/openagents-mobile45-target/coder-ios-build47-sim/DerivedData/Build/Intermediates.noindex/Coder.build/Release-iphonesimulator/Coder.build/SwiftStdLibToolInputDependencies.dep --filter-for-swift-os

GenerateDSYMFile /Users/christopherdavid/work/openagents-mobile45-target/coder-ios-build47-sim/DerivedData/Build/Products/Release-iphonesimulator/Coder.app.dSYM /Users/christopherdavid/work/openagents-mobile45-target/coder-ios-build47-sim/DerivedData/Build/Products/Release-iphonesimulator/Coder.app/Coder (in target 'Coder' from project 'Coder')
    cd /Users/christopherdavid/work/openagents-mobile45/bins/coder-ios/host
    /Applications/Xcode.app/Contents/Developer/Toolchains/XcodeDefault.xctoolchain/usr/bin/dsymutil /Users/christopherdavid/work/openagents-mobile45-target/coder-ios-build47-sim/DerivedData/Build/Products/Release-iphonesimulator/Coder.app/Coder -o /Users/christopherdavid/work/openagents-mobile45-target/coder-ios-build47-sim/DerivedData/Build/Products/Release-iphonesimulator/Coder.app.dSYM

SwiftDriver\ Compilation CoderUITests normal arm64 com.apple.xcode.tools.swift.compiler (in target 'CoderUITests' from project 'Coder')
    cd /Users/christopherdavid/work/openagents-mobile45/bins/coder-ios/host
    builtin-Swift-Compilation -- /Applications/Xcode.app/Contents/Developer/Toolchains/XcodeDefault.xctoolchain/usr/bin/swiftc -module-name CoderUITests -O -whole-module-optimization @/Users/christopherdavid/work/openagents-mobile45-target/coder-ios-build47-sim/DerivedData/Build/Intermediates.noindex/Coder.build/Release-iphonesimulator/CoderUITests.build/Objects-normal/arm64/CoderUITests.SwiftFileList -module-alias Testing\=_Testing_Unavailable -plugin-path /Applications/Xcode.app/Contents/Developer/Toolchains/XcodeDefault.xctoolchain/usr/lib/swift/host/plugins/testing -enable-bare-slash-regex -enable-experimental-feature DebugDescriptionMacro -sdk /Applications/Xcode.app/Contents/Developer/Platforms/iPhoneSimulator.platform/Developer/SDKs/iPhoneSimulator26.5.sdk -target arm64-apple-ios17.0-simulator -g -module-cache-path /Users/christopherdavid/work/openagents-mobile45-target/coder-ios-build47-sim/DerivedData/ModuleCache.noindex -Xfrontend -serialize-debugging-options -swift-version 5 -I /Users/christopherdavid/work/openagents-mobile45-target/coder-ios-build47-sim/DerivedData/Build/Products/Release-iphonesimulator -Isystem /Applications/Xcode.app/Contents/Developer/Platforms/iPhoneSimulator.platform/Developer/usr/lib -F /Users/christopherdavid/work/openagents-mobile45-target/coder-ios-build47-sim/DerivedData/Build/Products/Release-iphonesimulator -F /Applications/Xcode.app/Contents/Developer/Platforms/iPhoneSimulator.platform/Developer/Library/Frameworks -F /Applications/Xcode.app/Contents/Developer/Platforms/iPhoneSimulator.platform/Developer/SDKs/iPhoneSimulator26.5.sdk/Developer/Library/Frameworks -c -num-threads 18 -Xcc -ivfsstatcache -Xcc /Users/christopherdavid/work/openagents-mobile45-target/coder-ios-build47-sim/DerivedData/SDKStatCaches.noindex/iphonesimulator26.5-23F81a-688ef53f1462e2c8f657fdc38a81448f6cfe768891a92b912361537c460fe42b.sdkstatcache -output-file-map /Users/christopherdavid/work/openagents-mobile45-target/coder-ios-build47-sim/DerivedData/Build/Intermediates.noindex/Coder.build/Release-iphonesimulator/CoderUITests.build/Objects-normal/arm64/CoderUITests-OutputFileMap.json -use-frontend-parseable-output -save-temps -no-color-diagnostics -explicit-module-build -module-cache-path /Users/christopherdavid/work/openagents-mobile45-target/coder-ios-build47-sim/DerivedData/Build/Intermediates.noindex/SwiftExplicitPrecompiledModules -clang-scanner-module-cache-path /Users/christopherdavid/work/openagents-mobile45-target/coder-ios-build47-sim/DerivedData/ModuleCache.noindex -sdk-module-cache-path /Users/christopherdavid/work/openagents-mobile45-target/coder-ios-build47-sim/DerivedData/ModuleCache.noindex -serialize-diagnostics -emit-dependencies -emit-module -emit-module-path /Users/christopherdavid/work/openagents-mobile45-target/coder-ios-build47-sim/DerivedData/Build/Intermediates.noindex/Coder.build/Release-iphonesimulator/CoderUITests.build/Objects-normal/arm64/CoderUITests.swiftmodule -validate-clang-modules-once -clang-build-session-file /Users/christopherdavid/work/openagents-mobile45-target/coder-ios-build47-sim/DerivedData/ModuleCache.noindex/Session.modulevalidation -Xcc -I/Users/christopherdavid/work/openagents-mobile45-target/coder-ios-build47-sim/DerivedData/Build/Intermediates.noindex/Coder.build/Release-iphonesimulator/CoderUITests.build/swift-overrides.hmap -emit-const-values -Xfrontend -const-gather-protocols-file -Xfrontend /Users/christopherdavid/work/openagents-mobile45-target/coder-ios-build47-sim/DerivedData/Build/Intermediates.noindex/Coder.build/Release-iphonesimulator/CoderUITests.build/Objects-normal/arm64/CoderUITests_const_extract_protocols.json -Xcc -iquote -Xcc /Users/christopherdavid/work/openagents-mobile45-target/coder-ios-build47-sim/DerivedData/Build/Intermediates.noindex/Coder.build/Release-iphonesimulator/CoderUITests.build/CoderUITests-generated-files.hmap -Xcc -I/Users/christopherdavid/work/openagents-mobile45-target/coder-ios-build47-sim/DerivedData/Build/Intermediates.noindex/Coder.build/Release-iphonesimulator/CoderUITests.build/CoderUITests-own-target-headers.hmap -Xcc -I/Users/christopherdavid/work/openagents-mobile45-target/coder-ios-build47-sim/DerivedData/Build/Intermediates.noindex/Coder.build/Release-iphonesimulator/CoderUITests.build/CoderUITests-all-target-headers.hmap -Xcc -iquote -Xcc /Users/christopherdavid/work/openagents-mobile45-target/coder-ios-build47-sim/DerivedData/Build/Intermediates.noindex/Coder.build/Release-iphonesimulator/CoderUITests.build/CoderUITests-project-headers.hmap -Xcc -I/Users/christopherdavid/work/openagents-mobile45-target/coder-ios-build47-sim/DerivedData/Build/Products/Release-iphonesimulator/include -Xcc -I/Users/christopherdavid/work/openagents-mobile45-target/coder-ios-build47-sim/DerivedData/Build/Intermediates.noindex/Coder.build/Release-iphonesimulator/CoderUITests.build/DerivedSources-normal/arm64 -Xcc -I/Users/christopherdavid/work/openagents-mobile45-target/coder-ios-build47-sim/DerivedData/Build/Intermediates.noindex/Coder.build/Release-iphonesimulator/CoderUITests.build/DerivedSources/arm64 -Xcc -I/Users/christopherdavid/work/openagents-mobile45-target/coder-ios-build47-sim/DerivedData/Build/Intermediates.noindex/Coder.build/Release-iphonesimulator/CoderUITests.build/DerivedSources -emit-objc-header -emit-objc-header-path /Users/christopherdavid/work/openagents-mobile45-target/coder-ios-build47-sim/DerivedData/Build/Intermediates.noindex/Coder.build/Release-iphonesimulator/CoderUITests.build/Objects-normal/arm64/CoderUITests-Swift.h -working-directory /Users/christopherdavid/work/openagents-mobile45/bins/coder-ios/host -no-emit-module-separately-wmo

SwiftExplicitDependencyGeneratePcm arm64 /Users/christopherdavid/work/openagents-mobile45-target/coder-ios-build47-sim/DerivedData/Build/Intermediates.noindex/SwiftExplicitPrecompiledModules/XCUIAutomation-56LHBQECFRTFXDGNVG4HVD9VG.pcm

CodeSign /Users/christopherdavid/work/openagents-mobile45-target/coder-ios-build47-sim/DerivedData/Build/Products/Release-iphonesimulator/Coder.app (in target 'Coder' from project 'Coder')
    cd /Users/christopherdavid/work/openagents-mobile45/bins/coder-ios/host
    
    Signing Identity:     "Sign to Run Locally"
    
    /usr/bin/codesign --force --sign - --timestamp\=none --generate-entitlement-der /Users/christopherdavid/work/openagents-mobile45-target/coder-ios-build47-sim/DerivedData/Build/Products/Release-iphonesimulator/Coder.app

SwiftExplicitDependencyGeneratePcm arm64 /Users/christopherdavid/work/openagents-mobile45-target/coder-ios-build47-sim/DerivedData/Build/Intermediates.noindex/SwiftExplicitPrecompiledModules/XCTest-6P7Q8K6MAI0PFRCQEADGGUUD.pcm

SwiftExplicitDependencyCompileModuleFromInterface arm64 /Users/christopherdavid/work/openagents-mobile45-target/coder-ios-build47-sim/DerivedData/Build/Intermediates.noindex/SwiftExplicitPrecompiledModules/XCUIAutomation-2SZHJ3X6JZLWW.swiftmodule

Validate /Users/christopherdavid/work/openagents-mobile45-target/coder-ios-build47-sim/DerivedData/Build/Products/Release-iphonesimulator/Coder.app (in target 'Coder' from project 'Coder')
    cd /Users/christopherdavid/work/openagents-mobile45/bins/coder-ios/host
    builtin-validationUtility /Users/christopherdavid/work/openagents-mobile45-target/coder-ios-build47-sim/DerivedData/Build/Products/Release-iphonesimulator/Coder.app -shallow-bundle -infoplist-subpath Info.plist

ProcessInfoPlistFile /Users/christopherdavid/work/openagents-mobile45-target/coder-ios-build47-sim/DerivedData/Build/Products/Release-iphonesimulator/CoderUITests-Runner.app/PlugIns/CoderUITests.xctest/Info.plist /Users/christopherdavid/work/openagents-mobile45-target/coder-ios-build47-sim/DerivedData/Build/Intermediates.noindex/Coder.build/Release-iphonesimulator/CoderUITests.build/empty-CoderUITests.plist (in target 'CoderUITests' from project 'Coder')
    cd /Users/christopherdavid/work/openagents-mobile45/bins/coder-ios/host
    builtin-infoPlistUtility /Users/christopherdavid/work/openagents-mobile45-target/coder-ios-build47-sim/DerivedData/Build/Intermediates.noindex/Coder.build/Release-iphonesimulator/CoderUITests.build/empty-CoderUITests.plist -producttype com.apple.product-type.bundle.ui-testing -expandbuildsettings -format binary -platform iphonesimulator -additionalcontentfile /Users/christopherdavid/work/openagents-mobile45-target/coder-ios-build47-sim/DerivedData/Build/Intermediates.noindex/Coder.build/Release-iphonesimulator/CoderUITests.build/ProductTypeInfoPlistAdditions.plist -o /Users/christopherdavid/work/openagents-mobile45-target/coder-ios-build47-sim/DerivedData/Build/Products/Release-iphonesimulator/CoderUITests-Runner.app/PlugIns/CoderUITests.xctest/Info.plist

SwiftExplicitDependencyCompileModuleFromInterface arm64 /Users/christopherdavid/work/openagents-mobile45-target/coder-ios-build47-sim/DerivedData/Build/Intermediates.noindex/SwiftExplicitPrecompiledModules/XCTest-19085ZHGF01W8.swiftmodule

SwiftCompile normal arm64 Compiling\ CompanionUITests.swift,\ ComputersLiveUITests.swift,\ ComputersUITests.swift,\ DoorUITests.swift,\ FullscreenMotionUITests.swift,\ GymUITests.swift,\ MapUITests.swift,\ OwnerKeyUITests.swift,\ ProductionLaunchUITests.swift,\ PushRegistrationUITests.swift,\ ReaderUITests.swift,\ VerseUITests.swift,\ WorldConnectionUITests.swift,\ WorldTestSupport.swift,\ ZoneUITests.swift /Users/christopherdavid/work/openagents-mobile45/bins/coder-ios/host/UITests/CompanionUITests.swift /Users/christopherdavid/work/openagents-mobile45/bins/coder-ios/host/UITests/ComputersLiveUITests.swift /Users/christopherdavid/work/openagents-mobile45/bins/coder-ios/host/UITests/ComputersUITests.swift /Users/christopherdavid/work/openagents-mobile45/bins/coder-ios/host/UITests/DoorUITests.swift /Users/christopherdavid/work/openagents-mobile45/bins/coder-ios/host/UITests/FullscreenMotionUITests.swift /Users/christopherdavid/work/openagents-mobile45/bins/coder-ios/host/UITests/GymUITests.swift /Users/christopherdavid/work/openagents-mobile45/bins/coder-ios/host/UITests/MapUITests.swift /Users/christopherdavid/work/openagents-mobile45/bins/coder-ios/host/UITests/OwnerKeyUITests.swift /Users/christopherdavid/work/openagents-mobile45/bins/coder-ios/host/UITests/ProductionLaunchUITests.swift /Users/christopherdavid/work/openagents-mobile45/bins/coder-ios/host/UITests/PushRegistrationUITests.swift /Users/christopherdavid/work/openagents-mobile45/bins/coder-ios/host/UITests/ReaderUITests.swift /Users/christopherdavid/work/openagents-mobile45/bins/coder-ios/host/UITests/VerseUITests.swift /Users/christopherdavid/work/openagents-mobile45/bins/coder-ios/host/UITests/WorldConnectionUITests.swift /Users/christopherdavid/work/openagents-mobile45/bins/coder-ios/host/UITests/WorldTestSupport.swift /Users/christopherdavid/work/openagents-mobile45/bins/coder-ios/host/UITests/ZoneUITests.swift /Applications/Xcode.app/Contents/Developer/Toolchains/XcodeDefault.xctoolchain/usr/lib/swift/iphonesimulator/prebuilt-modules/26.5/UIKit.swiftmodule/arm64-apple-ios-simulator.swiftmodule /Applications/Xcode.app/Contents/Developer/Toolchains/XcodeDefault.xctoolchain/usr/lib/swift/iphonesimulator/prebuilt-modules/26.5/Foundation.swiftmodule/arm64-apple-ios-simulator.swiftmodule /Applications/Xcode.app/Contents/Developer/Toolchains/XcodeDefault.xctoolchain/usr/lib/swift/iphonesimulator/prebuilt-modules/26.5/Swift.swiftmodule/arm64-apple-ios-simulator.swiftmodule /Applications/Xcode.app/Contents/Developer/Toolchains/XcodeDefault.xctoolchain/usr/lib/swift/iphonesimulator/prebuilt-modules/26.5/CoreFoundation.swiftmodule/arm64-apple-ios-simulator.swiftmodule /Applications/Xcode.app/Contents/Developer/Toolchains/XcodeDefault.xctoolchain/usr/lib/swift/iphonesimulator/prebuilt-modules/26.5/_Concurrency.swiftmodule/arm64-apple-ios-simulator.swiftmodule /Applications/Xcode.app/Contents/Developer/Toolchains/XcodeDefault.xctoolchain/usr/lib/swift/iphonesimulator/prebuilt-modules/26.5/Darwin.swiftmodule/arm64-apple-ios-simulator.swiftmodule /Applications/Xcode.app/Contents/Developer/Toolchains/XcodeDefault.xctoolchain/usr/lib/swift/iphonesimulator/prebuilt-modules/26.5/Metal.swiftmodule/arm64-apple-ios-simulator.swiftmodule /Applications/Xcode.app/Contents/Developer/Toolchains/XcodeDefault.xctoolchain/usr/lib/swift/iphonesimulator/prebuilt-modules/26.5/Dispatch.swiftmodule/arm64-apple-ios-simulator.swiftmodule /Applications/Xcode.app/Contents/Developer/Toolchains/XcodeDefault.xctoolchain/usr/lib/swift/iphonesimulator/prebuilt-modules/26.5/CoreImage.swiftmodule/arm64-apple-ios-simulator.swiftmodule /Applications/Xcode.app/Contents/Developer/Toolchains/XcodeDefault.xctoolchain/usr/lib/swift/iphonesimulator/prebuilt-modules/26.5/_DarwinFoundation3.swiftmodule/arm64-apple-ios-simulator.swiftmodule /Applications/Xcode.app/Contents/Developer/Toolchains/XcodeDefault.xctoolchain/usr/lib/swift/iphonesimulator/prebuilt-modules/26.5/simd.swiftmodule/arm64-apple-ios-simulator.swiftmodule /Applications/Xcode.app/Contents/Developer/Toolchains/XcodeDefault.xctoolchain/usr/lib/swift/iphonesimulator/prebuilt-modules/26.5/_Builtin_float.swiftmodule/arm64-apple-ios-simulator.swiftmodule /Applications/Xcode.app/Contents/Developer/Toolchains/XcodeDefault.xctoolchain/usr/lib/swift/iphonesimulator/prebuilt-modules/26.5/CoreTransferable.swiftmodule/arm64-apple-ios-simulator.swiftmodule /Applications/Xcode.app/Contents/Developer/Toolchains/XcodeDefault.xctoolchain/usr/lib/swift/iphonesimulator/prebuilt-modules/26.5/CoreGraphics.swiftmodule/arm64-apple-ios-simulator.swiftmodule /Applications/Xcode.app/Contents/Developer/Toolchains/XcodeDefault.xctoolchain/usr/lib/swift/iphonesimulator/prebuilt-modules/26.5/DeveloperToolsSupport.swiftmodule/arm64-apple-ios-simulator.swiftmodule /Applications/Xcode.app/Contents/Developer/Toolchains/XcodeDefault.xctoolchain/usr/lib/swift/iphonesimulator/prebuilt-modules/26.5/XPC.swiftmodule/arm64-apple-ios-simulator.swiftmodule /Applications/Xcode.app/Contents/Developer/Toolchains/XcodeDefault.xctoolchain/usr/lib/swift/iphonesimulator/prebuilt-modules/26.5/_DarwinFoundation1.swiftmodule/arm64-apple-ios-simulator.swiftmodule /Applications/Xcode.app/Contents/Developer/Toolchains/XcodeDefault.xctoolchain/usr/lib/swift/iphonesimulator/prebuilt-modules/26.5/os.swiftmodule/arm64-apple-ios-simulator.swiftmodule /Applications/Xcode.app/Contents/Developer/Toolchains/XcodeDefault.xctoolchain/usr/lib/swift/iphonesimulator/prebuilt-modules/26.5/QuartzCore.swiftmodule/arm64-apple-ios-simulator.swiftmodule /Applications/Xcode.app/Contents/Developer/Toolchains/XcodeDefault.xctoolchain/usr/lib/swift/iphonesimulator/prebuilt-modules/26.5/SwiftUICore.swiftmodule/arm64-apple-ios-simulator.swiftmodule /Applications/Xcode.app/Contents/Developer/Toolchains/XcodeDefault.xctoolchain/usr/lib/swift/iphonesimulator/prebuilt-modules/26.5/Accessibility.swiftmodule/arm64-apple-ios-simulator.swiftmodule /Applications/Xcode.app/Contents/Developer/Toolchains/XcodeDefault.xctoolchain/usr/lib/swift/iphonesimulator/prebuilt-modules/26.5/CoreText.swiftmodule/arm64-apple-ios-simulator.swiftmodule /Applications/Xcode.app/Contents/Developer/Toolchains/XcodeDefault.xctoolchain/usr/lib/swift/iphonesimulator/prebuilt-modules/26.5/_DarwinFoundation2.swiftmodule/arm64-apple-ios-simulator.swiftmodule /Applications/Xcode.app/Contents/Developer/Toolchains/XcodeDefault.xctoolchain/usr/lib/swift/iphonesimulator/prebuilt-modules/26.5/CoreVideo.swiftmodule/arm64-apple-ios-simulator.swiftmodule /Applications/Xcode.app/Contents/Developer/Toolchains/XcodeDefault.xctoolchain/usr/lib/swift/iphonesimulator/prebuilt-modules/26.5/Spatial.swiftmodule/arm64-apple-ios-simulator.swiftmodule /Applications/Xcode.app/Contents/Developer/Toolchains/XcodeDefault.xctoolchain/usr/lib/swift/iphonesimulator/prebuilt-modules/26.5/_StringProcessing.swiftmodule/arm64-apple-ios-simulator.swiftmodule /Applications/Xcode.app/Contents/Developer/Toolchains/XcodeDefault.xctoolchain/usr/lib/swift/iphonesimulator/prebuilt-modules/26.5/Observation.swiftmodule/arm64-apple-ios-simulator.swiftmodule /Applications/Xcode.app/Contents/Developer/Toolchains/XcodeDefault.xctoolchain/usr/lib/swift/iphonesimulator/prebuilt-modules/26.5/Symbols.swiftmodule/arm64-apple-ios-simulator.swiftmodule /Applications/Xcode.app/Contents/Developer/Toolchains/XcodeDefault.xctoolchain/usr/lib/swift/iphonesimulator/prebuilt-modules/26.5/FileProvider.swiftmodule/arm64-apple-ios-simulator.swiftmodule /Users/christopherdavid/work/openagents-mobile45-target/coder-ios-build47-sim/DerivedData/Build/Intermediates.noindex/SwiftExplicitPrecompiledModules/XCUIAutomation-2SZHJ3X6JZLWW.swiftmodule /Applications/Xcode.app/Contents/Developer/Toolchains/XcodeDefault.xctoolchain/usr/lib/swift/iphonesimulator/prebuilt-modules/26.5/System.swiftmodule/arm64-apple-ios-simulator.swiftmodule /Applications/Xcode.app/Contents/Developer/Toolchains/XcodeDefault.xctoolchain/usr/lib/swift/iphonesimulator/prebuilt-modules/26.5/Combine.swiftmodule/arm64-apple-ios-simulator.swiftmodule /Users/christopherdavid/work/openagents-mobile45-target/coder-ios-build47-sim/DerivedData/Build/Intermediates.noindex/SwiftExplicitPrecompiledModules/XCTest-19085ZHGF01W8.swiftmodule /Applications/Xcode.app/Contents/Developer/Toolchains/XcodeDefault.xctoolchain/usr/lib/swift/iphonesimulator/prebuilt-modules/26.5/OSLog.swiftmodule/arm64-apple-ios-simulator.swiftmodule /Applications/Xcode.app/Contents/Developer/Toolchains/XcodeDefault.xctoolchain/usr/lib/swift/iphonesimulator/prebuilt-modules/26.5/DataDetection.swiftmodule/arm64-apple-ios-simulator.swiftmodule /Applications/Xcode.app/Contents/Developer/Toolchains/XcodeDefault.xctoolchain/usr/lib/swift/iphonesimulator/prebuilt-modules/26.5/ObjectiveC.swiftmodule/arm64-apple-ios-simulator.swiftmodule /Applications/Xcode.app/Contents/Developer/Toolchains/XcodeDefault.xctoolchain/usr/lib/swift/iphonesimulator/prebuilt-modules/26.5/UniformTypeIdentifiers.swiftmodule/arm64-apple-ios-simulator.swiftmodule /Users/christopherdavid/work/openagents-mobile45-target/coder-ios-build47-sim/DerivedData/ModuleCache.noindex/_DarwinFoundation1-DO9SHL30JHBWFFJ35RWV9JJ2O.pcm /Users/christopherdavid/work/openagents-mobile45-target/coder-ios-build47-sim/DerivedData/ModuleCache.noindex/MachO-29Q2Z7F25XIGADDAA8U0P3YPR.pcm /Users/christopherdavid/work/openagents-mobile45-target/coder-ios-build47-sim/DerivedData/ModuleCache.noindex/CoreText-7SEJP80ZMKCKHISIIK03YYOI2.pcm /Users/christopherdavid/work/openagents-mobile45-target/coder-ios-build47-sim/DerivedData/ModuleCache.noindex/Foundation-B2JZY3684PIXJBBXCUQQCQ9HL.pcm /Users/christopherdavid/work/openagents-mobile45-target/coder-ios-build47-sim/DerivedData/ModuleCache.noindex/ObjectiveC-BEA8LAIIRTNH8Y8JR1AV9ZO19.pcm /Users/christopherdavid/work/openagents-mobile45-target/coder-ios-build47-sim/DerivedData/ModuleCache.noindex/SwiftShims-2WTKIRG1ER675W1LM0FXMUTH0.pcm /Users/christopherdavid/work/openagents-mobile45-target/coder-ios-build47-sim/DerivedData/ModuleCache.noindex/FileProvider-9K043VI6VTQAXJ7J9BCDL7NZ2.pcm /Users/christopherdavid/work/openagents-mobile45-target/coder-ios-build47-sim/DerivedData/ModuleCache.noindex/sys_types-DJ177W9D14F503F9OHTGWTM8H.pcm /Users/christopherdavid/work/openagents-mobile45-target/coder-ios-build47-sim/DerivedData/ModuleCache.noindex/Symbols-4J32MT8S22689SA2QX8O9ZTDG.pcm /Users/christopherdavid/work/openagents-mobile45-target/coder-ios-build47-sim/DerivedData/ModuleCache.noindex/os_workgroup-188W5BR6YG6BQXLXWBLQXF803.pcm /Users/christopherdavid/work/openagents-mobile45-target/coder-ios-build47-sim/DerivedData/ModuleCache.noindex/OpenGLES-67FPV02GWWS74OQF0FMCZJMTG.pcm /Users/christopherdavid/work/openagents-mobile45-target/coder-ios-build47-sim/DerivedData/ModuleCache.noindex/Spatial-CC0YRK45Y5699EQM5EW5DA2O7.pcm /Users/christopherdavid/work/openagents-mobile45-target/coder-ios-build47-sim/DerivedData/ModuleCache.noindex/UniformTypeIdentifiers-UX1EKVE66G00AIWEFEMAM253.pcm /Users/christopherdavid/work/openagents-mobile45-target/coder-ios-build47-sim/DerivedData/ModuleCache.noindex/Darwin-EE9X4V2BBBJE0P8RYFB2UDF0V.pcm /Users/christopherdavid/work/openagents-mobile45-target/coder-ios-build47-sim/DerivedData/ModuleCache.noindex/DeveloperToolsSupport-4NX2OVYHFGP333N1GGQ4XGBYU.pcm /Users/christopherdavid/work/openagents-mobile45-target/coder-ios-build47-sim/DerivedData/ModuleCache.noindex/Dispatch-C5P345ZFKPPDRYWXQ6VGZ73VG.pcm /Users/christopherdavid/work/openagents-mobile45-target/coder-ios-build47-sim/DerivedData/ModuleCache.noindex/SwiftUICore-BMRQL45APS0CEZAJ6W8K28JWT.pcm /Users/christopherdavid/work/openagents-mobile45-target/coder-ios-build47-sim/DerivedData/ModuleCache.noindex/CFNetwork-6199NTJFD3BZV3WFID8SAF3O.pcm /Users/christopherdavid/work/openagents-mobile45-target/coder-ios-build47-sim/DerivedData/ModuleCache.noindex/_Builtin_stddef-EYIEA9SXIHCCOV02NSOUT1HLZ.pcm /Users/christopherdavid/work/openagents-mobile45-target/coder-ios-build47-sim/DerivedData/ModuleCache.noindex/Metal-5YRFYLN73ME2U6ZZO1SIPA3MH.pcm /Users/christopherdavid/work/openagents-mobile45-target/coder-ios-build47-sim/DerivedData/ModuleCache.noindex/CoreVideo-AAK6X7PVEQL3COPBVOUJ7L70.pcm /Users/christopherdavid/work/openagents-mobile45-target/coder-ios-build47-sim/DerivedData/ModuleCache.noindex/IOSurface-B5EVTZ67AEU588AZF3R9BW042.pcm /Users/christopherdavid/work/openagents-mobile45-target/coder-ios-build47-sim/DerivedData/ModuleCache.noindex/_SwiftConcurrencyShims-D5KP3QEBTPYSHD8LWZ7R3DRAA.pcm /Users/christopherdavid/work/openagents-mobile45-target/coder-ios-build47-sim/DerivedData/ModuleCache.noindex/XPC-7XPXUCMD5NNZHLKECFN6CXRKH.pcm /Users/christopherdavid/work/openagents-mobile45-target/coder-ios-build47-sim/DerivedData/ModuleCache.noindex/ptrauth-CRUUSTLIDT4BGINY1DUASO2SF.pcm /Users/christopherdavid/work/openagents-mobile45-target/coder-ios-build47-sim/DerivedData/ModuleCache.noindex/os_object-17B0DUQXT8I0HLNRU1G7EGK85.pcm /Users/christopherdavid/work/openagents-mobile45-target/coder-ios-build47-sim/DerivedData/ModuleCache.noindex/_DarwinFoundation3-1X2GM4IBNM13TIKV2CB8JFBXT.pcm /Users/christopherdavid/work/openagents-mobile45-target/coder-ios-build47-sim/DerivedData/ModuleCache.noindex/UIUtilities-1C0ZEALBY5BNX2404TC7IATFY.pcm /Users/christopherdavid/work/openagents-mobile45-target/coder-ios-build47-sim/DerivedData/ModuleCache.noindex/_Builtin_stdarg-CJ2SRKL1XSNCPD9WO7K847HBH.pcm /Users/christopherdavid/work/openagents-mobile45-target/coder-ios-build47-sim/DerivedData/Build/Intermediates.noindex/SwiftExplicitPrecompiledModules/XCUIAutomation-56LHBQECFRTFXDGNVG4HVD9VG.pcm /Users/christopherdavid/work/openagents-mobile45-target/coder-ios-build47-sim/DerivedData/ModuleCache.noindex/_AvailabilityInternal-8ICJ9RBOX9JKO0OFJIDEO7980.pcm /Users/christopherdavid/work/openagents-mobile45-target/coder-ios-build47-sim/DerivedData/ModuleCache.noindex/_Builtin_intrinsics-1J5HF0KH0KAN4OUWWM6LMQQW0.pcm /Users/christopherdavid/work/openagents-mobile45-target/coder-ios-build47-sim/DerivedData/ModuleCache.noindex/UserNotifications-W23MQ7PXESKLBD1RW8YI95W0.pcm /Users/christopherdavid/work/openagents-mobile45-target/coder-ios-build47-sim/DerivedData/ModuleCache.noindex/ImageIO-EPC04EPNCXZ7F6JAV488J25ZS.pcm /Users/christopherdavid/work/openagents-mobile45-target/coder-ios-build47-sim/DerivedData/ModuleCache.noindex/os-73GSM66KOJYSGSMX2SA8V4CEB.pcm /Users/christopherdavid/work/openagents-mobile45-target/coder-ios-build47-sim/DerivedData/ModuleCache.noindex/Accessibility-B5C98UIHU30I1FISUHCFEKAQ5.pcm /Users/christopherdavid/work/openagents-mobile45-target/coder-ios-build47-sim/DerivedData/ModuleCache.noindex/QuartzCore-441DQGSWN6SO0Y23E9BJOK45I.pcm /Users/christopherdavid/work/openagents-mobile45-target/coder-ios-build47-sim/DerivedData/ModuleCache.noindex/DataDetection-EXG1UNNSWX82REZTXT9Y5R1FQ.pcm /Users/christopherdavid/work/openagents-mobile45-target/coder-ios-build47-sim/DerivedData/ModuleCache.noindex/CoreGraphics-4J76INJY57YVPK4U098V7NXOT.pcm /Users/christopherdavid/work/openagents-mobile45-target/coder-ios-build47-sim/DerivedData/Build/Intermediates.noindex/SwiftExplicitPrecompiledModules/XCTest-6P7Q8K6MAI0PFRCQEADGGUUD.pcm /Users/christopherdavid/work/openagents-mobile45-target/coder-ios-build47-sim/DerivedData/ModuleCache.noindex/UIKit-CDPTKXCXWPKV5BHXHECN9ADAK.pcm /Users/christopherdavid/work/openagents-mobile45-target/coder-ios-build47-sim/DerivedData/ModuleCache.noindex/OSLog-4YL4HI063390B0PPGR617F07M.pcm /Users/christopherdavid/work/openagents-mobile45-target/coder-ios-build47-sim/DerivedData/ModuleCache.noindex/_DarwinFoundation2-4QH11C14QIIGFQ8FQ4UDYC4D6.pcm /Users/christopherdavid/work/openagents-mobile45-target/coder-ios-build47-sim/DerivedData/ModuleCache.noindex/_Builtin_stdbool-4AGLHCD2NGNU23OSOF4P2GQUA.pcm /Users/christopherdavid/work/openagents-mobile45-target/coder-ios-build47-sim/DerivedData/ModuleCache.noindex/ptrcheck-AIMSO1XWEYOZ8M2AN3I7YYLHR.pcm /Users/christopherdavid/work/openagents-mobile45-target/coder-ios-build47-sim/DerivedData/ModuleCache.noindex/simd-1VO94N7LXJQHN2N06F430L1KS.pcm /Users/christopherdavid/work/openagents-mobile45-target/coder-ios-build47-sim/DerivedData/ModuleCache.noindex/_Builtin_inttypes-B1AT58RG9AS70DAKYVZ8PQNNM.pcm /Users/christopherdavid/work/openagents-mobile45-target/coder-ios-build47-sim/DerivedData/ModuleCache.noindex/CoreTransferable-2KB3P3FISSJZMZ7VCKRGZ34QX.pcm /Users/christopherdavid/work/openagents-mobile45-target/coder-ios-build47-sim/DerivedData/ModuleCache.noindex/Security-6WX94ONKL390F71AMGCLDPNSX.pcm /Users/christopherdavid/work/openagents-mobile45-target/coder-ios-build47-sim/DerivedData/ModuleCache.noindex/_Builtin_stdint-C2BNYP2ILSNFFWJ9JL0WJ76XI.pcm /Users/christopherdavid/work/openagents-mobile45-target/coder-ios-build47-sim/DerivedData/ModuleCache.noindex/CoreFoundation-6JB8MEZCBHS9CYR2ZGQCBFC6E.pcm /Users/christopherdavid/work/openagents-mobile45-target/coder-ios-build47-sim/DerivedData/ModuleCache.noindex/_Builtin_tgmath-EMRGTXGJSKRZSMPSB9HGS7NLZ.pcm /Users/christopherdavid/work/openagents-mobile45-target/coder-ios-build47-sim/DerivedData/ModuleCache.noindex/_Builtin_limits-3EH85V6JI5FVDQRX8CZU0WYX2.pcm /Users/christopherdavid/work/openagents-mobile45-target/coder-ios-build47-sim/DerivedData/ModuleCache.noindex/_Builtin_float-4C9DOGFHTCYIQBY2Y7PMAY7A8.pcm /Users/christopherdavid/work/openagents-mobile45-target/coder-ios-build47-sim/DerivedData/ModuleCache.noindex/_Builtin_stdatomic-1SWU7UDFC5XX7RHF9CQ851KUE.pcm /Users/christopherdavid/work/openagents-mobile45-target/coder-ios-build47-sim/DerivedData/ModuleCache.noindex/CoreImage-7HJ94R3ZZKHNSA4CP4SXU1EP4.pcm /Users/christopherdavid/work/openagents-mobile45-target/coder-ios-build47-sim/DerivedData/Build/Intermediates.noindex/Coder.build/Release-iphonesimulator/CoderUITests.build/Objects-normal/arm64/CoderUITests-dependencies-1.json (in target 'CoderUITests' from project 'Coder')

CompileSwift normal arm64 (in target 'CoderUITests' from project 'Coder')
    cd /Users/christopherdavid/work/openagents-mobile45/bins/coder-ios/host
    

SwiftDriverJobDiscovery normal arm64 Compiling CompanionUITests.swift, ComputersLiveUITests.swift, ComputersUITests.swift, DoorUITests.swift, FullscreenMotionUITests.swift, GymUITests.swift, MapUITests.swift, OwnerKeyUITests.swift, ProductionLaunchUITests.swift, PushRegistrationUITests.swift, ReaderUITests.swift, VerseUITests.swift, WorldConnectionUITests.swift, WorldTestSupport.swift, ZoneUITests.swift (in target 'CoderUITests' from project 'Coder')

SwiftDriver\ Compilation\ Requirements CoderUITests normal arm64 com.apple.xcode.tools.swift.compiler (in target 'CoderUITests' from project 'Coder')
    cd /Users/christopherdavid/work/openagents-mobile45/bins/coder-ios/host
    builtin-Swift-Compilation-Requirements -- /Applications/Xcode.app/Contents/Developer/Toolchains/XcodeDefault.xctoolchain/usr/bin/swiftc -module-name CoderUITests -O -whole-module-optimization @/Users/christopherdavid/work/openagents-mobile45-target/coder-ios-build47-sim/DerivedData/Build/Intermediates.noindex/Coder.build/Release-iphonesimulator/CoderUITests.build/Objects-normal/arm64/CoderUITests.SwiftFileList -module-alias Testing\=_Testing_Unavailable -plugin-path /Applications/Xcode.app/Contents/Developer/Toolchains/XcodeDefault.xctoolchain/usr/lib/swift/host/plugins/testing -enable-bare-slash-regex -enable-experimental-feature DebugDescriptionMacro -sdk /Applications/Xcode.app/Contents/Developer/Platforms/iPhoneSimulator.platform/Developer/SDKs/iPhoneSimulator26.5.sdk -target arm64-apple-ios17.0-simulator -g -module-cache-path /Users/christopherdavid/work/openagents-mobile45-target/coder-ios-build47-sim/DerivedData/ModuleCache.noindex -Xfrontend -serialize-debugging-options -swift-version 5 -I /Users/christopherdavid/work/openagents-mobile45-target/coder-ios-build47-sim/DerivedData/Build/Products/Release-iphonesimulator -Isystem /Applications/Xcode.app/Contents/Developer/Platforms/iPhoneSimulator.platform/Developer/usr/lib -F /Users/christopherdavid/work/openagents-mobile45-target/coder-ios-build47-sim/DerivedData/Build/Products/Release-iphonesimulator -F /Applications/Xcode.app/Contents/Developer/Platforms/iPhoneSimulator.platform/Developer/Library/Frameworks -F /Applications/Xcode.app/Contents/Developer/Platforms/iPhoneSimulator.platform/Developer/SDKs/iPhoneSimulator26.5.sdk/Developer/Library/Frameworks -c -num-threads 18 -Xcc -ivfsstatcache -Xcc /Users/christopherdavid/work/openagents-mobile45-target/coder-ios-build47-sim/DerivedData/SDKStatCaches.noindex/iphonesimulator26.5-23F81a-688ef53f1462e2c8f657fdc38a81448f6cfe768891a92b912361537c460fe42b.sdkstatcache -output-file-map /Users/christopherdavid/work/openagents-mobile45-target/coder-ios-build47-sim/DerivedData/Build/Intermediates.noindex/Coder.build/Release-iphonesimulator/CoderUITests.build/Objects-normal/arm64/CoderUITests-OutputFileMap.json -use-frontend-parseable-output -save-temps -no-color-diagnostics -explicit-module-build -module-cache-path /Users/christopherdavid/work/openagents-mobile45-target/coder-ios-build47-sim/DerivedData/Build/Intermediates.noindex/SwiftExplicitPrecompiledModules -clang-scanner-module-cache-path /Users/christopherdavid/work/openagents-mobile45-target/coder-ios-build47-sim/DerivedData/ModuleCache.noindex -sdk-module-cache-path /Users/christopherdavid/work/openagents-mobile45-target/coder-ios-build47-sim/DerivedData/ModuleCache.noindex -serialize-diagnostics -emit-dependencies -emit-module -emit-module-path /Users/christopherdavid/work/openagents-mobile45-target/coder-ios-build47-sim/DerivedData/Build/Intermediates.noindex/Coder.build/Release-iphonesimulator/CoderUITests.build/Objects-normal/arm64/CoderUITests.swiftmodule -validate-clang-modules-once -clang-build-session-file /Users/christopherdavid/work/openagents-mobile45-target/coder-ios-build47-sim/DerivedData/ModuleCache.noindex/Session.modulevalidation -Xcc -I/Users/christopherdavid/work/openagents-mobile45-target/coder-ios-build47-sim/DerivedData/Build/Intermediates.noindex/Coder.build/Release-iphonesimulator/CoderUITests.build/swift-overrides.hmap -emit-const-values -Xfrontend -const-gather-protocols-file -Xfrontend /Users/christopherdavid/work/openagents-mobile45-target/coder-ios-build47-sim/DerivedData/Build/Intermediates.noindex/Coder.build/Release-iphonesimulator/CoderUITests.build/Objects-normal/arm64/CoderUITests_const_extract_protocols.json -Xcc -iquote -Xcc /Users/christopherdavid/work/openagents-mobile45-target/coder-ios-build47-sim/DerivedData/Build/Intermediates.noindex/Coder.build/Release-iphonesimulator/CoderUITests.build/CoderUITests-generated-files.hmap -Xcc -I/Users/christopherdavid/work/openagents-mobile45-target/coder-ios-build47-sim/DerivedData/Build/Intermediates.noindex/Coder.build/Release-iphonesimulator/CoderUITests.build/CoderUITests-own-target-headers.hmap -Xcc -I/Users/christopherdavid/work/openagents-mobile45-target/coder-ios-build47-sim/DerivedData/Build/Intermediates.noindex/Coder.build/Release-iphonesimulator/CoderUITests.build/CoderUITests-all-target-headers.hmap -Xcc -iquote -Xcc /Users/christopherdavid/work/openagents-mobile45-target/coder-ios-build47-sim/DerivedData/Build/Intermediates.noindex/Coder.build/Release-iphonesimulator/CoderUITests.build/CoderUITests-project-headers.hmap -Xcc -I/Users/christopherdavid/work/openagents-mobile45-target/coder-ios-build47-sim/DerivedData/Build/Products/Release-iphonesimulator/include -Xcc -I/Users/christopherdavid/work/openagents-mobile45-target/coder-ios-build47-sim/DerivedData/Build/Intermediates.noindex/Coder.build/Release-iphonesimulator/CoderUITests.build/DerivedSources-normal/arm64 -Xcc -I/Users/christopherdavid/work/openagents-mobile45-target/coder-ios-build47-sim/DerivedData/Build/Intermediates.noindex/Coder.build/Release-iphonesimulator/CoderUITests.build/DerivedSources/arm64 -Xcc -I/Users/christopherdavid/work/openagents-mobile45-target/coder-ios-build47-sim/DerivedData/Build/Intermediates.noindex/Coder.build/Release-iphonesimulator/CoderUITests.build/DerivedSources -emit-objc-header -emit-objc-header-path /Users/christopherdavid/work/openagents-mobile45-target/coder-ios-build47-sim/DerivedData/Build/Intermediates.noindex/Coder.build/Release-iphonesimulator/CoderUITests.build/Objects-normal/arm64/CoderUITests-Swift.h -working-directory /Users/christopherdavid/work/openagents-mobile45/bins/coder-ios/host -no-emit-module-separately-wmo

SwiftMergeGeneratedHeaders /Users/christopherdavid/work/openagents-mobile45-target/coder-ios-build47-sim/DerivedData/Build/Intermediates.noindex/Coder.build/Release-iphonesimulator/CoderUITests.build/DerivedSources/CoderUITests-Swift.h /Users/christopherdavid/work/openagents-mobile45-target/coder-ios-build47-sim/DerivedData/Build/Intermediates.noindex/Coder.build/Release-iphonesimulator/CoderUITests.build/Objects-normal/arm64/CoderUITests-Swift.h (in target 'CoderUITests' from project 'Coder')
    cd /Users/christopherdavid/work/openagents-mobile45/bins/coder-ios/host
    builtin-swiftHeaderTool -arch arm64 /Users/christopherdavid/work/openagents-mobile45-target/coder-ios-build47-sim/DerivedData/Build/Intermediates.noindex/Coder.build/Release-iphonesimulator/CoderUITests.build/Objects-normal/arm64/CoderUITests-Swift.h -o /Users/christopherdavid/work/openagents-mobile45-target/coder-ios-build47-sim/DerivedData/Build/Intermediates.noindex/Coder.build/Release-iphonesimulator/CoderUITests.build/DerivedSources/CoderUITests-Swift.h

Copy /Users/christopherdavid/work/openagents-mobile45-target/coder-ios-build47-sim/DerivedData/Build/Products/Release-iphonesimulator/CoderUITests.swiftmodule/arm64-apple-ios-simulator.swiftdoc /Users/christopherdavid/work/openagents-mobile45-target/coder-ios-build47-sim/DerivedData/Build/Intermediates.noindex/Coder.build/Release-iphonesimulator/CoderUITests.build/Objects-normal/arm64/CoderUITests.swiftdoc (in target 'CoderUITests' from project 'Coder')
    cd /Users/christopherdavid/work/openagents-mobile45/bins/coder-ios/host
    builtin-copy -exclude .DS_Store -exclude CVS -exclude .svn -exclude .git -exclude .hg -resolve-src-symlinks -rename /Users/christopherdavid/work/openagents-mobile45-target/coder-ios-build47-sim/DerivedData/Build/Intermediates.noindex/Coder.build/Release-iphonesimulator/CoderUITests.build/Objects-normal/arm64/CoderUITests.swiftdoc /Users/christopherdavid/work/openagents-mobile45-target/coder-ios-build47-sim/DerivedData/Build/Products/Release-iphonesimulator/CoderUITests.swiftmodule/arm64-apple-ios-simulator.swiftdoc

Copy /Users/christopherdavid/work/openagents-mobile45-target/coder-ios-build47-sim/DerivedData/Build/Products/Release-iphonesimulator/CoderUITests.swiftmodule/arm64-apple-ios-simulator.swiftmodule /Users/christopherdavid/work/openagents-mobile45-target/coder-ios-build47-sim/DerivedData/Build/Intermediates.noindex/Coder.build/Release-iphonesimulator/CoderUITests.build/Objects-normal/arm64/CoderUITests.swiftmodule (in target 'CoderUITests' from project 'Coder')
    cd /Users/christopherdavid/work/openagents-mobile45/bins/coder-ios/host
    builtin-copy -exclude .DS_Store -exclude CVS -exclude .svn -exclude .git -exclude .hg -resolve-src-symlinks -rename /Users/christopherdavid/work/openagents-mobile45-target/coder-ios-build47-sim/DerivedData/Build/Intermediates.noindex/Coder.build/Release-iphonesimulator/CoderUITests.build/Objects-normal/arm64/CoderUITests.swiftmodule /Users/christopherdavid/work/openagents-mobile45-target/coder-ios-build47-sim/DerivedData/Build/Products/Release-iphonesimulator/CoderUITests.swiftmodule/arm64-apple-ios-simulator.swiftmodule

Copy /Users/christopherdavid/work/openagents-mobile45-target/coder-ios-build47-sim/DerivedData/Build/Products/Release-iphonesimulator/CoderUITests.swiftmodule/arm64-apple-ios-simulator.abi.json /Users/christopherdavid/work/openagents-mobile45-target/coder-ios-build47-sim/DerivedData/Build/Intermediates.noindex/Coder.build/Release-iphonesimulator/CoderUITests.build/Objects-normal/arm64/CoderUITests.abi.json (in target 'CoderUITests' from project 'Coder')
    cd /Users/christopherdavid/work/openagents-mobile45/bins/coder-ios/host
    builtin-copy -exclude .DS_Store -exclude CVS -exclude .svn -exclude .git -exclude .hg -resolve-src-symlinks -rename /Users/christopherdavid/work/openagents-mobile45-target/coder-ios-build47-sim/DerivedData/Build/Intermediates.noindex/Coder.build/Release-iphonesimulator/CoderUITests.build/Objects-normal/arm64/CoderUITests.abi.json /Users/christopherdavid/work/openagents-mobile45-target/coder-ios-build47-sim/DerivedData/Build/Products/Release-iphonesimulator/CoderUITests.swiftmodule/arm64-apple-ios-simulator.abi.json

Copy /Users/christopherdavid/work/openagents-mobile45-target/coder-ios-build47-sim/DerivedData/Build/Products/Release-iphonesimulator/CoderUITests.swiftmodule/Project/arm64-apple-ios-simulator.swiftsourceinfo /Users/christopherdavid/work/openagents-mobile45-target/coder-ios-build47-sim/DerivedData/Build/Intermediates.noindex/Coder.build/Release-iphonesimulator/CoderUITests.build/Objects-normal/arm64/CoderUITests.swiftsourceinfo (in target 'CoderUITests' from project 'Coder')
    cd /Users/christopherdavid/work/openagents-mobile45/bins/coder-ios/host
    builtin-copy -exclude .DS_Store -exclude CVS -exclude .svn -exclude .git -exclude .hg -resolve-src-symlinks -rename /Users/christopherdavid/work/openagents-mobile45-target/coder-ios-build47-sim/DerivedData/Build/Intermediates.noindex/Coder.build/Release-iphonesimulator/CoderUITests.build/Objects-normal/arm64/CoderUITests.swiftsourceinfo /Users/christopherdavid/work/openagents-mobile45-target/coder-ios-build47-sim/DerivedData/Build/Products/Release-iphonesimulator/CoderUITests.swiftmodule/Project/arm64-apple-ios-simulator.swiftsourceinfo

Ld /Users/christopherdavid/work/openagents-mobile45-target/coder-ios-build47-sim/DerivedData/Build/Products/Release-iphonesimulator/CoderUITests-Runner.app/PlugIns/CoderUITests.xctest/CoderUITests normal (in target 'CoderUITests' from project 'Coder')
    cd /Users/christopherdavid/work/openagents-mobile45/bins/coder-ios/host
    /Applications/Xcode.app/Contents/Developer/Toolchains/XcodeDefault.xctoolchain/usr/bin/clang -Xlinker -reproducible -target arm64-apple-ios17.0-simulator -bundle -isysroot /Applications/Xcode.app/Contents/Developer/Platforms/iPhoneSimulator.platform/Developer/SDKs/iPhoneSimulator26.5.sdk -Os -L/Users/christopherdavid/work/openagents-mobile45-target/coder-ios-build47-sim/DerivedData/Build/Intermediates.noindex/EagerLinkingTBDs/Release-iphonesimulator -L/Users/christopherdavid/work/openagents-mobile45-target/coder-ios-build47-sim/DerivedData/Build/Products/Release-iphonesimulator -L/Applications/Xcode.app/Contents/Developer/Platforms/iPhoneSimulator.platform/Developer/usr/lib -F/Users/christopherdavid/work/openagents-mobile45-target/coder-ios-build47-sim/DerivedData/Build/Intermediates.noindex/EagerLinkingTBDs/Release-iphonesimulator -F/Users/christopherdavid/work/openagents-mobile45-target/coder-ios-build47-sim/DerivedData/Build/Products/Release-iphonesimulator -iframework /Applications/Xcode.app/Contents/Developer/Platforms/iPhoneSimulator.platform/Developer/Library/Frameworks -iframework /Applications/Xcode.app/Contents/Developer/Platforms/iPhoneSimulator.platform/Developer/SDKs/iPhoneSimulator26.5.sdk/Developer/Library/Frameworks -filelist /Users/christopherdavid/work/openagents-mobile45-target/coder-ios-build47-sim/DerivedData/Build/Intermediates.noindex/Coder.build/Release-iphonesimulator/CoderUITests.build/Objects-normal/arm64/CoderUITests.LinkFileList -Xlinker -rpath -Xlinker /usr/lib/swift -Xlinker -rpath -Xlinker @loader_path/Frameworks -Xlinker -rpath -Xlinker @executable_path/Frameworks -Xlinker -dead_strip -Xlinker -object_path_lto -Xlinker /Users/christopherdavid/work/openagents-mobile45-target/coder-ios-build47-sim/DerivedData/Build/Intermediates.noindex/Coder.build/Release-iphonesimulator/CoderUITests.build/Objects-normal/arm64/CoderUITests_lto.o -Xlinker -objc_abi_version -Xlinker 2 -Xlinker -dependency_info -Xlinker /Users/christopherdavid/work/openagents-mobile45-target/coder-ios-build47-sim/DerivedData/Build/Intermediates.noindex/Coder.build/Release-iphonesimulator/CoderUITests.build/Objects-normal/arm64/CoderUITests_dependency_info.dat -fobjc-link-runtime -L/Applications/Xcode.app/Contents/Developer/Toolchains/XcodeDefault.xctoolchain/usr/lib/swift/iphonesimulator -L/usr/lib/swift -Xlinker -add_ast_path -Xlinker /Users/christopherdavid/work/openagents-mobile45-target/coder-ios-build47-sim/DerivedData/Build/Intermediates.noindex/Coder.build/Release-iphonesimulator/CoderUITests.build/Objects-normal/arm64/CoderUITests.swiftmodule @/Users/christopherdavid/work/openagents-mobile45-target/coder-ios-build47-sim/DerivedData/Build/Intermediates.noindex/Coder.build/Release-iphonesimulator/CoderUITests.build/Objects-normal/arm64/CoderUITests-linker-args.resp -Xlinker -needed_framework -Xlinker XCTest -framework XCTest -Xlinker -needed-lXCTestSwiftSupport -lXCTestSwiftSupport -Xlinker -sectcreate -Xlinker __TEXT -Xlinker __entitlements -Xlinker /Users/christopherdavid/work/openagents-mobile45-target/coder-ios-build47-sim/DerivedData/Build/Intermediates.noindex/Coder.build/Release-iphonesimulator/CoderUITests.build/CoderUITests.xctest-Simulated.xcent -Xlinker -sectcreate -Xlinker __TEXT -Xlinker __ents_der -Xlinker /Users/christopherdavid/work/openagents-mobile45-target/coder-ios-build47-sim/DerivedData/Build/Intermediates.noindex/Coder.build/Release-iphonesimulator/CoderUITests.build/CoderUITests.xctest-Simulated.xcent.der -Xlinker -no_adhoc_codesign -o /Users/christopherdavid/work/openagents-mobile45-target/coder-ios-build47-sim/DerivedData/Build/Products/Release-iphonesimulator/CoderUITests-Runner.app/PlugIns/CoderUITests.xctest/CoderUITests

CopySwiftLibs /Users/christopherdavid/work/openagents-mobile45-target/coder-ios-build47-sim/DerivedData/Build/Products/Release-iphonesimulator/CoderUITests-Runner.app/PlugIns/CoderUITests.xctest (in target 'CoderUITests' from project 'Coder')
    cd /Users/christopherdavid/work/openagents-mobile45/bins/coder-ios/host
    builtin-swiftStdLibTool --copy --verbose --sign - --scan-executable /Users/christopherdavid/work/openagents-mobile45-target/coder-ios-build47-sim/DerivedData/Build/Products/Release-iphonesimulator/CoderUITests-Runner.app/PlugIns/CoderUITests.xctest/CoderUITests --scan-folder /Users/christopherdavid/work/openagents-mobile45-target/coder-ios-build47-sim/DerivedData/Build/Products/Release-iphonesimulator/CoderUITests-Runner.app/PlugIns/CoderUITests.xctest/Frameworks --scan-folder /Users/christopherdavid/work/openagents-mobile45-target/coder-ios-build47-sim/DerivedData/Build/Products/Release-iphonesimulator/CoderUITests-Runner.app/PlugIns/CoderUITests.xctest/PlugIns --scan-folder /Users/christopherdavid/work/openagents-mobile45-target/coder-ios-build47-sim/DerivedData/Build/Products/Release-iphonesimulator/CoderUITests-Runner.app/PlugIns/CoderUITests.xctest/SystemExtensions --scan-folder /Users/christopherdavid/work/openagents-mobile45-target/coder-ios-build47-sim/DerivedData/Build/Products/Release-iphonesimulator/CoderUITests-Runner.app/PlugIns/CoderUITests.xctest/Extensions --platform iphonesimulator --toolchain /var/run/com.apple.security.cryptexd/mnt/com.apple.MobileAsset.MetalToolchain-v17.6.109.0.VdpV4P/Metal.xctoolchain --toolchain /Applications/Xcode.app/Contents/Developer/Toolchains/XcodeDefault.xctoolchain --destination /Users/christopherdavid/work/openagents-mobile45-target/coder-ios-build47-sim/DerivedData/Build/Products/Release-iphonesimulator/CoderUITests-Runner.app/PlugIns/CoderUITests.xctest/Frameworks --strip-bitcode --scan-executable /Applications/Xcode.app/Contents/Developer/Platforms/iPhoneSimulator.platform/Developer/usr/lib/libXCTestSwiftSupport.dylib --strip-bitcode-tool /Applications/Xcode.app/Contents/Developer/Toolchains/XcodeDefault.xctoolchain/usr/bin/bitcode_strip --emit-dependency-info /Users/christopherdavid/work/openagents-mobile45-target/coder-ios-build47-sim/DerivedData/Build/Intermediates.noindex/Coder.build/Release-iphonesimulator/CoderUITests.build/SwiftStdLibToolInputDependencies.dep --filter-for-swift-os

ExtractAppIntentsMetadata (in target 'CoderUITests' from project 'Coder')
    cd /Users/christopherdavid/work/openagents-mobile45/bins/coder-ios/host
    /Applications/Xcode.app/Contents/Developer/Toolchains/XcodeDefault.xctoolchain/usr/bin/appintentsmetadataprocessor --toolchain-dir /var/run/com.apple.security.cryptexd/mnt/com.apple.MobileAsset.MetalToolchain-v17.6.109.0.VdpV4P/Metal.xctoolchain --module-name CoderUITests --sdk-root /Applications/Xcode.app/Contents/Developer/Platforms/iPhoneSimulator.platform/Developer/SDKs/iPhoneSimulator26.5.sdk --xcode-version 17F113 --platform-family iOS --deployment-target 17.0 --bundle-identifier com.openagents.coder.uitests --output /Users/christopherdavid/work/openagents-mobile45-target/coder-ios-build47-sim/DerivedData/Build/Products/Release-iphonesimulator/CoderUITests-Runner.app/PlugIns/CoderUITests.xctest --target-triple arm64-apple-ios17.0-simulator --binary-file /Users/christopherdavid/work/openagents-mobile45-target/coder-ios-build47-sim/DerivedData/Build/Products/Release-iphonesimulator/CoderUITests-Runner.app/PlugIns/CoderUITests.xctest/CoderUITests --dependency-file /Users/christopherdavid/work/openagents-mobile45-target/coder-ios-build47-sim/DerivedData/Build/Intermediates.noindex/Coder.build/Release-iphonesimulator/CoderUITests.build/Objects-normal/arm64/CoderUITests_dependency_info.dat --stringsdata-file /Users/christopherdavid/work/openagents-mobile45-target/coder-ios-build47-sim/DerivedData/Build/Intermediates.noindex/Coder.build/Release-iphonesimulator/CoderUITests.build/Objects-normal/arm64/ExtractedAppShortcutsMetadata.stringsdata --source-file-list /Users/christopherdavid/work/openagents-mobile45-target/coder-ios-build47-sim/DerivedData/Build/Intermediates.noindex/Coder.build/Release-iphonesimulator/CoderUITests.build/Objects-normal/arm64/CoderUITests.SwiftFileList --metadata-file-list /Users/christopherdavid/work/openagents-mobile45-target/coder-ios-build47-sim/DerivedData/Build/Intermediates.noindex/Coder.build/Release-iphonesimulator/CoderUITests.build/CoderUITests.DependencyMetadataFileList --static-metadata-file-list /Users/christopherdavid/work/openagents-mobile45-target/coder-ios-build47-sim/DerivedData/Build/Intermediates.noindex/Coder.build/Release-iphonesimulator/CoderUITests.build/CoderUITests.DependencyStaticMetadataFileList --swift-const-vals-list /Users/christopherdavid/work/openagents-mobile45-target/coder-ios-build47-sim/DerivedData/Build/Intermediates.noindex/Coder.build/Release-iphonesimulator/CoderUITests.build/Objects-normal/arm64/CoderUITests.SwiftConstValuesFileList --compile-time-extraction --deployment-aware-processing --validate-assistant-intents --no-app-shortcuts-localization
2026-09-27 00:23:20.455 appintentsmetadataprocessor[30349:99137550] Starting appintentsmetadataprocessor export
2026-09-27 00:23:20.456 appintentsmetadataprocessor[30349:99137550] warning: Metadata extraction skipped. No AppIntents.framework dependency found.

GenerateDSYMFile /Users/christopherdavid/work/openagents-mobile45-target/coder-ios-build47-sim/DerivedData/Build/Products/Release-iphonesimulator/CoderUITests-Runner.app/PlugIns/CoderUITests.xctest.dSYM /Users/christopherdavid/work/openagents-mobile45-target/coder-ios-build47-sim/DerivedData/Build/Products/Release-iphonesimulator/CoderUITests-Runner.app/PlugIns/CoderUITests.xctest/CoderUITests (in target 'CoderUITests' from project 'Coder')
    cd /Users/christopherdavid/work/openagents-mobile45/bins/coder-ios/host
    /Applications/Xcode.app/Contents/Developer/Toolchains/XcodeDefault.xctoolchain/usr/bin/dsymutil /Users/christopherdavid/work/openagents-mobile45-target/coder-ios-build47-sim/DerivedData/Build/Products/Release-iphonesimulator/CoderUITests-Runner.app/PlugIns/CoderUITests.xctest/CoderUITests -o /Users/christopherdavid/work/openagents-mobile45-target/coder-ios-build47-sim/DerivedData/Build/Products/Release-iphonesimulator/CoderUITests-Runner.app/PlugIns/CoderUITests.xctest.dSYM

AppIntentsSSUTraining (in target 'CoderUITests' from project 'Coder')
    cd /Users/christopherdavid/work/openagents-mobile45/bins/coder-ios/host
    /Applications/Xcode.app/Contents/Developer/Toolchains/XcodeDefault.xctoolchain/usr/bin/appintentsnltrainingprocessor --infoplist-path /Users/christopherdavid/work/openagents-mobile45-target/coder-ios-build47-sim/DerivedData/Build/Products/Release-iphonesimulator/CoderUITests-Runner.app/PlugIns/CoderUITests.xctest/Info.plist --temp-dir-path /Users/christopherdavid/work/openagents-mobile45-target/coder-ios-build47-sim/DerivedData/Build/Intermediates.noindex/Coder.build/Release-iphonesimulator/CoderUITests.build/ssu --bundle-id com.openagents.coder.uitests --product-path /Users/christopherdavid/work/openagents-mobile45-target/coder-ios-build47-sim/DerivedData/Build/Products/Release-iphonesimulator/CoderUITests-Runner.app/PlugIns/CoderUITests.xctest --extracted-metadata-path /Users/christopherdavid/work/openagents-mobile45-target/coder-ios-build47-sim/DerivedData/Build/Products/Release-iphonesimulator/CoderUITests-Runner.app/PlugIns/CoderUITests.xctest/Metadata.appintents --metadata-file-list /Users/christopherdavid/work/openagents-mobile45-target/coder-ios-build47-sim/DerivedData/Build/Intermediates.noindex/Coder.build/Release-iphonesimulator/CoderUITests.build/CoderUITests.DependencyMetadataFileList --source-file /Users/christopherdavid/work/openagents-mobile45-target/coder-ios-build47-sim/DerivedData/Build/Products/Release-iphonesimulator/CoderUITests-Runner.app/PlugIns/CoderUITests.xctest/Info.plist --archive-ssu-assets
2026-09-27 00:23:20.468 appintentsnltrainingprocessor[30351:99137554] Parsing options for appintentsnltrainingprocessor
2026-09-27 00:23:20.469 appintentsnltrainingprocessor[30351:99137554] Starting AppIntents SSU YAML Generation
2026-09-27 00:23:20.469 appintentsnltrainingprocessor[30351:99137554] No AppShortcuts found - Skipping.

CopyPlistFile /Users/christopherdavid/work/openagents-mobile45-target/coder-ios-build47-sim/DerivedData/Build/Products/Release-iphonesimulator/CoderUITests-Runner.app/Info.plist /Applications/Xcode.app/Contents/Developer/Platforms/iPhoneSimulator.platform/Developer/Library/Xcode/Agents/XCTRunner.app/Info.plist (in target 'CoderUITests' from project 'Coder')
    cd /Users/christopherdavid/work/openagents-mobile45/bins/coder-ios/host
    builtin-copyPlist --validate --convert xml1 --macro-expansion WRAPPEDPRODUCTNAME CoderUITests-Runner --macro-expansion WRAPPEDPRODUCTBUNDLEIDENTIFIER com.openagents.coder.uitests.xctrunner --macro-expansion TESTPRODUCTNAME CoderUITests --macro-expansion TESTPRODUCTBUNDLEIDENTIFIER com.openagents.coder.uitests --copy-value UIDeviceFamily /Users/christopherdavid/work/openagents-mobile45-target/coder-ios-build47-sim/DerivedData/Build/Products/Release-iphonesimulator/CoderUITests-Runner.app/PlugIns/CoderUITests.xctest/Info.plist --outdir /Users/christopherdavid/work/openagents-mobile45-target/coder-ios-build47-sim/DerivedData/Build/Products/Release-iphonesimulator/CoderUITests-Runner.app -- /Applications/Xcode.app/Contents/Developer/Platforms/iPhoneSimulator.platform/Developer/Library/Xcode/Agents/XCTRunner.app/Info.plist

Copy /Users/christopherdavid/work/openagents-mobile45-target/coder-ios-build47-sim/DerivedData/Build/Products/Release-iphonesimulator/CoderUITests-Runner.app/PkgInfo /Applications/Xcode.app/Contents/Developer/Platforms/iPhoneSimulator.platform/Developer/Library/Xcode/Agents/XCTRunner.app/PkgInfo (in target 'CoderUITests' from project 'Coder')
    cd /Users/christopherdavid/work/openagents-mobile45/bins/coder-ios/host
    builtin-copy -exclude .DS_Store -exclude CVS -exclude .svn -exclude .git -exclude .hg -resolve-src-symlinks /Applications/Xcode.app/Contents/Developer/Platforms/iPhoneSimulator.platform/Developer/Library/Xcode/Agents/XCTRunner.app/PkgInfo /Users/christopherdavid/work/openagents-mobile45-target/coder-ios-build47-sim/DerivedData/Build/Products/Release-iphonesimulator/CoderUITests-Runner.app

CopyAndPreserveArchs /Users/christopherdavid/work/openagents-mobile45-target/coder-ios-build47-sim/DerivedData/Build/Products/Release-iphonesimulator/CoderUITests-Runner.app/CoderUITests-Runner (in target 'CoderUITests' from project 'Coder')
    cd /Users/christopherdavid/work/openagents-mobile45/bins/coder-ios/host
    /Applications/Xcode.app/Contents/Developer/Toolchains/XcodeDefault.xctoolchain/usr/bin/lipo /Applications/Xcode.app/Contents/Developer/Platforms/iPhoneSimulator.platform/Developer/Library/Xcode/Agents/XCTRunner.app/XCTRunner -output /Users/christopherdavid/work/openagents-mobile45-target/coder-ios-build47-sim/DerivedData/Build/Products/Release-iphonesimulator/CoderUITests-Runner.app/CoderUITests-Runner -extract arm64

Copy /Users/christopherdavid/work/openagents-mobile45-target/coder-ios-build47-sim/DerivedData/Build/Products/Release-iphonesimulator/CoderUITests-Runner.app/Frameworks/XCTestCore.framework /Applications/Xcode.app/Contents/Developer/Platforms/iPhoneSimulator.platform/Developer/Library/PrivateFrameworks/XCTestCore.framework (in target 'CoderUITests' from project 'Coder')
    cd /Users/christopherdavid/work/openagents-mobile45/bins/coder-ios/host
    builtin-copy -exclude .DS_Store -exclude CVS -exclude .svn -exclude .git -exclude .hg -exclude Headers -exclude PrivateHeaders -exclude Modules -exclude \*.tbd -resolve-src-symlinks /Applications/Xcode.app/Contents/Developer/Platforms/iPhoneSimulator.platform/Developer/Library/PrivateFrameworks/XCTestCore.framework /Users/christopherdavid/work/openagents-mobile45-target/coder-ios-build47-sim/DerivedData/Build/Products/Release-iphonesimulator/CoderUITests-Runner.app/Frameworks

Copy /Users/christopherdavid/work/openagents-mobile45-target/coder-ios-build47-sim/DerivedData/Build/Products/Release-iphonesimulator/CoderUITests-Runner.app/Frameworks/Testing.framework /Applications/Xcode.app/Contents/Developer/Platforms/iPhoneSimulator.platform/Developer/Library/Frameworks/Testing.framework (in target 'CoderUITests' from project 'Coder')
    cd /Users/christopherdavid/work/openagents-mobile45/bins/coder-ios/host
    builtin-copy -exclude .DS_Store -exclude CVS -exclude .svn -exclude .git -exclude .hg -exclude Headers -exclude PrivateHeaders -exclude Modules -exclude \*.tbd -resolve-src-symlinks /Applications/Xcode.app/Contents/Developer/Platforms/iPhoneSimulator.platform/Developer/Library/Frameworks/Testing.framework /Users/christopherdavid/work/openagents-mobile45-target/coder-ios-build47-sim/DerivedData/Build/Products/Release-iphonesimulator/CoderUITests-Runner.app/Frameworks

Copy /Users/christopherdavid/work/openagents-mobile45-target/coder-ios-build47-sim/DerivedData/Build/Products/Release-iphonesimulator/CoderUITests-Runner.app/Frameworks/XCTAutomationSupport.framework /Applications/Xcode.app/Contents/Developer/Platforms/iPhoneSimulator.platform/Developer/Library/PrivateFrameworks/XCTAutomationSupport.framework (in target 'CoderUITests' from project 'Coder')
    cd /Users/christopherdavid/work/openagents-mobile45/bins/coder-ios/host
    builtin-copy -exclude .DS_Store -exclude CVS -exclude .svn -exclude .git -exclude .hg -exclude Headers -exclude PrivateHeaders -exclude Modules -exclude \*.tbd -resolve-src-symlinks /Applications/Xcode.app/Contents/Developer/Platforms/iPhoneSimulator.platform/Developer/Library/PrivateFrameworks/XCTAutomationSupport.framework /Users/christopherdavid/work/openagents-mobile45-target/coder-ios-build47-sim/DerivedData/Build/Products/Release-iphonesimulator/CoderUITests-Runner.app/Frameworks

Copy /Users/christopherdavid/work/openagents-mobile45-target/coder-ios-build47-sim/DerivedData/Build/Products/Release-iphonesimulator/CoderUITests-Runner.app/Frameworks/XCUIAutomation.framework /Applications/Xcode.app/Contents/Developer/Platforms/iPhoneSimulator.platform/Developer/Library/Frameworks/XCUIAutomation.framework (in target 'CoderUITests' from project 'Coder')
    cd /Users/christopherdavid/work/openagents-mobile45/bins/coder-ios/host
    builtin-copy -exclude .DS_Store -exclude CVS -exclude .svn -exclude .git -exclude .hg -exclude Headers -exclude PrivateHeaders -exclude Modules -exclude \*.tbd -resolve-src-symlinks /Applications/Xcode.app/Contents/Developer/Platforms/iPhoneSimulator.platform/Developer/Library/Frameworks/XCUIAutomation.framework /Users/christopherdavid/work/openagents-mobile45-target/coder-ios-build47-sim/DerivedData/Build/Products/Release-iphonesimulator/CoderUITests-Runner.app/Frameworks

MkDir /Users/christopherdavid/work/openagents-mobile45-target/coder-ios-build47-sim/DerivedData/Build/Products/Release-iphonesimulator/CoderUITests-Runner.app (in target 'CoderUITests' from project 'Coder')
    cd /Users/christopherdavid/work/openagents-mobile45/bins/coder-ios/host
    /bin/mkdir -p /Users/christopherdavid/work/openagents-mobile45-target/coder-ios-build47-sim/DerivedData/Build/Products/Release-iphonesimulator/CoderUITests-Runner.app

Copy /Users/christopherdavid/work/openagents-mobile45-target/coder-ios-build47-sim/DerivedData/Build/Products/Release-iphonesimulator/CoderUITests-Runner.app/Frameworks/XCTest.framework /Applications/Xcode.app/Contents/Developer/Platforms/iPhoneSimulator.platform/Developer/Library/Frameworks/XCTest.framework (in target 'CoderUITests' from project 'Coder')
    cd /Users/christopherdavid/work/openagents-mobile45/bins/coder-ios/host
    builtin-copy -exclude .DS_Store -exclude CVS -exclude .svn -exclude .git -exclude .hg -exclude Headers -exclude PrivateHeaders -exclude Modules -exclude \*.tbd -resolve-src-symlinks /Applications/Xcode.app/Contents/Developer/Platforms/iPhoneSimulator.platform/Developer/Library/Frameworks/XCTest.framework /Users/christopherdavid/work/openagents-mobile45-target/coder-ios-build47-sim/DerivedData/Build/Products/Release-iphonesimulator/CoderUITests-Runner.app/Frameworks

Copy /Users/christopherdavid/work/openagents-mobile45-target/coder-ios-build47-sim/DerivedData/Build/Products/Release-iphonesimulator/CoderUITests-Runner.app/Frameworks/XCUnit.framework /Applications/Xcode.app/Contents/Developer/Platforms/iPhoneSimulator.platform/Developer/Library/PrivateFrameworks/XCUnit.framework (in target 'CoderUITests' from project 'Coder')
    cd /Users/christopherdavid/work/openagents-mobile45/bins/coder-ios/host
    builtin-copy -exclude .DS_Store -exclude CVS -exclude .svn -exclude .git -exclude .hg -exclude Headers -exclude PrivateHeaders -exclude Modules -exclude \*.tbd -resolve-src-symlinks /Applications/Xcode.app/Contents/Developer/Platforms/iPhoneSimulator.platform/Developer/Library/PrivateFrameworks/XCUnit.framework /Users/christopherdavid/work/openagents-mobile45-target/coder-ios-build47-sim/DerivedData/Build/Products/Release-iphonesimulator/CoderUITests-Runner.app/Frameworks

Copy /Users/christopherdavid/work/openagents-mobile45-target/coder-ios-build47-sim/DerivedData/Build/Products/Release-iphonesimulator/CoderUITests-Runner.app/Frameworks/libXCTestSwiftSupport.dylib /Applications/Xcode.app/Contents/Developer/Platforms/iPhoneSimulator.platform/Developer/usr/lib/libXCTestSwiftSupport.dylib (in target 'CoderUITests' from project 'Coder')
    cd /Users/christopherdavid/work/openagents-mobile45/bins/coder-ios/host
    builtin-copy -exclude .DS_Store -exclude CVS -exclude .svn -exclude .git -exclude .hg -exclude Headers -exclude PrivateHeaders -exclude Modules -exclude \*.tbd -resolve-src-symlinks /Applications/Xcode.app/Contents/Developer/Platforms/iPhoneSimulator.platform/Developer/usr/lib/libXCTestSwiftSupport.dylib /Users/christopherdavid/work/openagents-mobile45-target/coder-ios-build47-sim/DerivedData/Build/Products/Release-iphonesimulator/CoderUITests-Runner.app/Frameworks

Copy /Users/christopherdavid/work/openagents-mobile45-target/coder-ios-build47-sim/DerivedData/Build/Products/Release-iphonesimulator/CoderUITests-Runner.app/Frameworks/XCTestSupport.framework /Applications/Xcode.app/Contents/Developer/Platforms/iPhoneSimulator.platform/Developer/Library/PrivateFrameworks/XCTestSupport.framework (in target 'CoderUITests' from project 'Coder')
    cd /Users/christopherdavid/work/openagents-mobile45/bins/coder-ios/host
    builtin-copy -exclude .DS_Store -exclude CVS -exclude .svn -exclude .git -exclude .hg -exclude Headers -exclude PrivateHeaders -exclude Modules -exclude \*.tbd -resolve-src-symlinks /Applications/Xcode.app/Contents/Developer/Platforms/iPhoneSimulator.platform/Developer/Library/PrivateFrameworks/XCTestSupport.framework /Users/christopherdavid/work/openagents-mobile45-target/coder-ios-build47-sim/DerivedData/Build/Products/Release-iphonesimulator/CoderUITests-Runner.app/Frameworks

CodeSign /Users/christopherdavid/work/openagents-mobile45-target/coder-ios-build47-sim/DerivedData/Build/Products/Release-iphonesimulator/CoderUITests-Runner.app/PlugIns/CoderUITests.xctest (in target 'CoderUITests' from project 'Coder')
    cd /Users/christopherdavid/work/openagents-mobile45/bins/coder-ios/host
    
    Signing Identity:     "Sign to Run Locally"
    
    /usr/bin/codesign --force --sign - --timestamp\=none --generate-entitlement-der /Users/christopherdavid/work/openagents-mobile45-target/coder-ios-build47-sim/DerivedData/Build/Products/Release-iphonesimulator/CoderUITests-Runner.app/PlugIns/CoderUITests.xctest

CodeSign /Users/christopherdavid/work/openagents-mobile45-target/coder-ios-build47-sim/DerivedData/Build/Products/Release-iphonesimulator/CoderUITests-Runner.app (in target 'CoderUITests' from project 'Coder')
    cd /Users/christopherdavid/work/openagents-mobile45/bins/coder-ios/host
    
    Signing Identity:     "Sign to Run Locally"
    
    /usr/bin/codesign --force --sign - --timestamp\=none --generate-entitlement-der /Users/christopherdavid/work/openagents-mobile45-target/coder-ios-build47-sim/DerivedData/Build/Products/Release-iphonesimulator/CoderUITests-Runner.app
/Users/christopherdavid/work/openagents-mobile45-target/coder-ios-build47-sim/DerivedData/Build/Products/Release-iphonesimulator/CoderUITests-Runner.app: replacing existing signature

RegisterExecutionPolicyException /Users/christopherdavid/work/openagents-mobile45-target/coder-ios-build47-sim/DerivedData/Build/Products/Release-iphonesimulator/CoderUITests-Runner.app/PlugIns/CoderUITests.xctest (in target 'CoderUITests' from project 'Coder')
    cd /Users/christopherdavid/work/openagents-mobile45/bins/coder-ios/host
    builtin-RegisterExecutionPolicyException /Users/christopherdavid/work/openagents-mobile45-target/coder-ios-build47-sim/DerivedData/Build/Products/Release-iphonesimulator/CoderUITests-Runner.app/PlugIns/CoderUITests.xctest

Touch /Users/christopherdavid/work/openagents-mobile45-target/coder-ios-build47-sim/DerivedData/Build/Products/Release-iphonesimulator/CoderUITests-Runner.app/PlugIns/CoderUITests.xctest (in target 'CoderUITests' from project 'Coder')
    cd /Users/christopherdavid/work/openagents-mobile45/bins/coder-ios/host
    /usr/bin/touch -c /Users/christopherdavid/work/openagents-mobile45-target/coder-ios-build47-sim/DerivedData/Build/Products/Release-iphonesimulator/CoderUITests-Runner.app/PlugIns/CoderUITests.xctest

2026-09-27 00:23:21.453077-0500 CoderUITests-Runner[30357:99137771] [Default] Running tests...
    t =      nans Interface orientation changed to Portrait
Test Suite 'Selected tests' started at 2026-09-27 00:23:21.864.
Test Suite 'CoderUITests.xctest' started at 2026-09-27 00:23:21.864.
Test Suite 'MapUITests' started at 2026-09-27 00:23:21.865.
Test Case '-[CoderUITests.MapUITests testDraggingTheMapCannotMoveThePlayerOrTurnTheCamera]' started.
    t =     0.00s Start Test at 2026-09-27 00:23:21.865
    t =     0.01s Set Up
    t =     0.02s     Open com.openagents.coder
    t =     0.02s         Launch com.openagents.coder
2026-09-27 00:23:22.046 xcodebuild[30298:99137079] [MT] IDELaunchParametersSnapshot: The operation couldn’t be completed. (DebuggerLLDB.DebuggerVersionStore.StoreError error 0.)
2026-09-27 00:23:22.046 xcodebuild[30298:99137079] [MT] IDELaunchParametersSnapshot: no debugger version
objc[30357]: Class UIAccessibilityLoaderWebShared is implemented in both /Library/Developer/CoreSimulator/Volumes/iOS_23F77/Library/Developer/CoreSimulator/Profiles/Runtimes/iOS 26.5.simruntime/Contents/Resources/RuntimeRoot/System/Library/AccessibilityBundles/WebCore.axbundle/WebCore (0x108800310) and /Library/Developer/CoreSimulator/Volumes/iOS_23F77/Library/Developer/CoreSimulator/Profiles/Runtimes/iOS 26.5.simruntime/Contents/Resources/RuntimeRoot/System/Library/AccessibilityBundles/WebKit.axbundle/WebKit (0x1080a8398). This may cause spurious casting failures and mysterious crashes. One of the duplicates must be removed or renamed.
    t =     0.59s             Setting up automation session
    t =     1.05s             Wait for com.openagents.coder to idle
    t =     2.22s     Waiting 30.0s for "verse-surface" Other to exist
    t =     3.30s         Checking `Expect predicate `existsNoRetry == 1` for object "verse-surface" Other`
    t =     3.30s             Checking existence of `"verse-surface" Other`
    t =     4.40s     Checking `Expect predicate `BLOCKPREDICATE(0x107bd2310)` for object Target Application 'com.openagents.coder'`
    t =     4.40s         Find the "verse-surface" Other
    t =     4.42s Find the "verse-surface" Other
    t =     4.43s Tap "verse-surface" Other[0.00, 0.00] -> (332.0, 86.0)
    t =     4.43s     Wait for com.openagents.coder to idle
    t =     4.43s     Find the "verse-surface" Other
    t =     4.43s     Check for interrupting elements affecting "verse-surface" Other
    t =     4.44s     Synthesize event
    t =     4.44s         Find the "verse-surface" Other
    t =     4.45s         Find the "verse-surface" Other
    t =     4.46s         Find the "verse-surface" Other
    t =     4.76s     Wait for com.openagents.coder to idle
    t =     5.84s Checking `Expect predicate `BLOCKPREDICATE(0x114e08cf0)` for object Target Application 'com.openagents.coder'`
    t =     5.84s     Find the "verse-surface" Other
    t =     5.85s Find the "verse-surface" Other
    t =     5.86s Press "verse-surface" Other[0.00, 0.00] -> (106.5, 289.0) for 0.1 seconds, then drag to "verse-surface" Other[0.00, 0.00] -> (295.5, 289.0) with velocity of 250.00 pixels per second, and then hold for 0.1 seconds 
    t =     5.86s     Wait for com.openagents.coder to idle
    t =     5.86s     Find the "verse-surface" Other
    t =     5.87s     Check for interrupting elements affecting "verse-surface" Other
    t =     5.88s     Synthesize event
    t =     5.88s         Find the "verse-surface" Other
    t =     5.88s         Find the "verse-surface" Other
    t =     5.89s         Find the "verse-surface" Other
    t =     5.90s         Find the "verse-surface" Other
    t =     5.91s         Find the "verse-surface" Other
    t =     7.12s     Wait for com.openagents.coder to idle
    t =     8.20s Checking `Expect predicate `BLOCKPREDICATE(0x107a87d80)` for object Target Application 'com.openagents.coder'`
    t =     8.20s     Find the "verse-surface" Other
    t =     8.21s Find the "verse-surface" Other
    t =     8.21s Find the Target Application 'com.openagents.coder'
    t =     8.27s Added attachment named 'Map drag remains a HUD gesture'
    t =     8.27s Tear Down
Test Case '-[CoderUITests.MapUITests testDraggingTheMapCannotMoveThePlayerOrTurnTheCamera]' passed (8.503 seconds).
Test Case '-[CoderUITests.MapUITests testMapTapStartsWalkingAndManualMovementStopsIt]' started.
    t =     0.00s Start Test at 2026-09-27 00:23:30.369
    t =     0.01s Set Up
    t =     0.01s     Open com.openagents.coder
    t =     0.01s         Launch com.openagents.coder
    t =     0.01s             Terminate com.openagents.coder:30361
2026-09-27 00:23:31.474 xcodebuild[30298:99137079] [MT] IDELaunchParametersSnapshot: The operation couldn’t be completed. (DebuggerLLDB.DebuggerVersionStore.StoreError error 0.)
2026-09-27 00:23:31.474 xcodebuild[30298:99137079] [MT] IDELaunchParametersSnapshot: no debugger version
    t =     1.31s             Setting up automation session
    t =     1.77s             Wait for com.openagents.coder to idle
    t =     2.93s     Waiting 30.0s for "verse-surface" Other to exist
    t =     4.01s         Checking `Expect predicate `existsNoRetry == 1` for object "verse-surface" Other`
    t =     4.01s             Checking existence of `"verse-surface" Other`
    t =     5.11s     Checking `Expect predicate `BLOCKPREDICATE(0x114e08a20)` for object Target Application 'com.openagents.coder'`
    t =     5.11s         Find the "verse-surface" Other
    t =     5.12s Find the "verse-surface" Other
    t =     5.13s Find the "verse-surface" Other
    t =     5.13s Find the "verse-surface" Other
    t =     5.14s Checking existence of `StatusBar (First Match)`
    t =     5.15s Tap "verse-surface" Other[0.00, 0.00] -> (332.0, 86.0)
    t =     5.15s     Wait for com.openagents.coder to idle
    t =     5.15s     Find the "verse-surface" Other
    t =     5.16s     Check for interrupting elements affecting "verse-surface" Other
    t =     5.16s     Synthesize event
    t =     5.16s         Find the "verse-surface" Other
    t =     5.17s         Find the "verse-surface" Other
    t =     5.18s         Find the "verse-surface" Other
    t =     5.47s     Wait for com.openagents.coder to idle
    t =     6.55s Checking `Expect predicate `BLOCKPREDICATE(0x114e08f00)` for object Target Application 'com.openagents.coder'`
    t =     6.55s     Find the "verse-surface" Other
    t =     6.56s Find the "verse-surface" Other
    t =     6.57s Tap "verse-surface" Other[0.00, 0.00] -> (224.6, 289.0)
    t =     6.57s     Wait for com.openagents.coder to idle
    t =     6.57s     Find the "verse-surface" Other
    t =     6.58s     Check for interrupting elements affecting "verse-surface" Other
    t =     6.59s     Synthesize event
    t =     6.59s         Find the "verse-surface" Other
    t =     6.60s         Find the "verse-surface" Other
    t =     6.61s         Find the "verse-surface" Other
    t =     6.90s     Wait for com.openagents.coder to idle
    t =     7.98s Checking `Expect predicate `BLOCKPREDICATE(0x107a84420)` for object Target Application 'com.openagents.coder'`
    t =     7.98s     Find the "verse-surface" Other
    t =     8.00s Find the "verse-surface" Other
    t =     9.08s Checking `Expect predicate `BLOCKPREDICATE(0x107bd2970)` for object Target Application 'com.openagents.coder'`
    t =     9.08s     Find the "verse-surface" Other
    t =     9.09s Find the "verse-surface" Other
    t =     9.10s Find the "verse-surface" Other
    t =     9.10s Find the "verse-surface" Other
    t =     9.11s Press "verse-surface" Other[0.15, 0.88] for 0.1 seconds, then drag to "verse-surface" Other[0.15, 0.78] with velocity of 250.00 pixels per second, and then hold for 0.2 seconds 
    t =     9.11s     Wait for com.openagents.coder to idle
    t =     9.11s     Find the "verse-surface" Other
    t =     9.12s     Check for interrupting elements affecting "verse-surface" Other
    t =     9.13s     Synthesize event
    t =     9.13s         Find the "verse-surface" Other
    t =     9.13s         Find the "verse-surface" Other
    t =     9.14s         Find the "verse-surface" Other
    t =     9.15s         Find the "verse-surface" Other
    t =     9.16s         Find the "verse-surface" Other
    t =    10.07s     Wait for com.openagents.coder to idle
    t =    11.15s Checking `Expect predicate `BLOCKPREDICATE(0x114ecc4e0)` for object Target Application 'com.openagents.coder'`
    t =    11.15s     Find the "verse-surface" Other
    t =    11.16s Checking existence of `"verse-error" StaticText`
    t =    11.17s Find the Target Application 'com.openagents.coder'
    t =    11.23s Added attachment named 'Map destination and manual walking cancellation'
    t =    11.23s Tear Down
Test Case '-[CoderUITests.MapUITests testMapTapStartsWalkingAndManualMovementStopsIt]' passed (11.487 seconds).
Test Suite 'MapUITests' passed at 2026-09-27 00:23:41.856.
	 Executed 2 tests, with 0 failures (0 unexpected) in 19.990 (19.991) seconds
Test Suite 'ProductionLaunchUITests' started at 2026-09-27 00:23:41.857.
Test Case '-[CoderUITests.ProductionLaunchUITests testProductionWorldLoadsResumesAndRelaunches]' started.
    t =     0.00s Start Test at 2026-09-27 00:23:41.857
    t =     0.02s Set Up
    t =     0.02s Open com.openagents.coder
    t =     0.02s     Launch com.openagents.coder
    t =     0.02s         Terminate com.openagents.coder:30401
2026-09-27 00:23:42.957 xcodebuild[30298:99137079] [MT] IDELaunchParametersSnapshot: The operation couldn’t be completed. (DebuggerLLDB.DebuggerVersionStore.StoreError error 0.)
2026-09-27 00:23:42.957 xcodebuild[30298:99137079] [MT] IDELaunchParametersSnapshot: no debugger version
    t =     1.30s         Setting up automation session
    t =     1.77s         Wait for com.openagents.coder to idle
    t =     2.93s Wait for com.openagents.coder to become Running Foreground
    t =     2.94s Waiting 30.0s for "verse-surface" Other to exist
    t =     4.02s     Checking `Expect predicate `existsNoRetry == 1` for object "verse-surface" Other`
    t =     4.02s         Checking existence of `"verse-surface" Other`
    t =     5.12s Checking `Expect predicate `BLOCKPREDICATE(0x114ecc300)` for object Target Application 'com.openagents.coder'`
    t =     5.12s     Checking existence of `"verse-surface" Other`
    t =     5.12s     Find the "verse-surface" Other
    t =     5.13s     Capturing element debug description
    t =     6.10s Checking `Expect predicate `BLOCKPREDICATE(0x114ecc300)` for object Target Application 'com.openagents.coder'`
    t =     6.10s     Checking existence of `"verse-surface" Other`
    t =     6.11s     Find the "verse-surface" Other
    t =     6.11s     Capturing element debug description
    t =     7.08s Checking `Expect predicate `BLOCKPREDICATE(0x114ecc300)` for object Target Application 'com.openagents.coder'`
    t =     7.08s     Checking existence of `"verse-surface" Other`
    t =     7.09s     Find the "verse-surface" Other
    t =     7.10s     Capturing element debug description
    t =     8.06s Checking `Expect predicate `BLOCKPREDICATE(0x114ecc300)` for object Target Application 'com.openagents.coder'`
    t =     8.06s     Checking existence of `"verse-surface" Other`
    t =     8.07s     Find the "verse-surface" Other
    t =     8.07s     Capturing element debug description
    t =     9.04s Checking `Expect predicate `BLOCKPREDICATE(0x114ecc300)` for object Target Application 'com.openagents.coder'`
    t =     9.05s     Checking existence of `"verse-surface" Other`
    t =     9.05s     Find the "verse-surface" Other
    t =     9.06s     Capturing element debug description
    t =    10.13s Checking `Expect predicate `BLOCKPREDICATE(0x114ecc300)` for object Target Application 'com.openagents.coder'`
    t =    10.13s     Checking existence of `"verse-surface" Other`
    t =    10.14s     Find the "verse-surface" Other
    t =    10.15s     Capturing element debug description
    t =    11.09s Checking `Expect predicate `BLOCKPREDICATE(0x114ecc300)` for object Target Application 'com.openagents.coder'`
    t =    11.09s     Checking existence of `"verse-surface" Other`
    t =    11.10s     Find the "verse-surface" Other
    t =    11.10s     Capturing element debug description
    t =    12.04s Checking `Expect predicate `BLOCKPREDICATE(0x114ecc300)` for object Target Application 'com.openagents.coder'`
    t =    12.05s     Checking existence of `"verse-surface" Other`
    t =    12.05s     Find the "verse-surface" Other
    t =    12.06s     Capturing element debug description
    t =    13.13s Checking `Expect predicate `BLOCKPREDICATE(0x114ecc300)` for object Target Application 'com.openagents.coder'`
    t =    13.13s     Checking existence of `"verse-surface" Other`
    t =    13.14s     Find the "verse-surface" Other
    t =    13.15s     Capturing element debug description
    t =    14.10s Checking `Expect predicate `BLOCKPREDICATE(0x114ecc300)` for object Target Application 'com.openagents.coder'`
    t =    14.10s     Checking existence of `"verse-surface" Other`
    t =    14.11s     Find the "verse-surface" Other
    t =    14.11s     Capturing element debug description
    t =    15.07s Checking `Expect predicate `BLOCKPREDICATE(0x114ecc300)` for object Target Application 'com.openagents.coder'`
    t =    15.07s     Checking existence of `"verse-surface" Other`
    t =    15.08s     Find the "verse-surface" Other
    t =    15.08s     Capturing element debug description
    t =    16.05s Checking `Expect predicate `BLOCKPREDICATE(0x114ecc300)` for object Target Application 'com.openagents.coder'`
    t =    16.05s     Checking existence of `"verse-surface" Other`
    t =    16.06s     Find the "verse-surface" Other
    t =    16.07s     Capturing element debug description
    t =    17.13s Checking `Expect predicate `BLOCKPREDICATE(0x114ecc300)` for object Target Application 'com.openagents.coder'`
    t =    17.13s     Checking existence of `"verse-surface" Other`
    t =    17.14s     Find the "verse-surface" Other
    t =    17.15s     Capturing element debug description
    t =    18.11s Checking `Expect predicate `BLOCKPREDICATE(0x114ecc300)` for object Target Application 'com.openagents.coder'`
    t =    18.11s     Checking existence of `"verse-surface" Other`
    t =    18.12s     Find the "verse-surface" Other
    t =    18.12s     Capturing element debug description
    t =    19.08s Checking `Expect predicate `BLOCKPREDICATE(0x114ecc300)` for object Target Application 'com.openagents.coder'`
    t =    19.08s     Checking existence of `"verse-surface" Other`
    t =    19.09s     Find the "verse-surface" Other
    t =    19.09s     Capturing element debug description
    t =    20.06s Checking `Expect predicate `BLOCKPREDICATE(0x114ecc300)` for object Target Application 'com.openagents.coder'`
    t =    20.06s     Checking existence of `"verse-surface" Other`
    t =    20.07s     Find the "verse-surface" Other
    t =    20.07s     Capturing element debug description
    t =    21.13s Checking `Expect predicate `BLOCKPREDICATE(0x114ecc300)` for object Target Application 'com.openagents.coder'`
    t =    21.13s     Checking existence of `"verse-surface" Other`
    t =    21.14s     Find the "verse-surface" Other
    t =    21.15s     Capturing element debug description
    t =    22.11s Checking `Expect predicate `BLOCKPREDICATE(0x114ecc300)` for object Target Application 'com.openagents.coder'`
    t =    22.11s     Checking existence of `"verse-surface" Other`
    t =    22.12s     Find the "verse-surface" Other
    t =    22.12s     Capturing element debug description
    t =    23.08s Checking `Expect predicate `BLOCKPREDICATE(0x114ecc300)` for object Target Application 'com.openagents.coder'`
    t =    23.08s     Checking existence of `"verse-surface" Other`
    t =    23.09s     Find the "verse-surface" Other
    t =    23.10s     Capturing element debug description
    t =    24.06s Checking `Expect predicate `BLOCKPREDICATE(0x114ecc300)` for object Target Application 'com.openagents.coder'`
    t =    24.06s     Checking existence of `"verse-surface" Other`
    t =    24.07s     Find the "verse-surface" Other
    t =    24.07s     Capturing element debug description
    t =    25.04s Checking `Expect predicate `BLOCKPREDICATE(0x114ecc300)` for object Target Application 'com.openagents.coder'`
    t =    25.04s     Checking existence of `"verse-surface" Other`
    t =    25.05s     Find the "verse-surface" Other
    t =    25.06s     Capturing element debug description
    t =    26.11s Checking `Expect predicate `BLOCKPREDICATE(0x114ecc300)` for object Target Application 'com.openagents.coder'`
    t =    26.11s     Checking existence of `"verse-surface" Other`
    t =    26.12s     Find the "verse-surface" Other
    t =    26.12s     Capturing element debug description
    t =    27.08s Checking `Expect predicate `BLOCKPREDICATE(0x114ecc300)` for object Target Application 'com.openagents.coder'`
    t =    27.08s     Checking existence of `"verse-surface" Other`
    t =    27.09s     Find the "verse-surface" Other
    t =    27.10s     Capturing element debug description
    t =    28.05s Checking `Expect predicate `BLOCKPREDICATE(0x114ecc300)` for object Target Application 'com.openagents.coder'`
    t =    28.05s     Checking existence of `"verse-surface" Other`
    t =    28.06s     Find the "verse-surface" Other
    t =    28.06s     Capturing element debug description
    t =    29.12s Checking `Expect predicate `BLOCKPREDICATE(0x114ecc300)` for object Target Application 'com.openagents.coder'`
    t =    29.12s     Checking existence of `"verse-surface" Other`
    t =    29.13s     Find the "verse-surface" Other
    t =    29.14s     Capturing element debug description
    t =    30.10s Checking `Expect predicate `BLOCKPREDICATE(0x114ecc300)` for object Target Application 'com.openagents.coder'`
    t =    30.10s     Checking existence of `"verse-surface" Other`
    t =    30.11s     Find the "verse-surface" Other
    t =    30.11s     Capturing element debug description
    t =    31.07s Checking `Expect predicate `BLOCKPREDICATE(0x114ecc300)` for object Target Application 'com.openagents.coder'`
    t =    31.07s     Checking existence of `"verse-surface" Other`
    t =    31.08s     Find the "verse-surface" Other
    t =    31.09s     Capturing element debug description
    t =    32.06s Checking `Expect predicate `BLOCKPREDICATE(0x114ecc300)` for object Target Application 'com.openagents.coder'`
    t =    32.06s     Checking existence of `"verse-surface" Other`
    t =    32.07s     Find the "verse-surface" Other
    t =    32.07s     Capturing element debug description
    t =    33.05s Checking `Expect predicate `BLOCKPREDICATE(0x114ecc300)` for object Target Application 'com.openagents.coder'`
    t =    33.05s     Checking existence of `"verse-surface" Other`
    t =    33.05s     Find the "verse-surface" Other
    t =    33.06s     Capturing element debug description
    t =    34.04s Checking `Expect predicate `BLOCKPREDICATE(0x114ecc300)` for object Target Application 'com.openagents.coder'`
    t =    34.04s     Checking existence of `"verse-surface" Other`
    t =    34.05s     Find the "verse-surface" Other
    t =    34.05s     Capturing element debug description
/Users/christopherdavid/work/openagents-mobile45/bins/coder-ios/host/UITests/ProductionLaunchUITests.swift:17: error: -[CoderUITests.ProductionLaunchUITests testProductionWorldLoadsResumesAndRelaunches] : XCTAssertTrue failed - Normal startup must mount the Metal world and publish active Rust state.
    t =    34.07s Tear Down
Test Case '-[CoderUITests.ProductionLaunchUITests testProductionWorldLoadsResumesAndRelaunches]' failed (34.323 seconds).
Test Suite 'ProductionLaunchUITests' failed at 2026-09-27 00:24:16.180.
	 Executed 1 test, with 1 failure (0 unexpected) in 34.323 (34.323) seconds
Test Suite 'ZoneUITests' started at 2026-09-27 00:24:16.180.
Test Case '-[CoderUITests.ZoneUITests testPortalLoadsForestAndEncounterThenReturnsToPlaza]' started.
    t =     0.00s Start Test at 2026-09-27 00:24:16.181
    t =     0.02s Set Up
    t =     0.02s     Open com.openagents.coder
    t =     0.02s         Launch com.openagents.coder
    t =     0.02s             Terminate com.openagents.coder:30423
2026-09-27 00:24:17.299 xcodebuild[30298:99137079] [MT] IDELaunchParametersSnapshot: The operation couldn’t be completed. (DebuggerLLDB.DebuggerVersionStore.StoreError error 0.)
2026-09-27 00:24:17.299 xcodebuild[30298:99137079] [MT] IDELaunchParametersSnapshot: no debugger version
    t =     1.32s             Setting up automation session
    t =     1.79s             Wait for com.openagents.coder to idle
    t =     2.95s     Waiting 30.0s for "verse-surface" Other to exist
    t =     4.02s         Checking `Expect predicate `existsNoRetry == 1` for object "verse-surface" Other`
    t =     4.02s             Checking existence of `"verse-surface" Other`
    t =     5.11s     Checking `Expect predicate `BLOCKPREDICATE(0x114ecccf0)` for object Target Application 'com.openagents.coder'`
    t =     5.11s         Find the "verse-surface" Other
    t =     5.12s Find the "verse-surface" Other
    t =     6.19s Checking `Expect predicate `BLOCKPREDICATE(0x114ecc1e0)` for object Target Application 'com.openagents.coder'`
    t =     6.19s     Find the "verse-surface" Other
    t =     6.20s Find the "verse-surface" Other
    t =     6.21s Find the "verse-surface" Other
    t =     6.22s Tap "verse-surface" Other[0.00, 0.00] -> (332.0, 86.0)
    t =     6.22s     Wait for com.openagents.coder to idle
    t =     6.22s     Find the "verse-surface" Other
    t =     6.23s     Check for interrupting elements affecting "verse-surface" Other
    t =     6.23s     Synthesize event
    t =     6.24s         Find the "verse-surface" Other
    t =     6.24s         Find the "verse-surface" Other
    t =     6.25s         Find the "verse-surface" Other
    t =     6.55s     Wait for com.openagents.coder to idle
    t =     7.62s Checking `Expect predicate `BLOCKPREDICATE(0x107bd3270)` for object Target Application 'com.openagents.coder'`
    t =     7.62s     Find the "verse-surface" Other
    t =     7.63s Find the "verse-surface" Other
    t =     7.64s Tap "verse-surface" Other[0.00, 0.00] -> (192.4, 282.6)
    t =     7.64s     Wait for com.openagents.coder to idle
    t =     7.64s     Find the "verse-surface" Other
    t =     7.65s     Check for interrupting elements affecting "verse-surface" Other
    t =     7.65s     Synthesize event
    t =     7.65s         Find the "verse-surface" Other
    t =     7.66s         Find the "verse-surface" Other
    t =     7.67s         Find the "verse-surface" Other
    t =     7.96s     Wait for com.openagents.coder to idle
    t =     9.03s Checking `Expect predicate `BLOCKPREDICATE(0x107ba4cf0)` for object Target Application 'com.openagents.coder'`
    t =     9.03s     Find the "verse-surface" Other
    t =     9.05s     Capturing element debug description
    t =    10.01s Checking `Expect predicate `BLOCKPREDICATE(0x107ba4cf0)` for object Target Application 'com.openagents.coder'`
    t =    10.01s     Find the "verse-surface" Other
    t =    10.02s     Capturing element debug description
    t =    10.96s Checking `Expect predicate `BLOCKPREDICATE(0x107ba4cf0)` for object Target Application 'com.openagents.coder'`
    t =    10.96s     Find the "verse-surface" Other
    t =    10.98s     Capturing element debug description
    t =    12.03s Checking `Expect predicate `BLOCKPREDICATE(0x107ba4cf0)` for object Target Application 'com.openagents.coder'`
    t =    12.03s     Find the "verse-surface" Other
    t =    12.04s Find the "verse-surface" Other
    t =    13.13s Checking `Expect predicate `BLOCKPREDICATE(0x114eced00)` for object Target Application 'com.openagents.coder'`
    t =    13.13s     Find the "verse-surface" Other
    t =    13.14s Find the "verse-surface" Other
    t =    13.14s Tap "verse-surface" Other[0.21, 0.37]
    t =    13.15s     Wait for com.openagents.coder to idle
    t =    13.15s     Find the "verse-surface" Other
    t =    13.15s     Check for interrupting elements affecting "verse-surface" Other
    t =    13.16s     Synthesize event
    t =    13.16s         Find the "verse-surface" Other
    t =    13.17s         Find the "verse-surface" Other
    t =    13.18s         Find the "verse-surface" Other
    t =    13.48s     Wait for com.openagents.coder to idle
    t =    14.55s Checking `Expect predicate `BLOCKPREDICATE(0x114e09ad0)` for object Target Application 'com.openagents.coder'`
    t =    14.55s     Find the "verse-surface" Other
    t =    14.56s Find the "verse-surface" Other
/Users/christopherdavid/work/openagents-mobile45/bins/coder-ios/host/UITests/ZoneUITests.swift:37: error: -[CoderUITests.ZoneUITests testPortalLoadsForestAndEncounterThenReturnsToPlaza] : XCTAssertLessThan failed: ("58.0") is not less than ("58.0")
    t =    14.58s Tear Down
Test Case '-[CoderUITests.ZoneUITests testPortalLoadsForestAndEncounterThenReturnsToPlaza]' failed (14.844 seconds).
Test Case '-[CoderUITests.ZoneUITests testRulesAndArtworkNoticesShipWithoutLoadingForest]' started.
    t =     0.00s Start Test at 2026-09-27 00:24:31.025
    t =     0.01s Set Up
    t =     0.02s     Open com.openagents.coder
    t =     0.02s         Launch com.openagents.coder
    t =     0.02s             Terminate com.openagents.coder:30564
2026-09-27 00:24:32.124 xcodebuild[30298:99137079] [MT] IDELaunchParametersSnapshot: The operation couldn’t be completed. (DebuggerLLDB.DebuggerVersionStore.StoreError error 0.)
2026-09-27 00:24:32.124 xcodebuild[30298:99137079] [MT] IDELaunchParametersSnapshot: no debugger version
    t =     1.30s             Setting up automation session
    t =     1.77s             Wait for com.openagents.coder to idle
    t =     2.94s     Waiting 30.0s for "verse-surface" Other to exist
    t =     4.01s         Checking `Expect predicate `existsNoRetry == 1` for object "verse-surface" Other`
    t =     4.01s             Checking existence of `"verse-surface" Other`
    t =     5.09s     Checking `Expect predicate `BLOCKPREDICATE(0x114e09bf0)` for object Target Application 'com.openagents.coder'`
    t =     5.09s         Find the "verse-surface" Other
    t =     5.10s Waiting 30.0s for "verse-surface" Other to exist
    t =     6.16s     Checking `Expect predicate `existsNoRetry == 1` for object "verse-surface" Other`
    t =     6.16s         Checking existence of `"verse-surface" Other`
    t =     6.17s Checking existence of `"computer-interact" Button`
    t =     6.18s Find the "verse-surface" Other
    t =     6.19s Press "verse-surface" Other[0.15, 0.50] for 0.1 seconds, then drag to "verse-surface" Other[0.15, 0.32] with velocity of 250.00 pixels per second, and then hold for 0.7 seconds 
    t =     6.19s     Wait for com.openagents.coder to idle
    t =     6.19s     Find the "verse-surface" Other
    t =     6.19s     Check for interrupting elements affecting "verse-surface" Other
    t =     6.20s     Synthesize event
    t =     6.20s         Find the "verse-surface" Other
    t =     6.21s         Find the "verse-surface" Other
    t =     6.22s         Find the "verse-surface" Other
    t =     6.23s         Find the "verse-surface" Other
    t =     6.24s         Find the "verse-surface" Other
    t =     7.91s     Wait for com.openagents.coder to idle
    t =     7.92s Find the "verse-surface" Other
    t =     8.99s Checking `Expect predicate `BLOCKPREDICATE(0x114eccd80)` for object "verse-surface" Other`
    t =     8.99s     Find the "verse-surface" Other
    t =     9.00s Find the "verse-surface" Other
    t =     9.00s Tap "verse-surface" Other[0.50, 0.40]
    t =     9.00s     Wait for com.openagents.coder to idle
    t =     9.01s     Find the "verse-surface" Other
    t =     9.01s     Check for interrupting elements affecting "verse-surface" Other
    t =     9.02s     Synthesize event
    t =     9.02s         Find the "verse-surface" Other
    t =     9.03s         Find the "verse-surface" Other
    t =     9.05s         Find the "verse-surface" Other
    t =     9.34s     Wait for com.openagents.coder to idle
    t =     9.34s Waiting 10.0s for "computer-close" Button to exist
    t =    10.39s     Checking `Expect predicate `existsNoRetry == 1` for object "computer-close" Button`
    t =    10.39s         Checking existence of `"computer-close" Button`
    t =    10.41s Tap "computer-settings" Button
    t =    10.41s     Wait for com.openagents.coder to idle
    t =    10.41s     Find the "computer-settings" Button
    t =    10.42s     Check for interrupting elements affecting "computer-settings" Button
    t =    10.43s     Synthesize event
    t =    10.72s     Wait for com.openagents.coder to idle
    t =    10.72s Find the Button (First Match)
    t =    10.74s Waiting 10.0s for "verse-about" Button to exist
    t =    11.79s     Checking `Expect predicate `existsNoRetry == 1` for object "verse-about" Button`
    t =    11.79s         Checking existence of `"verse-about" Button`
    t =    11.81s Tap "verse-about" Button
    t =    11.81s     Wait for com.openagents.coder to idle
    t =    11.81s     Find the "verse-about" Button
    t =    11.83s     Check for interrupting elements affecting "verse-about" Button
    t =    11.84s     Synthesize event
    t =    12.13s     Wait for com.openagents.coder to idle
    t =    12.13s Waiting 10.0s for "verse-credits" StaticText to exist
    t =    13.18s     Checking `Expect predicate `existsNoRetry == 1` for object "verse-credits" StaticText`
    t =    13.18s         Checking existence of `"verse-credits" StaticText`
    t =    13.20s         Capturing element debug description
    t =    14.16s     Checking `Expect predicate `existsNoRetry == 1` for object "verse-credits" StaticText`
    t =    14.16s         Checking existence of `"verse-credits" StaticText`
    t =    14.18s         Capturing element debug description
    t =    15.14s     Checking `Expect predicate `existsNoRetry == 1` for object "verse-credits" StaticText`
    t =    15.14s         Checking existence of `"verse-credits" StaticText`
    t =    15.16s         Capturing element debug description
    t =    16.22s     Checking `Expect predicate `existsNoRetry == 1` for object "verse-credits" StaticText`
    t =    16.22s         Checking existence of `"verse-credits" StaticText`
    t =    16.24s         Capturing element debug description
    t =    17.20s     Checking `Expect predicate `existsNoRetry == 1` for object "verse-credits" StaticText`
    t =    17.20s         Checking existence of `"verse-credits" StaticText`
    t =    17.22s         Capturing element debug description
    t =    18.18s     Checking `Expect predicate `existsNoRetry == 1` for object "verse-credits" StaticText`
    t =    18.18s         Checking existence of `"verse-credits" StaticText`
    t =    18.20s         Capturing element debug description
    t =    19.16s     Checking `Expect predicate `existsNoRetry == 1` for object "verse-credits" StaticText`
    t =    19.16s         Checking existence of `"verse-credits" StaticText`
    t =    19.17s         Capturing element debug description
    t =    20.14s     Checking `Expect predicate `existsNoRetry == 1` for object "verse-credits" StaticText`
    t =    20.14s         Checking existence of `"verse-credits" StaticText`
    t =    20.16s         Capturing element debug description
    t =    21.22s     Checking `Expect predicate `existsNoRetry == 1` for object "verse-credits" StaticText`
    t =    21.22s         Checking existence of `"verse-credits" StaticText`
    t =    21.24s         Capturing element debug description
    t =    22.14s     Checking `Expect predicate `existsNoRetry == 1` for object "verse-credits" StaticText`
    t =    22.14s         Checking existence of `"verse-credits" StaticText`
    t =    22.16s         Capturing element debug description
    t =    22.16s     Checking existence of `"verse-credits" StaticText`
    t =    22.18s Collecting debug information to assist test failure triage
    t =    22.18s     Requesting snapshot of accessibility hierarchy for app with pid 30596
/Users/christopherdavid/work/openagents-mobile45/bins/coder-ios/host/UITests/ZoneUITests.swift:74: error: -[CoderUITests.ZoneUITests testRulesAndArtworkNoticesShipWithoutLoadingForest] : XCTAssertTrue failed
    t =    22.20s Tear Down
Test Case '-[CoderUITests.ZoneUITests testRulesAndArtworkNoticesShipWithoutLoadingForest]' failed (22.442 seconds).
Test Suite 'ZoneUITests' failed at 2026-09-27 00:24:53.467.
	 Executed 2 tests, with 2 failures (0 unexpected) in 37.286 (37.287) seconds
Test Suite 'CoderUITests.xctest' failed at 2026-09-27 00:24:53.467.
	 Executed 5 tests, with 3 failures (0 unexpected) in 91.599 (91.603) seconds
Test Suite 'Selected tests' failed at 2026-09-27 00:24:53.468.
	 Executed 5 tests, with 3 failures (0 unexpected) in 91.599 (91.604) seconds
2026-09-27 00:25:03.644 xcodebuild[30298:99137079] [MT] IDETestOperationsObserverDebug: 103.105 elapsed -- Testing started completed.
2026-09-27 00:25:03.645 xcodebuild[30298:99137079] [MT] IDETestOperationsObserverDebug: 0.000 sec, +0.000 sec -- start
2026-09-27 00:25:03.645 xcodebuild[30298:99137079] [MT] IDETestOperationsObserverDebug: 103.105 sec, +103.105 sec -- end

Test session results, code coverage, and logs:
	/tmp/coder-build47-zones-native.xcresult

Failing tests:
	ProductionLaunchUITests.testProductionWorldLoadsResumesAndRelaunches()
	ZoneUITests.testPortalLoadsForestAndEncounterThenReturnsToPlaza()
	ZoneUITests.testRulesAndArtworkNoticesShipWithoutLoadingForest()

** TEST FAILED **

Testing started
