kit: licensed
baking the light
t 0.0 s · summed work 1171.8 ms (tick 0.0, mesh 0.9, encode 1147.7, wait 23.2) · raised 0 · pieces 0 · chunks 0 · sprites 0 · Meteor Showcase · 0 meteors in flight · 1: cast eight · R: rebuild · the caster casts again after each rebuild
t 1.0 s · summed work 2.0 ms (tick 0.4, mesh 0.9, encode 0.8, wait 0.0) · raised 0 · pieces 0 · chunks 0 · sprites 0 · Meteor Showcase · 0 meteors in flight · 1: cast eight · R: rebuild · the caster casts again after each rebuild
t 2.0 s · summed work 4.4 ms (tick 0.1, mesh 0.8, encode 0.8, wait 2.7) · raised 0 · pieces 0 · chunks 0 · sprites 0 · Meteor Showcase · 0 meteors in flight · 1: cast eight · R: rebuild · the caster casts again after each rebuild
t 3.0 s · summed work 2.4 ms (tick 0.1, mesh 1.0, encode 1.3, wait 0.0) · raised 0 · pieces 0 · chunks 0 · sprites 1 · Meteor Showcase · 0 meteors in flight · 1: cast eight · R: rebuild · the caster casts again after each rebuild
t 4.0 s · summed work 2.1 ms (tick 0.1, mesh 1.0, encode 0.9, wait 0.0) · raised 0 · pieces 0 · chunks 0 · sprites 63 · Meteor Showcase · 0 meteors in flight · 1: cast eight · R: rebuild · the caster casts again after each rebuild
t 5.0 s · summed work 2.0 ms (tick 0.1, mesh 0.9, encode 1.0, wait 0.0) · raised 0 · pieces 0 · chunks 0 · sprites 60 · Meteor Showcase · 0 meteors in flight · 1: cast eight · R: rebuild · the caster casts again after each rebuild
t 6.0 s · summed work 2.1 ms (tick 0.1, mesh 0.8, encode 1.1, wait 0.0) · raised 0 · pieces 0 · chunks 0 · sprites 141 · Meteor Showcase · 0 meteors in flight · 1: cast eight · R: rebuild · the caster casts again after each rebuild
t 7.0 s · summed work 10.8 ms (tick 7.6, mesh 1.0, encode 2.1, wait 0.1) · raised 2 · pieces 184 · chunks 479 · sprites 1161 · Meteor Showcase · 0 meteors in flight · 1: cast eight · R: rebuild · the caster casts again after each rebuild
t 8.0 s · summed work 6.2 ms (tick 3.3, mesh 0.9, encode 2.0, wait 0.0) · raised 2 · pieces 184 · chunks 491 · sprites 1544 · Meteor Showcase · 0 meteors in flight · 1: cast eight · R: rebuild · the caster casts again after each rebuild
t 9.0 s · summed work 6.7 ms (tick 4.0, mesh 0.9, encode 1.8, wait 0.0) · raised 2 · pieces 184 · chunks 502 · sprites 1024 · Meteor Showcase · 0 meteors in flight · 1: cast eight · R: rebuild · the caster casts again after each rebuild
t 10.0 s · summed work 13.7 ms (tick 4.7, mesh 0.9, encode 1.7, wait 6.4) · raised 2 · pieces 184 · chunks 509 · sprites 466 · Meteor Showcase · 0 meteors in flight · 1: cast eight · R: rebuild · the caster casts again after each rebuild
t 11.0 s · summed work 7.6 ms (tick 5.0, mesh 0.9, encode 1.8, wait 0.0) · raised 2 · pieces 184 · chunks 509 · sprites 387 · Meteor Showcase · 0 meteors in flight · 1: cast eight · R: rebuild · the caster casts again after each rebuild
t 12.0 s · summed work 5.6 ms (tick 3.1, mesh 0.9, encode 1.7, wait 0.0) · raised 2 · pieces 184 · chunks 509 · sprites 380 · Meteor Showcase · 0 meteors in flight · 1: cast eight · R: rebuild · the caster casts again after each rebuild
t 13.0 s · summed work 3.7 ms (tick 1.2, mesh 0.9, encode 1.6, wait 0.0) · raised 2 · pieces 184 · chunks 509 · sprites 348 · Meteor Showcase · 0 meteors in flight · 1: cast eight · R: rebuild · the caster casts again after each rebuild
t 14.0 s · summed work 3.5 ms (tick 1.0, mesh 0.9, encode 1.6, wait 0.0) · raised 2 · pieces 184 · chunks 509 · sprites 320 · Meteor Showcase · 0 meteors in flight · 1: cast eight · R: rebuild · the caster casts again after each rebuild
t 15.0 s · summed work 8.3 ms (tick 0.8, mesh 1.6, encode 3.3, wait 2.7) · raised 2 · pieces 184 · chunks 509 · sprites 308 · Meteor Showcase · 0 meteors in flight · 1: cast eight · R: rebuild · the caster casts again after each rebuild
{
  "mode": "live",
  "camera_path": "director",
  "static_houses": false,
  "sequence_frames": null,
  "readback_every_frame": false,
  "submission_timing": {
    "policy": "bounded_two_frames",
    "serial_frames_flag": false,
    "pending_frame_limit": 2,
    "maximum_pending_frames": 2,
    "submitted_frames": 960,
    "completed_frames": 960,
    "temporal_baseline_submitted_frames": null,
    "temporal_baseline_completed_frames": null,
    "elapsed_through_final_drain_ms": 5272.963291,
    "completed_frames_per_second": 182.06081609529642,
    "final_drain_ms": 2.5658750534057617,
    "final_drain_charged_to_frame": 959,
    "warmup_submissions": 0,
    "warmup_drain_ms": 0.0,
    "warmup_method": "This stage required no separate exposure warm-up submissions.",
    "png_writes_and_progress_logs_deferred": true,
    "deferred_png_memory_bound_bytes": 1073741824,
    "continuous_iteration_ms": {
      "p50": 3.6877079010009766,
      "p99": 9.71712589263916,
      "max": 1172.2659912109375
    },
    "start_to_observed_completion_ms": {
      "p50": 6.570499897003174,
      "p99": 16.444917678833008,
      "max": 1170.6551513671875
    },
    "submit_to_observed_completion_ms": {
      "p50": 2.90433406829834,
      "p99": 6.965250015258789,
      "max": 21.949583053588867
    },
    "frames": [
      {
        "index": 0,
        "started_ms": 0.0,
        "submitted_ms": 1148.705541,
        "observed_completed_ms": 1170.655125,
        "start_to_observed_completion_ms": 1170.655125,
        "submit_to_observed_completion_ms": 21.94958399999996,
        "continuous_iteration_ms": 1172.2659912109375,
        "frame_ms": 1172.2659912109375,
        "component_sum_ms": 1171.8436279296875,
        "tick_ms": 0.0,
        "dynamic_mesh_ms": 0.9363330006599426,
        "encode_ms": 1147.7449951171875,
        "admission_or_completion_ms": 23.16233253479004
      },
      {
        "index": 1,
        "started_ms": 1172.266,
        "submitted_ms": 1174.584291,
        "observed_completed_ms": 1178.4194160000002,
        "start_to_observed_completion_ms": 6.153416000000107,
        "submit_to_observed_completion_ms": 3.835125000000289,
        "continuous_iteration_ms": 2.321958065032959,
        "frame_ms": 2.321958065032959,
        "component_sum_ms": 2.317376136779785,
        "tick_ms": 0.25495800375938416,
        "dynamic_mesh_ms": 0.8597919940948486,
        "encode_ms": 1.2002500295639038,
        "admission_or_completion_ms": 0.0023759999312460423
      },
      {
        "index": 2,
        "started_ms": 1174.587958,
        "submitted_ms": 1177.285541,
        "observed_completed_ms": 1180.847333,
        "start_to_observed_completion_ms": 6.259374999999864,
        "submit_to_observed_completion_ms": 3.5617919999999685,
        "continuous_iteration_ms": 2.7027499675750732,
        "frame_ms": 2.7027499675750732,
        "component_sum_ms": 2.69795823097229,
        "tick_ms": 0.18308299779891968,
        "dynamic_mesh_ms": 0.8558750152587891,
        "encode_ms": 1.6574580669403076,
        "admission_or_completion_ms": 0.001542000100016594
      },
      {
        "index": 3,
        "started_ms": 1177.290708,
        "submitted_ms": 1179.571833,
        "observed_completed_ms": 1182.707916,
        "start_to_observed_completion_ms": 5.417208000000073,
        "submit_to_observed_completion_ms": 3.1360830000000988,
        "continuous_iteration_ms": 2.28475022315979,
        "frame_ms": 2.28475022315979,
        "component_sum_ms": 2.280458927154541,
        "tick_ms": 0.22224999964237213,
        "dynamic_mesh_ms": 0.8717090487480164,
        "encode_ms": 1.1517080068588257,
        "admission_or_completion_ms": 0.03479199856519699
      },
      {
        "index": 4,
        "started_ms": 1179.575458,
        "submitted_ms": 1181.725375,
        "observed_completed_ms": 1184.605291,
        "start_to_observed_completion_ms": 5.029833000000053,
        "submit_to_observed_completion_ms": 2.879916000000094,
        "continuous_iteration_ms": 2.152583122253418,
        "frame_ms": 2.152583122253418,
        "component_sum_ms": 2.149334192276001,
        "tick_ms": 0.4086669981479645,
        "dynamic_mesh_ms": 0.835207998752594,
        "encode_ms": 0.8773339986801147,
        "admission_or_completion_ms": 0.02812500111758709
      },
      {
        "index": 5,
        "started_ms": 1181.7280409999998,
        "submitted_ms": 1183.554958,
        "observed_completed_ms": 1187.684833,
        "start_to_observed_completion_ms": 5.956792000000178,
        "submit_to_observed_completion_ms": 4.129875000000084,
        "continuous_iteration_ms": 1.8298749923706055,
        "frame_ms": 1.8298749923706055,
        "component_sum_ms": 1.8267500400543213,
        "tick_ms": 0.1321669965982437,
        "dynamic_mesh_ms": 0.8253329992294312,
        "encode_ms": 0.8467079997062683,
        "admission_or_completion_ms": 0.02254199981689453
      },
      {
        "index": 6,
        "started_ms": 1183.557916,
        "submitted_ms": 1185.3685409999998,
        "observed_completed_ms": 1188.591833,
        "start_to_observed_completion_ms": 5.033916999999974,
        "submit_to_observed_completion_ms": 3.2232920000001286,
        "continuous_iteration_ms": 1.8134589195251465,
        "frame_ms": 1.8134589195251465,
        "component_sum_ms": 1.8107919692993164,
        "tick_ms": 0.13954199850559235,
        "dynamic_mesh_ms": 0.8834999799728394,
        "encode_ms": 0.762499988079071,
        "admission_or_completion_ms": 0.02524999901652336
      },
      {
        "index": 7,
        "started_ms": 1185.371375,
        "submitted_ms": 1188.5925829999999,
        "observed_completed_ms": 1190.597208,
        "start_to_observed_completion_ms": 5.225832999999966,
        "submit_to_observed_completion_ms": 2.0046250000000327,
        "continuous_iteration_ms": 3.2237911224365234,
        "frame_ms": 3.2237911224365234,
        "component_sum_ms": 3.220914840698242,
        "tick_ms": 0.16266599297523499,
        "dynamic_mesh_ms": 0.8637909889221191,
        "encode_ms": 0.9071249961853027,
        "admission_or_completion_ms": 1.2873330116271973
      },
      {
        "index": 8,
        "started_ms": 1188.595166,
        "submitted_ms": 1190.597708,
        "observed_completed_ms": 1192.467625,
        "start_to_observed_completion_ms": 3.8724589999999353,
        "submit_to_observed_completion_ms": 1.8699169999999867,
        "continuous_iteration_ms": 2.0052499771118164,
        "frame_ms": 2.0052499771118164,
        "component_sum_ms": 2.0022919178009033,
        "tick_ms": 0.31379199028015137,
        "dynamic_mesh_ms": 0.8506249785423279,
        "encode_ms": 0.8372920155525208,
        "admission_or_completion_ms": 0.0005830000154674053
      },
      {
        "index": 9,
        "started_ms": 1190.600416,
        "submitted_ms": 1192.468166,
        "observed_completed_ms": 1194.28325,
        "start_to_observed_completion_ms": 3.682833999999957,
        "submit_to_observed_completion_ms": 1.8150839999998425,
        "continuous_iteration_ms": 1.8713749647140503,
        "frame_ms": 1.8713749647140503,
        "component_sum_ms": 1.86758291721344,
        "tick_ms": 0.23708300292491913,
        "dynamic_mesh_ms": 0.8361250162124634,
        "encode_ms": 0.7937080264091492,
        "admission_or_completion_ms": 0.0006670000148005784
      },
      {
        "index": 10,
        "started_ms": 1192.471791,
        "submitted_ms": 1194.283666,
        "observed_completed_ms": 1195.9564579999999,
        "start_to_observed_completion_ms": 3.484666999999945,
        "submit_to_observed_completion_ms": 1.6727919999998448,
        "continuous_iteration_ms": 1.8135420083999634,
        "frame_ms": 1.8135420083999634,
        "component_sum_ms": 1.8111671209335327,
        "tick_ms": 0.1423330008983612,
        "dynamic_mesh_ms": 0.8845419883728027,
        "encode_ms": 0.7837499976158142,
        "admission_or_completion_ms": 0.0005420000525191426
      },
      {
        "index": 11,
        "started_ms": 1194.285333,
        "submitted_ms": 1195.956875,
        "observed_completed_ms": 1197.726833,
        "start_to_observed_completion_ms": 3.4414999999999054,
        "submit_to_observed_completion_ms": 1.7699579999998605,
        "continuous_iteration_ms": 1.6736249923706055,
        "frame_ms": 1.6736249923706055,
        "component_sum_ms": 1.6712909936904907,
        "tick_ms": 0.1288750022649765,
        "dynamic_mesh_ms": 0.8178330063819885,
        "encode_ms": 0.7242090106010437,
        "admission_or_completion_ms": 0.00037399999564513564
      },
      {
        "index": 12,
        "started_ms": 1195.9589580000002,
        "submitted_ms": 1197.727541,
        "observed_completed_ms": 1200.9285,
        "start_to_observed_completion_ms": 4.969541999999819,
        "submit_to_observed_completion_ms": 3.2009590000000117,
        "continuous_iteration_ms": 1.7710829973220825,
        "frame_ms": 1.7710829973220825,
        "component_sum_ms": 1.7685420513153076,
        "tick_ms": 0.1900000125169754,
        "dynamic_mesh_ms": 0.8003749847412109,
        "encode_ms": 0.7774580121040344,
        "admission_or_completion_ms": 0.0007090000435709953
      },
      {
        "index": 13,
        "started_ms": 1197.730041,
        "submitted_ms": 1199.733541,
        "observed_completed_ms": 1202.739041,
        "start_to_observed_completion_ms": 5.0090000000000146,
        "submit_to_observed_completion_ms": 3.0054999999999836,
        "continuous_iteration_ms": 2.0064589977264404,
        "frame_ms": 2.0064589977264404,
        "component_sum_ms": 2.0034170150756836,
        "tick_ms": 0.359917014837265,
        "dynamic_mesh_ms": 0.8608329892158508,
        "encode_ms": 0.7817909717559814,
        "admission_or_completion_ms": 0.0008759999764151871
      },
      {
        "index": 14,
        "started_ms": 1199.7365,
        "submitted_ms": 1201.7251660000002,
        "observed_completed_ms": 1203.5229160000001,
        "start_to_observed_completion_ms": 3.7864160000001448,
        "submit_to_observed_completion_ms": 1.7977499999999509,
        "continuous_iteration_ms": 1.9907909631729126,
        "frame_ms": 1.9907909631729126,
        "component_sum_ms": 1.9880839586257935,
        "tick_ms": 0.21975000202655792,
        "dynamic_mesh_ms": 0.942084014415741,
        "encode_ms": 0.7961249947547913,
        "admission_or_completion_ms": 0.030124999582767487
      },
      {
        "index": 15,
        "started_ms": 1201.7272910000002,
        "submitted_ms": 1203.5234580000001,
        "observed_completed_ms": 1205.3313329999999,
        "start_to_observed_completion_ms": 3.6040419999997084,
        "submit_to_observed_completion_ms": 1.8078749999997399,
        "continuous_iteration_ms": 1.7979589700698853,
        "frame_ms": 1.7979589700698853,
        "component_sum_ms": 1.7960829734802246,
        "tick_ms": 0.17341698706150055,
        "dynamic_mesh_ms": 0.8145409822463989,
        "encode_ms": 0.7842079997062683,
        "admission_or_completion_ms": 0.023916998878121376
      },
      {
        "index": 16,
        "started_ms": 1203.52525,
        "submitted_ms": 1205.331666,
        "observed_completed_ms": 1206.977625,
        "start_to_observed_completion_ms": 3.4523750000000746,
        "submit_to_observed_completion_ms": 1.645958999999948,
        "continuous_iteration_ms": 1.8090410232543945,
        "frame_ms": 1.8090410232543945,
        "component_sum_ms": 1.8062909841537476,
        "tick_ms": 0.2377079874277115,
        "dynamic_mesh_ms": 0.7960000038146973,
        "encode_ms": 0.7719160318374634,
        "admission_or_completion_ms": 0.0006670000148005784
      },
      {
        "index": 17,
        "started_ms": 1205.334291,
        "submitted_ms": 1206.977958,
        "observed_completed_ms": 1208.727541,
        "start_to_observed_completion_ms": 3.39325000000008,
        "submit_to_observed_completion_ms": 1.7495830000000296,
        "continuous_iteration_ms": 1.6461249589920044,
        "frame_ms": 1.6461249589920044,
        "component_sum_ms": 1.643293023109436,
        "tick_ms": 0.12816700339317322,
        "dynamic_mesh_ms": 0.7860420346260071,
        "encode_ms": 0.7284579873085022,
        "admission_or_completion_ms": 0.0006259999936446548
      },
      {
        "index": 18,
        "started_ms": 1206.9804159999999,
        "submitted_ms": 1208.728083,
        "observed_completed_ms": 1210.745708,
        "start_to_observed_completion_ms": 3.765292000000045,
        "submit_to_observed_completion_ms": 2.0176249999999527,
        "continuous_iteration_ms": 1.7505000829696655,
        "frame_ms": 1.7505000829696655,
        "component_sum_ms": 1.7476680278778076,
        "tick_ms": 0.1350420117378235,
        "dynamic_mesh_ms": 0.8164590001106262,
        "encode_ms": 0.7954579591751099,
        "admission_or_completion_ms": 0.0007090000435709953
      },
      {
        "index": 19,
        "started_ms": 1208.730916,
        "submitted_ms": 1210.7461660000001,
        "observed_completed_ms": 1212.4592499999999,
        "start_to_observed_completion_ms": 3.7283339999999043,
        "submit_to_observed_completion_ms": 1.7130839999997534,
        "continuous_iteration_ms": 2.017833948135376,
        "frame_ms": 2.017833948135376,
        "component_sum_ms": 2.014582872390747,
        "tick_ms": 0.2217079997062683,
        "dynamic_mesh_ms": 0.8817920088768005,
        "encode_ms": 0.9097079634666443,
        "admission_or_completion_ms": 0.0013749999925494194
      },
      {
        "index": 20,
        "started_ms": 1210.74875,
        "submitted_ms": 1212.459625,
        "observed_completed_ms": 1214.1223750000001,
        "start_to_observed_completion_ms": 3.3736250000001746,
        "submit_to_observed_completion_ms": 1.6627500000001874,
        "continuous_iteration_ms": 1.7130000591278076,
        "frame_ms": 1.7130000591278076,
        "component_sum_ms": 1.7105430364608765,
        "tick_ms": 0.180417001247406,
        "dynamic_mesh_ms": 0.7927500009536743,
        "encode_ms": 0.7368339896202087,
        "admission_or_completion_ms": 0.0005419999943114817
      },
      {
        "index": 21,
        "started_ms": 1212.4617500000002,
        "submitted_ms": 1214.122875,
        "observed_completed_ms": 1217.008541,
        "start_to_observed_completion_ms": 4.546790999999757,
        "submit_to_observed_completion_ms": 2.885665999999901,
        "continuous_iteration_ms": 1.6632909774780273,
        "frame_ms": 1.6632909774780273,
        "component_sum_ms": 1.6610820293426514,
        "tick_ms": 0.12320799380540848,
        "dynamic_mesh_ms": 0.7825829982757568,
        "encode_ms": 0.7546250224113464,
        "admission_or_completion_ms": 0.000666000007186085
      },
      {
        "index": 22,
        "started_ms": 1214.125041,
        "submitted_ms": 1215.851333,
        "observed_completed_ms": 1218.874708,
        "start_to_observed_completion_ms": 4.749667000000045,
        "submit_to_observed_completion_ms": 3.0233749999999873,
        "continuous_iteration_ms": 1.7288340330123901,
        "frame_ms": 1.7288340330123901,
        "component_sum_ms": 1.7261228561401367,
        "tick_ms": 0.14995799958705902,
        "dynamic_mesh_ms": 0.7890409827232361,
        "encode_ms": 0.7864999771118164,
        "admission_or_completion_ms": 0.000623999978415668
      },
      {
        "index": 23,
        "started_ms": 1215.853875,
        "submitted_ms": 1217.804458,
        "observed_completed_ms": 1219.738416,
        "start_to_observed_completion_ms": 3.884540999999899,
        "submit_to_observed_completion_ms": 1.9339579999998477,
        "continuous_iteration_ms": 1.9529999494552612,
        "frame_ms": 1.9529999494552612,
        "component_sum_ms": 1.9500410556793213,
        "tick_ms": 0.2837499976158142,
        "dynamic_mesh_ms": 0.8401250243186951,
        "encode_ms": 0.7952499985694885,
        "admission_or_completion_ms": 0.0309160016477108
      },
      {
        "index": 24,
        "started_ms": 1217.806875,
        "submitted_ms": 1219.739041,
        "observed_completed_ms": 1221.590541,
        "start_to_observed_completion_ms": 3.7836660000000393,
        "submit_to_observed_completion_ms": 1.8514999999999873,
        "continuous_iteration_ms": 1.93483304977417,
        "frame_ms": 1.93483304977417,
        "component_sum_ms": 1.9317909479141235,
        "tick_ms": 0.19995799660682678,
        "dynamic_mesh_ms": 0.8376669883728027,
        "encode_ms": 0.8639159798622131,
        "admission_or_completion_ms": 0.030249997973442078
      },
      {
        "index": 25,
        "started_ms": 1219.741708,
        "submitted_ms": 1221.591083,
        "observed_completed_ms": 1223.339291,
        "start_to_observed_completion_ms": 3.597582999999986,
        "submit_to_observed_completion_ms": 1.748207999999977,
        "continuous_iteration_ms": 1.8517498970031738,
        "frame_ms": 1.8517498970031738,
        "component_sum_ms": 1.8492499589920044,
        "tick_ms": 0.2057499885559082,
        "dynamic_mesh_ms": 0.8575000166893005,
        "encode_ms": 0.785332977771759,
        "admission_or_completion_ms": 0.0006670000148005784
      },
      {
        "index": 26,
        "started_ms": 1221.593458,
        "submitted_ms": 1223.339708,
        "observed_completed_ms": 1225.167583,
        "start_to_observed_completion_ms": 3.574124999999867,
        "submit_to_observed_completion_ms": 1.827874999999949,
        "continuous_iteration_ms": 1.7478749752044678,
        "frame_ms": 1.7478749752044678,
        "component_sum_ms": 1.7459999322891235,
        "tick_ms": 0.19816701114177704,
        "dynamic_mesh_ms": 0.8184579610824585,
        "encode_ms": 0.728833019733429,
        "admission_or_completion_ms": 0.0005420000525191426
      },
      {
        "index": 27,
        "started_ms": 1223.341333,
        "submitted_ms": 1225.167958,
        "observed_completed_ms": 1226.883291,
        "start_to_observed_completion_ms": 3.5419580000000224,
        "submit_to_observed_completion_ms": 1.7153330000001006,
        "continuous_iteration_ms": 1.8284580707550049,
        "frame_ms": 1.8284580707550049,
        "component_sum_ms": 1.8262500762939453,
        "tick_ms": 0.312624990940094,
        "dynamic_mesh_ms": 0.7932499647140503,
        "encode_ms": 0.7199169993400574,
        "admission_or_completion_ms": 0.0004579999949783087
      },
      {
        "index": 28,
        "started_ms": 1225.1697909999998,
        "submitted_ms": 1226.88375,
        "observed_completed_ms": 1228.529333,
        "start_to_observed_completion_ms": 3.359542000000147,
        "submit_to_observed_completion_ms": 1.6455829999999878,
        "continuous_iteration_ms": 1.7164170742034912,
        "frame_ms": 1.7164170742034912,
        "component_sum_ms": 1.7139159440994263,
        "tick_ms": 0.12070799618959427,
        "dynamic_mesh_ms": 0.7960830330848694,
        "encode_ms": 0.7963749766349792,
        "admission_or_completion_ms": 0.000750000006519258
      },
      {
        "index": 29,
        "started_ms": 1226.8862080000001,
        "submitted_ms": 1228.529791,
        "observed_completed_ms": 1230.2117079999998,
        "start_to_observed_completion_ms": 3.3254999999996926,
        "submit_to_observed_completion_ms": 1.6819169999998849,
        "continuous_iteration_ms": 1.645082950592041,
        "frame_ms": 1.645082950592041,
        "component_sum_ms": 1.6435000896453857,
        "tick_ms": 0.13779199123382568,
        "dynamic_mesh_ms": 0.7944999933242798,
        "encode_ms": 0.7108330130577087,
        "admission_or_completion_ms": 0.000375000003259629
      },
      {
        "index": 30,
        "started_ms": 1228.531291,
        "submitted_ms": 1230.21225,
        "observed_completed_ms": 1233.097375,
        "start_to_observed_completion_ms": 4.566084000000046,
        "submit_to_observed_completion_ms": 2.8851250000000164,
        "continuous_iteration_ms": 1.6833339929580688,
        "frame_ms": 1.6833339929580688,
        "component_sum_ms": 1.6808770895004272,
        "tick_ms": 0.1471250057220459,
        "dynamic_mesh_ms": 0.770458996295929,
        "encode_ms": 0.7627090215682983,
        "admission_or_completion_ms": 0.0005840000230818987
      },
      {
        "index": 31,
        "started_ms": 1230.2146249999998,
        "submitted_ms": 1232.057,
        "observed_completed_ms": 1234.842166,
        "start_to_observed_completion_ms": 4.627541000000065,
        "submit_to_observed_completion_ms": 2.78516599999989,
        "continuous_iteration_ms": 1.84499990940094,
        "frame_ms": 1.84499990940094,
        "component_sum_ms": 1.8423750400543213,
        "tick_ms": 0.21645799279212952,
        "dynamic_mesh_ms": 0.7690410017967224,
        "encode_ms": 0.8562090396881104,
        "admission_or_completion_ms": 0.0006670000148005784
      },
      {
        "index": 32,
        "started_ms": 1232.059625,
        "submitted_ms": 1233.8689160000001,
        "observed_completed_ms": 1235.564125,
        "start_to_observed_completion_ms": 3.5045000000000073,
        "submit_to_observed_completion_ms": 1.695208999999977,
        "continuous_iteration_ms": 1.8200830221176147,
        "frame_ms": 1.8200830221176147,
        "component_sum_ms": 1.8089590072631836,
        "tick_ms": 0.1879579871892929,
        "dynamic_mesh_ms": 0.8194580078125,
        "encode_ms": 0.7708750367164612,
        "admission_or_completion_ms": 0.030667999759316444
      },
      {
        "index": 33,
        "started_ms": 1233.879708,
        "submitted_ms": 1235.564291,
        "observed_completed_ms": 1237.1823749999999,
        "start_to_observed_completion_ms": 3.3026669999999285,
        "submit_to_observed_completion_ms": 1.6180839999999534,
        "continuous_iteration_ms": 1.6867079734802246,
        "frame_ms": 1.6867079734802246,
        "component_sum_ms": 1.6841239929199219,
        "tick_ms": 0.1282080113887787,
        "dynamic_mesh_ms": 0.8114579916000366,
        "encode_ms": 0.7215409874916077,
        "admission_or_completion_ms": 0.022916998714208603
      },
      {
        "index": 34,
        "started_ms": 1235.566416,
        "submitted_ms": 1237.182916,
        "observed_completed_ms": 1238.92975,
        "start_to_observed_completion_ms": 3.3633340000001226,
        "submit_to_observed_completion_ms": 1.7468340000000353,
        "continuous_iteration_ms": 1.6178339719772339,
        "frame_ms": 1.6178339719772339,
        "component_sum_ms": 1.6164579391479492,
        "tick_ms": 0.12825000286102295,
        "dynamic_mesh_ms": 0.7824169993400574,
        "encode_ms": 0.7053329944610596,
        "admission_or_completion_ms": 0.0004579999949783087
      },
      {
        "index": 35,
        "started_ms": 1237.18425,
        "submitted_ms": 1238.930125,
        "observed_completed_ms": 1240.819166,
        "start_to_observed_completion_ms": 3.6349159999999756,
        "submit_to_observed_completion_ms": 1.8890409999999065,
        "continuous_iteration_ms": 1.7476249933242798,
        "frame_ms": 1.7476249933242798,
        "component_sum_ms": 1.7457910776138306,
        "tick_ms": 0.1876250058412552,
        "dynamic_mesh_ms": 0.7686659693717957,
        "encode_ms": 0.7889170050621033,
        "admission_or_completion_ms": 0.0005830000154674053
      },
      {
        "index": 36,
        "started_ms": 1238.931875,
        "submitted_ms": 1240.8197910000001,
        "observed_completed_ms": 1242.730041,
        "start_to_observed_completion_ms": 3.7981660000000375,
        "submit_to_observed_completion_ms": 1.9102499999999054,
        "continuous_iteration_ms": 1.8906660079956055,
        "frame_ms": 1.8906660079956055,
        "component_sum_ms": 1.8878331184387207,
        "tick_ms": 0.2993749976158142,
        "dynamic_mesh_ms": 0.7826250195503235,
        "encode_ms": 0.8050000071525574,
        "admission_or_completion_ms": 0.0008329999982379377
      },
      {
        "index": 37,
        "started_ms": 1240.822541,
        "submitted_ms": 1242.73075,
        "observed_completed_ms": 1244.456708,
        "start_to_observed_completion_ms": 3.634166999999934,
        "submit_to_observed_completion_ms": 1.7259579999999914,
        "continuous_iteration_ms": 1.911458969116211,
        "frame_ms": 1.911458969116211,
        "component_sum_ms": 1.9081240892410278,
        "tick_ms": 0.2058749943971634,
        "dynamic_mesh_ms": 0.8035410046577454,
        "encode_ms": 0.8971670269966125,
        "admission_or_completion_ms": 0.0015410000924021006
      },
      {
        "index": 38,
        "started_ms": 1242.734,
        "submitted_ms": 1244.4571250000001,
        "observed_completed_ms": 1246.318916,
        "start_to_observed_completion_ms": 3.584916000000021,
        "submit_to_observed_completion_ms": 1.861790999999812,
        "continuous_iteration_ms": 1.7247910499572754,
        "frame_ms": 1.7247910499572754,
        "component_sum_ms": 1.7229158878326416,
        "tick_ms": 0.18854200839996338,
        "dynamic_mesh_ms": 0.8018329739570618,
        "encode_ms": 0.7319999933242798,
        "admission_or_completion_ms": 0.0005410000449046493
      },
      {
        "index": 39,
        "started_ms": 1244.458791,
        "submitted_ms": 1246.319375,
        "observed_completed_ms": 1247.954083,
        "start_to_observed_completion_ms": 3.495292000000063,
        "submit_to_observed_completion_ms": 1.634708000000046,
        "continuous_iteration_ms": 1.8623340129852295,
        "frame_ms": 1.8623340129852295,
        "component_sum_ms": 1.8605430126190186,
        "tick_ms": 0.2970840036869049,
        "dynamic_mesh_ms": 0.8016669750213623,
        "encode_ms": 0.7609999775886536,
        "admission_or_completion_ms": 0.0007919999770820141
      },
      {
        "index": 40,
        "started_ms": 1246.321125,
        "submitted_ms": 1247.954416,
        "observed_completed_ms": 1249.603041,
        "start_to_observed_completion_ms": 3.2819160000001375,
        "submit_to_observed_completion_ms": 1.6486250000000382,
        "continuous_iteration_ms": 1.634708046913147,
        "frame_ms": 1.634708046913147,
        "component_sum_ms": 1.6330420970916748,
        "tick_ms": 0.12391699105501175,
        "dynamic_mesh_ms": 0.7928339838981628,
        "encode_ms": 0.7158750295639038,
        "admission_or_completion_ms": 0.0004160000244155526
      },
      {
        "index": 41,
        "started_ms": 1247.955833,
        "submitted_ms": 1249.6032910000001,
        "observed_completed_ms": 1251.39325,
        "start_to_observed_completion_ms": 3.437417000000096,
        "submit_to_observed_completion_ms": 1.7899589999999534,
        "continuous_iteration_ms": 1.6487079858779907,
        "frame_ms": 1.6487079858779907,
        "component_sum_ms": 1.6473329067230225,
        "tick_ms": 0.13141699135303497,
        "dynamic_mesh_ms": 0.7958329916000366,
        "encode_ms": 0.7197079658508301,
        "admission_or_completion_ms": 0.000375000003259629
      },
      {
        "index": 42,
        "started_ms": 1249.6045410000002,
        "submitted_ms": 1251.3937079999998,
        "observed_completed_ms": 1253.165833,
        "start_to_observed_completion_ms": 3.5612919999998667,
        "submit_to_observed_completion_ms": 1.7721250000001874,
        "continuous_iteration_ms": 1.79087495803833,
        "frame_ms": 1.79087495803833,
        "component_sum_ms": 1.789085030555725,
        "tick_ms": 0.24729198217391968,
        "dynamic_mesh_ms": 0.7747089862823486,
        "encode_ms": 0.7664999961853027,
        "admission_or_completion_ms": 0.0005840000230818987
      },
      {
        "index": 43,
        "started_ms": 1251.395416,
        "submitted_ms": 1253.166,
        "observed_completed_ms": 1254.845708,
        "start_to_observed_completion_ms": 3.4502919999999904,
        "submit_to_observed_completion_ms": 1.6797080000001188,
        "continuous_iteration_ms": 1.7719169855117798,
        "frame_ms": 1.7719169855117798,
        "component_sum_ms": 1.770416021347046,
        "tick_ms": 0.2673330008983612,
        "dynamic_mesh_ms": 0.7778329849243164,
        "encode_ms": 0.7247920036315918,
        "admission_or_completion_ms": 0.0004579999949783087
      },
      {
        "index": 44,
        "started_ms": 1253.1673329999999,
        "submitted_ms": 1254.8459579999999,
        "observed_completed_ms": 1256.4585,
        "start_to_observed_completion_ms": 3.2911670000000868,
        "submit_to_observed_completion_ms": 1.6125420000000759,
        "continuous_iteration_ms": 1.6801670789718628,
        "frame_ms": 1.6801670789718628,
        "component_sum_ms": 1.6786249876022339,
        "tick_ms": 0.12433300167322159,
        "dynamic_mesh_ms": 0.7901250123977661,
        "encode_ms": 0.7636669874191284,
        "admission_or_completion_ms": 0.0005000000237487257
      },
      {
        "index": 45,
        "started_ms": 1254.8474999999999,
        "submitted_ms": 1256.4587080000001,
        "observed_completed_ms": 1258.115916,
        "start_to_observed_completion_ms": 3.2684160000001157,
        "submit_to_observed_completion_ms": 1.657207999999855,
        "continuous_iteration_ms": 1.6123329401016235,
        "frame_ms": 1.6123329401016235,
        "component_sum_ms": 1.6109579801559448,
        "tick_ms": 0.14812499284744263,
        "dynamic_mesh_ms": 0.7766249775886536,
        "encode_ms": 0.6857500076293945,
        "admission_or_completion_ms": 0.0004579999949783087
      },
      {
        "index": 46,
        "started_ms": 1256.4598330000001,
        "submitted_ms": 1258.116083,
        "observed_completed_ms": 1260.022375,
        "start_to_observed_completion_ms": 3.562541999999894,
        "submit_to_observed_completion_ms": 1.9062920000001213,
        "continuous_iteration_ms": 1.6574170589447021,
        "frame_ms": 1.6574170589447021,
        "component_sum_ms": 1.6560430526733398,
        "tick_ms": 0.2207920104265213,
        "dynamic_mesh_ms": 0.761792004108429,
        "encode_ms": 0.6730419993400574,
        "admission_or_completion_ms": 0.00041700000292621553
      },
      {
        "index": 47,
        "started_ms": 1258.11725,
        "submitted_ms": 1260.023041,
        "observed_completed_ms": 1261.7255,
        "start_to_observed_completion_ms": 3.608249999999998,
        "submit_to_observed_completion_ms": 1.7024590000000899,
        "continuous_iteration_ms": 1.9086250066757202,
        "frame_ms": 1.9086250066757202,
        "component_sum_ms": 1.9055429697036743,
        "tick_ms": 0.1322920024394989,
        "dynamic_mesh_ms": 0.8459590077400208,
        "encode_ms": 0.9262909889221191,
        "admission_or_completion_ms": 0.0010009999386966228
      },
      {
        "index": 48,
        "started_ms": 1260.025875,
        "submitted_ms": 1261.725916,
        "observed_completed_ms": 1263.4540410000002,
        "start_to_observed_completion_ms": 3.4281660000001466,
        "submit_to_observed_completion_ms": 1.728125000000091,
        "continuous_iteration_ms": 1.7018330097198486,
        "frame_ms": 1.7018330097198486,
        "component_sum_ms": 1.6999170780181885,
        "tick_ms": 0.15175001323223114,
        "dynamic_mesh_ms": 0.8101250529289246,
        "encode_ms": 0.7374579906463623,
        "admission_or_completion_ms": 0.0005840000230818987
      },
      {
        "index": 49,
        "started_ms": 1261.727708,
        "submitted_ms": 1263.454541,
        "observed_completed_ms": 1266.328375,
        "start_to_observed_completion_ms": 4.600667000000158,
        "submit_to_observed_completion_ms": 2.873833999999988,
        "continuous_iteration_ms": 1.7291250228881836,
        "frame_ms": 1.7291250228881836,
        "component_sum_ms": 1.7267500162124634,
        "tick_ms": 0.1449590027332306,
        "dynamic_mesh_ms": 0.8044160008430481,
        "encode_ms": 0.7768329977989197,
        "admission_or_completion_ms": 0.0005420000525191426
      },
      {
        "index": 50,
        "started_ms": 1263.456833,
        "submitted_ms": 1265.216458,
        "observed_completed_ms": 1268.071833,
        "start_to_observed_completion_ms": 4.615000000000009,
        "submit_to_observed_completion_ms": 2.855374999999867,
        "continuous_iteration_ms": 1.7669169902801514,
        "frame_ms": 1.7669169902801514,
        "component_sum_ms": 1.7594588994979858,
        "tick_ms": 0.13574999570846558,
        "dynamic_mesh_ms": 0.7892919778823853,
        "encode_ms": 0.833791971206665,
        "admission_or_completion_ms": 0.0006249999860301614
      },
      {
        "index": 51,
        "started_ms": 1265.22375,
        "submitted_ms": 1267.086666,
        "observed_completed_ms": 1269.7285410000002,
        "start_to_observed_completion_ms": 4.504791000000068,
        "submit_to_observed_completion_ms": 2.6418750000002547,
        "continuous_iteration_ms": 1.8655409812927246,
        "frame_ms": 1.8655409812927246,
        "component_sum_ms": 1.8627079725265503,
        "tick_ms": 0.16233401000499725,
        "dynamic_mesh_ms": 0.9119160175323486,
        "encode_ms": 0.7578330039978027,
        "admission_or_completion_ms": 0.0306249987334013
      },
      {
        "index": 52,
        "started_ms": 1267.089291,
        "submitted_ms": 1268.78325,
        "observed_completed_ms": 1270.475958,
        "start_to_observed_completion_ms": 3.3866669999999885,
        "submit_to_observed_completion_ms": 1.6927080000000387,
        "continuous_iteration_ms": 1.6955840587615967,
        "frame_ms": 1.6955840587615967,
        "component_sum_ms": 1.693750023841858,
        "tick_ms": 0.15195900201797485,
        "dynamic_mesh_ms": 0.8055000305175781,
        "encode_ms": 0.7108750343322754,
        "admission_or_completion_ms": 0.025415999814867973
      },
      {
        "index": 53,
        "started_ms": 1268.7848749999998,
        "submitted_ms": 1270.4766250000002,
        "observed_completed_ms": 1272.193375,
        "start_to_observed_completion_ms": 3.408500000000231,
        "submit_to_observed_completion_ms": 1.71674999999982,
        "continuous_iteration_ms": 1.6944160461425781,
        "frame_ms": 1.6944160461425781,
        "component_sum_ms": 1.6919159889221191,
        "tick_ms": 0.1324169933795929,
        "dynamic_mesh_ms": 0.7912909984588623,
        "encode_ms": 0.7478750348091125,
        "admission_or_completion_ms": 0.020332999527454376
      },
      {
        "index": 54,
        "started_ms": 1270.479291,
        "submitted_ms": 1272.1943330000001,
        "observed_completed_ms": 1274.0347080000001,
        "start_to_observed_completion_ms": 3.555417000000034,
        "submit_to_observed_completion_ms": 1.8403749999999945,
        "continuous_iteration_ms": 1.7180418968200684,
        "frame_ms": 1.7180418968200684,
        "component_sum_ms": 1.7150840759277344,
        "tick_ms": 0.14833299815654755,
        "dynamic_mesh_ms": 0.789417028427124,
        "encode_ms": 0.7765420079231262,
        "admission_or_completion_ms": 0.0007919999770820141
      },
      {
        "index": 55,
        "started_ms": 1272.197333,
        "submitted_ms": 1274.035,
        "observed_completed_ms": 1275.783791,
        "start_to_observed_completion_ms": 3.5864579999999933,
        "submit_to_observed_completion_ms": 1.7487909999999829,
        "continuous_iteration_ms": 1.8389580249786377,
        "frame_ms": 1.8389580249786377,
        "component_sum_ms": 1.8373749256134033,
        "tick_ms": 0.16579198837280273,
        "dynamic_mesh_ms": 0.859125018119812,
        "encode_ms": 0.8119170069694519,
        "admission_or_completion_ms": 0.0005410000449046493
      },
      {
        "index": 56,
        "started_ms": 1274.0362910000001,
        "submitted_ms": 1275.784166,
        "observed_completed_ms": 1277.409583,
        "start_to_observed_completion_ms": 3.373291999999992,
        "submit_to_observed_completion_ms": 1.6254170000001977,
        "continuous_iteration_ms": 1.7490419149398804,
        "frame_ms": 1.7490419149398804,
        "component_sum_ms": 1.7477500438690186,
        "tick_ms": 0.13308300077915192,
        "dynamic_mesh_ms": 0.820667028427124,
        "encode_ms": 0.7935829758644104,
        "admission_or_completion_ms": 0.00041700000292621553
      },
      {
        "index": 57,
        "started_ms": 1275.785333,
        "submitted_ms": 1277.4099159999998,
        "observed_completed_ms": 1279.09625,
        "start_to_observed_completion_ms": 3.3109170000000177,
        "submit_to_observed_completion_ms": 1.6863340000002154,
        "continuous_iteration_ms": 1.625749945640564,
        "frame_ms": 1.625749945640564,
        "component_sum_ms": 1.6244590282440186,
        "tick_ms": 0.13212500512599945,
        "dynamic_mesh_ms": 0.7918750047683716,
        "encode_ms": 0.699999988079071,
        "admission_or_completion_ms": 0.00045900000259280205
      },
      {
        "index": 58,
        "started_ms": 1277.411083,
        "submitted_ms": 1279.0966660000001,
        "observed_completed_ms": 1280.85525,
        "start_to_observed_completion_ms": 3.444167000000107,
        "submit_to_observed_completion_ms": 1.758583999999928,
        "continuous_iteration_ms": 1.6872079372406006,
        "frame_ms": 1.6872079372406006,
        "component_sum_ms": 1.6855400800704956,
        "tick_ms": 0.13791599869728088,
        "dynamic_mesh_ms": 0.807666003704071,
        "encode_ms": 0.7393749952316284,
        "admission_or_completion_ms": 0.0005830000154674053
      },
      {
        "index": 59,
        "started_ms": 1279.098291,
        "submitted_ms": 1280.855875,
        "observed_completed_ms": 1282.5729999999999,
        "start_to_observed_completion_ms": 3.474708999999848,
        "submit_to_observed_completion_ms": 1.7171249999998963,
        "continuous_iteration_ms": 1.7604169845581055,
        "frame_ms": 1.7604169845581055,
        "component_sum_ms": 1.7577080726623535,
        "tick_ms": 0.1289999932050705,
        "dynamic_mesh_ms": 0.7979580163955688,
        "encode_ms": 0.8301250338554382,
        "admission_or_completion_ms": 0.0006249999860301614
      },
      {
        "index": 60,
        "started_ms": 1280.858708,
        "submitted_ms": 1282.885416,
        "observed_completed_ms": 1284.629291,
        "start_to_observed_completion_ms": 3.770582999999988,
        "submit_to_observed_completion_ms": 1.743874999999889,
        "continuous_iteration_ms": 2.0318329334259033,
        "frame_ms": 2.0318329334259033,
        "component_sum_ms": 2.026249885559082,
        "tick_ms": 0.36445802450180054,
        "dynamic_mesh_ms": 0.8513749837875366,
        "encode_ms": 0.8095830082893372,
        "admission_or_completion_ms": 0.0008340000058524311
      },
      {
        "index": 61,
        "started_ms": 1282.890541,
        "submitted_ms": 1285.004166,
        "observed_completed_ms": 1286.790416,
        "start_to_observed_completion_ms": 3.8998750000000655,
        "submit_to_observed_completion_ms": 1.7862500000001091,
        "continuous_iteration_ms": 2.1156249046325684,
        "frame_ms": 2.1156249046325684,
        "component_sum_ms": 2.1136250495910645,
        "tick_ms": 0.5212090015411377,
        "dynamic_mesh_ms": 0.7963330149650574,
        "encode_ms": 0.795166015625,
        "admission_or_completion_ms": 0.0009169999975711107
      },
      {
        "index": 62,
        "started_ms": 1285.0061660000001,
        "submitted_ms": 1287.1105,
        "observed_completed_ms": 1289.039,
        "start_to_observed_completion_ms": 4.032833999999866,
        "submit_to_observed_completion_ms": 1.9284999999999854,
        "continuous_iteration_ms": 2.1062090396881104,
        "frame_ms": 2.1062090396881104,
        "component_sum_ms": 2.104249954223633,
        "tick_ms": 0.5033329725265503,
        "dynamic_mesh_ms": 0.8374589681625366,
        "encode_ms": 0.7628750205039978,
        "admission_or_completion_ms": 0.0005830000154674053
      },
      {
        "index": 63,
        "started_ms": 1287.112375,
        "submitted_ms": 1289.039583,
        "observed_completed_ms": 1290.7624580000002,
        "start_to_observed_completion_ms": 3.6500830000002225,
        "submit_to_observed_completion_ms": 1.7228750000001583,
        "continuous_iteration_ms": 1.9290000200271606,
        "frame_ms": 1.9290000200271606,
        "component_sum_ms": 1.927042007446289,
        "tick_ms": 0.3252919912338257,
        "dynamic_mesh_ms": 0.8138329982757568,
        "encode_ms": 0.7873330116271973,
        "admission_or_completion_ms": 0.0005840000230818987
      },
      {
        "index": 64,
        "started_ms": 1289.041375,
        "submitted_ms": 1290.76275,
        "observed_completed_ms": 1292.5955,
        "start_to_observed_completion_ms": 3.5541249999998854,
        "submit_to_observed_completion_ms": 1.8327499999998054,
        "continuous_iteration_ms": 1.7239160537719727,
        "frame_ms": 1.7239160537719727,
        "component_sum_ms": 1.7212920188903809,
        "tick_ms": 0.22112499177455902,
        "dynamic_mesh_ms": 0.7923750281333923,
        "encode_ms": 0.7072920203208923,
        "admission_or_completion_ms": 0.0005000000237487257
      },
      {
        "index": 65,
        "started_ms": 1290.765291,
        "submitted_ms": 1292.596375,
        "observed_completed_ms": 1294.392625,
        "start_to_observed_completion_ms": 3.627334000000019,
        "submit_to_observed_completion_ms": 1.7962499999998727,
        "continuous_iteration_ms": 1.8353339433670044,
        "frame_ms": 1.8353339433670044,
        "component_sum_ms": 1.8308769464492798,
        "tick_ms": 0.19770899415016174,
        "dynamic_mesh_ms": 0.781374990940094,
        "encode_ms": 0.8512089848518372,
        "admission_or_completion_ms": 0.0005840000230818987
      },
      {
        "index": 66,
        "started_ms": 1292.600625,
        "submitted_ms": 1294.392958,
        "observed_completed_ms": 1296.103625,
        "start_to_observed_completion_ms": 3.502999999999929,
        "submit_to_observed_completion_ms": 1.7106670000000577,
        "continuous_iteration_ms": 1.795665979385376,
        "frame_ms": 1.795665979385376,
        "component_sum_ms": 1.7920831441879272,
        "tick_ms": 0.20645800232887268,
        "dynamic_mesh_ms": 0.8041660189628601,
        "encode_ms": 0.7809169888496399,
        "admission_or_completion_ms": 0.0005419999943114817
      },
      {
        "index": 67,
        "started_ms": 1294.396291,
        "submitted_ms": 1296.1039999999998,
        "observed_completed_ms": 1297.858958,
        "start_to_observed_completion_ms": 3.4626670000000104,
        "submit_to_observed_completion_ms": 1.7549580000002152,
        "continuous_iteration_ms": 1.7099169492721558,
        "frame_ms": 1.7099169492721558,
        "component_sum_ms": 1.707666039466858,
        "tick_ms": 0.18416699767112732,
        "dynamic_mesh_ms": 0.7989159822463989,
        "encode_ms": 0.7241250276565552,
        "admission_or_completion_ms": 0.0004579999949783087
      },
      {
        "index": 68,
        "started_ms": 1296.106208,
        "submitted_ms": 1297.8599159999999,
        "observed_completed_ms": 1301.861416,
        "start_to_observed_completion_ms": 5.755208000000039,
        "submit_to_observed_completion_ms": 4.001500000000078,
        "continuous_iteration_ms": 1.7558749914169312,
        "frame_ms": 1.7558749914169312,
        "component_sum_ms": 1.7534170150756836,
        "tick_ms": 0.17991699278354645,
        "dynamic_mesh_ms": 0.7961670160293579,
        "encode_ms": 0.7767080068588257,
        "admission_or_completion_ms": 0.0006249999860301614
      },
      {
        "index": 69,
        "started_ms": 1297.862083,
        "submitted_ms": 1299.673041,
        "observed_completed_ms": 1302.239875,
        "start_to_observed_completion_ms": 4.3777919999999995,
        "submit_to_observed_completion_ms": 2.5668339999999716,
        "continuous_iteration_ms": 1.8134169578552246,
        "frame_ms": 1.8134169578552246,
        "component_sum_ms": 1.8108751773834229,
        "tick_ms": 0.24970801174640656,
        "dynamic_mesh_ms": 0.7972500324249268,
        "encode_ms": 0.7632080316543579,
        "admission_or_completion_ms": 0.0007090000435709953
      },
      {
        "index": 70,
        "started_ms": 1299.6755,
        "submitted_ms": 1302.5703330000001,
        "observed_completed_ms": 1305.4172500000002,
        "start_to_observed_completion_ms": 5.741750000000138,
        "submit_to_observed_completion_ms": 2.846917000000076,
        "continuous_iteration_ms": 2.8966660499572754,
        "frame_ms": 2.8966660499572754,
        "component_sum_ms": 2.8946661949157715,
        "tick_ms": 0.12574999034404755,
        "dynamic_mesh_ms": 0.7740830183029175,
        "encode_ms": 0.7083750367164612,
        "admission_or_completion_ms": 1.2864580154418945
      },
      {
        "index": 71,
        "started_ms": 1302.572166,
        "submitted_ms": 1304.412125,
        "observed_completed_ms": 1306.128208,
        "start_to_observed_completion_ms": 3.5560420000001614,
        "submit_to_observed_completion_ms": 1.716083000000026,
        "continuous_iteration_ms": 1.8423340320587158,
        "frame_ms": 1.8423340320587158,
        "component_sum_ms": 1.8397091627120972,
        "tick_ms": 0.227292001247406,
        "dynamic_mesh_ms": 0.8355000019073486,
        "encode_ms": 0.7762920260429382,
        "admission_or_completion_ms": 0.0006249999860301614
      },
      {
        "index": 72,
        "started_ms": 1304.4145,
        "submitted_ms": 1306.1286249999998,
        "observed_completed_ms": 1307.83825,
        "start_to_observed_completion_ms": 3.4237499999999272,
        "submit_to_observed_completion_ms": 1.7096250000001874,
        "continuous_iteration_ms": 1.7151659727096558,
        "frame_ms": 1.7151659727096558,
        "component_sum_ms": 1.713541030883789,
        "tick_ms": 0.18366599082946777,
        "dynamic_mesh_ms": 0.7945420145988464,
        "encode_ms": 0.7109169960021973,
        "admission_or_completion_ms": 0.0244159996509552
      },
      {
        "index": 73,
        "started_ms": 1306.1296659999998,
        "submitted_ms": 1307.838541,
        "observed_completed_ms": 1309.752708,
        "start_to_observed_completion_ms": 3.6230420000001686,
        "submit_to_observed_completion_ms": 1.9141669999999067,
        "continuous_iteration_ms": 1.7101249694824219,
        "frame_ms": 1.7101249694824219,
        "component_sum_ms": 1.7086670398712158,
        "tick_ms": 0.1936659961938858,
        "dynamic_mesh_ms": 0.7847499847412109,
        "encode_ms": 0.7298750281333923,
        "admission_or_completion_ms": 0.0003760000108741224
      },
      {
        "index": 74,
        "started_ms": 1307.8397909999999,
        "submitted_ms": 1309.7531660000002,
        "observed_completed_ms": 1311.386583,
        "start_to_observed_completion_ms": 3.546792000000096,
        "submit_to_observed_completion_ms": 1.6334169999997812,
        "continuous_iteration_ms": 1.9162919521331787,
        "frame_ms": 1.9162919521331787,
        "component_sum_ms": 1.9132080078125,
        "tick_ms": 0.3006660044193268,
        "dynamic_mesh_ms": 0.8002499938011169,
        "encode_ms": 0.8116250038146973,
        "admission_or_completion_ms": 0.0006670000148005784
      },
      {
        "index": 75,
        "started_ms": 1309.756083,
        "submitted_ms": 1311.386916,
        "observed_completed_ms": 1313.0597500000001,
        "start_to_observed_completion_ms": 3.3036670000001322,
        "submit_to_observed_completion_ms": 1.6728340000001936,
        "continuous_iteration_ms": 1.632207989692688,
        "frame_ms": 1.632207989692688,
        "component_sum_ms": 1.6302490234375,
        "tick_ms": 0.1350409984588623,
        "dynamic_mesh_ms": 0.7801669836044312,
        "encode_ms": 0.7145829796791077,
        "admission_or_completion_ms": 0.0004579999949783087
      },
      {
        "index": 76,
        "started_ms": 1311.3882910000002,
        "submitted_ms": 1313.06025,
        "observed_completed_ms": 1314.886583,
        "start_to_observed_completion_ms": 3.498291999999765,
        "submit_to_observed_completion_ms": 1.826332999999977,
        "continuous_iteration_ms": 1.6744999885559082,
        "frame_ms": 1.6744999885559082,
        "component_sum_ms": 1.6719589233398438,
        "tick_ms": 0.1505419909954071,
        "dynamic_mesh_ms": 0.7937920093536377,
        "encode_ms": 0.7270839810371399,
        "admission_or_completion_ms": 0.0005409999866969883
      },
      {
        "index": 77,
        "started_ms": 1313.062791,
        "submitted_ms": 1314.887583,
        "observed_completed_ms": 1317.837541,
        "start_to_observed_completion_ms": 4.77475000000004,
        "submit_to_observed_completion_ms": 2.9499580000001515,
        "continuous_iteration_ms": 1.8294169902801514,
        "frame_ms": 1.8294169902801514,
        "component_sum_ms": 1.8247910737991333,
        "tick_ms": 0.2270829975605011,
        "dynamic_mesh_ms": 0.761916995048523,
        "encode_ms": 0.835207998752594,
        "admission_or_completion_ms": 0.0005830000154674053
      },
      {
        "index": 78,
        "started_ms": 1314.892208,
        "submitted_ms": 1316.849,
        "observed_completed_ms": 1318.550916,
        "start_to_observed_completion_ms": 3.6587079999999332,
        "submit_to_observed_completion_ms": 1.7019159999999829,
        "continuous_iteration_ms": 1.9594579935073853,
        "frame_ms": 1.9594579935073853,
        "component_sum_ms": 1.9562091827392578,
        "tick_ms": 0.13333401083946228,
        "dynamic_mesh_ms": 0.8322080373764038,
        "encode_ms": 0.9894999861717224,
        "admission_or_completion_ms": 0.001167000038549304
      },
      {
        "index": 79,
        "started_ms": 1316.851666,
        "submitted_ms": 1318.551416,
        "observed_completed_ms": 1320.3311250000002,
        "start_to_observed_completion_ms": 3.4794590000001335,
        "submit_to_observed_completion_ms": 1.779709000000139,
        "continuous_iteration_ms": 1.7015000581741333,
        "frame_ms": 1.7015000581741333,
        "component_sum_ms": 1.699415922164917,
        "tick_ms": 0.1373330056667328,
        "dynamic_mesh_ms": 0.8205830454826355,
        "encode_ms": 0.7132909893989563,
        "admission_or_completion_ms": 0.02820899896323681
      },
      {
        "index": 80,
        "started_ms": 1318.5531660000001,
        "submitted_ms": 1320.331458,
        "observed_completed_ms": 1322.119875,
        "start_to_observed_completion_ms": 3.566708999999946,
        "submit_to_observed_completion_ms": 1.7884169999999813,
        "continuous_iteration_ms": 1.779792070388794,
        "frame_ms": 1.779792070388794,
        "component_sum_ms": 1.7780400514602661,
        "tick_ms": 0.25804099440574646,
        "dynamic_mesh_ms": 0.7958329916000366,
        "encode_ms": 0.7237920165061951,
        "admission_or_completion_ms": 0.00037399999564513564
      },
      {
        "index": 81,
        "started_ms": 1320.332958,
        "submitted_ms": 1322.120166,
        "observed_completed_ms": 1323.8771250000002,
        "start_to_observed_completion_ms": 3.544167000000243,
        "submit_to_observed_completion_ms": 1.756959000000279,
        "continuous_iteration_ms": 1.7889169454574585,
        "frame_ms": 1.7889169454574585,
        "component_sum_ms": 1.7871241569519043,
        "tick_ms": 0.26533299684524536,
        "dynamic_mesh_ms": 0.7862080335617065,
        "encode_ms": 0.7351250052452087,
        "admission_or_completion_ms": 0.0004579999949783087
      },
      {
        "index": 82,
        "started_ms": 1322.121875,
        "submitted_ms": 1323.877333,
        "observed_completed_ms": 1325.528875,
        "start_to_observed_completion_ms": 3.4069999999999254,
        "submit_to_observed_completion_ms": 1.6515420000000631,
        "continuous_iteration_ms": 1.7568330764770508,
        "frame_ms": 1.7568330764770508,
        "component_sum_ms": 1.7552499771118164,
        "tick_ms": 0.24199999868869781,
        "dynamic_mesh_ms": 0.7864170074462891,
        "encode_ms": 0.7263749837875366,
        "admission_or_completion_ms": 0.00045800002408213913
      },
      {
        "index": 83,
        "started_ms": 1323.878708,
        "submitted_ms": 1325.5292080000002,
        "observed_completed_ms": 1327.273291,
        "start_to_observed_completion_ms": 3.3945830000000115,
        "submit_to_observed_completion_ms": 1.7440829999998186,
        "continuous_iteration_ms": 1.6522499322891235,
        "frame_ms": 1.6522499322891235,
        "component_sum_ms": 1.6502498388290405,
        "tick_ms": 0.13016699254512787,
        "dynamic_mesh_ms": 0.7812919616699219,
        "encode_ms": 0.7384169697761536,
        "admission_or_completion_ms": 0.00037399999564513564
      },
      {
        "index": 84,
        "started_ms": 1325.5309579999998,
        "submitted_ms": 1327.273708,
        "observed_completed_ms": 1328.9323749999999,
        "start_to_observed_completion_ms": 3.4014170000000377,
        "submit_to_observed_completion_ms": 1.658666999999923,
        "continuous_iteration_ms": 1.7445420026779175,
        "frame_ms": 1.7445420026779175,
        "component_sum_ms": 1.742540955543518,
        "tick_ms": 0.18687500059604645,
        "dynamic_mesh_ms": 0.7743330001831055,
        "encode_ms": 0.7807079553604126,
        "admission_or_completion_ms": 0.0006249999860301614
      },
      {
        "index": 85,
        "started_ms": 1327.2755,
        "submitted_ms": 1328.932583,
        "observed_completed_ms": 1330.727541,
        "start_to_observed_completion_ms": 3.4520410000000084,
        "submit_to_observed_completion_ms": 1.7949579999999514,
        "continuous_iteration_ms": 1.6589159965515137,
        "frame_ms": 1.6589159965515137,
        "component_sum_ms": 1.656957983970642,
        "tick_ms": 0.12495799362659454,
        "dynamic_mesh_ms": 0.781374990940094,
        "encode_ms": 0.750249981880188,
        "admission_or_completion_ms": 0.000375000003259629
      },
      {
        "index": 86,
        "started_ms": 1328.934416,
        "submitted_ms": 1330.728083,
        "observed_completed_ms": 1333.750875,
        "start_to_observed_completion_ms": 4.816458999999895,
        "submit_to_observed_completion_ms": 3.0227919999999813,
        "continuous_iteration_ms": 1.795875072479248,
        "frame_ms": 1.795875072479248,
        "component_sum_ms": 1.7937079668045044,
        "tick_ms": 0.25095799565315247,
        "dynamic_mesh_ms": 0.7733749747276306,
        "encode_ms": 0.7686670422554016,
        "admission_or_completion_ms": 0.000708000035956502
      },
      {
        "index": 87,
        "started_ms": 1330.730291,
        "submitted_ms": 1332.6845409999999,
        "observed_completed_ms": 1335.491916,
        "start_to_observed_completion_ms": 4.761624999999867,
        "submit_to_observed_completion_ms": 2.8073750000000928,
        "continuous_iteration_ms": 1.9566670656204224,
        "frame_ms": 1.9566670656204224,
        "component_sum_ms": 1.9538739919662476,
        "tick_ms": 0.13370800018310547,
        "dynamic_mesh_ms": 0.8318750262260437,
        "encode_ms": 0.9877079725265503,
        "admission_or_completion_ms": 0.0005830000154674053
      },
      {
        "index": 88,
        "started_ms": 1332.686958,
        "submitted_ms": 1334.542375,
        "observed_completed_ms": 1336.170208,
        "start_to_observed_completion_ms": 3.483249999999998,
        "submit_to_observed_completion_ms": 1.6278330000000096,
        "continuous_iteration_ms": 1.8570001125335693,
        "frame_ms": 1.8570001125335693,
        "component_sum_ms": 1.8549599647521973,
        "tick_ms": 0.1514589935541153,
        "dynamic_mesh_ms": 0.8817089796066284,
        "encode_ms": 0.7909590005874634,
        "admission_or_completion_ms": 0.03083299845457077
      },
      {
        "index": 89,
        "started_ms": 1334.543958,
        "submitted_ms": 1336.1704160000002,
        "observed_completed_ms": 1337.828875,
        "start_to_observed_completion_ms": 3.2849169999999503,
        "submit_to_observed_completion_ms": 1.658458999999766,
        "continuous_iteration_ms": 1.6278330087661743,
        "frame_ms": 1.6278330087661743,
        "component_sum_ms": 1.626291036605835,
        "tick_ms": 0.14512500166893005,
        "dynamic_mesh_ms": 0.7789170145988464,
        "encode_ms": 0.6782079935073853,
        "admission_or_completion_ms": 0.02404100075364113
      },
      {
        "index": 90,
        "started_ms": 1336.171791,
        "submitted_ms": 1338.136041,
        "observed_completed_ms": 1339.705166,
        "start_to_observed_completion_ms": 3.533374999999978,
        "submit_to_observed_completion_ms": 1.5691249999999854,
        "continuous_iteration_ms": 1.9654589891433716,
        "frame_ms": 1.9654589891433716,
        "component_sum_ms": 1.9642099142074585,
        "tick_ms": 0.46791699528694153,
        "dynamic_mesh_ms": 0.7734589576721191,
        "encode_ms": 0.7223329544067383,
        "admission_or_completion_ms": 0.000501000031363219
      },
      {
        "index": 91,
        "started_ms": 1338.13725,
        "submitted_ms": 1339.997166,
        "observed_completed_ms": 1341.7324580000002,
        "start_to_observed_completion_ms": 3.5952080000001843,
        "submit_to_observed_completion_ms": 1.7352920000000722,
        "continuous_iteration_ms": 1.8609579801559448,
        "frame_ms": 1.8609579801559448,
        "component_sum_ms": 1.8596670627593994,
        "tick_ms": 0.3512499928474426,
        "dynamic_mesh_ms": 0.7796250581741333,
        "encode_ms": 0.7284579873085022,
        "admission_or_completion_ms": 0.0003339999821037054
      },
      {
        "index": 92,
        "started_ms": 1339.998208,
        "submitted_ms": 1341.7327500000001,
        "observed_completed_ms": 1343.4348329999998,
        "start_to_observed_completion_ms": 3.4366249999998217,
        "submit_to_observed_completion_ms": 1.702082999999675,
        "continuous_iteration_ms": 1.7359169721603394,
        "frame_ms": 1.7359169721603394,
        "component_sum_ms": 1.7344999313354492,
        "tick_ms": 0.2010830044746399,
        "dynamic_mesh_ms": 0.7743749618530273,
        "encode_ms": 0.7585840225219727,
        "admission_or_completion_ms": 0.0004579999949783087
      },
      {
        "index": 93,
        "started_ms": 1341.734125,
        "submitted_ms": 1343.435208,
        "observed_completed_ms": 1345.107125,
        "start_to_observed_completion_ms": 3.3730000000000473,
        "submit_to_observed_completion_ms": 1.671916999999894,
        "continuous_iteration_ms": 1.7022500038146973,
        "frame_ms": 1.7022500038146973,
        "component_sum_ms": 1.700916051864624,
        "tick_ms": 0.16449999809265137,
        "dynamic_mesh_ms": 0.7908329963684082,
        "encode_ms": 0.7452080249786377,
        "admission_or_completion_ms": 0.000375000003259629
      },
      {
        "index": 94,
        "started_ms": 1343.436375,
        "submitted_ms": 1345.107291,
        "observed_completed_ms": 1346.824083,
        "start_to_observed_completion_ms": 3.387707999999975,
        "submit_to_observed_completion_ms": 1.7167919999999413,
        "continuous_iteration_ms": 1.6720000505447388,
        "frame_ms": 1.6720000505447388,
        "component_sum_ms": 1.6709160804748535,
        "tick_ms": 0.19379200041294098,
        "dynamic_mesh_ms": 0.7696660161018372,
        "encode_ms": 0.7070410251617432,
        "admission_or_completion_ms": 0.00041700000292621553
      },
      {
        "index": 95,
        "started_ms": 1345.108375,
        "submitted_ms": 1346.824416,
        "observed_completed_ms": 1348.561375,
        "start_to_observed_completion_ms": 3.4529999999999745,
        "submit_to_observed_completion_ms": 1.7369590000000699,
        "continuous_iteration_ms": 1.7173329591751099,
        "frame_ms": 1.7173329591751099,
        "component_sum_ms": 1.7158758640289307,
        "tick_ms": 0.16691699624061584,
        "dynamic_mesh_ms": 0.7707499861717224,
        "encode_ms": 0.7777499556541443,
        "admission_or_completion_ms": 0.00045900000259280205
      },
      {
        "index": 96,
        "started_ms": 1346.8257079999998,
        "submitted_ms": 1348.561583,
        "observed_completed_ms": 1350.2457909999998,
        "start_to_observed_completion_ms": 3.420082999999977,
        "submit_to_observed_completion_ms": 1.6842079999998987,
        "continuous_iteration_ms": 1.7370829582214355,
        "frame_ms": 1.7370829582214355,
        "component_sum_ms": 1.73562490940094,
        "tick_ms": 0.234499990940094,
        "dynamic_mesh_ms": 0.7817500233650208,
        "encode_ms": 0.7190419435501099,
        "admission_or_completion_ms": 0.0003330000035930425
      },
      {
        "index": 97,
        "started_ms": 1348.562791,
        "submitted_ms": 1350.2461660000001,
        "observed_completed_ms": 1351.858583,
        "start_to_observed_completion_ms": 3.295791999999892,
        "submit_to_observed_completion_ms": 1.612416999999823,
        "continuous_iteration_ms": 1.6846250295639038,
        "frame_ms": 1.6846250295639038,
        "component_sum_ms": 1.6834169626235962,
        "tick_ms": 0.22712500393390656,
        "dynamic_mesh_ms": 0.7603750228881836,
        "encode_ms": 0.6953330039978027,
        "admission_or_completion_ms": 0.0005840000230818987
      },
      {
        "index": 98,
        "started_ms": 1350.247416,
        "submitted_ms": 1351.858958,
        "observed_completed_ms": 1353.463708,
        "start_to_observed_completion_ms": 3.2162920000000668,
        "submit_to_observed_completion_ms": 1.6047499999999673,
        "continuous_iteration_ms": 1.6125839948654175,
        "frame_ms": 1.6125839948654175,
        "component_sum_ms": 1.611332893371582,
        "tick_ms": 0.12645800411701202,
        "dynamic_mesh_ms": 0.7820419669151306,
        "encode_ms": 0.7024999856948853,
        "admission_or_completion_ms": 0.0003330000035930425
      },
      {
        "index": 99,
        "started_ms": 1351.8600000000001,
        "submitted_ms": 1353.4638750000001,
        "observed_completed_ms": 1355.232708,
        "start_to_observed_completion_ms": 3.372707999999875,
        "submit_to_observed_completion_ms": 1.7688329999998587,
        "continuous_iteration_ms": 1.6050000190734863,
        "frame_ms": 1.6050000190734863,
        "component_sum_ms": 1.603874921798706,
        "tick_ms": 0.14570899307727814,
        "dynamic_mesh_ms": 0.780290961265564,
        "encode_ms": 0.6774999499320984,
        "admission_or_completion_ms": 0.000375000003259629
      },
      {
        "index": 100,
        "started_ms": 1353.465,
        "submitted_ms": 1355.2330000000002,
        "observed_completed_ms": 1356.9125,
        "start_to_observed_completion_ms": 3.447499999999991,
        "submit_to_observed_completion_ms": 1.6794999999997344,
        "continuous_iteration_ms": 1.7692910432815552,
        "frame_ms": 1.7692910432815552,
        "component_sum_ms": 1.7680410146713257,
        "tick_ms": 0.26854100823402405,
        "dynamic_mesh_ms": 0.7666249871253967,
        "encode_ms": 0.7324169874191284,
        "admission_or_completion_ms": 0.0004579999949783087
      },
      {
        "index": 101,
        "started_ms": 1355.234291,
        "submitted_ms": 1356.912666,
        "observed_completed_ms": 1358.5343329999998,
        "start_to_observed_completion_ms": 3.3000419999998485,
        "submit_to_observed_completion_ms": 1.6216669999998885,
        "continuous_iteration_ms": 1.6796250343322754,
        "frame_ms": 1.6796250343322754,
        "component_sum_ms": 1.6784579753875732,
        "tick_ms": 0.17841699719429016,
        "dynamic_mesh_ms": 0.7712500095367432,
        "encode_ms": 0.7283329963684082,
        "admission_or_completion_ms": 0.0004579999949783087
      },
      {
        "index": 102,
        "started_ms": 1356.913916,
        "submitted_ms": 1358.5346249999998,
        "observed_completed_ms": 1360.2353329999999,
        "start_to_observed_completion_ms": 3.321416999999883,
        "submit_to_observed_completion_ms": 1.700708000000077,
        "continuous_iteration_ms": 1.6218340396881104,
        "frame_ms": 1.6218340396881104,
        "component_sum_ms": 1.620540976524353,
        "tick_ms": 0.12549999356269836,
        "dynamic_mesh_ms": 0.7716250419616699,
        "encode_ms": 0.7231249809265137,
        "admission_or_completion_ms": 0.000291000003926456
      },
      {
        "index": 103,
        "started_ms": 1358.53575,
        "submitted_ms": 1360.2356659999998,
        "observed_completed_ms": 1361.954041,
        "start_to_observed_completion_ms": 3.418290999999954,
        "submit_to_observed_completion_ms": 1.718375000000151,
        "continuous_iteration_ms": 1.7024999856948853,
        "frame_ms": 1.7024999856948853,
        "component_sum_ms": 1.6997920274734497,
        "tick_ms": 0.147707998752594,
        "dynamic_mesh_ms": 0.7881249785423279,
        "encode_ms": 0.7632499933242798,
        "admission_or_completion_ms": 0.0007089999853633344
      },
      {
        "index": 104,
        "started_ms": 1360.23825,
        "submitted_ms": 1361.954416,
        "observed_completed_ms": 1363.7146659999999,
        "start_to_observed_completion_ms": 3.4764159999997446,
        "submit_to_observed_completion_ms": 1.7602499999998145,
        "continuous_iteration_ms": 1.7174159288406372,
        "frame_ms": 1.7174159288406372,
        "component_sum_ms": 1.7158740758895874,
        "tick_ms": 0.26512500643730164,
        "dynamic_mesh_ms": 0.7609580159187317,
        "encode_ms": 0.6892079710960388,
        "admission_or_completion_ms": 0.0005830000154674053
      },
      {
        "index": 105,
        "started_ms": 1361.955666,
        "submitted_ms": 1363.715083,
        "observed_completed_ms": 1366.785333,
        "start_to_observed_completion_ms": 4.829666999999972,
        "submit_to_observed_completion_ms": 3.0702499999999873,
        "continuous_iteration_ms": 1.7610419988632202,
        "frame_ms": 1.7610419988632202,
        "component_sum_ms": 1.7592068910598755,
        "tick_ms": 0.24345798790454865,
        "dynamic_mesh_ms": 0.7541660070419312,
        "encode_ms": 0.7612499594688416,
        "admission_or_completion_ms": 0.0003330000035930425
      },
      {
        "index": 106,
        "started_ms": 1363.7167080000002,
        "submitted_ms": 1365.529166,
        "observed_completed_ms": 1367.685291,
        "start_to_observed_completion_ms": 3.968582999999853,
        "submit_to_observed_completion_ms": 2.1561249999999745,
        "continuous_iteration_ms": 1.8160829544067383,
        "frame_ms": 1.8160829544067383,
        "component_sum_ms": 1.8126670122146606,
        "tick_ms": 0.164792001247406,
        "dynamic_mesh_ms": 0.7703750133514404,
        "encode_ms": 0.8766250014305115,
        "admission_or_completion_ms": 0.0008750000270083547
      },
      {
        "index": 107,
        "started_ms": 1365.532791,
        "submitted_ms": 1367.686166,
        "observed_completed_ms": 1369.56075,
        "start_to_observed_completion_ms": 4.02795900000001,
        "submit_to_observed_completion_ms": 1.8745840000001408,
        "continuous_iteration_ms": 2.157334089279175,
        "frame_ms": 2.157334089279175,
        "component_sum_ms": 2.153208017349243,
        "tick_ms": 0.37029099464416504,
        "dynamic_mesh_ms": 0.8477500081062317,
        "encode_ms": 0.9001250267028809,
        "admission_or_completion_ms": 0.03504199907183647
      },
      {
        "index": 108,
        "started_ms": 1367.690125,
        "submitted_ms": 1369.5612079999999,
        "observed_completed_ms": 1371.424833,
        "start_to_observed_completion_ms": 3.734707999999955,
        "submit_to_observed_completion_ms": 1.8636250000001837,
        "continuous_iteration_ms": 1.8745830059051514,
        "frame_ms": 1.8745830059051514,
        "component_sum_ms": 1.8709158897399902,
        "tick_ms": 0.13837499916553497,
        "dynamic_mesh_ms": 0.8190419673919678,
        "encode_ms": 0.9128749966621399,
        "admission_or_completion_ms": 0.000623999978415668
      },
      {
        "index": 109,
        "started_ms": 1369.5647079999999,
        "submitted_ms": 1371.4256659999999,
        "observed_completed_ms": 1373.273958,
        "start_to_observed_completion_ms": 3.709250000000111,
        "submit_to_observed_completion_ms": 1.8482920000001286,
        "continuous_iteration_ms": 1.864542007446289,
        "frame_ms": 1.864542007446289,
        "component_sum_ms": 1.860834002494812,
        "tick_ms": 0.19725000858306885,
        "dynamic_mesh_ms": 0.7940829992294312,
        "encode_ms": 0.8684999942779541,
        "admission_or_completion_ms": 0.0010009999386966228
      },
      {
        "index": 110,
        "started_ms": 1371.4292500000001,
        "submitted_ms": 1373.2743329999998,
        "observed_completed_ms": 1375.0095410000001,
        "start_to_observed_completion_ms": 3.5802909999999883,
        "submit_to_observed_completion_ms": 1.7352080000002843,
        "continuous_iteration_ms": 1.847249984741211,
        "frame_ms": 1.847249984741211,
        "component_sum_ms": 1.8446260690689087,
        "tick_ms": 0.1986669898033142,
        "dynamic_mesh_ms": 0.83616703748703,
        "encode_ms": 0.8091669678688049,
        "admission_or_completion_ms": 0.0006249999860301614
      },
      {
        "index": 111,
        "started_ms": 1373.2765,
        "submitted_ms": 1375.010166,
        "observed_completed_ms": 1376.784375,
        "start_to_observed_completion_ms": 3.5078750000000127,
        "submit_to_observed_completion_ms": 1.774208999999928,
        "continuous_iteration_ms": 1.735916018486023,
        "frame_ms": 1.735916018486023,
        "component_sum_ms": 1.7336679697036743,
        "tick_ms": 0.13808399438858032,
        "dynamic_mesh_ms": 0.8381249904632568,
        "encode_ms": 0.7567079663276672,
        "admission_or_completion_ms": 0.0007510000141337514
      },
      {
        "index": 112,
        "started_ms": 1375.012416,
        "submitted_ms": 1376.784666,
        "observed_completed_ms": 1378.49475,
        "start_to_observed_completion_ms": 3.482334000000037,
        "submit_to_observed_completion_ms": 1.7100840000000517,
        "continuous_iteration_ms": 1.7739590406417847,
        "frame_ms": 1.7739590406417847,
        "component_sum_ms": 1.7718749046325684,
        "tick_ms": 0.22770801186561584,
        "dynamic_mesh_ms": 0.8035839796066284,
        "encode_ms": 0.7400829792022705,
        "admission_or_completion_ms": 0.0005000000237487257
      },
      {
        "index": 113,
        "started_ms": 1376.786375,
        "submitted_ms": 1378.495125,
        "observed_completed_ms": 1380.1989999999998,
        "start_to_observed_completion_ms": 3.4126249999999345,
        "submit_to_observed_completion_ms": 1.7038749999999254,
        "continuous_iteration_ms": 1.7101659774780273,
        "frame_ms": 1.7101659774780273,
        "component_sum_ms": 1.7084988355636597,
        "tick_ms": 0.2032500058412552,
        "dynamic_mesh_ms": 0.7854999899864197,
        "encode_ms": 0.71937495470047,
        "admission_or_completion_ms": 0.00037399999564513564
      },
      {
        "index": 114,
        "started_ms": 1378.496541,
        "submitted_ms": 1380.199625,
        "observed_completed_ms": 1383.14125,
        "start_to_observed_completion_ms": 4.644708999999921,
        "submit_to_observed_completion_ms": 2.941624999999931,
        "continuous_iteration_ms": 1.7056670188903809,
        "frame_ms": 1.7056670188903809,
        "component_sum_ms": 1.7028329372406006,
        "tick_ms": 0.16591601073741913,
        "dynamic_mesh_ms": 0.7721249461174011,
        "encode_ms": 0.764333963394165,
        "admission_or_completion_ms": 0.0004579999949783087
      },
      {
        "index": 115,
        "started_ms": 1380.2022080000002,
        "submitted_ms": 1382.190458,
        "observed_completed_ms": 1384.862625,
        "start_to_observed_completion_ms": 4.660416999999825,
        "submit_to_observed_completion_ms": 2.672166999999945,
        "continuous_iteration_ms": 1.9909578561782837,
        "frame_ms": 1.9909578561782837,
        "component_sum_ms": 1.987290859222412,
        "tick_ms": 0.33754098415374756,
        "dynamic_mesh_ms": 0.801082968711853,
        "encode_ms": 0.8477500081062317,
        "admission_or_completion_ms": 0.0009169999975711107
      },
      {
        "index": 116,
        "started_ms": 1382.193166,
        "submitted_ms": 1383.8754159999999,
        "observed_completed_ms": 1385.649833,
        "start_to_observed_completion_ms": 3.456666999999925,
        "submit_to_observed_completion_ms": 1.774417000000085,
        "continuous_iteration_ms": 1.6850839853286743,
        "frame_ms": 1.6850839853286743,
        "component_sum_ms": 1.6823328733444214,
        "tick_ms": 0.12454099208116531,
        "dynamic_mesh_ms": 0.7969170212745667,
        "encode_ms": 0.7337079644203186,
        "admission_or_completion_ms": 0.027166998013854027
      },
      {
        "index": 117,
        "started_ms": 1383.87825,
        "submitted_ms": 1385.650208,
        "observed_completed_ms": 1387.345541,
        "start_to_observed_completion_ms": 3.467290999999932,
        "submit_to_observed_completion_ms": 1.6953329999998914,
        "continuous_iteration_ms": 1.7739160060882568,
        "frame_ms": 1.7739160060882568,
        "component_sum_ms": 1.7714999914169312,
        "tick_ms": 0.12924998998641968,
        "dynamic_mesh_ms": 0.825624942779541,
        "encode_ms": 0.7869579792022705,
        "admission_or_completion_ms": 0.029667001217603683
      },
      {
        "index": 118,
        "started_ms": 1385.652166,
        "submitted_ms": 1387.3459160000002,
        "observed_completed_ms": 1389.0064579999998,
        "start_to_observed_completion_ms": 3.3542919999997594,
        "submit_to_observed_completion_ms": 1.660541999999623,
        "continuous_iteration_ms": 1.6952919960021973,
        "frame_ms": 1.6952919960021973,
        "component_sum_ms": 1.6937090158462524,
        "tick_ms": 0.2009589970111847,
        "dynamic_mesh_ms": 0.7711250185966492,
        "encode_ms": 0.7212079763412476,
        "admission_or_completion_ms": 0.00041700000292621553
      },
      {
        "index": 119,
        "started_ms": 1387.347458,
        "submitted_ms": 1389.0067909999998,
        "observed_completed_ms": 1390.660791,
        "start_to_observed_completion_ms": 3.313333000000057,
        "submit_to_observed_completion_ms": 1.6540000000002237,
        "continuous_iteration_ms": 1.6609169244766235,
        "frame_ms": 1.6609169244766235,
        "component_sum_ms": 1.6592090129852295,
        "tick_ms": 0.17454199492931366,
        "dynamic_mesh_ms": 0.7667500376701355,
        "encode_ms": 0.7174999713897705,
        "admission_or_completion_ms": 0.00041700000292621553
      },
      {
        "index": 120,
        "started_ms": 1389.008375,
        "submitted_ms": 1390.6612910000001,
        "observed_completed_ms": 1393.219791,
        "start_to_observed_completion_ms": 4.211416000000099,
        "submit_to_observed_completion_ms": 2.558499999999867,
        "continuous_iteration_ms": 4.914207935333252,
        "frame_ms": 4.914207935333252,
        "component_sum_ms": 4.397791862487793,
        "tick_ms": 0.12558400630950928,
        "dynamic_mesh_ms": 0.7714999914169312,
        "encode_ms": 0.7553330063819885,
        "admission_or_completion_ms": 2.7453746795654297
      },
      {
        "index": 121,
        "started_ms": 1393.922583,
        "submitted_ms": 1395.6675409999998,
        "observed_completed_ms": 1398.4527500000002,
        "start_to_observed_completion_ms": 4.5301670000001195,
        "submit_to_observed_completion_ms": 2.78520900000035,
        "continuous_iteration_ms": 1.7476669549942017,
        "frame_ms": 1.7476669549942017,
        "component_sum_ms": 1.7444580793380737,
        "tick_ms": 0.16370800137519836,
        "dynamic_mesh_ms": 0.7774999737739563,
        "encode_ms": 0.8022499680519104,
        "admission_or_completion_ms": 0.0010000000474974513
      },
      {
        "index": 122,
        "started_ms": 1395.67025,
        "submitted_ms": 1397.502416,
        "observed_completed_ms": 1400.31525,
        "start_to_observed_completion_ms": 4.645000000000209,
        "submit_to_observed_completion_ms": 2.8128340000000662,
        "continuous_iteration_ms": 1.8351659774780273,
        "frame_ms": 1.8351659774780273,
        "component_sum_ms": 1.8322068452835083,
        "tick_ms": 0.32308298349380493,
        "dynamic_mesh_ms": 0.7759580016136169,
        "encode_ms": 0.7324159741401672,
        "admission_or_completion_ms": 0.000750000006519258
      },
      {
        "index": 123,
        "started_ms": 1397.505416,
        "submitted_ms": 1399.2862910000001,
        "observed_completed_ms": 1402.036625,
        "start_to_observed_completion_ms": 4.53120899999999,
        "submit_to_observed_completion_ms": 2.750333999999839,
        "continuous_iteration_ms": 1.7835420370101929,
        "frame_ms": 1.7835420370101929,
        "component_sum_ms": 1.7804999351501465,
        "tick_ms": 0.14129199087619781,
        "dynamic_mesh_ms": 0.7744579911231995,
        "encode_ms": 0.8328329920768738,
        "admission_or_completion_ms": 0.03191699832677841
      },
      {
        "index": 124,
        "started_ms": 1399.288958,
        "submitted_ms": 1401.064708,
        "observed_completed_ms": 1403.7222080000001,
        "start_to_observed_completion_ms": 4.433250000000044,
        "submit_to_observed_completion_ms": 2.6575000000000273,
        "continuous_iteration_ms": 1.7778749465942383,
        "frame_ms": 1.7778749465942383,
        "component_sum_ms": 1.775541067123413,
        "tick_ms": 0.1514580100774765,
        "dynamic_mesh_ms": 0.843500018119812,
        "encode_ms": 0.7490420341491699,
        "admission_or_completion_ms": 0.03154100105166435
      },
      {
        "index": 125,
        "started_ms": 1401.066833,
        "submitted_ms": 1402.727125,
        "observed_completed_ms": 1404.4485829999999,
        "start_to_observed_completion_ms": 3.3817499999997835,
        "submit_to_observed_completion_ms": 1.7214579999999842,
        "continuous_iteration_ms": 1.6623750925064087,
        "frame_ms": 1.6623750925064087,
        "component_sum_ms": 1.6600000858306885,
        "tick_ms": 0.14229200780391693,
        "dynamic_mesh_ms": 0.8013750314712524,
        "encode_ms": 0.6901249885559082,
        "admission_or_completion_ms": 0.026207998394966125
      },
      {
        "index": 126,
        "started_ms": 1402.729208,
        "submitted_ms": 1404.449,
        "observed_completed_ms": 1406.1442909999998,
        "start_to_observed_completion_ms": 3.4150829999998678,
        "submit_to_observed_completion_ms": 1.69529099999977,
        "continuous_iteration_ms": 1.7217079401016235,
        "frame_ms": 1.7217079401016235,
        "component_sum_ms": 1.7197500467300415,
        "tick_ms": 0.1650419980287552,
        "dynamic_mesh_ms": 0.8060829639434814,
        "encode_ms": 0.726542055606842,
        "admission_or_completion_ms": 0.022082999348640442
      },
      {
        "index": 127,
        "started_ms": 1404.450916,
        "submitted_ms": 1406.144541,
        "observed_completed_ms": 1407.821666,
        "start_to_observed_completion_ms": 3.3707500000000437,
        "submit_to_observed_completion_ms": 1.67712500000016,
        "continuous_iteration_ms": 1.6949169635772705,
        "frame_ms": 1.6949169635772705,
        "component_sum_ms": 1.693416953086853,
        "tick_ms": 0.14750000834465027,
        "dynamic_mesh_ms": 0.8039169907569885,
        "encode_ms": 0.741582989692688,
        "admission_or_completion_ms": 0.00041700000292621553
      },
      {
        "index": 128,
        "started_ms": 1406.145833,
        "submitted_ms": 1407.821916,
        "observed_completed_ms": 1409.524125,
        "start_to_observed_completion_ms": 3.378291999999874,
        "submit_to_observed_completion_ms": 1.7022089999998116,
        "continuous_iteration_ms": 1.6779170036315918,
        "frame_ms": 1.6779170036315918,
        "component_sum_ms": 1.6757919788360596,
        "tick_ms": 0.13429200649261475,
        "dynamic_mesh_ms": 0.7882090210914612,
        "encode_ms": 0.7529159784317017,
        "admission_or_completion_ms": 0.000375000003259629
      },
      {
        "index": 129,
        "started_ms": 1407.82375,
        "submitted_ms": 1409.524666,
        "observed_completed_ms": 1411.240416,
        "start_to_observed_completion_ms": 3.4166660000000775,
        "submit_to_observed_completion_ms": 1.715750000000071,
        "continuous_iteration_ms": 1.7042909860610962,
        "frame_ms": 1.7042909860610962,
        "component_sum_ms": 1.7008758783340454,
        "tick_ms": 0.1367499977350235,
        "dynamic_mesh_ms": 0.7854169607162476,
        "encode_ms": 0.778124988079071,
        "admission_or_completion_ms": 0.0005840000230818987
      },
      {
        "index": 130,
        "started_ms": 1409.528041,
        "submitted_ms": 1411.240708,
        "observed_completed_ms": 1412.9018330000001,
        "start_to_observed_completion_ms": 3.373792000000094,
        "submit_to_observed_completion_ms": 1.6611250000000837,
        "continuous_iteration_ms": 1.714500069618225,
        "frame_ms": 1.714500069618225,
        "component_sum_ms": 1.7117919921875,
        "tick_ms": 0.14433400332927704,
        "dynamic_mesh_ms": 0.8109999895095825,
        "encode_ms": 0.7559999823570251,
        "admission_or_completion_ms": 0.0004579999949783087
      },
      {
        "index": 131,
        "started_ms": 1411.242541,
        "submitted_ms": 1412.902458,
        "observed_completed_ms": 1414.593333,
        "start_to_observed_completion_ms": 3.350791999999956,
        "submit_to_observed_completion_ms": 1.6908750000000055,
        "continuous_iteration_ms": 1.661958932876587,
        "frame_ms": 1.661958932876587,
        "component_sum_ms": 1.6598759889602661,
        "tick_ms": 0.14874999225139618,
        "dynamic_mesh_ms": 0.7790420055389404,
        "encode_ms": 0.7315419912338257,
        "admission_or_completion_ms": 0.0005419999943114817
      },
      {
        "index": 132,
        "started_ms": 1412.9045,
        "submitted_ms": 1414.593583,
        "observed_completed_ms": 1417.292666,
        "start_to_observed_completion_ms": 4.388165999999956,
        "submit_to_observed_completion_ms": 2.6990829999999733,
        "continuous_iteration_ms": 1.690708041191101,
        "frame_ms": 1.690708041191101,
        "component_sum_ms": 1.6887929439544678,
        "tick_ms": 0.1362919956445694,
        "dynamic_mesh_ms": 0.7667500376701355,
        "encode_ms": 0.7852920293807983,
        "admission_or_completion_ms": 0.00045900000259280205
      },
      {
        "index": 133,
        "started_ms": 1414.595208,
        "submitted_ms": 1416.347958,
        "observed_completed_ms": 1419.2937080000002,
        "start_to_observed_completion_ms": 4.698500000000195,
        "submit_to_observed_completion_ms": 2.945750000000089,
        "continuous_iteration_ms": 1.754917025566101,
        "frame_ms": 1.754917025566101,
        "component_sum_ms": 1.7528339624404907,
        "tick_ms": 0.1369590014219284,
        "dynamic_mesh_ms": 0.8029999732971191,
        "encode_ms": 0.8118330240249634,
        "admission_or_completion_ms": 0.0010420000180602074
      },
      {
        "index": 134,
        "started_ms": 1416.3501250000002,
        "submitted_ms": 1418.008666,
        "observed_completed_ms": 1420.0140829999998,
        "start_to_observed_completion_ms": 3.6639579999996386,
        "submit_to_observed_completion_ms": 2.005416999999852,
        "continuous_iteration_ms": 1.6607500314712524,
        "frame_ms": 1.6607500314712524,
        "component_sum_ms": 1.6584579944610596,
        "tick_ms": 0.1368749886751175,
        "dynamic_mesh_ms": 0.7719579935073853,
        "encode_ms": 0.7154580354690552,
        "admission_or_completion_ms": 0.03416699916124344
      },
      {
        "index": 135,
        "started_ms": 1418.010875,
        "submitted_ms": 1420.014333,
        "observed_completed_ms": 1421.663375,
        "start_to_observed_completion_ms": 3.6525000000001455,
        "submit_to_observed_completion_ms": 1.6490420000000086,
        "continuous_iteration_ms": 2.004999876022339,
        "frame_ms": 2.004999876022339,
        "component_sum_ms": 2.0032498836517334,
        "tick_ms": 0.46095800399780273,
        "dynamic_mesh_ms": 0.7949169874191284,
        "encode_ms": 0.7203330397605896,
        "admission_or_completion_ms": 0.027041999623179436
      },
      {
        "index": 136,
        "started_ms": 1420.015875,
        "submitted_ms": 1421.987083,
        "observed_completed_ms": 1423.8469579999999,
        "start_to_observed_completion_ms": 3.8310829999998077,
        "submit_to_observed_completion_ms": 1.8598749999998745,
        "continuous_iteration_ms": 1.9727500677108765,
        "frame_ms": 1.9727500677108765,
        "component_sum_ms": 1.9708750247955322,
        "tick_ms": 0.4670419991016388,
        "dynamic_mesh_ms": 0.7835000157356262,
        "encode_ms": 0.7198749780654907,
        "admission_or_completion_ms": 0.0004579999949783087
      },
      {
        "index": 137,
        "started_ms": 1421.988625,
        "submitted_ms": 1423.847333,
        "observed_completed_ms": 1425.661291,
        "start_to_observed_completion_ms": 3.6726659999999356,
        "submit_to_observed_completion_ms": 1.8139579999999569,
        "continuous_iteration_ms": 1.8602080345153809,
        "frame_ms": 1.8602080345153809,
        "component_sum_ms": 1.858457088470459,
        "tick_ms": 0.3375000059604645,
        "dynamic_mesh_ms": 0.7730410099029541,
        "encode_ms": 0.7475000023841858,
        "admission_or_completion_ms": 0.00041599999531172216
      },
      {
        "index": 138,
        "started_ms": 1423.848833,
        "submitted_ms": 1425.661708,
        "observed_completed_ms": 1427.4934159999998,
        "start_to_observed_completion_ms": 3.644582999999784,
        "submit_to_observed_completion_ms": 1.8317079999997077,
        "continuous_iteration_ms": 1.8144580125808716,
        "frame_ms": 1.8144580125808716,
        "component_sum_ms": 1.8126250505447388,
        "tick_ms": 0.23683300614356995,
        "dynamic_mesh_ms": 0.7742500305175781,
        "encode_ms": 0.8011670112609863,
        "admission_or_completion_ms": 0.000375000003259629
      },
      {
        "index": 139,
        "started_ms": 1425.663291,
        "submitted_ms": 1427.49425,
        "observed_completed_ms": 1429.3200829999998,
        "start_to_observed_completion_ms": 3.6567919999997684,
        "submit_to_observed_completion_ms": 1.825832999999875,
        "continuous_iteration_ms": 1.834375023841858,
        "frame_ms": 1.834375023841858,
        "component_sum_ms": 1.8310000896453857,
        "tick_ms": 0.2070000022649765,
        "dynamic_mesh_ms": 0.76454097032547,
        "encode_ms": 0.8586670160293579,
        "admission_or_completion_ms": 0.000792000035289675
      },
      {
        "index": 140,
        "started_ms": 1427.497666,
        "submitted_ms": 1429.3204580000001,
        "observed_completed_ms": 1431.121458,
        "start_to_observed_completion_ms": 3.623792000000094,
        "submit_to_observed_completion_ms": 1.8009999999999309,
        "continuous_iteration_ms": 1.8250839710235596,
        "frame_ms": 1.8250839710235596,
        "component_sum_ms": 1.8225418329238892,
        "tick_ms": 0.2012079954147339,
        "dynamic_mesh_ms": 0.8327500224113464,
        "encode_ms": 0.7879579663276672,
        "admission_or_completion_ms": 0.0006259999936446548
      },
      {
        "index": 141,
        "started_ms": 1429.3227499999998,
        "submitted_ms": 1431.122041,
        "observed_completed_ms": 1433.8539580000001,
        "start_to_observed_completion_ms": 4.531208000000333,
        "submit_to_observed_completion_ms": 2.7319170000000668,
        "continuous_iteration_ms": 1.8017500638961792,
        "frame_ms": 1.8017500638961792,
        "component_sum_ms": 1.799291968345642,
        "tick_ms": 0.2453330159187317,
        "dynamic_mesh_ms": 0.7705000042915344,
        "encode_ms": 0.7825409770011902,
        "admission_or_completion_ms": 0.0009180000051856041
      },
      {
        "index": 142,
        "started_ms": 1431.1245000000001,
        "submitted_ms": 1432.842041,
        "observed_completed_ms": 1435.693458,
        "start_to_observed_completion_ms": 4.568957999999839,
        "submit_to_observed_completion_ms": 2.8514169999998558,
        "continuous_iteration_ms": 1.7201249599456787,
        "frame_ms": 1.7201249599456787,
        "component_sum_ms": 1.7173750400543213,
        "tick_ms": 0.13604199886322021,
        "dynamic_mesh_ms": 0.7987500429153442,
        "encode_ms": 0.7817500233650208,
        "admission_or_completion_ms": 0.0008329999982379377
      },
      {
        "index": 143,
        "started_ms": 1432.844625,
        "submitted_ms": 1434.725541,
        "observed_completed_ms": 1436.407083,
        "start_to_observed_completion_ms": 3.562458000000106,
        "submit_to_observed_completion_ms": 1.6815420000000358,
        "continuous_iteration_ms": 1.8827080726623535,
        "frame_ms": 1.8827080726623535,
        "component_sum_ms": 1.8804988861083984,
        "tick_ms": 0.1401659995317459,
        "dynamic_mesh_ms": 0.834833025932312,
        "encode_ms": 0.8711659908294678,
        "admission_or_completion_ms": 0.03433400020003319
      },
      {
        "index": 144,
        "started_ms": 1434.727333,
        "submitted_ms": 1436.4075,
        "observed_completed_ms": 1438.079375,
        "start_to_observed_completion_ms": 3.352041999999983,
        "submit_to_observed_completion_ms": 1.671875,
        "continuous_iteration_ms": 1.6817079782485962,
        "frame_ms": 1.6817079782485962,
        "component_sum_ms": 1.6799169778823853,
        "tick_ms": 0.1379999965429306,
        "dynamic_mesh_ms": 0.7918750047683716,
        "encode_ms": 0.7137500047683716,
        "admission_or_completion_ms": 0.036292001605033875
      },
      {
        "index": 145,
        "started_ms": 1436.4090410000001,
        "submitted_ms": 1438.0798750000001,
        "observed_completed_ms": 1439.771166,
        "start_to_observed_completion_ms": 3.362124999999878,
        "submit_to_observed_completion_ms": 1.6912909999998647,
        "continuous_iteration_ms": 1.6724590063095093,
        "frame_ms": 1.6724590063095093,
        "component_sum_ms": 1.6707501411437988,
        "tick_ms": 0.11637499928474426,
        "dynamic_mesh_ms": 0.7830420136451721,
        "encode_ms": 0.7709169983863831,
        "admission_or_completion_ms": 0.00041599999531172216
      },
      {
        "index": 146,
        "started_ms": 1438.0815,
        "submitted_ms": 1439.7715,
        "observed_completed_ms": 1441.604541,
        "start_to_observed_completion_ms": 3.523040999999921,
        "submit_to_observed_completion_ms": 1.8330409999998665,
        "continuous_iteration_ms": 1.6918330192565918,
        "frame_ms": 1.6918330192565918,
        "component_sum_ms": 1.689918041229248,
        "tick_ms": 0.12062500417232513,
        "dynamic_mesh_ms": 0.780750036239624,
        "encode_ms": 0.7880839705467224,
        "admission_or_completion_ms": 0.00045900000259280205
      },
      {
        "index": 147,
        "started_ms": 1439.773333,
        "submitted_ms": 1441.60575,
        "observed_completed_ms": 1443.6435000000001,
        "start_to_observed_completion_ms": 3.8701670000000377,
        "submit_to_observed_completion_ms": 2.0377500000001874,
        "continuous_iteration_ms": 1.8356250524520874,
        "frame_ms": 1.8356250524520874,
        "component_sum_ms": 1.8322080373764038,
        "tick_ms": 0.11600000411272049,
        "dynamic_mesh_ms": 0.7960830330848694,
        "encode_ms": 0.9194170236587524,
        "admission_or_completion_ms": 0.000708000035956502
      },
      {
        "index": 148,
        "started_ms": 1441.608958,
        "submitted_ms": 1443.64425,
        "observed_completed_ms": 1445.616333,
        "start_to_observed_completion_ms": 4.007374999999911,
        "submit_to_observed_completion_ms": 1.9720829999998841,
        "continuous_iteration_ms": 2.0384578704833984,
        "frame_ms": 2.0384578704833984,
        "component_sum_ms": 2.034666061401367,
        "tick_ms": 0.1378750056028366,
        "dynamic_mesh_ms": 0.8923329710960388,
        "encode_ms": 1.002750039100647,
        "admission_or_completion_ms": 0.0017079999670386314
      },
      {
        "index": 149,
        "started_ms": 1443.647416,
        "submitted_ms": 1445.6174159999998,
        "observed_completed_ms": 1447.601041,
        "start_to_observed_completion_ms": 3.9536249999998745,
        "submit_to_observed_completion_ms": 1.9836250000000746,
        "continuous_iteration_ms": 1.974666953086853,
        "frame_ms": 1.974666953086853,
        "component_sum_ms": 1.9698328971862793,
        "tick_ms": 0.1251250058412552,
        "dynamic_mesh_ms": 0.7772080302238464,
        "encode_ms": 1.0665829181671143,
        "admission_or_completion_ms": 0.0009169999975711107
      },
      {
        "index": 150,
        "started_ms": 1445.622083,
        "submitted_ms": 1447.6016249999998,
        "observed_completed_ms": 1449.437875,
        "start_to_observed_completion_ms": 3.8157920000001013,
        "submit_to_observed_completion_ms": 1.836250000000291,
        "continuous_iteration_ms": 1.9825000762939453,
        "frame_ms": 1.9825000762939453,
        "component_sum_ms": 1.9787509441375732,
        "tick_ms": 0.14066700637340546,
        "dynamic_mesh_ms": 0.8576670289039612,
        "encode_ms": 0.9795839190483093,
        "admission_or_completion_ms": 0.0008329999982379377
      },
      {
        "index": 151,
        "started_ms": 1447.604583,
        "submitted_ms": 1449.4385410000002,
        "observed_completed_ms": 1451.318708,
        "start_to_observed_completion_ms": 3.7141249999999673,
        "submit_to_observed_completion_ms": 1.8801669999998012,
        "continuous_iteration_ms": 1.8371669054031372,
        "frame_ms": 1.8371669054031372,
        "component_sum_ms": 1.8337080478668213,
        "tick_ms": 0.12300000339746475,
        "dynamic_mesh_ms": 0.8221670389175415,
        "encode_ms": 0.8878329992294312,
        "admission_or_completion_ms": 0.000708000035956502
      },
      {
        "index": 152,
        "started_ms": 1449.4417500000002,
        "submitted_ms": 1451.3192080000001,
        "observed_completed_ms": 1453.082125,
        "start_to_observed_completion_ms": 3.6403749999997217,
        "submit_to_observed_completion_ms": 1.7629169999997885,
        "continuous_iteration_ms": 1.8811250925064087,
        "frame_ms": 1.8811250925064087,
        "component_sum_ms": 1.877249002456665,
        "tick_ms": 0.12845800817012787,
        "dynamic_mesh_ms": 0.8287079930305481,
        "encode_ms": 0.9192079901695251,
        "admission_or_completion_ms": 0.0008750000270083547
      },
      {
        "index": 153,
        "started_ms": 1451.322875,
        "submitted_ms": 1453.08275,
        "observed_completed_ms": 1454.838041,
        "start_to_observed_completion_ms": 3.5151659999999083,
        "submit_to_observed_completion_ms": 1.7552909999999429,
        "continuous_iteration_ms": 1.762624979019165,
        "frame_ms": 1.762624979019165,
        "component_sum_ms": 1.7592910528182983,
        "tick_ms": 0.12895800173282623,
        "dynamic_mesh_ms": 0.8016250133514404,
        "encode_ms": 0.8278340101242065,
        "admission_or_completion_ms": 0.0008740000193938613
      },
      {
        "index": 154,
        "started_ms": 1453.0855000000001,
        "submitted_ms": 1454.838458,
        "observed_completed_ms": 1456.6027909999998,
        "start_to_observed_completion_ms": 3.517290999999659,
        "submit_to_observed_completion_ms": 1.7643329999998514,
        "continuous_iteration_ms": 1.7564160823822021,
        "frame_ms": 1.7564160823822021,
        "component_sum_ms": 1.7529590129852295,
        "tick_ms": 0.12070900201797485,
        "dynamic_mesh_ms": 0.793166995048523,
        "encode_ms": 0.8382499814033508,
        "admission_or_completion_ms": 0.0008329999982379377
      },
      {
        "index": 155,
        "started_ms": 1454.8419159999999,
        "submitted_ms": 1456.6034160000002,
        "observed_completed_ms": 1458.3593329999999,
        "start_to_observed_completion_ms": 3.517417000000023,
        "submit_to_observed_completion_ms": 1.7559169999997266,
        "continuous_iteration_ms": 1.7641669511795044,
        "frame_ms": 1.7641669511795044,
        "component_sum_ms": 1.7609570026397705,
        "tick_ms": 0.1194159984588623,
        "dynamic_mesh_ms": 0.7913329601287842,
        "encode_ms": 0.8494160175323486,
        "admission_or_completion_ms": 0.0007919999770820141
      },
      {
        "index": 156,
        "started_ms": 1456.6060830000001,
        "submitted_ms": 1458.359916,
        "observed_completed_ms": 1460.164958,
        "start_to_observed_completion_ms": 3.5588749999999436,
        "submit_to_observed_completion_ms": 1.8050419999999576,
        "continuous_iteration_ms": 1.755750060081482,
        "frame_ms": 1.755750060081482,
        "component_sum_ms": 1.7533739805221558,
        "tick_ms": 0.12291599810123444,
        "dynamic_mesh_ms": 0.7920829653739929,
        "encode_ms": 0.8378329873085022,
        "admission_or_completion_ms": 0.0005420000525191426
      },
      {
        "index": 157,
        "started_ms": 1458.3618330000002,
        "submitted_ms": 1460.1656659999999,
        "observed_completed_ms": 1461.808041,
        "start_to_observed_completion_ms": 3.4462079999998423,
        "submit_to_observed_completion_ms": 1.6423750000001291,
        "continuous_iteration_ms": 1.8063329458236694,
        "frame_ms": 1.8063329458236694,
        "component_sum_ms": 1.8037080764770508,
        "tick_ms": 0.12066600471735,
        "dynamic_mesh_ms": 0.809249997138977,
        "encode_ms": 0.8729580044746399,
        "admission_or_completion_ms": 0.0008340000058524311
      },
      {
        "index": 158,
        "started_ms": 1460.168166,
        "submitted_ms": 1461.8083749999998,
        "observed_completed_ms": 1463.4302080000002,
        "start_to_observed_completion_ms": 3.2620420000002923,
        "submit_to_observed_completion_ms": 1.6218330000003789,
        "continuous_iteration_ms": 1.6420419216156006,
        "frame_ms": 1.6420419216156006,
        "component_sum_ms": 1.639915943145752,
        "tick_ms": 0.12170799821615219,
        "dynamic_mesh_ms": 0.7995829582214355,
        "encode_ms": 0.7181670069694519,
        "admission_or_completion_ms": 0.0004579999949783087
      },
      {
        "index": 159,
        "started_ms": 1461.8102079999999,
        "submitted_ms": 1463.430875,
        "observed_completed_ms": 1466.1847500000001,
        "start_to_observed_completion_ms": 4.374542000000247,
        "submit_to_observed_completion_ms": 2.7538750000001073,
        "continuous_iteration_ms": 1.6229170560836792,
        "frame_ms": 1.6229170560836792,
        "component_sum_ms": 1.6205840110778809,
        "tick_ms": 0.11820799857378006,
        "dynamic_mesh_ms": 0.7697920203208923,
        "encode_ms": 0.7320839762687683,
        "admission_or_completion_ms": 0.0005000000237487257
      },
      {
        "index": 160,
        "started_ms": 1463.4331249999998,
        "submitted_ms": 1465.165458,
        "observed_completed_ms": 1467.966791,
        "start_to_observed_completion_ms": 4.533666000000267,
        "submit_to_observed_completion_ms": 2.8013330000001133,
        "continuous_iteration_ms": 1.7349159717559814,
        "frame_ms": 1.7349159717559814,
        "component_sum_ms": 1.7321250438690186,
        "tick_ms": 0.11916700005531311,
        "dynamic_mesh_ms": 0.7578330039978027,
        "encode_ms": 0.8547499775886536,
        "admission_or_completion_ms": 0.000375000003259629
      },
      {
        "index": 161,
        "started_ms": 1465.1680410000001,
        "submitted_ms": 1467.0316249999998,
        "observed_completed_ms": 1469.635625,
        "start_to_observed_completion_ms": 4.467583999999761,
        "submit_to_observed_completion_ms": 2.604000000000042,
        "continuous_iteration_ms": 1.866249918937683,
        "frame_ms": 1.866249918937683,
        "component_sum_ms": 1.8635010719299316,
        "tick_ms": 0.11995899677276611,
        "dynamic_mesh_ms": 0.8647500276565552,
        "encode_ms": 0.8462089896202087,
        "admission_or_completion_ms": 0.032582998275756836
      },
      {
        "index": 162,
        "started_ms": 1467.034291,
        "submitted_ms": 1468.710416,
        "observed_completed_ms": 1470.4725409999999,
        "start_to_observed_completion_ms": 3.4382499999999254,
        "submit_to_observed_completion_ms": 1.762124999999969,
        "continuous_iteration_ms": 1.6779589653015137,
        "frame_ms": 1.6779589653015137,
        "component_sum_ms": 1.6757910251617432,
        "tick_ms": 0.11904099583625793,
        "dynamic_mesh_ms": 0.7867500185966492,
        "encode_ms": 0.7430830001831055,
        "admission_or_completion_ms": 0.026917001232504845
      },
      {
        "index": 163,
        "started_ms": 1468.71225,
        "submitted_ms": 1470.4730829999999,
        "observed_completed_ms": 1472.2075829999999,
        "start_to_observed_completion_ms": 3.495332999999846,
        "submit_to_observed_completion_ms": 1.7345000000000255,
        "continuous_iteration_ms": 1.7632910013198853,
        "frame_ms": 1.7632910013198853,
        "component_sum_ms": 1.7608760595321655,
        "tick_ms": 0.1166669949889183,
        "dynamic_mesh_ms": 0.7849590182304382,
        "encode_ms": 0.8371670246124268,
        "admission_or_completion_ms": 0.02208300121128559
      },
      {
        "index": 164,
        "started_ms": 1470.4755409999998,
        "submitted_ms": 1472.208208,
        "observed_completed_ms": 1473.8434579999998,
        "start_to_observed_completion_ms": 3.367917000000034,
        "submit_to_observed_completion_ms": 1.6352499999998145,
        "continuous_iteration_ms": 1.7347919940948486,
        "frame_ms": 1.7347919940948486,
        "component_sum_ms": 1.7321670055389404,
        "tick_ms": 0.11783299595117569,
        "dynamic_mesh_ms": 0.7629169821739197,
        "encode_ms": 0.8509170413017273,
        "admission_or_completion_ms": 0.0005000000237487257
      },
      {
        "index": 165,
        "started_ms": 1472.210333,
        "submitted_ms": 1473.843791,
        "observed_completed_ms": 1475.511458,
        "start_to_observed_completion_ms": 3.3011249999999563,
        "submit_to_observed_completion_ms": 1.6676669999999376,
        "continuous_iteration_ms": 1.634874939918518,
        "frame_ms": 1.634874939918518,
        "component_sum_ms": 1.6331660747528076,
        "tick_ms": 0.11999999731779099,
        "dynamic_mesh_ms": 0.7775830030441284,
        "encode_ms": 0.7352079749107361,
        "admission_or_completion_ms": 0.000375000003259629
      },
      {
        "index": 166,
        "started_ms": 1473.845208,
        "submitted_ms": 1475.512125,
        "observed_completed_ms": 1477.378125,
        "start_to_observed_completion_ms": 3.5329169999999976,
        "submit_to_observed_completion_ms": 1.8659999999999854,
        "continuous_iteration_ms": 1.6699579954147339,
        "frame_ms": 1.6699579954147339,
        "component_sum_ms": 1.6670829057693481,
        "tick_ms": 0.11800000071525574,
        "dynamic_mesh_ms": 0.7832500338554382,
        "encode_ms": 0.7651249766349792,
        "admission_or_completion_ms": 0.000708000035956502
      },
      {
        "index": 167,
        "started_ms": 1475.5151660000001,
        "submitted_ms": 1477.378416,
        "observed_completed_ms": 1479.142625,
        "start_to_observed_completion_ms": 3.627458999999817,
        "submit_to_observed_completion_ms": 1.764208999999937,
        "continuous_iteration_ms": 1.8651670217514038,
        "frame_ms": 1.8651670217514038,
        "component_sum_ms": 1.8630419969558716,
        "tick_ms": 0.13795800507068634,
        "dynamic_mesh_ms": 0.8683329820632935,
        "encode_ms": 0.8561250567436218,
        "admission_or_completion_ms": 0.0006259999936446548
      },
      {
        "index": 168,
        "started_ms": 1477.3803329999998,
        "submitted_ms": 1479.143125,
        "observed_completed_ms": 1480.8328749999998,
        "start_to_observed_completion_ms": 3.452541999999994,
        "submit_to_observed_completion_ms": 1.6897499999997763,
        "continuous_iteration_ms": 1.765166997909546,
        "frame_ms": 1.765166997909546,
        "component_sum_ms": 1.762834072113037,
        "tick_ms": 0.12574999034404755,
        "dynamic_mesh_ms": 0.857958972454071,
        "encode_ms": 0.7785420417785645,
        "admission_or_completion_ms": 0.0005830000154674053
      },
      {
        "index": 169,
        "started_ms": 1479.1455,
        "submitted_ms": 1480.833375,
        "observed_completed_ms": 1482.478583,
        "start_to_observed_completion_ms": 3.333082999999988,
        "submit_to_observed_completion_ms": 1.6452080000001388,
        "continuous_iteration_ms": 1.6894999742507935,
        "frame_ms": 1.6894999742507935,
        "component_sum_ms": 1.687708854675293,
        "tick_ms": 0.1211249977350235,
        "dynamic_mesh_ms": 0.8174169659614563,
        "encode_ms": 0.7486670017242432,
        "admission_or_completion_ms": 0.0005000000237487257
      },
      {
        "index": 170,
        "started_ms": 1480.8349999999998,
        "submitted_ms": 1482.478958,
        "observed_completed_ms": 1484.097958,
        "start_to_observed_completion_ms": 3.2629580000002534,
        "submit_to_observed_completion_ms": 1.6190000000001419,
        "continuous_iteration_ms": 1.6453750133514404,
        "frame_ms": 1.6453750133514404,
        "component_sum_ms": 1.6437510251998901,
        "tick_ms": 0.11754199862480164,
        "dynamic_mesh_ms": 0.7966669797897339,
        "encode_ms": 0.7292079925537109,
        "admission_or_completion_ms": 0.0003339999821037054
      },
      {
        "index": 171,
        "started_ms": 1482.4803749999999,
        "submitted_ms": 1484.098333,
        "observed_completed_ms": 1485.712125,
        "start_to_observed_completion_ms": 3.2317500000001473,
        "submit_to_observed_completion_ms": 1.6137920000001031,
        "continuous_iteration_ms": 1.619291067123413,
        "frame_ms": 1.619291067123413,
        "component_sum_ms": 1.617793083190918,
        "tick_ms": 0.11741700023412704,
        "dynamic_mesh_ms": 0.8019590377807617,
        "encode_ms": 0.6980830430984497,
        "admission_or_completion_ms": 0.0003339999821037054
      },
      {
        "index": 172,
        "started_ms": 1484.099666,
        "submitted_ms": 1485.7124159999998,
        "observed_completed_ms": 1487.3766660000001,
        "start_to_observed_completion_ms": 3.2770000000000437,
        "submit_to_observed_completion_ms": 1.6642500000002656,
        "continuous_iteration_ms": 1.6139589548110962,
        "frame_ms": 1.6139589548110962,
        "component_sum_ms": 1.6126259565353394,
        "tick_ms": 0.11625000089406967,
        "dynamic_mesh_ms": 0.7776669859886169,
        "encode_ms": 0.7183330059051514,
        "admission_or_completion_ms": 0.0003760000108741224
      },
      {
        "index": 173,
        "started_ms": 1485.713625,
        "submitted_ms": 1487.377,
        "observed_completed_ms": 1488.989416,
        "start_to_observed_completion_ms": 3.275790999999799,
        "submit_to_observed_completion_ms": 1.6124159999999392,
        "continuous_iteration_ms": 1.6650830507278442,
        "frame_ms": 1.6650830507278442,
        "component_sum_ms": 1.6635011434555054,
        "tick_ms": 0.11704199761152267,
        "dynamic_mesh_ms": 0.7927500009536743,
        "encode_ms": 0.7531670331954956,
        "admission_or_completion_ms": 0.0005419999943114817
      },
      {
        "index": 174,
        "started_ms": 1487.378708,
        "submitted_ms": 1488.989583,
        "observed_completed_ms": 1490.574166,
        "start_to_observed_completion_ms": 3.1954580000001442,
        "submit_to_observed_completion_ms": 1.584583000000066,
        "continuous_iteration_ms": 1.612083077430725,
        "frame_ms": 1.612083077430725,
        "component_sum_ms": 1.6106250286102295,
        "tick_ms": 0.11345800012350082,
        "dynamic_mesh_ms": 0.7864580154418945,
        "encode_ms": 0.710332989692688,
        "admission_or_completion_ms": 0.0003760000108741224
      },
      {
        "index": 175,
        "started_ms": 1488.990791,
        "submitted_ms": 1490.5745000000002,
        "observed_completed_ms": 1492.377083,
        "start_to_observed_completion_ms": 3.3862920000001395,
        "submit_to_observed_completion_ms": 1.8025829999999132,
        "continuous_iteration_ms": 1.5851249694824219,
        "frame_ms": 1.5851249694824219,
        "component_sum_ms": 1.5836249589920044,
        "tick_ms": 0.11654099822044373,
        "dynamic_mesh_ms": 0.7706669569015503,
        "encode_ms": 0.695917010307312,
        "admission_or_completion_ms": 0.0005000000237487257
      },
      {
        "index": 176,
        "started_ms": 1490.575916,
        "submitted_ms": 1492.377458,
        "observed_completed_ms": 1494.179125,
        "start_to_observed_completion_ms": 3.6032090000001062,
        "submit_to_observed_completion_ms": 1.8016670000001795,
        "continuous_iteration_ms": 1.8053749799728394,
        "frame_ms": 1.8053749799728394,
        "component_sum_ms": 1.801875114440918,
        "tick_ms": 0.11612499505281448,
        "dynamic_mesh_ms": 0.7952090501785278,
        "encode_ms": 0.8895830512046814,
        "admission_or_completion_ms": 0.0009580000187270343
      },
      {
        "index": 177,
        "started_ms": 1492.3812910000001,
        "submitted_ms": 1494.179541,
        "observed_completed_ms": 1495.850208,
        "start_to_observed_completion_ms": 3.4689169999999194,
        "submit_to_observed_completion_ms": 1.670667000000094,
        "continuous_iteration_ms": 1.8000839948654175,
        "frame_ms": 1.8000839948654175,
        "component_sum_ms": 1.7980000972747803,
        "tick_ms": 0.1381250023841858,
        "dynamic_mesh_ms": 0.8082079887390137,
        "encode_ms": 0.850957989692688,
        "admission_or_completion_ms": 0.0007089999853633344
      },
      {
        "index": 178,
        "started_ms": 1494.181375,
        "submitted_ms": 1495.850708,
        "observed_completed_ms": 1497.4991659999998,
        "start_to_observed_completion_ms": 3.317790999999943,
        "submit_to_observed_completion_ms": 1.6484579999998914,
        "continuous_iteration_ms": 1.6713329553604126,
        "frame_ms": 1.6713329553604126,
        "component_sum_ms": 1.6690009832382202,
        "tick_ms": 0.11675000190734863,
        "dynamic_mesh_ms": 0.7812919616699219,
        "encode_ms": 0.7704169750213623,
        "admission_or_completion_ms": 0.0005420000525191426
      },
      {
        "index": 179,
        "started_ms": 1495.852708,
        "submitted_ms": 1497.499666,
        "observed_completed_ms": 1501.1670000000001,
        "start_to_observed_completion_ms": 5.3142920000002505,
        "submit_to_observed_completion_ms": 3.66733400000021,
        "continuous_iteration_ms": 1.6490830183029175,
        "frame_ms": 1.6490830183029175,
        "component_sum_ms": 1.646833896636963,
        "tick_ms": 0.11504200100898743,
        "dynamic_mesh_ms": 0.7808749675750732,
        "encode_ms": 0.7502079606056213,
        "admission_or_completion_ms": 0.0007089999853633344
      },
      {
        "index": 180,
        "started_ms": 1497.501791,
        "submitted_ms": 1500.0321250000002,
        "observed_completed_ms": 1503.10725,
        "start_to_observed_completion_ms": 5.60545900000011,
        "submit_to_observed_completion_ms": 3.0751249999998436,
        "continuous_iteration_ms": 2.537750005722046,
        "frame_ms": 2.537750005722046,
        "component_sum_ms": 2.3997080326080322,
        "tick_ms": 0.12462500482797623,
        "dynamic_mesh_ms": 0.9937500357627869,
        "encode_ms": 1.280042052268982,
        "admission_or_completion_ms": 0.0012910000514239073
      },
      {
        "index": 181,
        "started_ms": 1500.039541,
        "submitted_ms": 1502.003541,
        "observed_completed_ms": 1503.994958,
        "start_to_observed_completion_ms": 3.9554169999998976,
        "submit_to_observed_completion_ms": 1.9914169999999558,
        "continuous_iteration_ms": 1.9665839672088623,
        "frame_ms": 1.9665839672088623,
        "component_sum_ms": 1.9636650085449219,
        "tick_ms": 0.13833299279212952,
        "dynamic_mesh_ms": 0.9500830173492432,
        "encode_ms": 0.8357909917831421,
        "admission_or_completion_ms": 0.03945799916982651
      },
      {
        "index": 182,
        "started_ms": 1502.0061249999999,
        "submitted_ms": 1503.995666,
        "observed_completed_ms": 1505.892916,
        "start_to_observed_completion_ms": 3.8867910000001302,
        "submit_to_observed_completion_ms": 1.8972499999999854,
        "continuous_iteration_ms": 1.9921250343322754,
        "frame_ms": 1.9921250343322754,
        "component_sum_ms": 1.9894590377807617,
        "tick_ms": 0.1269170045852661,
        "dynamic_mesh_ms": 0.9341250061988831,
        "encode_ms": 0.8878329992294312,
        "admission_or_completion_ms": 0.04058400169014931
      },
      {
        "index": 183,
        "started_ms": 1503.9982499999999,
        "submitted_ms": 1505.893916,
        "observed_completed_ms": 1507.802375,
        "start_to_observed_completion_ms": 3.8041250000001128,
        "submit_to_observed_completion_ms": 1.9084589999999935,
        "continuous_iteration_ms": 1.897832989692688,
        "frame_ms": 1.897832989692688,
        "component_sum_ms": 1.895334005355835,
        "tick_ms": 0.12108299881219864,
        "dynamic_mesh_ms": 0.9108749628067017,
        "encode_ms": 0.8629999756813049,
        "admission_or_completion_ms": 0.0003760000108741224
      },
      {
        "index": 184,
        "started_ms": 1505.896083,
        "submitted_ms": 1507.802958,
        "observed_completed_ms": 1509.8229999999999,
        "start_to_observed_completion_ms": 3.9269169999997757,
        "submit_to_observed_completion_ms": 2.0200419999998758,
        "continuous_iteration_ms": 1.9082919359207153,
        "frame_ms": 1.9082919359207153,
        "component_sum_ms": 1.9063348770141602,
        "tick_ms": 0.12412499636411667,
        "dynamic_mesh_ms": 0.9136670231819153,
        "encode_ms": 0.868166983127594,
        "admission_or_completion_ms": 0.0003760000108741224
      },
      {
        "index": 185,
        "started_ms": 1507.8043750000002,
        "submitted_ms": 1509.8238749999998,
        "observed_completed_ms": 1511.841625,
        "start_to_observed_completion_ms": 4.037249999999858,
        "submit_to_observed_completion_ms": 2.0177500000002055,
        "continuous_iteration_ms": 2.022624969482422,
        "frame_ms": 2.022624969482422,
        "component_sum_ms": 2.0192909240722656,
        "tick_ms": 0.12416699528694153,
        "dynamic_mesh_ms": 0.9105409979820251,
        "encode_ms": 0.9841249585151672,
        "admission_or_completion_ms": 0.0004579999949783087
      },
      {
        "index": 186,
        "started_ms": 1509.827,
        "submitted_ms": 1511.8423750000002,
        "observed_completed_ms": 1513.802041,
        "start_to_observed_completion_ms": 3.9750409999999192,
        "submit_to_observed_completion_ms": 1.9596659999997428,
        "continuous_iteration_ms": 2.017083168029785,
        "frame_ms": 2.017083168029785,
        "component_sum_ms": 2.0147507190704346,
        "tick_ms": 0.13666699826717377,
        "dynamic_mesh_ms": 0.9528339505195618,
        "encode_ms": 0.9246670007705688,
        "admission_or_completion_ms": 0.0005830000154674053
      },
      {
        "index": 187,
        "started_ms": 1511.844083,
        "submitted_ms": 1513.8027080000002,
        "observed_completed_ms": 1517.5762499999998,
        "start_to_observed_completion_ms": 5.73216699999989,
        "submit_to_observed_completion_ms": 3.7735419999996793,
        "continuous_iteration_ms": 1.9611669778823853,
        "frame_ms": 1.9611669778823853,
        "component_sum_ms": 1.9582499265670776,
        "tick_ms": 0.12562499940395355,
        "dynamic_mesh_ms": 0.9105419516563416,
        "encode_ms": 0.9217079877853394,
        "admission_or_completion_ms": 0.000375000003259629
      },
      {
        "index": 188,
        "started_ms": 1513.80525,
        "submitted_ms": 1516.476166,
        "observed_completed_ms": 1518.4605410000001,
        "start_to_observed_completion_ms": 4.655291000000261,
        "submit_to_observed_completion_ms": 1.9843750000002274,
        "continuous_iteration_ms": 2.6747500896453857,
        "frame_ms": 2.6747500896453857,
        "component_sum_ms": 2.670083999633789,
        "tick_ms": 0.12895800173282623,
        "dynamic_mesh_ms": 0.9287089705467224,
        "encode_ms": 1.6116249561309814,
        "admission_or_completion_ms": 0.0007919999770820141
      },
      {
        "index": 189,
        "started_ms": 1516.48,
        "submitted_ms": 1518.46125,
        "observed_completed_ms": 1520.317875,
        "start_to_observed_completion_ms": 3.83787499999994,
        "submit_to_observed_completion_ms": 1.8566249999998945,
        "continuous_iteration_ms": 1.9835410118103027,
        "frame_ms": 1.9835410118103027,
        "component_sum_ms": 1.9805819988250732,
        "tick_ms": 0.15141598880290985,
        "dynamic_mesh_ms": 0.9012500047683716,
        "encode_ms": 0.8845419883728027,
        "admission_or_completion_ms": 0.04337400197982788
      },
      {
        "index": 190,
        "started_ms": 1518.463541,
        "submitted_ms": 1520.318291,
        "observed_completed_ms": 1522.1882500000002,
        "start_to_observed_completion_ms": 3.7247090000000753,
        "submit_to_observed_completion_ms": 1.869959000000108,
        "continuous_iteration_ms": 1.8566670417785645,
        "frame_ms": 1.8566670417785645,
        "component_sum_ms": 1.8545000553131104,
        "tick_ms": 0.12729200720787048,
        "dynamic_mesh_ms": 0.89000004529953,
        "encode_ms": 0.8365000486373901,
        "admission_or_completion_ms": 0.000708000035956502
      },
      {
        "index": 191,
        "started_ms": 1520.320208,
        "submitted_ms": 1522.18875,
        "observed_completed_ms": 1523.981458,
        "start_to_observed_completion_ms": 3.6612499999998818,
        "submit_to_observed_completion_ms": 1.7927079999999478,
        "continuous_iteration_ms": 1.8703750371932983,
        "frame_ms": 1.8703750371932983,
        "component_sum_ms": 1.8680410385131836,
        "tick_ms": 0.12462500482797623,
        "dynamic_mesh_ms": 0.8646249771118164,
        "encode_ms": 0.8783750534057617,
        "admission_or_completion_ms": 0.00041599999531172216
      },
      {
        "index": 192,
        "started_ms": 1522.190583,
        "submitted_ms": 1523.981958,
        "observed_completed_ms": 1525.864458,
        "start_to_observed_completion_ms": 3.6738749999999527,
        "submit_to_observed_completion_ms": 1.8824999999999363,
        "continuous_iteration_ms": 1.792917013168335,
        "frame_ms": 1.792917013168335,
        "component_sum_ms": 1.7912899255752563,
        "tick_ms": 0.11783299595117569,
        "dynamic_mesh_ms": 0.8759580254554749,
        "encode_ms": 0.797124981880188,
        "admission_or_completion_ms": 0.00037399999564513564
      },
      {
        "index": 193,
        "started_ms": 1523.9834999999998,
        "submitted_ms": 1525.864833,
        "observed_completed_ms": 1527.772833,
        "start_to_observed_completion_ms": 3.7893330000001697,
        "submit_to_observed_completion_ms": 1.9079999999999018,
        "continuous_iteration_ms": 1.8843330144882202,
        "frame_ms": 1.8843330144882202,
        "component_sum_ms": 1.8811659812927246,
        "tick_ms": 0.1245419979095459,
        "dynamic_mesh_ms": 0.8691660165786743,
        "encode_ms": 0.8870829939842224,
        "admission_or_completion_ms": 0.000375000003259629
      },
      {
        "index": 194,
        "started_ms": 1525.867833,
        "submitted_ms": 1527.773416,
        "observed_completed_ms": 1529.699458,
        "start_to_observed_completion_ms": 3.831625000000031,
        "submit_to_observed_completion_ms": 1.9260420000000522,
        "continuous_iteration_ms": 1.9075419902801514,
        "frame_ms": 1.9075419902801514,
        "component_sum_ms": 1.905332088470459,
        "tick_ms": 0.11829099804162979,
        "dynamic_mesh_ms": 0.883916974067688,
        "encode_ms": 0.9026660323143005,
        "admission_or_completion_ms": 0.0004579999949783087
      },
      {
        "index": 195,
        "started_ms": 1527.775375,
        "submitted_ms": 1529.7,
        "observed_completed_ms": 1532.8189160000002,
        "start_to_observed_completion_ms": 5.043541000000232,
        "submit_to_observed_completion_ms": 3.1189160000001266,
        "continuous_iteration_ms": 1.9270000457763672,
        "frame_ms": 1.9270000457763672,
        "component_sum_ms": 1.924291968345642,
        "tick_ms": 0.13016699254512787,
        "dynamic_mesh_ms": 0.8971660137176514,
        "encode_ms": 0.8963339924812317,
        "admission_or_completion_ms": 0.0006249999860301614
      },
      {
        "index": 196,
        "started_ms": 1529.7023749999998,
        "submitted_ms": 1531.7177499999998,
        "observed_completed_ms": 1534.835166,
        "start_to_observed_completion_ms": 5.132791000000225,
        "submit_to_observed_completion_ms": 3.1174160000002757,
        "continuous_iteration_ms": 2.0187079906463623,
        "frame_ms": 2.0187079906463623,
        "component_sum_ms": 2.0149569511413574,
        "tick_ms": 0.12337499111890793,
        "dynamic_mesh_ms": 0.8842909932136536,
        "encode_ms": 1.0067919492721558,
        "admission_or_completion_ms": 0.0004990000161342323
      },
      {
        "index": 197,
        "started_ms": 1531.721083,
        "submitted_ms": 1533.778666,
        "observed_completed_ms": 1536.683,
        "start_to_observed_completion_ms": 4.961917000000085,
        "submit_to_observed_completion_ms": 2.9043340000000626,
        "continuous_iteration_ms": 2.061000108718872,
        "frame_ms": 2.061000108718872,
        "component_sum_ms": 2.057292938232422,
        "tick_ms": 0.14091700315475464,
        "dynamic_mesh_ms": 0.9172919988632202,
        "encode_ms": 0.9592500329017639,
        "admission_or_completion_ms": 0.03983399644494057
      },
      {
        "index": 198,
        "started_ms": 1533.782083,
        "submitted_ms": 1535.644875,
        "observed_completed_ms": 1537.569041,
        "start_to_observed_completion_ms": 3.7869579999999132,
        "submit_to_observed_completion_ms": 1.9241660000000138,
        "continuous_iteration_ms": 1.8651670217514038,
        "frame_ms": 1.8651670217514038,
        "component_sum_ms": 1.8626658916473389,
        "tick_ms": 0.12387499958276749,
        "dynamic_mesh_ms": 0.8989580273628235,
        "encode_ms": 0.8092920184135437,
        "admission_or_completion_ms": 0.03054100088775158
      },
      {
        "index": 199,
        "started_ms": 1535.64725,
        "submitted_ms": 1537.569958,
        "observed_completed_ms": 1539.430541,
        "start_to_observed_completion_ms": 3.783290999999963,
        "submit_to_observed_completion_ms": 1.860582999999906,
        "continuous_iteration_ms": 1.9249999523162842,
        "frame_ms": 1.9249999523162842,
        "component_sum_ms": 1.9222080707550049,
        "tick_ms": 0.1211249977350235,
        "dynamic_mesh_ms": 0.8787920475006104,
        "encode_ms": 0.8865000009536743,
        "admission_or_completion_ms": 0.035791002213954926
      },
      {
        "index": 200,
        "started_ms": 1537.57225,
        "submitted_ms": 1539.431291,
        "observed_completed_ms": 1541.2394160000001,
        "start_to_observed_completion_ms": 3.6671660000001793,
        "submit_to_observed_completion_ms": 1.8081250000000182,
        "continuous_iteration_ms": 1.8607909679412842,
        "frame_ms": 1.8607909679412842,
        "component_sum_ms": 1.858625054359436,
        "tick_ms": 0.12345799803733826,
        "dynamic_mesh_ms": 0.8922920227050781,
        "encode_ms": 0.8424160480499268,
        "admission_or_completion_ms": 0.00045900000259280205
      },
      {
        "index": 201,
        "started_ms": 1539.433041,
        "submitted_ms": 1541.239875,
        "observed_completed_ms": 1543.112791,
        "start_to_observed_completion_ms": 3.6797500000000127,
        "submit_to_observed_completion_ms": 1.872916000000032,
        "continuous_iteration_ms": 1.8084170818328857,
        "frame_ms": 1.8084170818328857,
        "component_sum_ms": 1.8067501783370972,
        "tick_ms": 0.11958299577236176,
        "dynamic_mesh_ms": 0.8698750138282776,
        "encode_ms": 0.816709041595459,
        "admission_or_completion_ms": 0.0005830000154674053
      },
      {
        "index": 202,
        "started_ms": 1541.241458,
        "submitted_ms": 1543.1132499999999,
        "observed_completed_ms": 1544.947208,
        "start_to_observed_completion_ms": 3.70575000000008,
        "submit_to_observed_completion_ms": 1.833958000000166,
        "continuous_iteration_ms": 1.8733329772949219,
        "frame_ms": 1.8733329772949219,
        "component_sum_ms": 1.8714590072631836,
        "tick_ms": 0.11895899474620819,
        "dynamic_mesh_ms": 0.874875009059906,
        "encode_ms": 0.8771669864654541,
        "admission_or_completion_ms": 0.00045800002408213913
      },
      {
        "index": 203,
        "started_ms": 1543.114791,
        "submitted_ms": 1544.94775,
        "observed_completed_ms": 1546.813,
        "start_to_observed_completion_ms": 3.6982090000001335,
        "submit_to_observed_completion_ms": 1.86525000000006,
        "continuous_iteration_ms": 1.8344999551773071,
        "frame_ms": 1.8344999551773071,
        "component_sum_ms": 1.8325849771499634,
        "tick_ms": 0.12075000256299973,
        "dynamic_mesh_ms": 0.8774589896202087,
        "encode_ms": 0.8340839743614197,
        "admission_or_completion_ms": 0.00029200001154094934
      },
      {
        "index": 204,
        "started_ms": 1544.949291,
        "submitted_ms": 1546.8134579999999,
        "observed_completed_ms": 1548.659291,
        "start_to_observed_completion_ms": 3.7100000000000364,
        "submit_to_observed_completion_ms": 1.8458330000000842,
        "continuous_iteration_ms": 1.8661669492721558,
        "frame_ms": 1.8661669492721558,
        "component_sum_ms": 1.863916039466858,
        "tick_ms": 0.11862500011920929,
        "dynamic_mesh_ms": 0.8715000152587891,
        "encode_ms": 0.8733749985694885,
        "admission_or_completion_ms": 0.00041599999531172216
      },
      {
        "index": 205,
        "started_ms": 1546.815458,
        "submitted_ms": 1548.660125,
        "observed_completed_ms": 1550.562083,
        "start_to_observed_completion_ms": 3.7466249999999945,
        "submit_to_observed_completion_ms": 1.9019579999999223,
        "continuous_iteration_ms": 1.8460829257965088,
        "frame_ms": 1.8460829257965088,
        "component_sum_ms": 1.8444589376449585,
        "tick_ms": 0.12116700410842896,
        "dynamic_mesh_ms": 0.8552500009536743,
        "encode_ms": 0.8677089810371399,
        "admission_or_completion_ms": 0.0003330000035930425
      },
      {
        "index": 206,
        "started_ms": 1548.661541,
        "submitted_ms": 1550.562708,
        "observed_completed_ms": 1552.615958,
        "start_to_observed_completion_ms": 3.9544170000001486,
        "submit_to_observed_completion_ms": 2.053250000000162,
        "continuous_iteration_ms": 1.903541922569275,
        "frame_ms": 1.903541922569275,
        "component_sum_ms": 1.9007490873336792,
        "tick_ms": 0.13054199516773224,
        "dynamic_mesh_ms": 0.8837080001831055,
        "encode_ms": 0.8860830068588257,
        "admission_or_completion_ms": 0.00041599999531172216
      },
      {
        "index": 207,
        "started_ms": 1550.565083,
        "submitted_ms": 1552.616875,
        "observed_completed_ms": 1554.559083,
        "start_to_observed_completion_ms": 3.994000000000142,
        "submit_to_observed_completion_ms": 1.9422080000001642,
        "continuous_iteration_ms": 2.054332971572876,
        "frame_ms": 2.054332971572876,
        "component_sum_ms": 2.051417112350464,
        "tick_ms": 0.12070900201797485,
        "dynamic_mesh_ms": 0.953125,
        "encode_ms": 0.9762920141220093,
        "admission_or_completion_ms": 0.0012910000514239073
      },
      {
        "index": 208,
        "started_ms": 1552.619416,
        "submitted_ms": 1554.559583,
        "observed_completed_ms": 1556.433916,
        "start_to_observed_completion_ms": 3.8144999999999527,
        "submit_to_observed_completion_ms": 1.8743329999999787,
        "continuous_iteration_ms": 1.9420000314712524,
        "frame_ms": 1.9420000314712524,
        "component_sum_ms": 1.9397929906845093,
        "tick_ms": 0.12537498772144318,
        "dynamic_mesh_ms": 0.9185000061988831,
        "encode_ms": 0.8954169750213623,
        "admission_or_completion_ms": 0.000501000031363219
      },
      {
        "index": 209,
        "started_ms": 1554.5614159999998,
        "submitted_ms": 1556.434375,
        "observed_completed_ms": 1558.3704579999999,
        "start_to_observed_completion_ms": 3.8090420000000904,
        "submit_to_observed_completion_ms": 1.936082999999826,
        "continuous_iteration_ms": 1.8744999170303345,
        "frame_ms": 1.8744999170303345,
        "component_sum_ms": 1.8727909326553345,
        "tick_ms": 0.12145799398422241,
        "dynamic_mesh_ms": 0.899042010307312,
        "encode_ms": 0.851917028427124,
        "admission_or_completion_ms": 0.00037399999564513564
      },
      {
        "index": 210,
        "started_ms": 1556.435916,
        "submitted_ms": 1558.37125,
        "observed_completed_ms": 1560.48575,
        "start_to_observed_completion_ms": 4.049834000000146,
        "submit_to_observed_completion_ms": 2.1145000000001346,
        "continuous_iteration_ms": 1.9382500648498535,
        "frame_ms": 1.9382500648498535,
        "component_sum_ms": 1.9352920055389404,
        "tick_ms": 0.12962499260902405,
        "dynamic_mesh_ms": 0.8651250004768372,
        "encode_ms": 0.9397920370101929,
        "admission_or_completion_ms": 0.0007499999483115971
      },
      {
        "index": 211,
        "started_ms": 1558.374166,
        "submitted_ms": 1560.486708,
        "observed_completed_ms": 1562.418333,
        "start_to_observed_completion_ms": 4.044167000000016,
        "submit_to_observed_completion_ms": 1.9316250000001673,
        "continuous_iteration_ms": 2.115999937057495,
        "frame_ms": 2.115999937057495,
        "component_sum_ms": 2.112123966217041,
        "tick_ms": 0.12195800244808197,
        "dynamic_mesh_ms": 0.9171670079231262,
        "encode_ms": 1.0715000629425049,
        "admission_or_completion_ms": 0.0014989998890087008
      },
      {
        "index": 212,
        "started_ms": 1560.490166,
        "submitted_ms": 1562.4189159999999,
        "observed_completed_ms": 1565.3845,
        "start_to_observed_completion_ms": 4.894333999999844,
        "submit_to_observed_completion_ms": 2.9655840000000353,
        "continuous_iteration_ms": 1.9313750267028809,
        "frame_ms": 1.9313750267028809,
        "component_sum_ms": 1.9282079935073853,
        "tick_ms": 0.1253329962491989,
        "dynamic_mesh_ms": 0.8798329830169678,
        "encode_ms": 0.9224579930305481,
        "admission_or_completion_ms": 0.0005840000230818987
      },
      {
        "index": 213,
        "started_ms": 1562.421541,
        "submitted_ms": 1564.355833,
        "observed_completed_ms": 1567.3076660000002,
        "start_to_observed_completion_ms": 4.88612500000022,
        "submit_to_observed_completion_ms": 2.9518330000000788,
        "continuous_iteration_ms": 1.9375,
        "frame_ms": 1.9375,
        "component_sum_ms": 1.9328739643096924,
        "tick_ms": 0.1202080026268959,
        "dynamic_mesh_ms": 0.8672910332679749,
        "encode_ms": 0.9448750019073486,
        "admission_or_completion_ms": 0.0005000000237487257
      },
      {
        "index": 214,
        "started_ms": 1564.359041,
        "submitted_ms": 1566.2643329999999,
        "observed_completed_ms": 1568.2006660000002,
        "start_to_observed_completion_ms": 3.841625000000249,
        "submit_to_observed_completion_ms": 1.9363330000003316,
        "continuous_iteration_ms": 1.9078339338302612,
        "frame_ms": 1.9078339338302612,
        "component_sum_ms": 1.904708981513977,
        "tick_ms": 0.12075000256299973,
        "dynamic_mesh_ms": 0.8709999918937683,
        "encode_ms": 0.8792920112609863,
        "admission_or_completion_ms": 0.033667001873254776
      },
      {
        "index": 215,
        "started_ms": 1566.266875,
        "submitted_ms": 1568.201041,
        "observed_completed_ms": 1570.010541,
        "start_to_observed_completion_ms": 3.7436660000000757,
        "submit_to_observed_completion_ms": 1.809500000000071,
        "continuous_iteration_ms": 1.9365410804748535,
        "frame_ms": 1.9365410804748535,
        "component_sum_ms": 1.9337489604949951,
        "tick_ms": 0.12141699343919754,
        "dynamic_mesh_ms": 0.8851659893989563,
        "encode_ms": 0.8930410146713257,
        "admission_or_completion_ms": 0.03412500023841858
      },
      {
        "index": 216,
        "started_ms": 1568.203416,
        "submitted_ms": 1570.011125,
        "observed_completed_ms": 1572.013208,
        "start_to_observed_completion_ms": 3.809792000000016,
        "submit_to_observed_completion_ms": 2.002083000000084,
        "continuous_iteration_ms": 1.8095000982284546,
        "frame_ms": 1.8095000982284546,
        "component_sum_ms": 1.807332992553711,
        "tick_ms": 0.12566699087619781,
        "dynamic_mesh_ms": 0.8678329586982727,
        "encode_ms": 0.8133749961853027,
        "admission_or_completion_ms": 0.00045800002408213913
      },
      {
        "index": 217,
        "started_ms": 1570.0129160000001,
        "submitted_ms": 1572.014208,
        "observed_completed_ms": 1573.8512500000002,
        "start_to_observed_completion_ms": 3.8383340000000317,
        "submit_to_observed_completion_ms": 1.8370420000001104,
        "continuous_iteration_ms": 2.0030839443206787,
        "frame_ms": 2.0030839443206787,
        "component_sum_ms": 2.001041889190674,
        "tick_ms": 0.12045799940824509,
        "dynamic_mesh_ms": 0.9276250004768372,
        "encode_ms": 0.9521670341491699,
        "admission_or_completion_ms": 0.0007919999770820141
      },
      {
        "index": 218,
        "started_ms": 1572.016,
        "submitted_ms": 1573.851625,
        "observed_completed_ms": 1575.7415409999999,
        "start_to_observed_completion_ms": 3.7255409999997937,
        "submit_to_observed_completion_ms": 1.8899159999998574,
        "continuous_iteration_ms": 1.8372080326080322,
        "frame_ms": 1.8372080326080322,
        "component_sum_ms": 1.8354170322418213,
        "tick_ms": 0.12062500417232513,
        "dynamic_mesh_ms": 0.8728340268135071,
        "encode_ms": 0.8415419459342957,
        "admission_or_completion_ms": 0.00041599999531172216
      },
      {
        "index": 219,
        "started_ms": 1573.853208,
        "submitted_ms": 1575.742166,
        "observed_completed_ms": 1577.6490000000001,
        "start_to_observed_completion_ms": 3.7957920000001195,
        "submit_to_observed_completion_ms": 1.9068340000001172,
        "continuous_iteration_ms": 1.8909999132156372,
        "frame_ms": 1.8909999132156372,
        "component_sum_ms": 1.8885849714279175,
        "tick_ms": 0.12170900404453278,
        "dynamic_mesh_ms": 0.8776670098304749,
        "encode_ms": 0.8886249661445618,
        "admission_or_completion_ms": 0.0005840000230818987
      },
      {
        "index": 220,
        "started_ms": 1575.744208,
        "submitted_ms": 1577.649375,
        "observed_completed_ms": 1579.533708,
        "start_to_observed_completion_ms": 3.7894999999998618,
        "submit_to_observed_completion_ms": 1.8843329999999696,
        "continuous_iteration_ms": 1.9065419435501099,
        "frame_ms": 1.9065419435501099,
        "component_sum_ms": 1.9048728942871094,
        "tick_ms": 0.11995799839496613,
        "dynamic_mesh_ms": 0.870415985584259,
        "encode_ms": 0.9139999747276306,
        "admission_or_completion_ms": 0.0004990000161342323
      },
      {
        "index": 221,
        "started_ms": 1577.65075,
        "submitted_ms": 1579.534083,
        "observed_completed_ms": 1581.4062500000002,
        "start_to_observed_completion_ms": 3.755500000000211,
        "submit_to_observed_completion_ms": 1.8721670000002177,
        "continuous_iteration_ms": 1.885124921798706,
        "frame_ms": 1.885124921798706,
        "component_sum_ms": 1.8832080364227295,
        "tick_ms": 0.12216699868440628,
        "dynamic_mesh_ms": 0.887374997138977,
        "encode_ms": 0.8732079863548279,
        "admission_or_completion_ms": 0.0004579999949783087
      },
      {
        "index": 222,
        "started_ms": 1579.535875,
        "submitted_ms": 1581.406958,
        "observed_completed_ms": 1583.4039579999999,
        "start_to_observed_completion_ms": 3.8680829999998423,
        "submit_to_observed_completion_ms": 1.9969999999998436,
        "continuous_iteration_ms": 1.8733329772949219,
        "frame_ms": 1.8733329772949219,
        "component_sum_ms": 1.8708339929580688,
        "tick_ms": 0.12362499535083771,
        "dynamic_mesh_ms": 0.8846669793128967,
        "encode_ms": 0.8617080450057983,
        "admission_or_completion_ms": 0.0008340000058524311
      },
      {
        "index": 223,
        "started_ms": 1581.409208,
        "submitted_ms": 1583.404958,
        "observed_completed_ms": 1585.655958,
        "start_to_observed_completion_ms": 4.24675000000002,
        "submit_to_observed_completion_ms": 2.2509999999999764,
        "continuous_iteration_ms": 1.9996669292449951,
        "frame_ms": 1.9996669292449951,
        "component_sum_ms": 1.9956668615341187,
        "tick_ms": 0.1171249970793724,
        "dynamic_mesh_ms": 0.887499988079071,
        "encode_ms": 0.9899999499320984,
        "admission_or_completion_ms": 0.0010420000180602074
      },
      {
        "index": 224,
        "started_ms": 1583.4088749999999,
        "submitted_ms": 1585.6571659999997,
        "observed_completed_ms": 1587.699041,
        "start_to_observed_completion_ms": 4.290166000000227,
        "submit_to_observed_completion_ms": 2.0418750000003456,
        "continuous_iteration_ms": 2.252290964126587,
        "frame_ms": 2.252290964126587,
        "component_sum_ms": 2.2479591369628906,
        "tick_ms": 0.1267089992761612,
        "dynamic_mesh_ms": 1.0410420894622803,
        "encode_ms": 1.0783330202102661,
        "admission_or_completion_ms": 0.001875000074505806
      },
      {
        "index": 225,
        "started_ms": 1585.6611659999999,
        "submitted_ms": 1587.70025,
        "observed_completed_ms": 1590.9385,
        "start_to_observed_completion_ms": 5.27733400000011,
        "submit_to_observed_completion_ms": 3.23824999999988,
        "continuous_iteration_ms": 2.0427498817443848,
        "frame_ms": 2.0427498817443848,
        "component_sum_ms": 2.0385420322418213,
        "tick_ms": 0.13658399879932404,
        "dynamic_mesh_ms": 0.922249972820282,
        "encode_ms": 0.9790420532226562,
        "admission_or_completion_ms": 0.000666000007186085
      },
      {
        "index": 226,
        "started_ms": 1587.7039160000002,
        "submitted_ms": 1589.8459579999999,
        "observed_completed_ms": 1593.043625,
        "start_to_observed_completion_ms": 5.339708999999857,
        "submit_to_observed_completion_ms": 3.1976670000001377,
        "continuous_iteration_ms": 2.1460840702056885,
        "frame_ms": 2.1460840702056885,
        "component_sum_ms": 2.1415419578552246,
        "tick_ms": 0.126583993434906,
        "dynamic_mesh_ms": 0.9097079634666443,
        "encode_ms": 1.1044169664382935,
        "admission_or_completion_ms": 0.0008329999982379377
      },
      {
        "index": 227,
        "started_ms": 1589.85,
        "submitted_ms": 1591.855166,
        "observed_completed_ms": 1593.980666,
        "start_to_observed_completion_ms": 4.130666000000019,
        "submit_to_observed_completion_ms": 2.1254999999998745,
        "continuous_iteration_ms": 2.0098330974578857,
        "frame_ms": 2.0098330974578857,
        "component_sum_ms": 2.004875898361206,
        "tick_ms": 0.1434589922428131,
        "dynamic_mesh_ms": 0.9094589948654175,
        "encode_ms": 0.9160410165786743,
        "admission_or_completion_ms": 0.0359170027077198
      },
      {
        "index": 228,
        "started_ms": 1591.859833,
        "submitted_ms": 1593.981875,
        "observed_completed_ms": 1596.015958,
        "start_to_observed_completion_ms": 4.1561249999999745,
        "submit_to_observed_completion_ms": 2.0340830000000096,
        "continuous_iteration_ms": 2.1259169578552246,
        "frame_ms": 2.1259169578552246,
        "component_sum_ms": 2.121541976928711,
        "tick_ms": 0.14487498998641968,
        "dynamic_mesh_ms": 0.9629589915275574,
        "encode_ms": 0.9373340010643005,
        "admission_or_completion_ms": 0.07637400180101395
      },
      {
        "index": 229,
        "started_ms": 1593.9857499999998,
        "submitted_ms": 1596.0165,
        "observed_completed_ms": 1599.177541,
        "start_to_observed_completion_ms": 5.191791000000194,
        "submit_to_observed_completion_ms": 3.1610410000000684,
        "continuous_iteration_ms": 2.033582925796509,
        "frame_ms": 2.033582925796509,
        "component_sum_ms": 2.0301249027252197,
        "tick_ms": 0.12954199314117432,
        "dynamic_mesh_ms": 0.9426249861717224,
        "encode_ms": 0.9575000405311584,
        "admission_or_completion_ms": 0.0004579999949783087
      },
      {
        "index": 230,
        "started_ms": 1596.0193330000002,
        "submitted_ms": 1598.0565,
        "observed_completed_ms": 1600.322416,
        "start_to_observed_completion_ms": 4.303082999999788,
        "submit_to_observed_completion_ms": 2.265916000000061,
        "continuous_iteration_ms": 2.040541887283325,
        "frame_ms": 2.040541887283325,
        "component_sum_ms": 2.0368759632110596,
        "tick_ms": 0.12679199874401093,
        "dynamic_mesh_ms": 0.902999997138977,
        "encode_ms": 1.0063339471817017,
        "admission_or_completion_ms": 0.000750000006519258
      },
      {
        "index": 231,
        "started_ms": 1598.0598750000001,
        "submitted_ms": 1600.3235,
        "observed_completed_ms": 1602.3985,
        "start_to_observed_completion_ms": 4.338624999999865,
        "submit_to_observed_completion_ms": 2.0750000000000455,
        "continuous_iteration_ms": 2.267457962036133,
        "frame_ms": 2.267457962036133,
        "component_sum_ms": 2.2630841732025146,
        "tick_ms": 0.12224999815225601,
        "dynamic_mesh_ms": 0.9553750157356262,
        "encode_ms": 1.1452500820159912,
        "admission_or_completion_ms": 0.040209002792835236
      },
      {
        "index": 232,
        "started_ms": 1600.3273330000002,
        "submitted_ms": 1602.399666,
        "observed_completed_ms": 1604.524458,
        "start_to_observed_completion_ms": 4.1971249999999145,
        "submit_to_observed_completion_ms": 2.1247920000000704,
        "continuous_iteration_ms": 2.0764169692993164,
        "frame_ms": 2.0764169692993164,
        "component_sum_ms": 2.0719997882843018,
        "tick_ms": 0.12554199993610382,
        "dynamic_mesh_ms": 0.9595419764518738,
        "encode_ms": 0.9854580163955688,
        "admission_or_completion_ms": 0.0014579999260604382
      },
      {
        "index": 233,
        "started_ms": 1602.4037500000002,
        "submitted_ms": 1604.5253750000002,
        "observed_completed_ms": 1606.410666,
        "start_to_observed_completion_ms": 4.006915999999819,
        "submit_to_observed_completion_ms": 1.8852909999998246,
        "continuous_iteration_ms": 2.1243748664855957,
        "frame_ms": 2.1243748664855957,
        "component_sum_ms": 2.12129282951355,
        "tick_ms": 0.13916699588298798,
        "dynamic_mesh_ms": 0.9217499494552612,
        "encode_ms": 1.0593340396881104,
        "admission_or_completion_ms": 0.0010420000180602074
      },
      {
        "index": 234,
        "started_ms": 1604.5281249999998,
        "submitted_ms": 1606.4112499999999,
        "observed_completed_ms": 1608.307125,
        "start_to_observed_completion_ms": 3.7790000000002237,
        "submit_to_observed_completion_ms": 1.89587500000016,
        "continuous_iteration_ms": 1.8849999904632568,
        "frame_ms": 1.8849999904632568,
        "component_sum_ms": 1.8827500343322754,
        "tick_ms": 0.12224999815225601,
        "dynamic_mesh_ms": 0.8836669921875,
        "encode_ms": 0.8763750195503235,
        "admission_or_completion_ms": 0.0004579999949783087
      },
      {
        "index": 235,
        "started_ms": 1606.413125,
        "submitted_ms": 1608.3077079999998,
        "observed_completed_ms": 1610.189333,
        "start_to_observed_completion_ms": 3.776207999999997,
        "submit_to_observed_completion_ms": 1.8816250000002128,
        "continuous_iteration_ms": 1.8962498903274536,
        "frame_ms": 1.8962498903274536,
        "component_sum_ms": 1.894124984741211,
        "tick_ms": 0.12116599828004837,
        "dynamic_mesh_ms": 0.8934170007705688,
        "encode_ms": 0.8790420293807983,
        "admission_or_completion_ms": 0.0005000000237487257
      },
      {
        "index": 236,
        "started_ms": 1608.309375,
        "submitted_ms": 1610.18975,
        "observed_completed_ms": 1612.0494999999999,
        "start_to_observed_completion_ms": 3.740124999999807,
        "submit_to_observed_completion_ms": 1.859749999999849,
        "continuous_iteration_ms": 1.8818329572677612,
        "frame_ms": 1.8818329572677612,
        "component_sum_ms": 1.8800408840179443,
        "tick_ms": 0.11637499928474426,
        "dynamic_mesh_ms": 0.871999979019165,
        "encode_ms": 0.8912919759750366,
        "admission_or_completion_ms": 0.00037399999564513564
      },
      {
        "index": 237,
        "started_ms": 1610.191208,
        "submitted_ms": 1612.0499160000002,
        "observed_completed_ms": 1614.0105,
        "start_to_observed_completion_ms": 3.8192920000001322,
        "submit_to_observed_completion_ms": 1.9605839999999262,
        "continuous_iteration_ms": 1.8599169254302979,
        "frame_ms": 1.8599169254302979,
        "component_sum_ms": 1.858293056488037,
        "tick_ms": 0.1185000017285347,
        "dynamic_mesh_ms": 0.8926669955253601,
        "encode_ms": 0.8467499613761902,
        "admission_or_completion_ms": 0.0003760000108741224
      },
      {
        "index": 238,
        "started_ms": 1612.051125,
        "submitted_ms": 1614.011166,
        "observed_completed_ms": 1615.8464999999999,
        "start_to_observed_completion_ms": 3.795374999999922,
        "submit_to_observed_completion_ms": 1.8353339999998752,
        "continuous_iteration_ms": 1.9635409116744995,
        "frame_ms": 1.9635409116744995,
        "component_sum_ms": 1.9599181413650513,
        "tick_ms": 0.1149590015411377,
        "dynamic_mesh_ms": 0.8987089991569519,
        "encode_ms": 0.9452910423278809,
        "admission_or_completion_ms": 0.0009590000263415277
      },
      {
        "index": 239,
        "started_ms": 1614.014666,
        "submitted_ms": 1615.846916,
        "observed_completed_ms": 1617.9346249999999,
        "start_to_observed_completion_ms": 3.919958999999835,
        "submit_to_observed_completion_ms": 2.0877089999999043,
        "continuous_iteration_ms": 1.833791971206665,
        "frame_ms": 1.833791971206665,
        "component_sum_ms": 1.8319998979568481,
        "tick_ms": 0.12041699886322021,
        "dynamic_mesh_ms": 0.8897079825401306,
        "encode_ms": 0.8213750123977661,
        "admission_or_completion_ms": 0.0005000000237487257
      },
      {
        "index": 240,
        "started_ms": 1615.848458,
        "submitted_ms": 1617.935375,
        "observed_completed_ms": 1619.842583,
        "start_to_observed_completion_ms": 3.9941250000001673,
        "submit_to_observed_completion_ms": 1.9072080000000824,
        "continuous_iteration_ms": 2.0936670303344727,
        "frame_ms": 2.0936670303344727,
        "component_sum_ms": 2.0863730907440186,
        "tick_ms": 0.12054099887609482,
        "dynamic_mesh_ms": 1.0269579887390137,
        "encode_ms": 0.9381250143051147,
        "admission_or_completion_ms": 0.0007489999989047647
      },
      {
        "index": 241,
        "started_ms": 1617.9421249999998,
        "submitted_ms": 1619.8429999999998,
        "observed_completed_ms": 1621.72725,
        "start_to_observed_completion_ms": 3.7851250000001073,
        "submit_to_observed_completion_ms": 1.8842500000000655,
        "continuous_iteration_ms": 1.9023330211639404,
        "frame_ms": 1.9023330211639404,
        "component_sum_ms": 1.9005409479141235,
        "tick_ms": 0.12708300352096558,
        "dynamic_mesh_ms": 0.9084169864654541,
        "encode_ms": 0.8642919659614563,
        "admission_or_completion_ms": 0.0007490000571124256
      },
      {
        "index": 242,
        "started_ms": 1619.844458,
        "submitted_ms": 1621.727791,
        "observed_completed_ms": 1623.627166,
        "start_to_observed_completion_ms": 3.782707999999957,
        "submit_to_observed_completion_ms": 1.8993749999999636,
        "continuous_iteration_ms": 1.884958028793335,
        "frame_ms": 1.884958028793335,
        "component_sum_ms": 1.8830820322036743,
        "tick_ms": 0.12483299523591995,
        "dynamic_mesh_ms": 0.8683329820632935,
        "encode_ms": 0.8895000219345093,
        "admission_or_completion_ms": 0.0004160000244155526
      },
      {
        "index": 243,
        "started_ms": 1621.729416,
        "submitted_ms": 1623.627708,
        "observed_completed_ms": 1625.545625,
        "start_to_observed_completion_ms": 3.8162090000000717,
        "submit_to_observed_completion_ms": 1.9179169999999885,
        "continuous_iteration_ms": 1.9003340005874634,
        "frame_ms": 1.9003340005874634,
        "component_sum_ms": 1.8978749513626099,
        "tick_ms": 0.12045799940824509,
        "dynamic_mesh_ms": 0.8921250104904175,
        "encode_ms": 0.8846669793128967,
        "admission_or_completion_ms": 0.0006249999860301614
      },
      {
        "index": 244,
        "started_ms": 1623.62975,
        "submitted_ms": 1625.5464160000001,
        "observed_completed_ms": 1627.465583,
        "start_to_observed_completion_ms": 3.835832999999866,
        "submit_to_observed_completion_ms": 1.9191669999997885,
        "continuous_iteration_ms": 1.9192910194396973,
        "frame_ms": 1.9192910194396973,
        "component_sum_ms": 1.9166669845581055,
        "tick_ms": 0.14054200053215027,
        "dynamic_mesh_ms": 0.8878329992294312,
        "encode_ms": 0.887624979019165,
        "admission_or_completion_ms": 0.0006670000148005784
      },
      {
        "index": 245,
        "started_ms": 1625.549041,
        "submitted_ms": 1627.4660829999998,
        "observed_completed_ms": 1629.379333,
        "start_to_observed_completion_ms": 3.8302920000000995,
        "submit_to_observed_completion_ms": 1.9132500000002892,
        "continuous_iteration_ms": 1.9187090396881104,
        "frame_ms": 1.9187090396881104,
        "component_sum_ms": 1.9165830612182617,
        "tick_ms": 0.12183299660682678,
        "dynamic_mesh_ms": 0.9112910032272339,
        "encode_ms": 0.8826670050621033,
        "admission_or_completion_ms": 0.0007919999770820141
      },
      {
        "index": 246,
        "started_ms": 1627.46775,
        "submitted_ms": 1629.3800410000001,
        "observed_completed_ms": 1632.6079579999998,
        "start_to_observed_completion_ms": 5.140207999999802,
        "submit_to_observed_completion_ms": 3.2279169999997066,
        "continuous_iteration_ms": 1.9144999980926514,
        "frame_ms": 1.9144999980926514,
        "component_sum_ms": 1.9120019674301147,
        "tick_ms": 0.12758401036262512,
        "dynamic_mesh_ms": 0.8790839910507202,
        "encode_ms": 0.9047500491142273,
        "admission_or_completion_ms": 0.0005840000230818987
      },
      {
        "index": 247,
        "started_ms": 1629.3822499999999,
        "submitted_ms": 1631.502083,
        "observed_completed_ms": 1633.56025,
        "start_to_observed_completion_ms": 4.178000000000111,
        "submit_to_observed_completion_ms": 2.058166999999912,
        "continuous_iteration_ms": 2.1235830783843994,
        "frame_ms": 2.1235830783843994,
        "component_sum_ms": 2.1193761825561523,
        "tick_ms": 0.12770900130271912,
        "dynamic_mesh_ms": 0.8742920160293579,
        "encode_ms": 1.1166250705718994,
        "admission_or_completion_ms": 0.000750000006519258
      },
      {
        "index": 248,
        "started_ms": 1631.505833,
        "submitted_ms": 1633.561291,
        "observed_completed_ms": 1635.561541,
        "start_to_observed_completion_ms": 4.055708000000095,
        "submit_to_observed_completion_ms": 2.000250000000051,
        "continuous_iteration_ms": 2.0589170455932617,
        "frame_ms": 2.0589170455932617,
        "component_sum_ms": 2.0550830364227295,
        "tick_ms": 0.13920800387859344,
        "dynamic_mesh_ms": 0.9276250004768372,
        "encode_ms": 0.9527910351753235,
        "admission_or_completion_ms": 0.0354589968919754
      },
      {
        "index": 249,
        "started_ms": 1633.5647500000002,
        "submitted_ms": 1635.562125,
        "observed_completed_ms": 1637.463416,
        "start_to_observed_completion_ms": 3.898665999999821,
        "submit_to_observed_completion_ms": 1.9012910000001284,
        "continuous_iteration_ms": 1.9999160766601562,
        "frame_ms": 1.9999160766601562,
        "component_sum_ms": 1.9968749284744263,
        "tick_ms": 0.1379999965429306,
        "dynamic_mesh_ms": 0.965624988079071,
        "encode_ms": 0.8927090167999268,
        "admission_or_completion_ms": 0.0005410000449046493
      },
      {
        "index": 250,
        "started_ms": 1635.564666,
        "submitted_ms": 1637.463958,
        "observed_completed_ms": 1639.335083,
        "start_to_observed_completion_ms": 3.770416999999952,
        "submit_to_observed_completion_ms": 1.8711249999998927,
        "continuous_iteration_ms": 1.901708960533142,
        "frame_ms": 1.901708960533142,
        "component_sum_ms": 1.8989989757537842,
        "tick_ms": 0.12745800614356995,
        "dynamic_mesh_ms": 0.9254999756813049,
        "encode_ms": 0.8453329801559448,
        "admission_or_completion_ms": 0.000708000035956502
      },
      {
        "index": 251,
        "started_ms": 1637.466375,
        "submitted_ms": 1639.335666,
        "observed_completed_ms": 1641.142291,
        "start_to_observed_completion_ms": 3.6759159999999156,
        "submit_to_observed_completion_ms": 1.80662499999994,
        "continuous_iteration_ms": 1.8714580535888672,
        "frame_ms": 1.8714580535888672,
        "component_sum_ms": 1.8688759803771973,
        "tick_ms": 0.12029200047254562,
        "dynamic_mesh_ms": 0.9014170169830322,
        "encode_ms": 0.8467499613761902,
        "admission_or_completion_ms": 0.00041700000292621553
      },
      {
        "index": 252,
        "started_ms": 1639.3378329999998,
        "submitted_ms": 1641.142791,
        "observed_completed_ms": 1643.019,
        "start_to_observed_completion_ms": 3.681167000000187,
        "submit_to_observed_completion_ms": 1.8762090000000171,
        "continuous_iteration_ms": 1.8065420389175415,
        "frame_ms": 1.8065420389175415,
        "component_sum_ms": 1.8047499656677246,
        "tick_ms": 0.12341700494289398,
        "dynamic_mesh_ms": 0.8777080178260803,
        "encode_ms": 0.8031660318374634,
        "admission_or_completion_ms": 0.00045900000259280205
      },
      {
        "index": 253,
        "started_ms": 1641.144375,
        "submitted_ms": 1643.019583,
        "observed_completed_ms": 1644.9293329999998,
        "start_to_observed_completion_ms": 3.784957999999733,
        "submit_to_observed_completion_ms": 1.9097499999998035,
        "continuous_iteration_ms": 1.876957893371582,
        "frame_ms": 1.876957893371582,
        "component_sum_ms": 1.8749579191207886,
        "tick_ms": 0.11958299577236176,
        "dynamic_mesh_ms": 0.8852919936180115,
        "encode_ms": 0.8693329691886902,
        "admission_or_completion_ms": 0.000750000006519258
      },
      {
        "index": 254,
        "started_ms": 1643.0213330000001,
        "submitted_ms": 1644.92975,
        "observed_completed_ms": 1646.8147499999998,
        "start_to_observed_completion_ms": 3.7934169999996357,
        "submit_to_observed_completion_ms": 1.8849999999997635,
        "continuous_iteration_ms": 1.9100420475006104,
        "frame_ms": 1.9100420475006104,
        "component_sum_ms": 1.9081670045852661,
        "tick_ms": 0.126459002494812,
        "dynamic_mesh_ms": 0.9309580326080322,
        "encode_ms": 0.8502500057220459,
        "admission_or_completion_ms": 0.0005000000237487257
      },
      {
        "index": 255,
        "started_ms": 1644.9313750000001,
        "submitted_ms": 1646.8152499999999,
        "observed_completed_ms": 1648.6480000000001,
        "start_to_observed_completion_ms": 3.716625000000022,
        "submit_to_observed_completion_ms": 1.8327500000002601,
        "continuous_iteration_ms": 1.8857499361038208,
        "frame_ms": 1.8857499361038208,
        "component_sum_ms": 1.8835010528564453,
        "tick_ms": 0.1166669949889183,
        "dynamic_mesh_ms": 0.8984999656677246,
        "encode_ms": 0.8678340315818787,
        "admission_or_completion_ms": 0.0005000000237487257
      },
      {
        "index": 256,
        "started_ms": 1646.817125,
        "submitted_ms": 1648.648416,
        "observed_completed_ms": 1650.5515,
        "start_to_observed_completion_ms": 3.734375,
        "submit_to_observed_completion_ms": 1.9030840000000353,
        "continuous_iteration_ms": 1.8335829973220825,
        "frame_ms": 1.8335829973220825,
        "component_sum_ms": 1.830793023109436,
        "tick_ms": 0.12487500160932541,
        "dynamic_mesh_ms": 0.8787090182304382,
        "encode_ms": 0.826665997505188,
        "admission_or_completion_ms": 0.0005430000019259751
      },
      {
        "index": 257,
        "started_ms": 1648.650708,
        "submitted_ms": 1650.5520410000001,
        "observed_completed_ms": 1652.415208,
        "start_to_observed_completion_ms": 3.764499999999998,
        "submit_to_observed_completion_ms": 1.8631669999997484,
        "continuous_iteration_ms": 1.9043750762939453,
        "frame_ms": 1.9043750762939453,
        "component_sum_ms": 1.9009159803390503,
        "tick_ms": 0.11595799773931503,
        "dynamic_mesh_ms": 0.916208028793335,
        "encode_ms": 0.8680830001831055,
        "admission_or_completion_ms": 0.0006670000148005784
      },
      {
        "index": 258,
        "started_ms": 1650.555083,
        "submitted_ms": 1652.41575,
        "observed_completed_ms": 1654.325625,
        "start_to_observed_completion_ms": 3.7705419999999776,
        "submit_to_observed_completion_ms": 1.9098750000000564,
        "continuous_iteration_ms": 1.8624169826507568,
        "frame_ms": 1.8624169826507568,
        "component_sum_ms": 1.8599580526351929,
        "tick_ms": 0.12700000405311584,
        "dynamic_mesh_ms": 0.8918750286102295,
        "encode_ms": 0.8407090306282043,
        "admission_or_completion_ms": 0.00037399999564513564
      },
      {
        "index": 259,
        "started_ms": 1652.4174999999998,
        "submitted_ms": 1654.326583,
        "observed_completed_ms": 1656.228791,
        "start_to_observed_completion_ms": 3.8112910000002103,
        "submit_to_observed_completion_ms": 1.9022079999999733,
        "continuous_iteration_ms": 1.9121249914169312,
        "frame_ms": 1.9121249914169312,
        "component_sum_ms": 1.9089990854263306,
        "tick_ms": 0.12312500923871994,
        "dynamic_mesh_ms": 0.8684160113334656,
        "encode_ms": 0.9167080521583557,
        "admission_or_completion_ms": 0.000750000006519258
      },
      {
        "index": 260,
        "started_ms": 1654.3296249999999,
        "submitted_ms": 1656.229333,
        "observed_completed_ms": 1658.07675,
        "start_to_observed_completion_ms": 3.7471250000000964,
        "submit_to_observed_completion_ms": 1.8474169999999503,
        "continuous_iteration_ms": 1.9019579887390137,
        "frame_ms": 1.9019579887390137,
        "component_sum_ms": 1.8994170427322388,
        "tick_ms": 0.12054099887609482,
        "dynamic_mesh_ms": 0.9058340191841125,
        "encode_ms": 0.8724170327186584,
        "admission_or_completion_ms": 0.0006249999860301614
      },
      {
        "index": 261,
        "started_ms": 1656.2315829999998,
        "submitted_ms": 1658.0772499999998,
        "observed_completed_ms": 1660.118458,
        "start_to_observed_completion_ms": 3.8868750000001455,
        "submit_to_observed_completion_ms": 2.041208000000097,
        "continuous_iteration_ms": 1.8475420475006104,
        "frame_ms": 1.8475420475006104,
        "component_sum_ms": 1.8453750610351562,
        "tick_ms": 0.11854200065135956,
        "dynamic_mesh_ms": 0.8719579577445984,
        "encode_ms": 0.8544589877128601,
        "admission_or_completion_ms": 0.00041599999531172216
      },
      {
        "index": 262,
        "started_ms": 1658.079125,
        "submitted_ms": 1660.1193749999998,
        "observed_completed_ms": 1662.060708,
        "start_to_observed_completion_ms": 3.9815830000000005,
        "submit_to_observed_completion_ms": 1.9413330000002134,
        "continuous_iteration_ms": 2.0439159870147705,
        "frame_ms": 2.0439159870147705,
        "component_sum_ms": 2.039875030517578,
        "tick_ms": 0.11887500435113907,
        "dynamic_mesh_ms": 0.8769170045852661,
        "encode_ms": 1.0432920455932617,
        "admission_or_completion_ms": 0.0007909999694675207
      },
      {
        "index": 263,
        "started_ms": 1660.1230409999998,
        "submitted_ms": 1662.061375,
        "observed_completed_ms": 1664.195708,
        "start_to_observed_completion_ms": 4.072667000000138,
        "submit_to_observed_completion_ms": 2.1343329999999696,
        "continuous_iteration_ms": 1.9410840272903442,
        "frame_ms": 1.9410840272903442,
        "component_sum_ms": 1.9380000829696655,
        "tick_ms": 0.12258300185203552,
        "dynamic_mesh_ms": 0.8869580030441284,
        "encode_ms": 0.9278749823570251,
        "admission_or_completion_ms": 0.0005840000230818987
      },
      {
        "index": 264,
        "started_ms": 1662.064125,
        "submitted_ms": 1664.196666,
        "observed_completed_ms": 1667.517541,
        "start_to_observed_completion_ms": 5.453415999999834,
        "submit_to_observed_completion_ms": 3.3208749999998872,
        "continuous_iteration_ms": 2.1365411281585693,
        "frame_ms": 2.1365411281585693,
        "component_sum_ms": 2.1321661472320557,
        "tick_ms": 0.12054099887609482,
        "dynamic_mesh_ms": 0.8761669993400574,
        "encode_ms": 1.1347500085830688,
        "admission_or_completion_ms": 0.000708000035956502
      },
      {
        "index": 265,
        "started_ms": 1664.2006660000002,
        "submitted_ms": 1666.339166,
        "observed_completed_ms": 1668.5162500000001,
        "start_to_observed_completion_ms": 4.315583999999944,
        "submit_to_observed_completion_ms": 2.17708400000015,
        "continuous_iteration_ms": 2.142292022705078,
        "frame_ms": 2.142292022705078,
        "component_sum_ms": 2.1377508640289307,
        "tick_ms": 0.14649999141693115,
        "dynamic_mesh_ms": 0.9752089977264404,
        "encode_ms": 1.0142909288406372,
        "admission_or_completion_ms": 0.001750999828800559
      },
      {
        "index": 266,
        "started_ms": 1666.342958,
        "submitted_ms": 1668.517,
        "observed_completed_ms": 1670.416416,
        "start_to_observed_completion_ms": 4.073458000000073,
        "submit_to_observed_completion_ms": 1.8994159999999738,
        "continuous_iteration_ms": 2.1769168376922607,
        "frame_ms": 2.1769168376922607,
        "component_sum_ms": 2.1733341217041016,
        "tick_ms": 0.13316701352596283,
        "dynamic_mesh_ms": 0.9887500405311584,
        "encode_ms": 0.9985419511795044,
        "admission_or_completion_ms": 0.05287499725818634
      },
      {
        "index": 267,
        "started_ms": 1668.519875,
        "submitted_ms": 1670.416875,
        "observed_completed_ms": 1672.279041,
        "start_to_observed_completion_ms": 3.75916600000005,
        "submit_to_observed_completion_ms": 1.8621660000001157,
        "continuous_iteration_ms": 1.8994580507278442,
        "frame_ms": 1.8994580507278442,
        "component_sum_ms": 1.8965840339660645,
        "tick_ms": 0.12700000405311584,
        "dynamic_mesh_ms": 0.9003750085830688,
        "encode_ms": 0.8687090277671814,
        "admission_or_completion_ms": 0.0005000000237487257
      },
      {
        "index": 268,
        "started_ms": 1670.4193329999998,
        "submitted_ms": 1672.2795409999999,
        "observed_completed_ms": 1674.1284159999998,
        "start_to_observed_completion_ms": 3.709082999999964,
        "submit_to_observed_completion_ms": 1.8488749999999072,
        "continuous_iteration_ms": 1.862583041191101,
        "frame_ms": 1.862583041191101,
        "component_sum_ms": 1.8597499132156372,
        "tick_ms": 0.11979199945926666,
        "dynamic_mesh_ms": 0.8645839691162109,
        "encode_ms": 0.8750829696655273,
        "admission_or_completion_ms": 0.000291000003926456
      },
      {
        "index": 269,
        "started_ms": 1672.281916,
        "submitted_ms": 1674.128875,
        "observed_completed_ms": 1676.0441660000001,
        "start_to_observed_completion_ms": 3.762250000000222,
        "submit_to_observed_completion_ms": 1.9152910000000247,
        "continuous_iteration_ms": 1.8491671085357666,
        "frame_ms": 1.8491671085357666,
        "component_sum_ms": 1.8466660976409912,
        "tick_ms": 0.12250000238418579,
        "dynamic_mesh_ms": 0.8687080144882202,
        "encode_ms": 0.8550000190734863,
        "admission_or_completion_ms": 0.0004579999949783087
      },
      {
        "index": 270,
        "started_ms": 1674.131083,
        "submitted_ms": 1676.0445829999999,
        "observed_completed_ms": 1677.889,
        "start_to_observed_completion_ms": 3.7579169999999067,
        "submit_to_observed_completion_ms": 1.8444170000000213,
        "continuous_iteration_ms": 1.916124939918518,
        "frame_ms": 1.916124939918518,
        "component_sum_ms": 1.913124918937683,
        "tick_ms": 0.11866600066423416,
        "dynamic_mesh_ms": 0.8732919692993164,
        "encode_ms": 0.9206669926643372,
        "admission_or_completion_ms": 0.0004999999655410647
      },
      {
        "index": 271,
        "started_ms": 1676.047208,
        "submitted_ms": 1677.889875,
        "observed_completed_ms": 1679.812666,
        "start_to_observed_completion_ms": 3.7654580000000806,
        "submit_to_observed_completion_ms": 1.922790999999961,
        "continuous_iteration_ms": 1.8448750972747803,
        "frame_ms": 1.8448750972747803,
        "component_sum_ms": 1.8423749208450317,
        "tick_ms": 0.1240830048918724,
        "dynamic_mesh_ms": 0.8609169721603394,
        "encode_ms": 0.8568339943885803,
        "admission_or_completion_ms": 0.0005410000449046493
      },
      {
        "index": 272,
        "started_ms": 1677.8920830000002,
        "submitted_ms": 1679.813166,
        "observed_completed_ms": 1681.6605,
        "start_to_observed_completion_ms": 3.768416999999772,
        "submit_to_observed_completion_ms": 1.8473340000000462,
        "continuous_iteration_ms": 1.9233330488204956,
        "frame_ms": 1.9233330488204956,
        "component_sum_ms": 1.9205830097198486,
        "tick_ms": 0.12312500923871994,
        "dynamic_mesh_ms": 0.8973749876022339,
        "encode_ms": 0.8995410203933716,
        "admission_or_completion_ms": 0.0005420000525191426
      },
      {
        "index": 273,
        "started_ms": 1679.815416,
        "submitted_ms": 1681.661125,
        "observed_completed_ms": 1683.5653750000001,
        "start_to_observed_completion_ms": 3.749959000000217,
        "submit_to_observed_completion_ms": 1.9042500000000473,
        "continuous_iteration_ms": 1.847499966621399,
        "frame_ms": 1.847499966621399,
        "component_sum_ms": 1.8451671600341797,
        "tick_ms": 0.12224999815225601,
        "dynamic_mesh_ms": 0.8826670050621033,
        "encode_ms": 0.8398750424385071,
        "admission_or_completion_ms": 0.000375000003259629
      },
      {
        "index": 274,
        "started_ms": 1681.662916,
        "submitted_ms": 1683.566125,
        "observed_completed_ms": 1685.61875,
        "start_to_observed_completion_ms": 3.9558340000000953,
        "submit_to_observed_completion_ms": 2.0526250000000346,
        "continuous_iteration_ms": 1.9058339595794678,
        "frame_ms": 1.9058339595794678,
        "component_sum_ms": 1.9030849933624268,
        "tick_ms": 0.12045899778604507,
        "dynamic_mesh_ms": 0.8762919902801514,
        "encode_ms": 0.9057089686393738,
        "admission_or_completion_ms": 0.0006249999860301614
      },
      {
        "index": 275,
        "started_ms": 1683.5687500000001,
        "submitted_ms": 1685.6192079999998,
        "observed_completed_ms": 1687.563208,
        "start_to_observed_completion_ms": 3.994457999999895,
        "submit_to_observed_completion_ms": 1.9440000000001874,
        "continuous_iteration_ms": 2.0527498722076416,
        "frame_ms": 2.0527498722076416,
        "component_sum_ms": 2.0499579906463623,
        "tick_ms": 0.13245798647403717,
        "dynamic_mesh_ms": 0.9426249861717224,
        "encode_ms": 0.9743329882621765,
        "admission_or_completion_ms": 0.0005420000525191426
      },
      {
        "index": 276,
        "started_ms": 1685.6215,
        "submitted_ms": 1687.56375,
        "observed_completed_ms": 1689.47325,
        "start_to_observed_completion_ms": 3.851750000000038,
        "submit_to_observed_completion_ms": 1.90949999999998,
        "continuous_iteration_ms": 1.9442499876022339,
        "frame_ms": 1.9442499876022339,
        "component_sum_ms": 1.941917061805725,
        "tick_ms": 0.12337499111890793,
        "dynamic_mesh_ms": 0.9309999942779541,
        "encode_ms": 0.8870000243186951,
        "admission_or_completion_ms": 0.0005420000525191426
      },
      {
        "index": 277,
        "started_ms": 1687.56575,
        "submitted_ms": 1689.473875,
        "observed_completed_ms": 1691.349708,
        "start_to_observed_completion_ms": 3.783957999999984,
        "submit_to_observed_completion_ms": 1.875833000000057,
        "continuous_iteration_ms": 1.9104158878326416,
        "frame_ms": 1.9104158878326416,
        "component_sum_ms": 1.9081250429153442,
        "tick_ms": 0.12137500196695328,
        "dynamic_mesh_ms": 0.9205000400543213,
        "encode_ms": 0.8655000329017639,
        "admission_or_completion_ms": 0.000750000006519258
      },
      {
        "index": 278,
        "started_ms": 1689.476166,
        "submitted_ms": 1691.350291,
        "observed_completed_ms": 1693.285166,
        "start_to_observed_completion_ms": 3.808999999999969,
        "submit_to_observed_completion_ms": 1.93487499999992,
        "continuous_iteration_ms": 1.8760839700698853,
        "frame_ms": 1.8760839700698853,
        "component_sum_ms": 1.8739150762557983,
        "tick_ms": 0.13612499833106995,
        "dynamic_mesh_ms": 0.9094160199165344,
        "encode_ms": 0.8280410170555115,
        "admission_or_completion_ms": 0.00033300003269687295
      },
      {
        "index": 279,
        "started_ms": 1691.35225,
        "submitted_ms": 1693.286125,
        "observed_completed_ms": 1695.149375,
        "start_to_observed_completion_ms": 3.797125000000051,
        "submit_to_observed_completion_ms": 1.86324999999988,
        "continuous_iteration_ms": 1.9375829696655273,
        "frame_ms": 1.9375829696655273,
        "component_sum_ms": 1.9327071905136108,
        "tick_ms": 0.12470800429582596,
        "dynamic_mesh_ms": 0.8858330249786377,
        "encode_ms": 0.9211249947547913,
        "admission_or_completion_ms": 0.001041000010445714
      },
      {
        "index": 280,
        "started_ms": 1693.289833,
        "submitted_ms": 1695.150041,
        "observed_completed_ms": 1697.996791,
        "start_to_observed_completion_ms": 4.706957999999986,
        "submit_to_observed_completion_ms": 2.846749999999929,
        "continuous_iteration_ms": 1.8620829582214355,
        "frame_ms": 1.8620829582214355,
        "component_sum_ms": 1.8599579334259033,
        "tick_ms": 0.12620800733566284,
        "dynamic_mesh_ms": 0.8772499561309814,
        "encode_ms": 0.8560000061988831,
        "admission_or_completion_ms": 0.0005000000237487257
      },
      {
        "index": 281,
        "started_ms": 1695.151916,
        "submitted_ms": 1696.975291,
        "observed_completed_ms": 1700.1846659999999,
        "start_to_observed_completion_ms": 5.032749999999851,
        "submit_to_observed_completion_ms": 3.209374999999909,
        "continuous_iteration_ms": 1.8260419368743896,
        "frame_ms": 1.8260419368743896,
        "component_sum_ms": 1.8230829238891602,
        "tick_ms": 0.12116599828004837,
        "dynamic_mesh_ms": 0.8577079772949219,
        "encode_ms": 0.8438330292701721,
        "admission_or_completion_ms": 0.0003760000108741224
      },
      {
        "index": 282,
        "started_ms": 1696.977958,
        "submitted_ms": 1699.063041,
        "observed_completed_ms": 1702.179416,
        "start_to_observed_completion_ms": 5.201458000000002,
        "submit_to_observed_completion_ms": 3.1163749999998345,
        "continuous_iteration_ms": 2.0883748531341553,
        "frame_ms": 2.0883748531341553,
        "component_sum_ms": 2.0847909450531006,
        "tick_ms": 0.11887500435113907,
        "dynamic_mesh_ms": 0.8644999861717224,
        "encode_ms": 1.0656249523162842,
        "admission_or_completion_ms": 0.03579099848866463
      },
      {
        "index": 283,
        "started_ms": 1699.066333,
        "submitted_ms": 1701.1112910000002,
        "observed_completed_ms": 1703.055125,
        "start_to_observed_completion_ms": 3.988792000000103,
        "submit_to_observed_completion_ms": 1.9438339999999243,
        "continuous_iteration_ms": 2.047874927520752,
        "frame_ms": 2.047874927520752,
        "component_sum_ms": 2.0445001125335693,
        "tick_ms": 0.12916700541973114,
        "dynamic_mesh_ms": 0.9559159874916077,
        "encode_ms": 0.9261659979820251,
        "admission_or_completion_ms": 0.033250998705625534
      },
      {
        "index": 284,
        "started_ms": 1701.114208,
        "submitted_ms": 1703.0555000000002,
        "observed_completed_ms": 1704.958,
        "start_to_observed_completion_ms": 3.8437920000001213,
        "submit_to_observed_completion_ms": 1.9024999999999181,
        "continuous_iteration_ms": 1.9430420398712158,
        "frame_ms": 1.9430420398712158,
        "component_sum_ms": 1.9407100677490234,
        "tick_ms": 0.12416699528694153,
        "dynamic_mesh_ms": 0.9010420441627502,
        "encode_ms": 0.8757089972496033,
        "admission_or_completion_ms": 0.039792001247406006
      },
      {
        "index": 285,
        "started_ms": 1703.05725,
        "submitted_ms": 1704.958625,
        "observed_completed_ms": 1706.798333,
        "start_to_observed_completion_ms": 3.7410829999998896,
        "submit_to_observed_completion_ms": 1.8397079999999733,
        "continuous_iteration_ms": 1.903499960899353,
        "frame_ms": 1.903499960899353,
        "component_sum_ms": 1.9010000228881836,
        "tick_ms": 0.12150000035762787,
        "dynamic_mesh_ms": 0.9087499976158142,
        "encode_ms": 0.8702920079231262,
        "admission_or_completion_ms": 0.0004579999949783087
      },
      {
        "index": 286,
        "started_ms": 1704.9607500000002,
        "submitted_ms": 1706.7985829999998,
        "observed_completed_ms": 1709.625666,
        "start_to_observed_completion_ms": 4.664915999999721,
        "submit_to_observed_completion_ms": 2.8270830000001297,
        "continuous_iteration_ms": 1.8394579887390137,
        "frame_ms": 1.8394579887390137,
        "component_sum_ms": 1.8373749256134033,
        "tick_ms": 0.12379199266433716,
        "dynamic_mesh_ms": 0.8783329725265503,
        "encode_ms": 0.8347499966621399,
        "admission_or_completion_ms": 0.0005000000237487257
      },
      {
        "index": 287,
        "started_ms": 1706.8002079999999,
        "submitted_ms": 1708.59675,
        "observed_completed_ms": 1710.549666,
        "start_to_observed_completion_ms": 3.749458000000004,
        "submit_to_observed_completion_ms": 1.9529159999999592,
        "continuous_iteration_ms": 1.7984999418258667,
        "frame_ms": 1.7984999418258667,
        "component_sum_ms": 1.7962909936904907,
        "tick_ms": 0.12037499994039536,
        "dynamic_mesh_ms": 0.863457977771759,
        "encode_ms": 0.8120419979095459,
        "admission_or_completion_ms": 0.0004160000244155526
      },
      {
        "index": 288,
        "started_ms": 1708.598708,
        "submitted_ms": 1710.5503330000001,
        "observed_completed_ms": 1712.36075,
        "start_to_observed_completion_ms": 3.762042000000065,
        "submit_to_observed_completion_ms": 1.8104169999999158,
        "continuous_iteration_ms": 1.9539580345153809,
        "frame_ms": 1.9539580345153809,
        "component_sum_ms": 1.9513750076293945,
        "tick_ms": 0.11649999767541885,
        "dynamic_mesh_ms": 0.874750018119812,
        "encode_ms": 0.9241250157356262,
        "admission_or_completion_ms": 0.036000002175569534
      },
      {
        "index": 289,
        "started_ms": 1710.5526659999998,
        "submitted_ms": 1712.361541,
        "observed_completed_ms": 1714.3432910000001,
        "start_to_observed_completion_ms": 3.7906250000003183,
        "submit_to_observed_completion_ms": 1.9817500000001473,
        "continuous_iteration_ms": 1.820708990097046,
        "frame_ms": 1.820708990097046,
        "component_sum_ms": 1.8185838460922241,
        "tick_ms": 0.12212499976158142,
        "dynamic_mesh_ms": 0.8645419478416443,
        "encode_ms": 0.8217080235481262,
        "admission_or_completion_ms": 0.01020899973809719
      },
      {
        "index": 290,
        "started_ms": 1712.373375,
        "submitted_ms": 1714.344,
        "observed_completed_ms": 1716.169083,
        "start_to_observed_completion_ms": 3.795708000000104,
        "submit_to_observed_completion_ms": 1.8250829999999496,
        "continuous_iteration_ms": 1.9724159240722656,
        "frame_ms": 1.9724159240722656,
        "component_sum_ms": 1.970000982284546,
        "tick_ms": 0.12812499701976776,
        "dynamic_mesh_ms": 0.9076669812202454,
        "encode_ms": 0.9334590435028076,
        "admission_or_completion_ms": 0.000750000006519258
      },
      {
        "index": 291,
        "started_ms": 1714.345791,
        "submitted_ms": 1716.169625,
        "observed_completed_ms": 1718.0842499999999,
        "start_to_observed_completion_ms": 3.7384589999999207,
        "submit_to_observed_completion_ms": 1.9146249999998872,
        "continuous_iteration_ms": 1.8257920742034912,
        "frame_ms": 1.8257920742034912,
        "component_sum_ms": 1.822959065437317,
        "tick_ms": 0.11941700428724289,
        "dynamic_mesh_ms": 0.8651670217514038,
        "encode_ms": 0.8379999995231628,
        "admission_or_completion_ms": 0.000375000003259629
      },
      {
        "index": 292,
        "started_ms": 1716.171583,
        "submitted_ms": 1718.08475,
        "observed_completed_ms": 1719.928291,
        "start_to_observed_completion_ms": 3.7567079999998896,
        "submit_to_observed_completion_ms": 1.8435409999999592,
        "continuous_iteration_ms": 1.915000081062317,
        "frame_ms": 1.915000081062317,
        "component_sum_ms": 1.9125410318374634,
        "tick_ms": 0.12049999833106995,
        "dynamic_mesh_ms": 0.8812909722328186,
        "encode_ms": 0.9099590182304382,
        "admission_or_completion_ms": 0.0007910000276751816
      },
      {
        "index": 293,
        "started_ms": 1718.0865829999998,
        "submitted_ms": 1719.928625,
        "observed_completed_ms": 1722.761041,
        "start_to_observed_completion_ms": 4.674458000000186,
        "submit_to_observed_completion_ms": 2.8324159999999665,
        "continuous_iteration_ms": 1.8435829877853394,
        "frame_ms": 1.8435829877853394,
        "component_sum_ms": 1.8417909145355225,
        "tick_ms": 0.12129099667072296,
        "dynamic_mesh_ms": 0.8638749718666077,
        "encode_ms": 0.856374979019165,
        "admission_or_completion_ms": 0.0002500000118743628
      },
      {
        "index": 294,
        "started_ms": 1719.930166,
        "submitted_ms": 1721.7438330000002,
        "observed_completed_ms": 1724.584916,
        "start_to_observed_completion_ms": 4.654749999999922,
        "submit_to_observed_completion_ms": 2.8410829999997986,
        "continuous_iteration_ms": 1.8158749341964722,
        "frame_ms": 1.8158749341964722,
        "component_sum_ms": 1.8136249780654907,
        "tick_ms": 0.11620800197124481,
        "dynamic_mesh_ms": 0.8575419783592224,
        "encode_ms": 0.8394169807434082,
        "admission_or_completion_ms": 0.0004579999949783087
      },
      {
        "index": 295,
        "started_ms": 1721.7460409999999,
        "submitted_ms": 1723.5720410000001,
        "observed_completed_ms": 1725.456791,
        "start_to_observed_completion_ms": 3.710750000000189,
        "submit_to_observed_completion_ms": 1.88474999999994,
        "continuous_iteration_ms": 1.8277090787887573,
        "frame_ms": 1.8277090787887573,
        "component_sum_ms": 1.8257908821105957,
        "tick_ms": 0.11800000071525574,
        "dynamic_mesh_ms": 0.8693329691886902,
        "encode_ms": 0.8107909560203552,
        "admission_or_completion_ms": 0.027666999027132988
      },
      {
        "index": 296,
        "started_ms": 1723.57375,
        "submitted_ms": 1725.457666,
        "observed_completed_ms": 1727.364,
        "start_to_observed_completion_ms": 3.7902500000000146,
        "submit_to_observed_completion_ms": 1.9063340000000153,
        "continuous_iteration_ms": 1.8867499828338623,
        "frame_ms": 1.8867499828338623,
        "component_sum_ms": 1.883749008178711,
        "tick_ms": 0.12004099786281586,
        "dynamic_mesh_ms": 0.8638330101966858,
        "encode_ms": 0.8726660013198853,
        "admission_or_completion_ms": 0.027209002524614334
      },
      {
        "index": 297,
        "started_ms": 1725.4605000000001,
        "submitted_ms": 1727.364541,
        "observed_completed_ms": 1729.227375,
        "start_to_observed_completion_ms": 3.7668749999998,
        "submit_to_observed_completion_ms": 1.8628340000000208,
        "continuous_iteration_ms": 1.9056659936904907,
        "frame_ms": 1.9056659936904907,
        "component_sum_ms": 1.9036259651184082,
        "tick_ms": 0.1200839951634407,
        "dynamic_mesh_ms": 0.8698750138282776,
        "encode_ms": 0.9132909774780273,
        "admission_or_completion_ms": 0.0003760000108741224
      },
      {
        "index": 298,
        "started_ms": 1727.366166,
        "submitted_ms": 1729.22775,
        "observed_completed_ms": 1732.325041,
        "start_to_observed_completion_ms": 4.958875000000035,
        "submit_to_observed_completion_ms": 3.097291000000041,
        "continuous_iteration_ms": 1.8634589910507202,
        "frame_ms": 1.8634589910507202,
        "component_sum_ms": 1.8614170551300049,
        "tick_ms": 0.12091699987649918,
        "dynamic_mesh_ms": 0.8648749589920044,
        "encode_ms": 0.8752089738845825,
        "admission_or_completion_ms": 0.0004160000244155526
      },
      {
        "index": 299,
        "started_ms": 1729.229625,
        "submitted_ms": 1731.276291,
        "observed_completed_ms": 1734.323625,
        "start_to_observed_completion_ms": 5.094000000000051,
        "submit_to_observed_completion_ms": 3.0473340000000917,
        "continuous_iteration_ms": 2.0504579544067383,
        "frame_ms": 2.0504579544067383,
        "component_sum_ms": 2.0463340282440186,
        "tick_ms": 0.11654200404882431,
        "dynamic_mesh_ms": 0.8700420260429382,
        "encode_ms": 1.0591660737991333,
        "admission_or_completion_ms": 0.0005840000230818987
      },
      {
        "index": 300,
        "started_ms": 1731.280083,
        "submitted_ms": 1733.2845,
        "observed_completed_ms": 1735.215541,
        "start_to_observed_completion_ms": 3.935457999999926,
        "submit_to_observed_completion_ms": 1.9310410000000502,
        "continuous_iteration_ms": 2.011791944503784,
        "frame_ms": 2.011791944503784,
        "component_sum_ms": 2.003957986831665,
        "tick_ms": 0.12791600823402405,
        "dynamic_mesh_ms": 0.8806670308113098,
        "encode_ms": 0.958541989326477,
        "admission_or_completion_ms": 0.03683299943804741
      },
      {
        "index": 301,
        "started_ms": 1733.291875,
        "submitted_ms": 1735.216083,
        "observed_completed_ms": 1737.138,
        "start_to_observed_completion_ms": 3.846125000000029,
        "submit_to_observed_completion_ms": 1.921916999999894,
        "continuous_iteration_ms": 1.9268749952316284,
        "frame_ms": 1.9268749952316284,
        "component_sum_ms": 1.9242080450057983,
        "tick_ms": 0.12425000220537186,
        "dynamic_mesh_ms": 0.8638330101966858,
        "encode_ms": 0.8920829892158508,
        "admission_or_completion_ms": 0.04404199868440628
      },
      {
        "index": 302,
        "started_ms": 1735.21875,
        "submitted_ms": 1737.138541,
        "observed_completed_ms": 1739.0674999999999,
        "start_to_observed_completion_ms": 3.8487499999998818,
        "submit_to_observed_completion_ms": 1.9289589999998498,
        "continuous_iteration_ms": 1.9220409393310547,
        "frame_ms": 1.9220409393310547,
        "component_sum_ms": 1.9194591045379639,
        "tick_ms": 0.12416699528694153,
        "dynamic_mesh_ms": 0.8767920136451721,
        "encode_ms": 0.9181249737739563,
        "admission_or_completion_ms": 0.000375000003259629
      },
      {
        "index": 303,
        "started_ms": 1737.1407909999998,
        "submitted_ms": 1739.0680830000001,
        "observed_completed_ms": 1740.950333,
        "start_to_observed_completion_ms": 3.8095420000001923,
        "submit_to_observed_completion_ms": 1.8822499999998854,
        "continuous_iteration_ms": 1.9296250343322754,
        "frame_ms": 1.9296250343322754,
        "component_sum_ms": 1.9268330335617065,
        "tick_ms": 0.12549999356269836,
        "dynamic_mesh_ms": 0.8634999990463257,
        "encode_ms": 0.9372079968452454,
        "admission_or_completion_ms": 0.0006249999860301614
      },
      {
        "index": 304,
        "started_ms": 1739.070416,
        "submitted_ms": 1740.9508329999999,
        "observed_completed_ms": 1742.9267909999999,
        "start_to_observed_completion_ms": 3.8563749999998436,
        "submit_to_observed_completion_ms": 1.9759579999999914,
        "continuous_iteration_ms": 1.8828749656677246,
        "frame_ms": 1.8828749656677246,
        "component_sum_ms": 1.8800419569015503,
        "tick_ms": 0.11745800077915192,
        "dynamic_mesh_ms": 0.853958010673523,
        "encode_ms": 0.9080420136451721,
        "admission_or_completion_ms": 0.0005840000230818987
      },
      {
        "index": 305,
        "started_ms": 1740.9532909999998,
        "submitted_ms": 1742.927666,
        "observed_completed_ms": 1744.997291,
        "start_to_observed_completion_ms": 4.044000000000096,
        "submit_to_observed_completion_ms": 2.06962499999986,
        "continuous_iteration_ms": 1.9779170751571655,
        "frame_ms": 1.9779170751571655,
        "component_sum_ms": 1.9742079973220825,
        "tick_ms": 0.12920799851417542,
        "dynamic_mesh_ms": 0.8801249861717224,
        "encode_ms": 0.964040994644165,
        "admission_or_completion_ms": 0.0008340000058524311
      },
      {
        "index": 306,
        "started_ms": 1742.931208,
        "submitted_ms": 1744.998083,
        "observed_completed_ms": 1747.022333,
        "start_to_observed_completion_ms": 4.09112499999992,
        "submit_to_observed_completion_ms": 2.024249999999938,
        "continuous_iteration_ms": 2.0697920322418213,
        "frame_ms": 2.0697920322418213,
        "component_sum_ms": 2.0665409564971924,
        "tick_ms": 0.13116700947284698,
        "dynamic_mesh_ms": 0.9354580044746399,
        "encode_ms": 0.9993749856948853,
        "admission_or_completion_ms": 0.0005409999866969883
      },
      {
        "index": 307,
        "started_ms": 1745.001,
        "submitted_ms": 1747.0232910000002,
        "observed_completed_ms": 1748.956083,
        "start_to_observed_completion_ms": 3.9550830000000587,
        "submit_to_observed_completion_ms": 1.9327919999998358,
        "continuous_iteration_ms": 2.025250196456909,
        "frame_ms": 2.025250196456909,
        "component_sum_ms": 2.0218329429626465,
        "tick_ms": 0.12445800751447678,
        "dynamic_mesh_ms": 0.9181249737739563,
        "encode_ms": 0.9786660075187683,
        "admission_or_completion_ms": 0.0005840000230818987
      },
      {
        "index": 308,
        "started_ms": 1747.02625,
        "submitted_ms": 1748.956625,
        "observed_completed_ms": 1751.050583,
        "start_to_observed_completion_ms": 4.02433300000007,
        "submit_to_observed_completion_ms": 2.0939579999999296,
        "continuous_iteration_ms": 1.9328750371932983,
        "frame_ms": 1.9328750371932983,
        "component_sum_ms": 1.9296669960021973,
        "tick_ms": 0.12612499296665192,
        "dynamic_mesh_ms": 0.8851670026779175,
        "encode_ms": 0.9179590344429016,
        "admission_or_completion_ms": 0.00041599999531172216
      },
      {
        "index": 309,
        "started_ms": 1748.9591249999999,
        "submitted_ms": 1751.0515,
        "observed_completed_ms": 1753.0315409999998,
        "start_to_observed_completion_ms": 4.072415999999976,
        "submit_to_observed_completion_ms": 1.980040999999801,
        "continuous_iteration_ms": 2.0958750247955322,
        "frame_ms": 2.0958750247955322,
        "component_sum_ms": 2.0921669006347656,
        "tick_ms": 0.11879199743270874,
        "dynamic_mesh_ms": 0.9495000243186951,
        "encode_ms": 1.0228749513626099,
        "admission_or_completion_ms": 0.0009999999310821295
      },
      {
        "index": 310,
        "started_ms": 1751.055,
        "submitted_ms": 1753.032541,
        "observed_completed_ms": 1754.969291,
        "start_to_observed_completion_ms": 3.9142910000000484,
        "submit_to_observed_completion_ms": 1.9367500000000746,
        "continuous_iteration_ms": 1.9805001020431519,
        "frame_ms": 1.9805001020431519,
        "component_sum_ms": 1.9773331880569458,
        "tick_ms": 0.13483299314975739,
        "dynamic_mesh_ms": 0.9240420460700989,
        "encode_ms": 0.9178330302238464,
        "admission_or_completion_ms": 0.0006249999860301614
      },
      {
        "index": 311,
        "started_ms": 1753.0355,
        "submitted_ms": 1754.969791,
        "observed_completed_ms": 1756.8368329999998,
        "start_to_observed_completion_ms": 3.801332999999886,
        "submit_to_observed_completion_ms": 1.8670419999998558,
        "continuous_iteration_ms": 1.9368330240249634,
        "frame_ms": 1.9368330240249634,
        "component_sum_ms": 1.9338748455047607,
        "tick_ms": 0.12574999034404755,
        "dynamic_mesh_ms": 0.905040979385376,
        "encode_ms": 0.9027079939842224,
        "admission_or_completion_ms": 0.0003760000108741224
      },
      {
        "index": 312,
        "started_ms": 1754.972333,
        "submitted_ms": 1756.837333,
        "observed_completed_ms": 1758.7645410000002,
        "start_to_observed_completion_ms": 3.7922080000003007,
        "submit_to_observed_completion_ms": 1.9272080000002916,
        "continuous_iteration_ms": 1.8671250343322754,
        "frame_ms": 1.8671250343322754,
        "component_sum_ms": 1.864585041999817,
        "tick_ms": 0.12145799398422241,
        "dynamic_mesh_ms": 0.8912090063095093,
        "encode_ms": 0.8514170050621033,
        "admission_or_completion_ms": 0.000501000031363219
      },
      {
        "index": 313,
        "started_ms": 1756.839458,
        "submitted_ms": 1758.765291,
        "observed_completed_ms": 1760.765666,
        "start_to_observed_completion_ms": 3.926208000000088,
        "submit_to_observed_completion_ms": 2.0003750000000764,
        "continuous_iteration_ms": 1.9282920360565186,
        "frame_ms": 1.9282920360565186,
        "component_sum_ms": 1.9255410432815552,
        "tick_ms": 0.11862500011920929,
        "dynamic_mesh_ms": 0.8632500171661377,
        "encode_ms": 0.9432910084724426,
        "admission_or_completion_ms": 0.000375000003259629
      },
      {
        "index": 314,
        "started_ms": 1758.76775,
        "submitted_ms": 1760.7669580000002,
        "observed_completed_ms": 1762.991208,
        "start_to_observed_completion_ms": 4.223457999999937,
        "submit_to_observed_completion_ms": 2.2242499999997563,
        "continuous_iteration_ms": 2.003999948501587,
        "frame_ms": 2.003999948501587,
        "component_sum_ms": 1.9991259574890137,
        "tick_ms": 0.11950000375509262,
        "dynamic_mesh_ms": 0.8650839924812317,
        "encode_ms": 1.013458013534546,
        "admission_or_completion_ms": 0.0010839999886229634
      },
      {
        "index": 315,
        "started_ms": 1760.7717499999999,
        "submitted_ms": 1762.992166,
        "observed_completed_ms": 1766.2675829999998,
        "start_to_observed_completion_ms": 5.495832999999948,
        "submit_to_observed_completion_ms": 3.275416999999834,
        "continuous_iteration_ms": 2.2249159812927246,
        "frame_ms": 2.2249159812927246,
        "component_sum_ms": 2.2200839519500732,
        "tick_ms": 0.1404999941587448,
        "dynamic_mesh_ms": 0.9707909822463989,
        "encode_ms": 1.1080000400543213,
        "admission_or_completion_ms": 0.0007929999846965075
      },
      {
        "index": 316,
        "started_ms": 1762.996666,
        "submitted_ms": 1765.12775,
        "observed_completed_ms": 1768.373583,
        "start_to_observed_completion_ms": 5.376917000000049,
        "submit_to_observed_completion_ms": 3.245832999999948,
        "continuous_iteration_ms": 2.13616681098938,
        "frame_ms": 2.13616681098938,
        "component_sum_ms": 2.1307079792022705,
        "tick_ms": 0.13187499344348907,
        "dynamic_mesh_ms": 0.9298329949378967,
        "encode_ms": 1.0680420398712158,
        "admission_or_completion_ms": 0.0009580000187270343
      },
      {
        "index": 317,
        "started_ms": 1765.1328330000001,
        "submitted_ms": 1767.282458,
        "observed_completed_ms": 1770.3448750000002,
        "start_to_observed_completion_ms": 5.21204200000011,
        "submit_to_observed_completion_ms": 3.0624170000003232,
        "continuous_iteration_ms": 2.15291690826416,
        "frame_ms": 2.15291690826416,
        "component_sum_ms": 2.1489579677581787,
        "tick_ms": 0.1294579952955246,
        "dynamic_mesh_ms": 0.9642919898033142,
        "encode_ms": 1.0143330097198486,
        "admission_or_completion_ms": 0.04087499901652336
      },
      {
        "index": 318,
        "started_ms": 1767.28575,
        "submitted_ms": 1769.303958,
        "observed_completed_ms": 1771.324916,
        "start_to_observed_completion_ms": 4.039166000000023,
        "submit_to_observed_completion_ms": 2.020958000000064,
        "continuous_iteration_ms": 2.02162504196167,
        "frame_ms": 2.02162504196167,
        "component_sum_ms": 2.0174999237060547,
        "tick_ms": 0.13450001180171967,
        "dynamic_mesh_ms": 0.9113749861717224,
        "encode_ms": 0.9297499656677246,
        "admission_or_completion_ms": 0.041875001043081284
      },
      {
        "index": 319,
        "started_ms": 1769.3073749999999,
        "submitted_ms": 1771.325708,
        "observed_completed_ms": 1773.2906659999999,
        "start_to_observed_completion_ms": 3.9832910000000084,
        "submit_to_observed_completion_ms": 1.9649579999997968,
        "continuous_iteration_ms": 2.0217080116271973,
        "frame_ms": 2.0217080116271973,
        "component_sum_ms": 2.0180411338806152,
        "tick_ms": 0.1215829998254776,
        "dynamic_mesh_ms": 0.8791249990463257,
        "encode_ms": 0.9805000424385071,
        "admission_or_completion_ms": 0.03683299943804741
      },
      {
        "index": 320,
        "started_ms": 1771.3290829999999,
        "submitted_ms": 1773.2914580000001,
        "observed_completed_ms": 1775.2605409999999,
        "start_to_observed_completion_ms": 3.9314580000000205,
        "submit_to_observed_completion_ms": 1.9690829999997277,
        "continuous_iteration_ms": 1.9649579524993896,
        "frame_ms": 1.9649579524993896,
        "component_sum_ms": 1.9618330001831055,
        "tick_ms": 0.1277499943971634,
        "dynamic_mesh_ms": 0.8731249570846558,
        "encode_ms": 0.9605000019073486,
        "admission_or_completion_ms": 0.0004579999949783087
      },
      {
        "index": 321,
        "started_ms": 1773.2940409999999,
        "submitted_ms": 1775.261875,
        "observed_completed_ms": 1777.352791,
        "start_to_observed_completion_ms": 4.0587500000001455,
        "submit_to_observed_completion_ms": 2.0909160000001066,
        "continuous_iteration_ms": 1.9714590311050415,
        "frame_ms": 1.9714590311050415,
        "component_sum_ms": 1.9674999713897705,
        "tick_ms": 0.13095799088478088,
        "dynamic_mesh_ms": 0.8690840005874634,
        "encode_ms": 0.9669170379638672,
        "admission_or_completion_ms": 0.0005409999866969883
      },
      {
        "index": 322,
        "started_ms": 1775.2655000000002,
        "submitted_ms": 1777.353708,
        "observed_completed_ms": 1779.3982079999998,
        "start_to_observed_completion_ms": 4.132707999999639,
        "submit_to_observed_completion_ms": 2.0444999999997435,
        "continuous_iteration_ms": 2.0912909507751465,
        "frame_ms": 2.0912909507751465,
        "component_sum_ms": 2.08774995803833,
        "tick_ms": 0.12849999964237213,
        "dynamic_mesh_ms": 0.9428330063819885,
        "encode_ms": 1.015375018119812,
        "admission_or_completion_ms": 0.0010420000180602074
      },
      {
        "index": 323,
        "started_ms": 1777.356791,
        "submitted_ms": 1779.3991660000002,
        "observed_completed_ms": 1781.39875,
        "start_to_observed_completion_ms": 4.0419590000001335,
        "submit_to_observed_completion_ms": 1.9995839999999134,
        "continuous_iteration_ms": 2.045375108718872,
        "frame_ms": 2.045375108718872,
        "component_sum_ms": 2.042041063308716,
        "tick_ms": 0.1253329962491989,
        "dynamic_mesh_ms": 0.9050000309944153,
        "encode_ms": 1.011125087738037,
        "admission_or_completion_ms": 0.0005830000154674053
      },
      {
        "index": 324,
        "started_ms": 1779.402166,
        "submitted_ms": 1781.3995830000001,
        "observed_completed_ms": 1783.432416,
        "start_to_observed_completion_ms": 4.030250000000024,
        "submit_to_observed_completion_ms": 2.0328329999999823,
        "continuous_iteration_ms": 2.000709056854248,
        "frame_ms": 2.000709056854248,
        "component_sum_ms": 1.9971250295639038,
        "tick_ms": 0.12291700392961502,
        "dynamic_mesh_ms": 0.885208010673523,
        "encode_ms": 0.9880419969558716,
        "admission_or_completion_ms": 0.0009579999605193734
      },
      {
        "index": 325,
        "started_ms": 1781.402875,
        "submitted_ms": 1783.4330409999998,
        "observed_completed_ms": 1785.4216250000002,
        "start_to_observed_completion_ms": 4.018750000000182,
        "submit_to_observed_completion_ms": 1.988584000000401,
        "continuous_iteration_ms": 2.033540964126587,
        "frame_ms": 2.033540964126587,
        "component_sum_ms": 2.029416084289551,
        "tick_ms": 0.1299160122871399,
        "dynamic_mesh_ms": 0.909958004951477,
        "encode_ms": 0.9886249899864197,
        "admission_or_completion_ms": 0.0009169999975711107
      },
      {
        "index": 326,
        "started_ms": 1783.436416,
        "submitted_ms": 1785.422458,
        "observed_completed_ms": 1787.3679579999998,
        "start_to_observed_completion_ms": 3.9315419999998085,
        "submit_to_observed_completion_ms": 1.9454999999998108,
        "continuous_iteration_ms": 1.9892090559005737,
        "frame_ms": 1.9892090559005737,
        "component_sum_ms": 1.9857900142669678,
        "tick_ms": 0.12620800733566284,
        "dynamic_mesh_ms": 0.8797909617424011,
        "encode_ms": 0.9790420532226562,
        "admission_or_completion_ms": 0.0007489999989047647
      },
      {
        "index": 327,
        "started_ms": 1785.425625,
        "submitted_ms": 1787.368875,
        "observed_completed_ms": 1789.309166,
        "start_to_observed_completion_ms": 3.883540999999923,
        "submit_to_observed_completion_ms": 1.9402910000001157,
        "continuous_iteration_ms": 1.9462909698486328,
        "frame_ms": 1.9462909698486328,
        "component_sum_ms": 1.9427499771118164,
        "tick_ms": 0.12341700494289398,
        "dynamic_mesh_ms": 0.886540949344635,
        "encode_ms": 0.9323750138282776,
        "admission_or_completion_ms": 0.00041700000292621553
      },
      {
        "index": 328,
        "started_ms": 1787.371916,
        "submitted_ms": 1789.3098329999998,
        "observed_completed_ms": 1791.213166,
        "start_to_observed_completion_ms": 3.8412499999999454,
        "submit_to_observed_completion_ms": 1.9033330000002024,
        "continuous_iteration_ms": 1.9406250715255737,
        "frame_ms": 1.9406250715255737,
        "component_sum_ms": 1.9371659755706787,
        "tick_ms": 0.12262500077486038,
        "dynamic_mesh_ms": 0.8745409846305847,
        "encode_ms": 0.9395419955253601,
        "admission_or_completion_ms": 0.00045800002408213913
      },
      {
        "index": 329,
        "started_ms": 1789.3125410000002,
        "submitted_ms": 1791.2137910000001,
        "observed_completed_ms": 1793.312666,
        "start_to_observed_completion_ms": 4.000124999999798,
        "submit_to_observed_completion_ms": 2.0988749999999072,
        "continuous_iteration_ms": 1.9037920236587524,
        "frame_ms": 1.9037920236587524,
        "component_sum_ms": 1.9008339643478394,
        "tick_ms": 0.12241699546575546,
        "dynamic_mesh_ms": 0.8606250286102295,
        "encode_ms": 0.9172499775886536,
        "admission_or_completion_ms": 0.0005419999943114817
      },
      {
        "index": 330,
        "started_ms": 1791.2163329999998,
        "submitted_ms": 1793.313666,
        "observed_completed_ms": 1795.2779159999998,
        "start_to_observed_completion_ms": 4.061582999999928,
        "submit_to_observed_completion_ms": 1.9642499999997654,
        "continuous_iteration_ms": 2.1020829677581787,
        "frame_ms": 2.1020829677581787,
        "component_sum_ms": 2.09708309173584,
        "tick_ms": 0.12458300590515137,
        "dynamic_mesh_ms": 0.8577499985694885,
        "encode_ms": 1.113124966621399,
        "admission_or_completion_ms": 0.0016250000335276127
      },
      {
        "index": 331,
        "started_ms": 1793.318416,
        "submitted_ms": 1795.278583,
        "observed_completed_ms": 1797.1911659999998,
        "start_to_observed_completion_ms": 3.872749999999769,
        "submit_to_observed_completion_ms": 1.9125829999998132,
        "continuous_iteration_ms": 1.9632501602172852,
        "frame_ms": 1.9632501602172852,
        "component_sum_ms": 1.9593759775161743,
        "tick_ms": 0.13962499797344208,
        "dynamic_mesh_ms": 0.847582995891571,
        "encode_ms": 0.9715420007705688,
        "admission_or_completion_ms": 0.0006259999936446548
      },
      {
        "index": 332,
        "started_ms": 1795.281666,
        "submitted_ms": 1797.191916,
        "observed_completed_ms": 1800.538166,
        "start_to_observed_completion_ms": 5.25649999999996,
        "submit_to_observed_completion_ms": 3.3462500000000546,
        "continuous_iteration_ms": 1.9131669998168945,
        "frame_ms": 1.9131669998168945,
        "component_sum_ms": 1.909749984741211,
        "tick_ms": 0.12733300030231476,
        "dynamic_mesh_ms": 0.8138329982757568,
        "encode_ms": 0.9679999947547913,
        "admission_or_completion_ms": 0.0005840000230818987
      },
      {
        "index": 333,
        "started_ms": 1797.194833,
        "submitted_ms": 1799.3732909999999,
        "observed_completed_ms": 1802.837375,
        "start_to_observed_completion_ms": 5.642542000000049,
        "submit_to_observed_completion_ms": 3.4640840000001845,
        "continuous_iteration_ms": 2.1846249103546143,
        "frame_ms": 2.1846249103546143,
        "component_sum_ms": 2.178542137145996,
        "tick_ms": 0.12891700863838196,
        "dynamic_mesh_ms": 0.7986670136451721,
        "encode_ms": 1.2497080564498901,
        "admission_or_completion_ms": 0.0012499999720603228
      },
      {
        "index": 334,
        "started_ms": 1799.3794579999999,
        "submitted_ms": 1801.7699579999999,
        "observed_completed_ms": 1804.218291,
        "start_to_observed_completion_ms": 4.838833000000022,
        "submit_to_observed_completion_ms": 2.448333000000048,
        "continuous_iteration_ms": 2.395125150680542,
        "frame_ms": 2.395125150680542,
        "component_sum_ms": 2.389249801635742,
        "tick_ms": 0.16779199242591858,
        "dynamic_mesh_ms": 0.9432079792022705,
        "encode_ms": 1.231166958808899,
        "admission_or_completion_ms": 0.04708299785852432
      },
      {
        "index": 335,
        "started_ms": 1801.7745830000001,
        "submitted_ms": 1804.2222080000001,
        "observed_completed_ms": 1806.416375,
        "start_to_observed_completion_ms": 4.641791999999896,
        "submit_to_observed_completion_ms": 2.1941669999998794,
        "continuous_iteration_ms": 2.4562079906463623,
        "frame_ms": 2.4562079906463623,
        "component_sum_ms": 2.4478750228881836,
        "tick_ms": 0.14299999177455902,
        "dynamic_mesh_ms": 0.8732500076293945,
        "encode_ms": 1.3843330144882202,
        "admission_or_completion_ms": 0.04729200154542923
      },
      {
        "index": 336,
        "started_ms": 1804.230791,
        "submitted_ms": 1806.4177909999999,
        "observed_completed_ms": 1808.79525,
        "start_to_observed_completion_ms": 4.5644589999999425,
        "submit_to_observed_completion_ms": 2.3774590000000444,
        "continuous_iteration_ms": 2.192209005355835,
        "frame_ms": 2.192209005355835,
        "component_sum_ms": 2.185667037963867,
        "tick_ms": 0.2119159996509552,
        "dynamic_mesh_ms": 0.8678749799728394,
        "encode_ms": 1.1041250228881836,
        "admission_or_completion_ms": 0.0017510000616312027
      },
      {
        "index": 337,
        "started_ms": 1806.423,
        "submitted_ms": 1808.797166,
        "observed_completed_ms": 1811.055958,
        "start_to_observed_completion_ms": 4.632957999999917,
        "submit_to_observed_completion_ms": 2.2587919999998576,
        "continuous_iteration_ms": 2.3797500133514404,
        "frame_ms": 2.3797500133514404,
        "component_sum_ms": 2.373500108718872,
        "tick_ms": 0.14483299851417542,
        "dynamic_mesh_ms": 0.8464580178260803,
        "encode_ms": 1.3811249732971191,
        "admission_or_completion_ms": 0.0010839999886229634
      },
      {
        "index": 338,
        "started_ms": 1808.8027499999998,
        "submitted_ms": 1811.057208,
        "observed_completed_ms": 1813.1497909999998,
        "start_to_observed_completion_ms": 4.34704099999999,
        "submit_to_observed_completion_ms": 2.092582999999877,
        "continuous_iteration_ms": 2.2600409984588623,
        "frame_ms": 2.2600409984588623,
        "component_sum_ms": 2.2529990673065186,
        "tick_ms": 0.15704099833965302,
        "dynamic_mesh_ms": 0.9323750138282776,
        "encode_ms": 1.1612499952316284,
        "admission_or_completion_ms": 0.0023330000694841146
      },
      {
        "index": 339,
        "started_ms": 1811.0627909999998,
        "submitted_ms": 1813.150791,
        "observed_completed_ms": 1816.2875000000001,
        "start_to_observed_completion_ms": 5.224709000000303,
        "submit_to_observed_completion_ms": 3.13670900000011,
        "continuous_iteration_ms": 2.0926668643951416,
        "frame_ms": 2.0926668643951416,
        "component_sum_ms": 2.086915969848633,
        "tick_ms": 0.14308300614356995,
        "dynamic_mesh_ms": 0.8740830421447754,
        "encode_ms": 1.068708062171936,
        "admission_or_completion_ms": 0.0010420000180602074
      },
      {
        "index": 340,
        "started_ms": 1813.155458,
        "submitted_ms": 1815.256,
        "observed_completed_ms": 1818.45525,
        "start_to_observed_completion_ms": 5.299792000000025,
        "submit_to_observed_completion_ms": 3.1992499999998927,
        "continuous_iteration_ms": 2.105833053588867,
        "frame_ms": 2.105833053588867,
        "component_sum_ms": 2.1003329753875732,
        "tick_ms": 0.132750004529953,
        "dynamic_mesh_ms": 0.8416249752044678,
        "encode_ms": 1.1246249675750732,
        "admission_or_completion_ms": 0.0013330000219866633
      },
      {
        "index": 341,
        "started_ms": 1815.261291,
        "submitted_ms": 1817.3752080000002,
        "observed_completed_ms": 1820.5795409999998,
        "start_to_observed_completion_ms": 5.318249999999807,
        "submit_to_observed_completion_ms": 3.2043329999996786,
        "continuous_iteration_ms": 2.1189591884613037,
        "frame_ms": 2.1189591884613037,
        "component_sum_ms": 2.113291025161743,
        "tick_ms": 0.13008300960063934,
        "dynamic_mesh_ms": 0.8514170050621033,
        "encode_ms": 1.0871669054031372,
        "admission_or_completion_ms": 0.044624000787734985
      },
      {
        "index": 342,
        "started_ms": 1817.38025,
        "submitted_ms": 1819.545791,
        "observed_completed_ms": 1821.645666,
        "start_to_observed_completion_ms": 4.265415999999959,
        "submit_to_observed_completion_ms": 2.0998749999998836,
        "continuous_iteration_ms": 2.169541120529175,
        "frame_ms": 2.169541120529175,
        "component_sum_ms": 2.1649577617645264,
        "tick_ms": 0.1391250044107437,
        "dynamic_mesh_ms": 0.8930829763412476,
        "encode_ms": 1.0897079706192017,
        "admission_or_completion_ms": 0.04304200038313866
      },
      {
        "index": 343,
        "started_ms": 1819.549791,
        "submitted_ms": 1821.646875,
        "observed_completed_ms": 1823.687125,
        "start_to_observed_completion_ms": 4.13733400000001,
        "submit_to_observed_completion_ms": 2.0402500000000146,
        "continuous_iteration_ms": 2.1008338928222656,
        "frame_ms": 2.1008338928222656,
        "component_sum_ms": 2.0964579582214355,
        "tick_ms": 0.13283298909664154,
        "dynamic_mesh_ms": 0.8537920117378235,
        "encode_ms": 1.0668749809265137,
        "admission_or_completion_ms": 0.04295800253748894
      },
      {
        "index": 344,
        "started_ms": 1821.650625,
        "submitted_ms": 1823.688125,
        "observed_completed_ms": 1825.815083,
        "start_to_observed_completion_ms": 4.164457999999968,
        "submit_to_observed_completion_ms": 2.1269580000000587,
        "continuous_iteration_ms": 2.040832996368408,
        "frame_ms": 2.040832996368408,
        "component_sum_ms": 2.036916971206665,
        "tick_ms": 0.12820899486541748,
        "dynamic_mesh_ms": 0.8328750133514404,
        "encode_ms": 1.075374960899353,
        "admission_or_completion_ms": 0.0004579999949783087
      },
      {
        "index": 345,
        "started_ms": 1823.6914579999998,
        "submitted_ms": 1825.816125,
        "observed_completed_ms": 1828.003958,
        "start_to_observed_completion_ms": 4.312500000000227,
        "submit_to_observed_completion_ms": 2.187832999999955,
        "continuous_iteration_ms": 2.1295418739318848,
        "frame_ms": 2.1295418739318848,
        "component_sum_ms": 2.124333143234253,
        "tick_ms": 0.125916987657547,
        "dynamic_mesh_ms": 0.8254579901695251,
        "encode_ms": 1.1721670627593994,
        "admission_or_completion_ms": 0.0007910000858828425
      },
      {
        "index": 346,
        "started_ms": 1825.821,
        "submitted_ms": 1828.004916,
        "observed_completed_ms": 1830.0715830000001,
        "start_to_observed_completion_ms": 4.250583000000233,
        "submit_to_observed_completion_ms": 2.066667000000052,
        "continuous_iteration_ms": 2.188458204269409,
        "frame_ms": 2.188458204269409,
        "component_sum_ms": 2.1811671257019043,
        "tick_ms": 0.1446249932050705,
        "dynamic_mesh_ms": 0.9228749871253967,
        "encode_ms": 1.1112910509109497,
        "admission_or_completion_ms": 0.0023759999312460423
      },
      {
        "index": 347,
        "started_ms": 1828.009458,
        "submitted_ms": 1830.0723329999998,
        "observed_completed_ms": 1833.434833,
        "start_to_observed_completion_ms": 5.425375000000031,
        "submit_to_observed_completion_ms": 3.362500000000182,
        "continuous_iteration_ms": 2.0663750171661377,
        "frame_ms": 2.0663750171661377,
        "component_sum_ms": 2.0624589920043945,
        "tick_ms": 0.1299169957637787,
        "dynamic_mesh_ms": 0.872124969959259,
        "encode_ms": 1.059749960899353,
        "admission_or_completion_ms": 0.0006670000148005784
      },
      {
        "index": 348,
        "started_ms": 1830.0758329999999,
        "submitted_ms": 1832.309166,
        "observed_completed_ms": 1835.4185830000001,
        "start_to_observed_completion_ms": 5.342750000000251,
        "submit_to_observed_completion_ms": 3.1094170000001213,
        "continuous_iteration_ms": 2.241041898727417,
        "frame_ms": 2.241041898727417,
        "component_sum_ms": 2.233124017715454,
        "tick_ms": 0.12712499499320984,
        "dynamic_mesh_ms": 0.8459579944610596,
        "encode_ms": 1.2587080001831055,
        "admission_or_completion_ms": 0.0013329999055713415
      },
      {
        "index": 349,
        "started_ms": 1832.316875,
        "submitted_ms": 1834.42325,
        "observed_completed_ms": 1837.315166,
        "start_to_observed_completion_ms": 4.998291000000108,
        "submit_to_observed_completion_ms": 2.8919160000000375,
        "continuous_iteration_ms": 2.1106250286102295,
        "frame_ms": 2.1106250286102295,
        "component_sum_ms": 2.1052510738372803,
        "tick_ms": 0.15150000154972076,
        "dynamic_mesh_ms": 0.9195840358734131,
        "encode_ms": 0.9877920150756836,
        "admission_or_completion_ms": 0.04637499898672104
      },
      {
        "index": 350,
        "started_ms": 1834.4274999999998,
        "submitted_ms": 1836.3364159999999,
        "observed_completed_ms": 1839.1850000000002,
        "start_to_observed_completion_ms": 4.757500000000391,
        "submit_to_observed_completion_ms": 2.848584000000301,
        "continuous_iteration_ms": 1.9117910861968994,
        "frame_ms": 1.9117910861968994,
        "component_sum_ms": 1.9082499742507935,
        "tick_ms": 0.12708300352096558,
        "dynamic_mesh_ms": 0.8315829634666443,
        "encode_ms": 0.9173749685287476,
        "admission_or_completion_ms": 0.03220899775624275
      },
      {
        "index": 351,
        "started_ms": 1836.339291,
        "submitted_ms": 1838.216125,
        "observed_completed_ms": 1840.1885,
        "start_to_observed_completion_ms": 3.8492089999999735,
        "submit_to_observed_completion_ms": 1.9723750000000564,
        "continuous_iteration_ms": 1.879459023475647,
        "frame_ms": 1.879459023475647,
        "component_sum_ms": 1.876209020614624,
        "tick_ms": 0.12391699105501175,
        "dynamic_mesh_ms": 0.8212090134620667,
        "encode_ms": 0.9004999995231628,
        "admission_or_completion_ms": 0.03058299981057644
      },
      {
        "index": 352,
        "started_ms": 1838.21875,
        "submitted_ms": 1840.19,
        "observed_completed_ms": 1842.4491249999999,
        "start_to_observed_completion_ms": 4.230374999999867,
        "submit_to_observed_completion_ms": 2.2591249999998126,
        "continuous_iteration_ms": 1.9763331413269043,
        "frame_ms": 1.9763331413269043,
        "component_sum_ms": 1.9712930917739868,
        "tick_ms": 0.1237499937415123,
        "dynamic_mesh_ms": 0.8092920184135437,
        "encode_ms": 1.0045840740203857,
        "admission_or_completion_ms": 0.03366699814796448
      },
      {
        "index": 353,
        "started_ms": 1840.195083,
        "submitted_ms": 1842.450041,
        "observed_completed_ms": 1844.482916,
        "start_to_observed_completion_ms": 4.287832999999864,
        "submit_to_observed_completion_ms": 2.0328749999998763,
        "continuous_iteration_ms": 2.259000062942505,
        "frame_ms": 2.259000062942505,
        "component_sum_ms": 2.253458023071289,
        "tick_ms": 0.1446249932050705,
        "dynamic_mesh_ms": 0.8930829763412476,
        "encode_ms": 1.2149159908294678,
        "admission_or_completion_ms": 0.0008340000058524311
      },
      {
        "index": 354,
        "started_ms": 1842.454083,
        "submitted_ms": 1844.483791,
        "observed_completed_ms": 1846.580708,
        "start_to_observed_completion_ms": 4.126624999999876,
        "submit_to_observed_completion_ms": 2.0969169999998485,
        "continuous_iteration_ms": 2.0331671237945557,
        "frame_ms": 2.0331671237945557,
        "component_sum_ms": 2.028665781021118,
        "tick_ms": 0.1345839947462082,
        "dynamic_mesh_ms": 0.8512910008430481,
        "encode_ms": 1.0422499179840088,
        "admission_or_completion_ms": 0.0005410000449046493
      },
      {
        "index": 355,
        "started_ms": 1844.4872500000001,
        "submitted_ms": 1846.582083,
        "observed_completed_ms": 1850.0725,
        "start_to_observed_completion_ms": 5.58524999999986,
        "submit_to_observed_completion_ms": 3.4904169999999795,
        "continuous_iteration_ms": 2.0991249084472656,
        "frame_ms": 2.0991249084472656,
        "component_sum_ms": 2.094249725341797,
        "tick_ms": 0.12950000166893005,
        "dynamic_mesh_ms": 0.8390420079231262,
        "encode_ms": 1.1246249675750732,
        "admission_or_completion_ms": 0.00108299998100847
      },
      {
        "index": 356,
        "started_ms": 1846.586375,
        "submitted_ms": 1849.008958,
        "observed_completed_ms": 1852.172291,
        "start_to_observed_completion_ms": 5.585915999999997,
        "submit_to_observed_completion_ms": 3.1633330000001934,
        "continuous_iteration_ms": 2.4284160137176514,
        "frame_ms": 2.4284160137176514,
        "component_sum_ms": 2.421959161758423,
        "tick_ms": 0.1408340036869049,
        "dynamic_mesh_ms": 0.8561670184135437,
        "encode_ms": 1.4235000610351562,
        "admission_or_completion_ms": 0.00145800004247576
      },
      {
        "index": 357,
        "started_ms": 1849.014791,
        "submitted_ms": 1851.1431659999998,
        "observed_completed_ms": 1853.2512909999998,
        "start_to_observed_completion_ms": 4.236499999999751,
        "submit_to_observed_completion_ms": 2.1081249999999727,
        "continuous_iteration_ms": 2.1327500343322754,
        "frame_ms": 2.1327500343322754,
        "component_sum_ms": 2.1270430088043213,
        "tick_ms": 0.1344590038061142,
        "dynamic_mesh_ms": 0.879709005355835,
        "encode_ms": 1.0698329210281372,
        "admission_or_completion_ms": 0.04304200038313866
      },
      {
        "index": 358,
        "started_ms": 1851.147541,
        "submitted_ms": 1853.252458,
        "observed_completed_ms": 1855.3094159999998,
        "start_to_observed_completion_ms": 4.161874999999782,
        "submit_to_observed_completion_ms": 2.056957999999895,
        "continuous_iteration_ms": 2.1086671352386475,
        "frame_ms": 2.1086671352386475,
        "component_sum_ms": 2.1038331985473633,
        "tick_ms": 0.1322920024394989,
        "dynamic_mesh_ms": 0.8512499928474426,
        "encode_ms": 1.0796250104904175,
        "admission_or_completion_ms": 0.04066599905490875
      },
      {
        "index": 359,
        "started_ms": 1853.256208,
        "submitted_ms": 1855.310375,
        "observed_completed_ms": 1857.40675,
        "start_to_observed_completion_ms": 4.150542000000087,
        "submit_to_observed_completion_ms": 2.09637500000008,
        "continuous_iteration_ms": 2.0577499866485596,
        "frame_ms": 2.0577499866485596,
        "component_sum_ms": 2.0530829429626465,
        "tick_ms": 0.12587499618530273,
        "dynamic_mesh_ms": 0.8456249833106995,
        "encode_ms": 1.0809170007705688,
        "admission_or_completion_ms": 0.000666000007186085
      },
      {
        "index": 360,
        "started_ms": 1855.313958,
        "submitted_ms": 1857.4085409999998,
        "observed_completed_ms": 1859.856916,
        "start_to_observed_completion_ms": 4.542957999999999,
        "submit_to_observed_completion_ms": 2.448375000000169,
        "continuous_iteration_ms": 2.1050422191619873,
        "frame_ms": 2.1050422191619873,
        "component_sum_ms": 2.094000816345215,
        "tick_ms": 0.12745800614356995,
        "dynamic_mesh_ms": 0.8229590058326721,
        "encode_ms": 1.1425830125808716,
        "admission_or_completion_ms": 0.0010009999386966228
      },
      {
        "index": 361,
        "started_ms": 1857.419,
        "submitted_ms": 1859.858375,
        "observed_completed_ms": 1862.1345410000001,
        "start_to_observed_completion_ms": 4.71554100000003,
        "submit_to_observed_completion_ms": 2.276166000000103,
        "continuous_iteration_ms": 2.4453749656677246,
        "frame_ms": 2.4453749656677246,
        "component_sum_ms": 2.4382920265197754,
        "tick_ms": 0.15262499451637268,
        "dynamic_mesh_ms": 0.925957977771759,
        "encode_ms": 1.357833981513977,
        "admission_or_completion_ms": 0.001875000074505806
      },
      {
        "index": 362,
        "started_ms": 1859.8643749999999,
        "submitted_ms": 1862.135416,
        "observed_completed_ms": 1864.303875,
        "start_to_observed_completion_ms": 4.43950000000018,
        "submit_to_observed_completion_ms": 2.1684589999999844,
        "continuous_iteration_ms": 2.276916027069092,
        "frame_ms": 2.276916027069092,
        "component_sum_ms": 2.2693328857421875,
        "tick_ms": 0.14329199492931366,
        "dynamic_mesh_ms": 0.8901249766349792,
        "encode_ms": 1.2350409030914307,
        "admission_or_completion_ms": 0.0008750000270083547
      },
      {
        "index": 363,
        "started_ms": 1862.141291,
        "submitted_ms": 1864.3051659999999,
        "observed_completed_ms": 1867.870833,
        "start_to_observed_completion_ms": 5.729542000000038,
        "submit_to_observed_completion_ms": 3.565667000000076,
        "continuous_iteration_ms": 2.1687498092651367,
        "frame_ms": 2.1687498092651367,
        "component_sum_ms": 2.1622090339660645,
        "tick_ms": 0.134333997964859,
        "dynamic_mesh_ms": 0.8654170036315918,
        "encode_ms": 1.1607080698013306,
        "admission_or_completion_ms": 0.0017500000540167093
      },
      {
        "index": 364,
        "started_ms": 1864.310041,
        "submitted_ms": 1866.72875,
        "observed_completed_ms": 1869.270583,
        "start_to_observed_completion_ms": 4.960542000000032,
        "submit_to_observed_completion_ms": 2.541832999999997,
        "continuous_iteration_ms": 2.424542188644409,
        "frame_ms": 2.424542188644409,
        "component_sum_ms": 2.417958974838257,
        "tick_ms": 0.13120800256729126,
        "dynamic_mesh_ms": 0.8714579939842224,
        "encode_ms": 1.4139589071273804,
        "admission_or_completion_ms": 0.0013340000296011567
      },
      {
        "index": 365,
        "started_ms": 1866.734583,
        "submitted_ms": 1869.272041,
        "observed_completed_ms": 1871.5022079999999,
        "start_to_observed_completion_ms": 4.767624999999953,
        "submit_to_observed_completion_ms": 2.2301669999999376,
        "continuous_iteration_ms": 2.5425829887390137,
        "frame_ms": 2.5425829887390137,
        "component_sum_ms": 2.5359580516815186,
        "tick_ms": 0.13175000250339508,
        "dynamic_mesh_ms": 0.863083004951477,
        "encode_ms": 1.40024995803833,
        "admission_or_completion_ms": 0.14087499678134918
      },
      {
        "index": 366,
        "started_ms": 1869.277166,
        "submitted_ms": 1871.503541,
        "observed_completed_ms": 1873.7979999999998,
        "start_to_observed_completion_ms": 4.520833999999695,
        "submit_to_observed_completion_ms": 2.2944589999997334,
        "continuous_iteration_ms": 2.2317919731140137,
        "frame_ms": 2.2317919731140137,
        "component_sum_ms": 2.2251250743865967,
        "tick_ms": 0.14516600966453552,
        "dynamic_mesh_ms": 0.9409170150756836,
        "encode_ms": 1.1377909183502197,
        "admission_or_completion_ms": 0.0012509999796748161
      },
      {
        "index": 367,
        "started_ms": 1871.508958,
        "submitted_ms": 1873.799166,
        "observed_completed_ms": 1875.9553329999999,
        "start_to_observed_completion_ms": 4.446374999999989,
        "submit_to_observed_completion_ms": 2.1561669999998685,
        "continuous_iteration_ms": 2.29354190826416,
        "frame_ms": 2.29354190826416,
        "component_sum_ms": 2.2889161109924316,
        "tick_ms": 0.14795799553394318,
        "dynamic_mesh_ms": 0.9005410075187683,
        "encode_ms": 1.2397499084472656,
        "admission_or_completion_ms": 0.0006670000148005784
      },
      {
        "index": 368,
        "started_ms": 1873.8025,
        "submitted_ms": 1875.9565409999998,
        "observed_completed_ms": 1878.030416,
        "start_to_observed_completion_ms": 4.22791600000005,
        "submit_to_observed_completion_ms": 2.073875000000271,
        "continuous_iteration_ms": 2.1579580307006836,
        "frame_ms": 2.1579580307006836,
        "component_sum_ms": 2.153416156768799,
        "tick_ms": 0.13258299231529236,
        "dynamic_mesh_ms": 0.8716249465942383,
        "encode_ms": 1.1483750343322754,
        "admission_or_completion_ms": 0.0008330000564455986
      },
      {
        "index": 369,
        "started_ms": 1875.960458,
        "submitted_ms": 1878.0312079999999,
        "observed_completed_ms": 1880.101208,
        "start_to_observed_completion_ms": 4.1407500000000255,
        "submit_to_observed_completion_ms": 2.0700000000001637,
        "continuous_iteration_ms": 2.0743751525878906,
        "frame_ms": 2.0743751525878906,
        "component_sum_ms": 2.069667100906372,
        "tick_ms": 0.1277499943971634,
        "dynamic_mesh_ms": 0.8488330245018005,
        "encode_ms": 1.0924170017242432,
        "admission_or_completion_ms": 0.0006670000148005784
      },
      {
        "index": 370,
        "started_ms": 1878.0348330000002,
        "submitted_ms": 1880.101958,
        "observed_completed_ms": 1882.133083,
        "start_to_observed_completion_ms": 4.09824999999978,
        "submit_to_observed_completion_ms": 2.0311249999999745,
        "continuous_iteration_ms": 2.0707499980926514,
        "frame_ms": 2.0707499980926514,
        "component_sum_ms": 2.0658748149871826,
        "tick_ms": 0.13258299231529236,
        "dynamic_mesh_ms": 0.8511250019073486,
        "encode_ms": 1.0815420150756836,
        "admission_or_completion_ms": 0.0006249999860301614
      },
      {
        "index": 371,
        "started_ms": 1880.105583,
        "submitted_ms": 1882.133875,
        "observed_completed_ms": 1884.3198330000002,
        "start_to_observed_completion_ms": 4.21425000000022,
        "submit_to_observed_completion_ms": 2.185958000000255,
        "continuous_iteration_ms": 2.0313329696655273,
        "frame_ms": 2.0313329696655273,
        "component_sum_ms": 2.0272488594055176,
        "tick_ms": 0.1280830055475235,
        "dynamic_mesh_ms": 0.8399159908294678,
        "encode_ms": 1.0586669445037842,
        "admission_or_completion_ms": 0.0005830000154674053
      },
      {
        "index": 372,
        "started_ms": 1882.136916,
        "submitted_ms": 1884.321166,
        "observed_completed_ms": 1886.4752500000002,
        "start_to_observed_completion_ms": 4.338334000000259,
        "submit_to_observed_completion_ms": 2.154084000000239,
        "continuous_iteration_ms": 2.1893749237060547,
        "frame_ms": 2.1893749237060547,
        "component_sum_ms": 2.183332920074463,
        "tick_ms": 0.12720799446105957,
        "dynamic_mesh_ms": 0.8324580192565918,
        "encode_ms": 1.2229158878326416,
        "admission_or_completion_ms": 0.0007510000141337514
      },
      {
        "index": 373,
        "started_ms": 1884.326291,
        "submitted_ms": 1886.476166,
        "observed_completed_ms": 1888.687,
        "start_to_observed_completion_ms": 4.360708999999815,
        "submit_to_observed_completion_ms": 2.210833999999977,
        "continuous_iteration_ms": 2.154249906539917,
        "frame_ms": 2.154249906539917,
        "component_sum_ms": 2.1480419635772705,
        "tick_ms": 0.14512500166893005,
        "dynamic_mesh_ms": 0.9273329973220825,
        "encode_ms": 1.0747909545898438,
        "admission_or_completion_ms": 0.0007929999846965075
      },
      {
        "index": 374,
        "started_ms": 1886.4805410000001,
        "submitted_ms": 1888.687875,
        "observed_completed_ms": 1890.782958,
        "start_to_observed_completion_ms": 4.302416999999878,
        "submit_to_observed_completion_ms": 2.0950829999999314,
        "continuous_iteration_ms": 2.211750030517578,
        "frame_ms": 2.211750030517578,
        "component_sum_ms": 2.205916166305542,
        "tick_ms": 0.13337500393390656,
        "dynamic_mesh_ms": 0.9067080020904541,
        "encode_ms": 1.1650840044021606,
        "admission_or_completion_ms": 0.0007489999989047647
      },
      {
        "index": 375,
        "started_ms": 1888.6922909999998,
        "submitted_ms": 1890.783833,
        "observed_completed_ms": 1892.9190409999999,
        "start_to_observed_completion_ms": 4.226750000000038,
        "submit_to_observed_completion_ms": 2.1352079999999205,
        "continuous_iteration_ms": 2.094791889190674,
        "frame_ms": 2.094791889190674,
        "component_sum_ms": 2.090207815170288,
        "tick_ms": 0.14400000870227814,
        "dynamic_mesh_ms": 0.8671249747276306,
        "encode_ms": 1.0784169435501099,
        "admission_or_completion_ms": 0.000666000007186085
      },
      {
        "index": 376,
        "started_ms": 1890.787083,
        "submitted_ms": 1892.92,
        "observed_completed_ms": 1895.097958,
        "start_to_observed_completion_ms": 4.310875000000124,
        "submit_to_observed_completion_ms": 2.1779579999999896,
        "continuous_iteration_ms": 2.13729190826416,
        "frame_ms": 2.13729190826416,
        "component_sum_ms": 2.1321661472320557,
        "tick_ms": 0.1349170058965683,
        "dynamic_mesh_ms": 0.8702499866485596,
        "encode_ms": 1.1262500286102295,
        "admission_or_completion_ms": 0.0007490000571124256
      },
      {
        "index": 377,
        "started_ms": 1892.924375,
        "submitted_ms": 1895.099541,
        "observed_completed_ms": 1897.494083,
        "start_to_observed_completion_ms": 4.569707999999991,
        "submit_to_observed_completion_ms": 2.3945420000000013,
        "continuous_iteration_ms": 2.18037486076355,
        "frame_ms": 2.18037486076355,
        "component_sum_ms": 2.17462420463562,
        "tick_ms": 0.13566601276397705,
        "dynamic_mesh_ms": 0.8777499794960022,
        "encode_ms": 1.1599160432815552,
        "admission_or_completion_ms": 0.0012920000590384007
      },
      {
        "index": 378,
        "started_ms": 1895.10475,
        "submitted_ms": 1897.495125,
        "observed_completed_ms": 1900.9408749999998,
        "start_to_observed_completion_ms": 5.836124999999811,
        "submit_to_observed_completion_ms": 3.4457499999998618,
        "continuous_iteration_ms": 2.3949999809265137,
        "frame_ms": 2.3949999809265137,
        "component_sum_ms": 2.389249086380005,
        "tick_ms": 0.14641600847244263,
        "dynamic_mesh_ms": 0.9427500367164612,
        "encode_ms": 1.299125075340271,
        "admission_or_completion_ms": 0.0009580000769346952
      },
      {
        "index": 379,
        "started_ms": 1897.4997500000002,
        "submitted_ms": 1899.905583,
        "observed_completed_ms": 1903.141958,
        "start_to_observed_completion_ms": 5.642207999999755,
        "submit_to_observed_completion_ms": 3.2363749999999527,
        "continuous_iteration_ms": 2.415832996368408,
        "frame_ms": 2.415832996368408,
        "component_sum_ms": 2.404083013534546,
        "tick_ms": 0.1349160075187683,
        "dynamic_mesh_ms": 0.9400420188903809,
        "encode_ms": 1.3280420303344727,
        "admission_or_completion_ms": 0.00108299998100847
      },
      {
        "index": 380,
        "started_ms": 1899.9155829999997,
        "submitted_ms": 1902.091791,
        "observed_completed_ms": 1904.2563750000002,
        "start_to_observed_completion_ms": 4.34079200000042,
        "submit_to_observed_completion_ms": 2.1645840000001044,
        "continuous_iteration_ms": 2.1812078952789307,
        "frame_ms": 2.1812078952789307,
        "component_sum_ms": 2.1752920150756836,
        "tick_ms": 0.13191699981689453,
        "dynamic_mesh_ms": 0.8500419855117798,
        "encode_ms": 1.149999976158142,
        "admission_or_completion_ms": 0.04333300143480301
      },
      {
        "index": 381,
        "started_ms": 1902.096791,
        "submitted_ms": 1904.2571659999999,
        "observed_completed_ms": 1906.387666,
        "start_to_observed_completion_ms": 4.290875000000142,
        "submit_to_observed_completion_ms": 2.130500000000211,
        "continuous_iteration_ms": 2.1644999980926514,
        "frame_ms": 2.1644999980926514,
        "component_sum_ms": 2.158874034881592,
        "tick_ms": 0.14287500083446503,
        "dynamic_mesh_ms": 0.8615829944610596,
        "encode_ms": 1.1145000457763672,
        "admission_or_completion_ms": 0.03991599753499031
      },
      {
        "index": 382,
        "started_ms": 1904.261291,
        "submitted_ms": 1906.388458,
        "observed_completed_ms": 1908.573208,
        "start_to_observed_completion_ms": 4.311916999999994,
        "submit_to_observed_completion_ms": 2.184750000000122,
        "continuous_iteration_ms": 2.130833864212036,
        "frame_ms": 2.130833864212036,
        "component_sum_ms": 2.125750780105591,
        "tick_ms": 0.1447090059518814,
        "dynamic_mesh_ms": 0.8454999923706055,
        "encode_ms": 1.134958028793335,
        "admission_or_completion_ms": 0.0005840000230818987
      },
      {
        "index": 383,
        "started_ms": 1906.392125,
        "submitted_ms": 1908.574291,
        "observed_completed_ms": 1910.7969580000001,
        "start_to_observed_completion_ms": 4.404833000000053,
        "submit_to_observed_completion_ms": 2.2226670000002287,
        "continuous_iteration_ms": 2.1861658096313477,
        "frame_ms": 2.1861658096313477,
        "component_sum_ms": 2.1808319091796875,
        "tick_ms": 0.13283298909664154,
        "dynamic_mesh_ms": 0.8534159660339355,
        "encode_ms": 1.194000005722046,
        "admission_or_completion_ms": 0.0005830000154674053
      },
      {
        "index": 384,
        "started_ms": 1908.578291,
        "submitted_ms": 1910.798625,
        "observed_completed_ms": 1912.6866659999998,
        "start_to_observed_completion_ms": 4.108374999999796,
        "submit_to_observed_completion_ms": 1.8880409999999301,
        "continuous_iteration_ms": 2.226083993911743,
        "frame_ms": 2.226083993911743,
        "component_sum_ms": 2.2190840244293213,
        "tick_ms": 0.1302500069141388,
        "dynamic_mesh_ms": 0.849541962146759,
        "encode_ms": 1.2380419969558716,
        "admission_or_completion_ms": 0.0012499999720603228
      },
      {
        "index": 385,
        "started_ms": 1910.8043750000002,
        "submitted_ms": 1913.3086660000001,
        "observed_completed_ms": 1917.147208,
        "start_to_observed_completion_ms": 6.342832999999928,
        "submit_to_observed_completion_ms": 3.8385419999999613,
        "continuous_iteration_ms": 2.5095410346984863,
        "frame_ms": 2.5095410346984863,
        "component_sum_ms": 2.503041982650757,
        "tick_ms": 0.1540829986333847,
        "dynamic_mesh_ms": 0.9610839486122131,
        "encode_ms": 1.3864580392837524,
        "admission_or_completion_ms": 0.0014169999631121755
      },
      {
        "index": 386,
        "started_ms": 1913.3139159999998,
        "submitted_ms": 1915.979416,
        "observed_completed_ms": 1918.378375,
        "start_to_observed_completion_ms": 5.06445900000017,
        "submit_to_observed_completion_ms": 2.3989590000001044,
        "continuous_iteration_ms": 2.671542167663574,
        "frame_ms": 2.671542167663574,
        "component_sum_ms": 2.6641671657562256,
        "tick_ms": 0.14866699278354645,
        "dynamic_mesh_ms": 0.9409999847412109,
        "encode_ms": 1.5734161138534546,
        "admission_or_completion_ms": 0.0010839999886229634
      },
      {
        "index": 387,
        "started_ms": 1915.9854579999999,
        "submitted_ms": 1918.3795,
        "observed_completed_ms": 1920.5123330000001,
        "start_to_observed_completion_ms": 4.526875000000246,
        "submit_to_observed_completion_ms": 2.1328330000001188,
        "continuous_iteration_ms": 2.3988330364227295,
        "frame_ms": 2.3988330364227295,
        "component_sum_ms": 2.3921239376068115,
        "tick_ms": 0.14995799958705902,
        "dynamic_mesh_ms": 0.9612910151481628,
        "encode_ms": 1.2318750619888306,
        "admission_or_completion_ms": 0.049000002443790436
      },
      {
        "index": 388,
        "started_ms": 1918.384291,
        "submitted_ms": 1920.513041,
        "observed_completed_ms": 1922.631041,
        "start_to_observed_completion_ms": 4.24675000000002,
        "submit_to_observed_completion_ms": 2.1180000000001655,
        "continuous_iteration_ms": 2.131625175476074,
        "frame_ms": 2.131625175476074,
        "component_sum_ms": 2.1275837421417236,
        "tick_ms": 0.14037500321865082,
        "dynamic_mesh_ms": 0.9064169526100159,
        "encode_ms": 1.0802500247955322,
        "admission_or_completion_ms": 0.0005420000525191426
      },
      {
        "index": 389,
        "started_ms": 1920.515916,
        "submitted_ms": 1922.6318330000001,
        "observed_completed_ms": 1924.709416,
        "start_to_observed_completion_ms": 4.193499999999858,
        "submit_to_observed_completion_ms": 2.077582999999777,
        "continuous_iteration_ms": 2.119709014892578,
        "frame_ms": 2.119709014892578,
        "component_sum_ms": 2.114000082015991,
        "tick_ms": 0.1305829882621765,
        "dynamic_mesh_ms": 0.8862080574035645,
        "encode_ms": 1.0963330268859863,
        "admission_or_completion_ms": 0.000876000034622848
      },
      {
        "index": 390,
        "started_ms": 1922.635625,
        "submitted_ms": 1924.710041,
        "observed_completed_ms": 1927.1188750000001,
        "start_to_observed_completion_ms": 4.4832500000002256,
        "submit_to_observed_completion_ms": 2.40883400000007,
        "continuous_iteration_ms": 2.0763328075408936,
        "frame_ms": 2.0763328075408936,
        "component_sum_ms": 2.0732500553131104,
        "tick_ms": 0.13212500512599945,
        "dynamic_mesh_ms": 0.8710409998893738,
        "encode_ms": 1.0696250200271606,
        "admission_or_completion_ms": 0.00045900000259280205
      },
      {
        "index": 391,
        "started_ms": 1924.711958,
        "submitted_ms": 1927.119958,
        "observed_completed_ms": 1929.451166,
        "start_to_observed_completion_ms": 4.739207999999962,
        "submit_to_observed_completion_ms": 2.3312080000000606,
        "continuous_iteration_ms": 2.412374973297119,
        "frame_ms": 2.412374973297119,
        "component_sum_ms": 2.406749963760376,
        "tick_ms": 0.12958300113677979,
        "dynamic_mesh_ms": 0.9560419917106628,
        "encode_ms": 1.3196669816970825,
        "admission_or_completion_ms": 0.0014579999260604382
      },
      {
        "index": 392,
        "started_ms": 1927.124333,
        "submitted_ms": 1929.452208,
        "observed_completed_ms": 1931.839458,
        "start_to_observed_completion_ms": 4.715124999999944,
        "submit_to_observed_completion_ms": 2.3872499999999945,
        "continuous_iteration_ms": 2.331624984741211,
        "frame_ms": 2.331624984741211,
        "component_sum_ms": 2.3265819549560547,
        "tick_ms": 0.14779099822044373,
        "dynamic_mesh_ms": 0.9502909779548645,
        "encode_ms": 1.2277079820632935,
        "admission_or_completion_ms": 0.000792000035289675
      },
      {
        "index": 393,
        "started_ms": 1929.4559580000002,
        "submitted_ms": 1931.840833,
        "observed_completed_ms": 1935.3827909999998,
        "start_to_observed_completion_ms": 5.926832999999533,
        "submit_to_observed_completion_ms": 3.541957999999795,
        "continuous_iteration_ms": 2.390583038330078,
        "frame_ms": 2.390583038330078,
        "component_sum_ms": 2.3834590911865234,
        "tick_ms": 0.13587500154972076,
        "dynamic_mesh_ms": 0.9364170432090759,
        "encode_ms": 1.3101670742034912,
        "admission_or_completion_ms": 0.0009999999310821295
      },
      {
        "index": 394,
        "started_ms": 1931.8465410000001,
        "submitted_ms": 1934.2209160000002,
        "observed_completed_ms": 1936.5412079999999,
        "start_to_observed_completion_ms": 4.694666999999754,
        "submit_to_observed_completion_ms": 2.320291999999654,
        "continuous_iteration_ms": 2.380625009536743,
        "frame_ms": 2.380625009536743,
        "component_sum_ms": 2.3728737831115723,
        "tick_ms": 0.13804098963737488,
        "dynamic_mesh_ms": 0.9182919859886169,
        "encode_ms": 1.3154579401016235,
        "admission_or_completion_ms": 0.00108299998100847
      },
      {
        "index": 395,
        "started_ms": 1934.227166,
        "submitted_ms": 1936.541916,
        "observed_completed_ms": 1938.845375,
        "start_to_observed_completion_ms": 4.618209000000206,
        "submit_to_observed_completion_ms": 2.3034590000002026,
        "continuous_iteration_ms": 2.3183751106262207,
        "frame_ms": 2.3183751106262207,
        "component_sum_ms": 2.3130829334259033,
        "tick_ms": 0.148499995470047,
        "dynamic_mesh_ms": 0.9625409841537476,
        "encode_ms": 1.1582080125808716,
        "admission_or_completion_ms": 0.04383399710059166
      },
      {
        "index": 396,
        "started_ms": 1936.5455410000002,
        "submitted_ms": 1938.846208,
        "observed_completed_ms": 1941.152458,
        "start_to_observed_completion_ms": 4.606916999999839,
        "submit_to_observed_completion_ms": 2.306250000000091,
        "continuous_iteration_ms": 2.305083990097046,
        "frame_ms": 2.305083990097046,
        "component_sum_ms": 2.2991671562194824,
        "tick_ms": 0.14100000262260437,
        "dynamic_mesh_ms": 0.9190419912338257,
        "encode_ms": 1.2382080554962158,
        "admission_or_completion_ms": 0.0009169999393634498
      },
      {
        "index": 397,
        "started_ms": 1938.8506250000003,
        "submitted_ms": 1941.1535410000001,
        "observed_completed_ms": 1943.6734580000002,
        "start_to_observed_completion_ms": 4.822832999999946,
        "submit_to_observed_completion_ms": 2.5199170000000777,
        "continuous_iteration_ms": 2.3070828914642334,
        "frame_ms": 2.3070828914642334,
        "component_sum_ms": 2.3014988899230957,
        "tick_ms": 0.1389160007238388,
        "dynamic_mesh_ms": 0.8818749785423279,
        "encode_ms": 1.2798750400543213,
        "admission_or_completion_ms": 0.0008330000564455986
      },
      {
        "index": 398,
        "started_ms": 1941.157708,
        "submitted_ms": 1943.674708,
        "observed_completed_ms": 1946.0245830000001,
        "start_to_observed_completion_ms": 4.866875000000164,
        "submit_to_observed_completion_ms": 2.349875000000111,
        "continuous_iteration_ms": 2.522292137145996,
        "frame_ms": 2.522292137145996,
        "component_sum_ms": 2.51541805267334,
        "tick_ms": 0.1322920024394989,
        "dynamic_mesh_ms": 0.9886670112609863,
        "encode_ms": 1.3924169540405273,
        "admission_or_completion_ms": 0.002041999949142337
      },
      {
        "index": 399,
        "started_ms": 1943.68,
        "submitted_ms": 1946.0255,
        "observed_completed_ms": 1948.2984999999999,
        "start_to_observed_completion_ms": 4.618499999999813,
        "submit_to_observed_completion_ms": 2.272999999999911,
        "continuous_iteration_ms": 2.349708080291748,
        "frame_ms": 2.349708080291748,
        "component_sum_ms": 2.343959093093872,
        "tick_ms": 0.15295898914337158,
        "dynamic_mesh_ms": 0.9221670031547546,
        "encode_ms": 1.268125057220459,
        "admission_or_completion_ms": 0.000708000035956502
      },
      {
        "index": 400,
        "started_ms": 1946.029708,
        "submitted_ms": 1948.299416,
        "observed_completed_ms": 1950.6337500000002,
        "start_to_observed_completion_ms": 4.604042000000163,
        "submit_to_observed_completion_ms": 2.3343340000001263,
        "continuous_iteration_ms": 2.2738327980041504,
        "frame_ms": 2.2738327980041504,
        "component_sum_ms": 2.2684600353240967,
        "tick_ms": 0.1393750011920929,
        "dynamic_mesh_ms": 0.9118340015411377,
        "encode_ms": 1.2161250114440918,
        "admission_or_completion_ms": 0.0011259999591857195
      },
      {
        "index": 401,
        "started_ms": 1948.303541,
        "submitted_ms": 1950.634625,
        "observed_completed_ms": 1952.815,
        "start_to_observed_completion_ms": 4.511459000000059,
        "submit_to_observed_completion_ms": 2.18037500000014,
        "continuous_iteration_ms": 2.3350839614868164,
        "frame_ms": 2.3350839614868164,
        "component_sum_ms": 2.3296661376953125,
        "tick_ms": 0.13637501001358032,
        "dynamic_mesh_ms": 0.8848749995231628,
        "encode_ms": 1.3076249361038208,
        "admission_or_completion_ms": 0.0007909999694675207
      },
      {
        "index": 402,
        "started_ms": 1950.6386249999998,
        "submitted_ms": 1952.81625,
        "observed_completed_ms": 1956.1096249999998,
        "start_to_observed_completion_ms": 5.471000000000004,
        "submit_to_observed_completion_ms": 3.2933749999997417,
        "continuous_iteration_ms": 2.181166172027588,
        "frame_ms": 2.181166172027588,
        "component_sum_ms": 2.175666093826294,
        "tick_ms": 0.1351660043001175,
        "dynamic_mesh_ms": 0.8809170126914978,
        "encode_ms": 1.1588339805603027,
        "admission_or_completion_ms": 0.0007489999989047647
      },
      {
        "index": 403,
        "started_ms": 1952.8197910000001,
        "submitted_ms": 1958.307333,
        "observed_completed_ms": 1960.636958,
        "start_to_observed_completion_ms": 7.817166999999927,
        "submit_to_observed_completion_ms": 2.329625000000078,
        "continuous_iteration_ms": 5.493124961853027,
        "frame_ms": 5.493124961853027,
        "component_sum_ms": 5.485249042510986,
        "tick_ms": 1.969249963760376,
        "dynamic_mesh_ms": 1.2810829877853394,
        "encode_ms": 2.1970419883728027,
        "admission_or_completion_ms": 0.037873998284339905
      },
      {
        "index": 404,
        "started_ms": 1958.312916,
        "submitted_ms": 1962.000083,
        "observed_completed_ms": 1964.933375,
        "start_to_observed_completion_ms": 6.6204589999999826,
        "submit_to_observed_completion_ms": 2.933292000000165,
        "continuous_iteration_ms": 3.692125082015991,
        "frame_ms": 3.692125082015991,
        "component_sum_ms": 3.68483304977417,
        "tick_ms": 1.3512499332427979,
        "dynamic_mesh_ms": 0.9305419921875,
        "encode_ms": 1.3623329401016235,
        "admission_or_completion_ms": 0.04070799797773361
      },
      {
        "index": 405,
        "started_ms": 1962.005041,
        "submitted_ms": 1967.096833,
        "observed_completed_ms": 1970.139666,
        "start_to_observed_completion_ms": 8.134625000000142,
        "submit_to_observed_completion_ms": 3.0428329999999733,
        "continuous_iteration_ms": 5.097291946411133,
        "frame_ms": 5.097291946411133,
        "component_sum_ms": 5.088624954223633,
        "tick_ms": 1.9282920360565186,
        "dynamic_mesh_ms": 0.9460830092430115,
        "encode_ms": 2.1621248722076416,
        "admission_or_completion_ms": 0.052125003188848495
      },
      {
        "index": 406,
        "started_ms": 1967.102333,
        "submitted_ms": 1972.272458,
        "observed_completed_ms": 1975.531958,
        "start_to_observed_completion_ms": 8.429624999999987,
        "submit_to_observed_completion_ms": 3.2595000000001164,
        "continuous_iteration_ms": 5.174417018890381,
        "frame_ms": 5.174417018890381,
        "component_sum_ms": 5.166874885559082,
        "tick_ms": 2.0271661281585693,
        "dynamic_mesh_ms": 0.973084032535553,
        "encode_ms": 2.1319169998168945,
        "admission_or_completion_ms": 0.03470800071954727
      },
      {
        "index": 407,
        "started_ms": 1972.27675,
        "submitted_ms": 1977.7459159999999,
        "observed_completed_ms": 1980.460333,
        "start_to_observed_completion_ms": 8.183582999999999,
        "submit_to_observed_completion_ms": 2.7144170000001395,
        "continuous_iteration_ms": 5.473707675933838,
        "frame_ms": 5.473707675933838,
        "component_sum_ms": 5.466209411621094,
        "tick_ms": 2.2072079181671143,
        "dynamic_mesh_ms": 1.0131670236587524,
        "encode_ms": 2.213083028793335,
        "admission_or_completion_ms": 0.03275099769234657
      },
      {
        "index": 408,
        "started_ms": 1977.750458,
        "submitted_ms": 1981.9227079999998,
        "observed_completed_ms": 1984.656541,
        "start_to_observed_completion_ms": 6.906083000000081,
        "submit_to_observed_completion_ms": 2.7338330000002316,
        "continuous_iteration_ms": 4.177166938781738,
        "frame_ms": 4.177166938781738,
        "component_sum_ms": 4.169416904449463,
        "tick_ms": 1.7282499074935913,
        "dynamic_mesh_ms": 0.950374960899353,
        "encode_ms": 1.461582899093628,
        "admission_or_completion_ms": 0.029208999127149582
      },
      {
        "index": 409,
        "started_ms": 1981.927625,
        "submitted_ms": 1986.1179579999998,
        "observed_completed_ms": 1988.4265,
        "start_to_observed_completion_ms": 6.498874999999998,
        "submit_to_observed_completion_ms": 2.308542000000216,
        "continuous_iteration_ms": 4.194083213806152,
        "frame_ms": 4.194083213806152,
        "component_sum_ms": 4.187376022338867,
        "tick_ms": 1.7062499523162842,
        "dynamic_mesh_ms": 0.9882920384407043,
        "encode_ms": 1.4606670141220093,
        "admission_or_completion_ms": 0.03216700255870819
      },
      {
        "index": 410,
        "started_ms": 1986.121708,
        "submitted_ms": 1989.77425,
        "observed_completed_ms": 1991.9729579999998,
        "start_to_observed_completion_ms": 5.851249999999936,
        "submit_to_observed_completion_ms": 2.198707999999897,
        "continuous_iteration_ms": 3.655416965484619,
        "frame_ms": 3.655416965484619,
        "component_sum_ms": 3.649834156036377,
        "tick_ms": 1.329166054725647,
        "dynamic_mesh_ms": 0.9546250104904175,
        "encode_ms": 1.3472089767456055,
        "admission_or_completion_ms": 0.018834000453352928
      },
      {
        "index": 411,
        "started_ms": 1989.777125,
        "submitted_ms": 1993.528333,
        "observed_completed_ms": 1995.717416,
        "start_to_observed_completion_ms": 5.940290999999888,
        "submit_to_observed_completion_ms": 2.1890829999999823,
        "continuous_iteration_ms": 3.754791021347046,
        "frame_ms": 3.754791021347046,
        "component_sum_ms": 3.748042106628418,
        "tick_ms": 1.1848340034484863,
        "dynamic_mesh_ms": 0.987250030040741,
        "encode_ms": 1.5546250343322754,
        "admission_or_completion_ms": 0.02133299969136715
      },
      {
        "index": 412,
        "started_ms": 1993.531916,
        "submitted_ms": 1997.2468330000002,
        "observed_completed_ms": 2000.339291,
        "start_to_observed_completion_ms": 6.807375000000093,
        "submit_to_observed_completion_ms": 3.0924579999998514,
        "continuous_iteration_ms": 3.7201671600341797,
        "frame_ms": 3.7201671600341797,
        "component_sum_ms": 3.712456703186035,
        "tick_ms": 1.1540828943252563,
        "dynamic_mesh_ms": 1.0026659965515137,
        "encode_ms": 1.52858304977417,
        "admission_or_completion_ms": 0.027124999091029167
      },
      {
        "index": 413,
        "started_ms": 1997.252083,
        "submitted_ms": 2001.0391250000002,
        "observed_completed_ms": 2008.9499580000002,
        "start_to_observed_completion_ms": 11.697875000000067,
        "submit_to_observed_completion_ms": 7.910832999999911,
        "continuous_iteration_ms": 3.7915420532226562,
        "frame_ms": 3.7915420532226562,
        "component_sum_ms": 3.7835819721221924,
        "tick_ms": 1.1166659593582153,
        "dynamic_mesh_ms": 1.0862079858779907,
        "encode_ms": 1.5790419578552246,
        "admission_or_completion_ms": 0.0016659999964758754
      },
      {
        "index": 414,
        "started_ms": 2001.0436249999998,
        "submitted_ms": 2012.1321659999999,
        "observed_completed_ms": 2018.8752499999998,
        "start_to_observed_completion_ms": 17.83162500000003,
        "submit_to_observed_completion_ms": 6.7430839999999534,
        "continuous_iteration_ms": 11.096124649047852,
        "frame_ms": 11.096124649047852,
        "component_sum_ms": 11.084166526794434,
        "tick_ms": 5.862583160400391,
        "dynamic_mesh_ms": 2.0085840225219727,
        "encode_ms": 3.181291103363037,
        "admission_or_completion_ms": 0.03170900046825409
      },
      {
        "index": 415,
        "started_ms": 2012.1397499999998,
        "submitted_ms": 2021.851458,
        "observed_completed_ms": 2028.3366250000001,
        "start_to_observed_completion_ms": 16.19687500000032,
        "submit_to_observed_completion_ms": 6.485167000000047,
        "continuous_iteration_ms": 9.71712589263916,
        "frame_ms": 9.71712589263916,
        "component_sum_ms": 9.707542419433594,
        "tick_ms": 5.699917316436768,
        "dynamic_mesh_ms": 0.9895829558372498,
        "encode_ms": 2.975374937057495,
        "admission_or_completion_ms": 0.042667001485824585
      },
      {
        "index": 416,
        "started_ms": 2021.8568750000002,
        "submitted_ms": 2031.4149160000002,
        "observed_completed_ms": 2038.3801660000001,
        "start_to_observed_completion_ms": 16.523290999999972,
        "submit_to_observed_completion_ms": 6.965249999999969,
        "continuous_iteration_ms": 9.570791244506836,
        "frame_ms": 9.570791244506836,
        "component_sum_ms": 9.550251007080078,
        "tick_ms": 5.470708847045898,
        "dynamic_mesh_ms": 0.9588330388069153,
        "encode_ms": 3.0773749351501465,
        "admission_or_completion_ms": 0.0433339960873127
      },
      {
        "index": 417,
        "started_ms": 2031.4276659999998,
        "submitted_ms": 2041.312541,
        "observed_completed_ms": 2048.847458,
        "start_to_observed_completion_ms": 17.41979200000037,
        "submit_to_observed_completion_ms": 7.534917000000178,
        "continuous_iteration_ms": 9.891084671020508,
        "frame_ms": 9.891084671020508,
        "component_sum_ms": 9.880417823791504,
        "tick_ms": 5.940291881561279,
        "dynamic_mesh_ms": 0.9659579992294312,
        "encode_ms": 2.931375026702881,
        "admission_or_completion_ms": 0.042791999876499176
      },
      {
        "index": 418,
        "started_ms": 2041.31875,
        "submitted_ms": 2052.119208,
        "observed_completed_ms": 2060.694833,
        "start_to_observed_completion_ms": 19.376083000000108,
        "submit_to_observed_completion_ms": 8.575624999999945,
        "continuous_iteration_ms": 10.806458473205566,
        "frame_ms": 10.806458473205566,
        "component_sum_ms": 10.79645824432373,
        "tick_ms": 6.517624855041504,
        "dynamic_mesh_ms": 0.965041995048523,
        "encode_ms": 3.2707080841064453,
        "admission_or_completion_ms": 0.04308300092816353
      },
      {
        "index": 419,
        "started_ms": 2052.125208,
        "submitted_ms": 2064.335916,
        "observed_completed_ms": 2072.9884159999997,
        "start_to_observed_completion_ms": 20.86320799999976,
        "submit_to_observed_completion_ms": 8.65249999999969,
        "continuous_iteration_ms": 12.216500282287598,
        "frame_ms": 12.216500282287598,
        "component_sum_ms": 12.206708908081055,
        "tick_ms": 7.563333988189697,
        "dynamic_mesh_ms": 0.961292028427124,
        "encode_ms": 3.639958143234253,
        "admission_or_completion_ms": 0.042125001549720764
      },
      {
        "index": 420,
        "started_ms": 2064.3417080000004,
        "submitted_ms": 2075.116541,
        "observed_completed_ms": 2082.8645410000004,
        "start_to_observed_completion_ms": 18.52283299999999,
        "submit_to_observed_completion_ms": 7.748000000000502,
        "continuous_iteration_ms": 10.785207748413086,
        "frame_ms": 10.785207748413086,
        "component_sum_ms": 10.770292282104492,
        "tick_ms": 7.553916931152344,
        "dynamic_mesh_ms": 1.0310419797897339,
        "encode_ms": 2.1269161701202393,
        "admission_or_completion_ms": 0.058416999876499176
      },
      {
        "index": 421,
        "started_ms": 2075.1269159999997,
        "submitted_ms": 2084.8473329999997,
        "observed_completed_ms": 2092.5243330000003,
        "start_to_observed_completion_ms": 17.397417000000587,
        "submit_to_observed_completion_ms": 7.677000000000589,
        "continuous_iteration_ms": 9.726749420166016,
        "frame_ms": 9.726749420166016,
        "component_sum_ms": 9.715917587280273,
        "tick_ms": 6.713666915893555,
        "dynamic_mesh_ms": 0.9727500081062317,
        "encode_ms": 1.9819170236587524,
        "admission_or_completion_ms": 0.04758400097489357
      },
      {
        "index": 422,
        "started_ms": 2084.853666,
        "submitted_ms": 2094.6094999999996,
        "observed_completed_ms": 2101.9678329999997,
        "start_to_observed_completion_ms": 17.114166999999725,
        "submit_to_observed_completion_ms": 7.35833300000013,
        "continuous_iteration_ms": 9.762125015258789,
        "frame_ms": 9.762125015258789,
        "component_sum_ms": 9.751750946044922,
        "tick_ms": 6.637959003448486,
        "dynamic_mesh_ms": 0.9807089567184448,
        "encode_ms": 2.0843749046325684,
        "admission_or_completion_ms": 0.0487079992890358
      },
      {
        "index": 423,
        "started_ms": 2094.6157909999997,
        "submitted_ms": 2104.034833,
        "observed_completed_ms": 2110.687625,
        "start_to_observed_completion_ms": 16.071834000000308,
        "submit_to_observed_completion_ms": 6.652791999999863,
        "continuous_iteration_ms": 9.424749374389648,
        "frame_ms": 9.424749374389648,
        "component_sum_ms": 9.414834022521973,
        "tick_ms": 6.325916767120361,
        "dynamic_mesh_ms": 0.9807499647140503,
        "encode_ms": 2.066041946411133,
        "admission_or_completion_ms": 0.042125001549720764
      },
      {
        "index": 424,
        "started_ms": 2104.040541,
        "submitted_ms": 2112.6452910000003,
        "observed_completed_ms": 2118.828458,
        "start_to_observed_completion_ms": 14.787917000000107,
        "submit_to_observed_completion_ms": 6.183166999999685,
        "continuous_iteration_ms": 8.609583854675293,
        "frame_ms": 8.609583854675293,
        "component_sum_ms": 8.600875854492188,
        "tick_ms": 5.646250247955322,
        "dynamic_mesh_ms": 0.961292028427124,
        "encode_ms": 1.956833004951477,
        "admission_or_completion_ms": 0.036500997841358185
      },
      {
        "index": 425,
        "started_ms": 2112.650125,
        "submitted_ms": 2120.844125,
        "observed_completed_ms": 2126.796375,
        "start_to_observed_completion_ms": 14.146249999999782,
        "submit_to_observed_completion_ms": 5.952249999999822,
        "continuous_iteration_ms": 8.199291229248047,
        "frame_ms": 8.199291229248047,
        "component_sum_ms": 8.190125465393066,
        "tick_ms": 5.181124687194824,
        "dynamic_mesh_ms": 0.9534170031547546,
        "encode_ms": 2.014833927154541,
        "admission_or_completion_ms": 0.04075000062584877
      },
      {
        "index": 426,
        "started_ms": 2120.849416,
        "submitted_ms": 2128.789875,
        "observed_completed_ms": 2134.3713329999996,
        "start_to_observed_completion_ms": 13.521916999999576,
        "submit_to_observed_completion_ms": 5.581457999999657,
        "continuous_iteration_ms": 7.946374893188477,
        "frame_ms": 7.946374893188477,
        "component_sum_ms": 7.9365434646606445,
        "tick_ms": 4.898750305175781,
        "dynamic_mesh_ms": 1.004459023475647,
        "encode_ms": 1.9927090406417847,
        "admission_or_completion_ms": 0.04062500223517418
      },
      {
        "index": 427,
        "started_ms": 2128.795791,
        "submitted_ms": 2136.4315829999996,
        "observed_completed_ms": 2141.687208,
        "start_to_observed_completion_ms": 12.89141699999982,
        "submit_to_observed_completion_ms": 5.2556250000002365,
        "continuous_iteration_ms": 7.641334056854248,
        "frame_ms": 7.641334056854248,
        "component_sum_ms": 7.631832599639893,
        "tick_ms": 4.579750061035156,
        "dynamic_mesh_ms": 0.9551250338554382,
        "encode_ms": 2.059333086013794,
        "admission_or_completion_ms": 0.03762499988079071
      },
      {
        "index": 428,
        "started_ms": 2136.437125,
        "submitted_ms": 2143.7531249999997,
        "observed_completed_ms": 2148.63575,
        "start_to_observed_completion_ms": 12.198624999999993,
        "submit_to_observed_completion_ms": 4.882625000000189,
        "continuous_iteration_ms": 7.320624828338623,
        "frame_ms": 7.320624828338623,
        "component_sum_ms": 7.311999320983887,
        "tick_ms": 4.245332717895508,
        "dynamic_mesh_ms": 0.9673340320587158,
        "encode_ms": 2.0645840167999268,
        "admission_or_completion_ms": 0.034749001264572144
      },
      {
        "index": 429,
        "started_ms": 2143.7577499999998,
        "submitted_ms": 2150.5487080000003,
        "observed_completed_ms": 2155.1254160000003,
        "start_to_observed_completion_ms": 11.367666000000554,
        "submit_to_observed_completion_ms": 4.576708000000053,
        "continuous_iteration_ms": 6.795750141143799,
        "frame_ms": 6.795750141143799,
        "component_sum_ms": 6.787001132965088,
        "tick_ms": 3.871042013168335,
        "dynamic_mesh_ms": 0.9692090153694153,
        "encode_ms": 1.912166953086853,
        "admission_or_completion_ms": 0.03458300232887268
      },
      {
        "index": 430,
        "started_ms": 2150.5535,
        "submitted_ms": 2156.958875,
        "observed_completed_ms": 2161.611791,
        "start_to_observed_completion_ms": 11.058290999999826,
        "submit_to_observed_completion_ms": 4.652916000000005,
        "continuous_iteration_ms": 6.409457683563232,
        "frame_ms": 6.409457683563232,
        "component_sum_ms": 6.401874542236328,
        "tick_ms": 3.6132500171661377,
        "dynamic_mesh_ms": 0.9311670064926147,
        "encode_ms": 1.832834005355835,
        "admission_or_completion_ms": 0.024623999372124672
      },
      {
        "index": 431,
        "started_ms": 2156.9629579999996,
        "submitted_ms": 2163.5840000000003,
        "observed_completed_ms": 2168.291541,
        "start_to_observed_completion_ms": 11.328583000000435,
        "submit_to_observed_completion_ms": 4.707540999999765,
        "continuous_iteration_ms": 6.6262922286987305,
        "frame_ms": 6.6262922286987305,
        "component_sum_ms": 6.617332935333252,
        "tick_ms": 3.6580419540405273,
        "dynamic_mesh_ms": 0.9548750519752502,
        "encode_ms": 1.9713749885559082,
        "admission_or_completion_ms": 0.03304100036621094
      },
      {
        "index": 432,
        "started_ms": 2163.58925,
        "submitted_ms": 2170.247833,
        "observed_completed_ms": 2174.5805,
        "start_to_observed_completion_ms": 10.991250000000036,
        "submit_to_observed_completion_ms": 4.332667000000129,
        "continuous_iteration_ms": 6.662540912628174,
        "frame_ms": 6.662540912628174,
        "component_sum_ms": 6.654541969299316,
        "tick_ms": 3.724250078201294,
        "dynamic_mesh_ms": 0.9386669993400574,
        "encode_ms": 1.9554579257965088,
        "admission_or_completion_ms": 0.036166999489068985
      },
      {
        "index": 433,
        "started_ms": 2170.251791,
        "submitted_ms": 2176.4780410000003,
        "observed_completed_ms": 2180.9204160000004,
        "start_to_observed_completion_ms": 10.668625000000247,
        "submit_to_observed_completion_ms": 4.442375000000084,
        "continuous_iteration_ms": 6.231499671936035,
        "frame_ms": 6.231499671936035,
        "component_sum_ms": 6.221874237060547,
        "tick_ms": 3.3453330993652344,
        "dynamic_mesh_ms": 0.9527919888496399,
        "encode_ms": 1.8966660499572754,
        "admission_or_completion_ms": 0.027083000168204308
      },
      {
        "index": 434,
        "started_ms": 2176.483291,
        "submitted_ms": 2182.8810829999998,
        "observed_completed_ms": 2187.379458,
        "start_to_observed_completion_ms": 10.896166999999878,
        "submit_to_observed_completion_ms": 4.498375000000124,
        "continuous_iteration_ms": 6.401792049407959,
        "frame_ms": 6.401792049407959,
        "component_sum_ms": 6.393374919891357,
        "tick_ms": 3.450166940689087,
        "dynamic_mesh_ms": 0.9492499828338623,
        "encode_ms": 1.959792137145996,
        "admission_or_completion_ms": 0.03416600078344345
      },
      {
        "index": 435,
        "started_ms": 2182.885083,
        "submitted_ms": 2189.511708,
        "observed_completed_ms": 2193.96075,
        "start_to_observed_completion_ms": 11.075667000000067,
        "submit_to_observed_completion_ms": 4.4490420000001905,
        "continuous_iteration_ms": 6.632041931152344,
        "frame_ms": 6.632041931152344,
        "component_sum_ms": 6.622291088104248,
        "tick_ms": 3.458292007446289,
        "dynamic_mesh_ms": 0.9723330140113831,
        "encode_ms": 2.1313750743865967,
        "admission_or_completion_ms": 0.060290999710559845
      },
      {
        "index": 436,
        "started_ms": 2189.517125,
        "submitted_ms": 2195.874041,
        "observed_completed_ms": 2200.300375,
        "start_to_observed_completion_ms": 10.783249999999953,
        "submit_to_observed_completion_ms": 4.42633399999977,
        "continuous_iteration_ms": 6.362541198730469,
        "frame_ms": 6.362541198730469,
        "component_sum_ms": 6.353041172027588,
        "tick_ms": 3.4865410327911377,
        "dynamic_mesh_ms": 0.9232499599456787,
        "encode_ms": 1.9123330116271973,
        "admission_or_completion_ms": 0.030917000025510788
      },
      {
        "index": 437,
        "started_ms": 2195.8796660000003,
        "submitted_ms": 2202.198958,
        "observed_completed_ms": 2206.500541,
        "start_to_observed_completion_ms": 10.620874999999614,
        "submit_to_observed_completion_ms": 4.301582999999937,
        "continuous_iteration_ms": 6.3238749504089355,
        "frame_ms": 6.3238749504089355,
        "component_sum_ms": 6.315124034881592,
        "tick_ms": 3.4468748569488525,
        "dynamic_mesh_ms": 0.9397909641265869,
        "encode_ms": 1.8974579572677612,
        "admission_or_completion_ms": 0.03100000135600567
      },
      {
        "index": 438,
        "started_ms": 2202.203541,
        "submitted_ms": 2208.442333,
        "observed_completed_ms": 2212.80825,
        "start_to_observed_completion_ms": 10.604709000000184,
        "submit_to_observed_completion_ms": 4.365917000000081,
        "continuous_iteration_ms": 6.242459297180176,
        "frame_ms": 6.242459297180176,
        "component_sum_ms": 6.234417915344238,
        "tick_ms": 3.321125030517578,
        "dynamic_mesh_ms": 0.940750002861023,
        "encode_ms": 1.9410420656204224,
        "admission_or_completion_ms": 0.03150100260972977
      },
      {
        "index": 439,
        "started_ms": 2208.446,
        "submitted_ms": 2214.805833,
        "observed_completed_ms": 2219.2577079999996,
        "start_to_observed_completion_ms": 10.811707999999726,
        "submit_to_observed_completion_ms": 4.451874999999745,
        "continuous_iteration_ms": 6.372124671936035,
        "frame_ms": 6.372124671936035,
        "component_sum_ms": 6.356375217437744,
        "tick_ms": 3.3752498626708984,
        "dynamic_mesh_ms": 0.9441249966621399,
        "encode_ms": 1.9964170455932617,
        "admission_or_completion_ms": 0.04058299958705902
      },
      {
        "index": 440,
        "started_ms": 2214.818125,
        "submitted_ms": 2221.2335,
        "observed_completed_ms": 2225.5155000000004,
        "start_to_observed_completion_ms": 10.697375000000648,
        "submit_to_observed_completion_ms": 4.2820000000006075,
        "continuous_iteration_ms": 6.419916152954102,
        "frame_ms": 6.419916152954102,
        "component_sum_ms": 6.410790920257568,
        "tick_ms": 3.456624984741211,
        "dynamic_mesh_ms": 0.9458749890327454,
        "encode_ms": 1.9749999046325684,
        "admission_or_completion_ms": 0.03329100087285042
      },
      {
        "index": 441,
        "started_ms": 2221.238041,
        "submitted_ms": 2227.418375,
        "observed_completed_ms": 2232.863,
        "start_to_observed_completion_ms": 11.624958999999762,
        "submit_to_observed_completion_ms": 5.444624999999633,
        "continuous_iteration_ms": 6.184625148773193,
        "frame_ms": 6.184625148773193,
        "component_sum_ms": 6.176249980926514,
        "tick_ms": 3.3005001544952393,
        "dynamic_mesh_ms": 0.944582998752594,
        "encode_ms": 1.9021250009536743,
        "admission_or_completion_ms": 0.02904200181365013
      },
      {
        "index": 442,
        "started_ms": 2227.422666,
        "submitted_ms": 2236.219333,
        "observed_completed_ms": 2240.924375,
        "start_to_observed_completion_ms": 13.501709000000119,
        "submit_to_observed_completion_ms": 4.705042000000049,
        "continuous_iteration_ms": 8.802291870117188,
        "frame_ms": 8.802291870117188,
        "component_sum_ms": 8.792168617248535,
        "tick_ms": 4.421000003814697,
        "dynamic_mesh_ms": 0.9799169898033142,
        "encode_ms": 3.355541944503784,
        "admission_or_completion_ms": 0.03570899739861488
      },
      {
        "index": 443,
        "started_ms": 2236.2249580000002,
        "submitted_ms": 2242.871916,
        "observed_completed_ms": 2247.0463330000002,
        "start_to_observed_completion_ms": 10.821374999999989,
        "submit_to_observed_completion_ms": 4.174417000000176,
        "continuous_iteration_ms": 6.651000022888184,
        "frame_ms": 6.651000022888184,
        "component_sum_ms": 6.642542362213135,
        "tick_ms": 3.720582962036133,
        "dynamic_mesh_ms": 0.9434170126914978,
        "encode_ms": 1.9467499256134033,
        "admission_or_completion_ms": 0.03179199993610382
      },
      {
        "index": 444,
        "started_ms": 2242.875958,
        "submitted_ms": 2248.94375,
        "observed_completed_ms": 2253.013125,
        "start_to_observed_completion_ms": 10.137166999999863,
        "submit_to_observed_completion_ms": 4.069375000000036,
        "continuous_iteration_ms": 6.071332931518555,
        "frame_ms": 6.071332931518555,
        "component_sum_ms": 6.064000129699707,
        "tick_ms": 3.209958076477051,
        "dynamic_mesh_ms": 0.9247920513153076,
        "encode_ms": 1.8968340158462524,
        "admission_or_completion_ms": 0.032416000962257385
      },
      {
        "index": 445,
        "started_ms": 2248.947291,
        "submitted_ms": 2254.891083,
        "observed_completed_ms": 2258.957208,
        "start_to_observed_completion_ms": 10.00991699999986,
        "submit_to_observed_completion_ms": 4.066124999999829,
        "continuous_iteration_ms": 5.9475417137146,
        "frame_ms": 5.9475417137146,
        "component_sum_ms": 5.940125465393066,
        "tick_ms": 3.1172919273376465,
        "dynamic_mesh_ms": 0.920458972454071,
        "encode_ms": 1.8770829439163208,
        "admission_or_completion_ms": 0.02529199793934822
      },
      {
        "index": 446,
        "started_ms": 2254.894833,
        "submitted_ms": 2260.850125,
        "observed_completed_ms": 2265.181083,
        "start_to_observed_completion_ms": 10.28625000000011,
        "submit_to_observed_completion_ms": 4.33095800000001,
        "continuous_iteration_ms": 5.960457801818848,
        "frame_ms": 5.960457801818848,
        "component_sum_ms": 5.951416015625,
        "tick_ms": 3.082166910171509,
        "dynamic_mesh_ms": 0.9509580135345459,
        "encode_ms": 1.8923749923706055,
        "admission_or_completion_ms": 0.025916000828146935
      },
      {
        "index": 447,
        "started_ms": 2260.855291,
        "submitted_ms": 2267.293125,
        "observed_completed_ms": 2271.4416659999997,
        "start_to_observed_completion_ms": 10.586374999999862,
        "submit_to_observed_completion_ms": 4.148540999999568,
        "continuous_iteration_ms": 6.44420862197876,
        "frame_ms": 6.44420862197876,
        "component_sum_ms": 6.433042049407959,
        "tick_ms": 3.2793331146240234,
        "dynamic_mesh_ms": 1.0022499561309814,
        "encode_ms": 2.1106250286102295,
        "admission_or_completion_ms": 0.04083399847149849
      },
      {
        "index": 448,
        "started_ms": 2267.2995,
        "submitted_ms": 2273.275708,
        "observed_completed_ms": 2277.3127080000004,
        "start_to_observed_completion_ms": 10.013208000000304,
        "submit_to_observed_completion_ms": 4.037000000000262,
        "continuous_iteration_ms": 5.979707717895508,
        "frame_ms": 5.979707717895508,
        "component_sum_ms": 5.97237491607666,
        "tick_ms": 3.1897079944610596,
        "dynamic_mesh_ms": 0.9220420122146606,
        "encode_ms": 1.8333749771118164,
        "admission_or_completion_ms": 0.027249999344348907
      },
      {
        "index": 449,
        "started_ms": 2273.279208,
        "submitted_ms": 2279.1629159999998,
        "observed_completed_ms": 2283.205208,
        "start_to_observed_completion_ms": 9.92599999999993,
        "submit_to_observed_completion_ms": 4.042292000000089,
        "continuous_iteration_ms": 5.887875080108643,
        "frame_ms": 5.887875080108643,
        "component_sum_ms": 5.880000114440918,
        "tick_ms": 3.11650013923645,
        "dynamic_mesh_ms": 0.8926250338554382,
        "encode_ms": 1.8496659994125366,
        "admission_or_completion_ms": 0.021209001541137695
      },
      {
        "index": 450,
        "started_ms": 2279.167083,
        "submitted_ms": 2285.133333,
        "observed_completed_ms": 2289.030916,
        "start_to_observed_completion_ms": 9.86383300000034,
        "submit_to_observed_completion_ms": 3.8975829999999405,
        "continuous_iteration_ms": 5.969666957855225,
        "frame_ms": 5.969666957855225,
        "component_sum_ms": 5.9628753662109375,
        "tick_ms": 3.0783751010894775,
        "dynamic_mesh_ms": 0.9342910051345825,
        "encode_ms": 1.9275420904159546,
        "admission_or_completion_ms": 0.02266700007021427
      },
      {
        "index": 451,
        "started_ms": 2285.13675,
        "submitted_ms": 2290.8905,
        "observed_completed_ms": 2294.899083,
        "start_to_observed_completion_ms": 9.762332999999671,
        "submit_to_observed_completion_ms": 4.008582999999817,
        "continuous_iteration_ms": 5.757165908813477,
        "frame_ms": 5.757165908813477,
        "component_sum_ms": 5.750333786010742,
        "tick_ms": 2.9375,
        "dynamic_mesh_ms": 0.9283750057220459,
        "encode_ms": 1.8589589595794678,
        "admission_or_completion_ms": 0.02550000138580799
      },
      {
        "index": 452,
        "started_ms": 2290.893916,
        "submitted_ms": 2296.843708,
        "observed_completed_ms": 2300.936083,
        "start_to_observed_completion_ms": 10.042167000000063,
        "submit_to_observed_completion_ms": 4.092375000000175,
        "continuous_iteration_ms": 5.954792022705078,
        "frame_ms": 5.954792022705078,
        "component_sum_ms": 5.946166038513184,
        "tick_ms": 3.0391249656677246,
        "dynamic_mesh_ms": 0.9284159541130066,
        "encode_ms": 1.943666934967041,
        "admission_or_completion_ms": 0.034957997500896454
      },
      {
        "index": 453,
        "started_ms": 2296.848708,
        "submitted_ms": 2302.8181659999996,
        "observed_completed_ms": 2306.833666,
        "start_to_observed_completion_ms": 9.984958000000006,
        "submit_to_observed_completion_ms": 4.015500000000429,
        "continuous_iteration_ms": 5.973917007446289,
        "frame_ms": 5.973917007446289,
        "component_sum_ms": 5.9652910232543945,
        "tick_ms": 3.140625,
        "dynamic_mesh_ms": 0.9140419960021973,
        "encode_ms": 1.8811659812927246,
        "admission_or_completion_ms": 0.029457999393343925
      },
      {
        "index": 454,
        "started_ms": 2302.8226250000002,
        "submitted_ms": 2308.7839580000004,
        "observed_completed_ms": 2312.988708,
        "start_to_observed_completion_ms": 10.166082999999617,
        "submit_to_observed_completion_ms": 4.204749999999422,
        "continuous_iteration_ms": 5.965916156768799,
        "frame_ms": 5.965916156768799,
        "component_sum_ms": 5.957542419433594,
        "tick_ms": 3.0505001544952393,
        "dynamic_mesh_ms": 0.9299169778823853,
        "encode_ms": 1.9495829343795776,
        "admission_or_completion_ms": 0.027542000636458397
      },
      {
        "index": 455,
        "started_ms": 2308.7885410000004,
        "submitted_ms": 2315.000916,
        "observed_completed_ms": 2319.286208,
        "start_to_observed_completion_ms": 10.497666999999637,
        "submit_to_observed_completion_ms": 4.285292000000027,
        "continuous_iteration_ms": 6.218999862670898,
        "frame_ms": 6.218999862670898,
        "component_sum_ms": 6.2087082862854,
        "tick_ms": 3.223832845687866,
        "dynamic_mesh_ms": 0.9434580206871033,
        "encode_ms": 2.0115411281585693,
        "admission_or_completion_ms": 0.029875999316573143
      },
      {
        "index": 456,
        "started_ms": 2315.007541,
        "submitted_ms": 2321.273708,
        "observed_completed_ms": 2325.386541,
        "start_to_observed_completion_ms": 10.378999999999905,
        "submit_to_observed_completion_ms": 4.112832999999682,
        "continuous_iteration_ms": 6.270208835601807,
        "frame_ms": 6.270208835601807,
        "component_sum_ms": 6.261667251586914,
        "tick_ms": 3.294250011444092,
        "dynamic_mesh_ms": 0.9480420351028442,
        "encode_ms": 1.9867498874664307,
        "admission_or_completion_ms": 0.032624997198581696
      },
      {
        "index": 457,
        "started_ms": 2321.27775,
        "submitted_ms": 2327.435625,
        "observed_completed_ms": 2331.485291,
        "start_to_observed_completion_ms": 10.207540999999765,
        "submit_to_observed_completion_ms": 4.049665999999888,
        "continuous_iteration_ms": 6.161665916442871,
        "frame_ms": 6.161665916442871,
        "component_sum_ms": 6.153831958770752,
        "tick_ms": 3.146040916442871,
        "dynamic_mesh_ms": 0.9347079992294312,
        "encode_ms": 2.0483341217041016,
        "admission_or_completion_ms": 0.024748999625444412
      },
      {
        "index": 458,
        "started_ms": 2327.4394159999997,
        "submitted_ms": 2333.544,
        "observed_completed_ms": 2337.613375,
        "start_to_observed_completion_ms": 10.173959000000195,
        "submit_to_observed_completion_ms": 4.069375000000036,
        "continuous_iteration_ms": 6.109959125518799,
        "frame_ms": 6.109959125518799,
        "component_sum_ms": 6.100249767303467,
        "tick_ms": 3.068042039871216,
        "dynamic_mesh_ms": 0.9339579939842224,
        "encode_ms": 2.057666778564453,
        "admission_or_completion_ms": 0.04058299958705902
      },
      {
        "index": 459,
        "started_ms": 2333.549375,
        "submitted_ms": 2339.539833,
        "observed_completed_ms": 2343.622708,
        "start_to_observed_completion_ms": 10.07333299999982,
        "submit_to_observed_completion_ms": 4.082875000000058,
        "continuous_iteration_ms": 5.994082927703857,
        "frame_ms": 5.994082927703857,
        "component_sum_ms": 5.986291885375977,
        "tick_ms": 3.0964579582214355,
        "dynamic_mesh_ms": 0.9347089529037476,
        "encode_ms": 1.925583004951477,
        "admission_or_completion_ms": 0.029542000964283943
      },
      {
        "index": 460,
        "started_ms": 2339.543458,
        "submitted_ms": 2345.519791,
        "observed_completed_ms": 2349.578708,
        "start_to_observed_completion_ms": 10.035249999999905,
        "submit_to_observed_completion_ms": 4.058916999999838,
        "continuous_iteration_ms": 5.980792045593262,
        "frame_ms": 5.980792045593262,
        "component_sum_ms": 5.972208023071289,
        "tick_ms": 3.121332883834839,
        "dynamic_mesh_ms": 0.9205000400543213,
        "encode_ms": 1.8964999914169312,
        "admission_or_completion_ms": 0.0338749997317791
      },
      {
        "index": 461,
        "started_ms": 2345.52425,
        "submitted_ms": 2351.3999160000003,
        "observed_completed_ms": 2355.422458,
        "start_to_observed_completion_ms": 9.898208000000068,
        "submit_to_observed_completion_ms": 4.022541999999703,
        "continuous_iteration_ms": 5.87962532043457,
        "frame_ms": 5.87962532043457,
        "component_sum_ms": 5.8716654777526855,
        "tick_ms": 3.0981252193450928,
        "dynamic_mesh_ms": 0.9240410327911377,
        "encode_ms": 1.8207080364227295,
        "admission_or_completion_ms": 0.028790999203920364
      },
      {
        "index": 462,
        "started_ms": 2351.403875,
        "submitted_ms": 2357.147958,
        "observed_completed_ms": 2361.274416,
        "start_to_observed_completion_ms": 9.87054100000023,
        "submit_to_observed_completion_ms": 4.126458000000184,
        "continuous_iteration_ms": 5.747499942779541,
        "frame_ms": 5.747499942779541,
        "component_sum_ms": 5.740625381469727,
        "tick_ms": 3.1016669273376465,
        "dynamic_mesh_ms": 0.89124995470047,
        "encode_ms": 1.724916934967041,
        "admission_or_completion_ms": 0.022792000323534012
      },
      {
        "index": 463,
        "started_ms": 2357.151375,
        "submitted_ms": 2363.311083,
        "observed_completed_ms": 2367.612791,
        "start_to_observed_completion_ms": 10.4614160000001,
        "submit_to_observed_completion_ms": 4.301707999999962,
        "continuous_iteration_ms": 6.164000034332275,
        "frame_ms": 6.164000034332275,
        "component_sum_ms": 6.155250549316406,
        "tick_ms": 3.151834011077881,
        "dynamic_mesh_ms": 0.9352909922599792,
        "encode_ms": 2.0357918739318848,
        "admission_or_completion_ms": 0.03233399987220764
      },
      {
        "index": 464,
        "started_ms": 2363.315375,
        "submitted_ms": 2369.7006659999997,
        "observed_completed_ms": 2373.993833,
        "start_to_observed_completion_ms": 10.678457999999864,
        "submit_to_observed_completion_ms": 4.293167000000267,
        "continuous_iteration_ms": 6.390916347503662,
        "frame_ms": 6.390916347503662,
        "component_sum_ms": 6.380876064300537,
        "tick_ms": 3.3089170455932617,
        "dynamic_mesh_ms": 0.9425840377807617,
        "encode_ms": 2.0869579315185547,
        "admission_or_completion_ms": 0.042417000979185104
      },
      {
        "index": 465,
        "started_ms": 2369.706291,
        "submitted_ms": 2376.0320410000004,
        "observed_completed_ms": 2380.223916,
        "start_to_observed_completion_ms": 10.517624999999953,
        "submit_to_observed_completion_ms": 4.191874999999527,
        "continuous_iteration_ms": 6.331624984741211,
        "frame_ms": 6.331624984741211,
        "component_sum_ms": 6.321375370025635,
        "tick_ms": 3.285292148590088,
        "dynamic_mesh_ms": 0.9422919750213623,
        "encode_ms": 2.037165880203247,
        "admission_or_completion_ms": 0.05662599951028824
      },
      {
        "index": 466,
        "started_ms": 2376.037916,
        "submitted_ms": 2382.4576660000002,
        "observed_completed_ms": 2386.7705410000003,
        "start_to_observed_completion_ms": 10.732625000000098,
        "submit_to_observed_completion_ms": 4.312875000000076,
        "continuous_iteration_ms": 6.42650032043457,
        "frame_ms": 6.42650032043457,
        "component_sum_ms": 6.415666580200195,
        "tick_ms": 3.2103328704833984,
        "dynamic_mesh_ms": 0.9380410313606262,
        "encode_ms": 2.2329580783843994,
        "admission_or_completion_ms": 0.03433399647474289
      },
      {
        "index": 467,
        "started_ms": 2382.464416,
        "submitted_ms": 2388.791333,
        "observed_completed_ms": 2392.9752080000003,
        "start_to_observed_completion_ms": 10.510792000000492,
        "submit_to_observed_completion_ms": 4.183875000000171,
        "continuous_iteration_ms": 6.331874847412109,
        "frame_ms": 6.331874847412109,
        "component_sum_ms": 6.322833061218262,
        "tick_ms": 3.3232500553131104,
        "dynamic_mesh_ms": 0.9469580054283142,
        "encode_ms": 2.0199999809265137,
        "admission_or_completion_ms": 0.032624997198581696
      },
      {
        "index": 468,
        "started_ms": 2388.796291,
        "submitted_ms": 2394.9154999999996,
        "observed_completed_ms": 2399.283833,
        "start_to_observed_completion_ms": 10.487541999999848,
        "submit_to_observed_completion_ms": 4.368333000000348,
        "continuous_iteration_ms": 6.124125003814697,
        "frame_ms": 6.124125003814697,
        "component_sum_ms": 6.114874839782715,
        "tick_ms": 3.213749885559082,
        "dynamic_mesh_ms": 0.9287919998168945,
        "encode_ms": 1.9394170045852661,
        "admission_or_completion_ms": 0.032916001975536346
      },
      {
        "index": 469,
        "started_ms": 2394.9204160000004,
        "submitted_ms": 2401.257083,
        "observed_completed_ms": 2403.7965,
        "start_to_observed_completion_ms": 8.876083999999537,
        "submit_to_observed_completion_ms": 2.5394169999999576,
        "continuous_iteration_ms": 9.516624450683594,
        "frame_ms": 9.516624450683594,
        "component_sum_ms": 8.984416961669922,
        "tick_ms": 3.3280839920043945,
        "dynamic_mesh_ms": 0.9909579753875732,
        "encode_ms": 1.972499966621399,
        "admission_or_completion_ms": 2.6928749084472656
      },
      {
        "index": 470,
        "started_ms": 2404.437041,
        "submitted_ms": 2410.455041,
        "observed_completed_ms": 2414.7603750000003,
        "start_to_observed_completion_ms": 10.323334000000159,
        "submit_to_observed_completion_ms": 4.30533400000013,
        "continuous_iteration_ms": 6.022666931152344,
        "frame_ms": 6.022666931152344,
        "component_sum_ms": 6.013708591461182,
        "tick_ms": 3.1807920932769775,
        "dynamic_mesh_ms": 0.9298750162124634,
        "encode_ms": 1.9016660451889038,
        "admission_or_completion_ms": 0.0013749999925494194
      },
      {
        "index": 471,
        "started_ms": 2410.459708,
        "submitted_ms": 2416.781333,
        "observed_completed_ms": 2421.0082079999997,
        "start_to_observed_completion_ms": 10.548499999999876,
        "submit_to_observed_completion_ms": 4.226874999999836,
        "continuous_iteration_ms": 6.327499866485596,
        "frame_ms": 6.327499866485596,
        "component_sum_ms": 6.31754207611084,
        "tick_ms": 3.2645418643951416,
        "dynamic_mesh_ms": 0.9959999918937683,
        "encode_ms": 2.020125150680542,
        "admission_or_completion_ms": 0.03687500208616257
      },
      {
        "index": 472,
        "started_ms": 2416.787208,
        "submitted_ms": 2422.91925,
        "observed_completed_ms": 2427.255291,
        "start_to_observed_completion_ms": 10.468082999999751,
        "submit_to_observed_completion_ms": 4.336041000000023,
        "continuous_iteration_ms": 6.135791778564453,
        "frame_ms": 6.135791778564453,
        "component_sum_ms": 6.127999305725098,
        "tick_ms": 3.247499942779541,
        "dynamic_mesh_ms": 0.9437919855117798,
        "encode_ms": 1.9102089405059814,
        "admission_or_completion_ms": 0.026498999446630478
      },
      {
        "index": 473,
        "started_ms": 2422.923,
        "submitted_ms": 2429.152458,
        "observed_completed_ms": 2433.425166,
        "start_to_observed_completion_ms": 10.502166000000216,
        "submit_to_observed_completion_ms": 4.272707999999966,
        "continuous_iteration_ms": 6.233875274658203,
        "frame_ms": 6.233875274658203,
        "component_sum_ms": 6.225541114807129,
        "tick_ms": 3.366542100906372,
        "dynamic_mesh_ms": 0.9337080121040344,
        "encode_ms": 1.8964170217514038,
        "admission_or_completion_ms": 0.028874000534415245
      },
      {
        "index": 474,
        "started_ms": 2429.1568749999997,
        "submitted_ms": 2435.342958,
        "observed_completed_ms": 2439.582625,
        "start_to_observed_completion_ms": 10.425750000000335,
        "submit_to_observed_completion_ms": 4.239666999999827,
        "continuous_iteration_ms": 6.191375255584717,
        "frame_ms": 6.191375255584717,
        "component_sum_ms": 6.182124137878418,
        "tick_ms": 3.2849161624908447,
        "dynamic_mesh_ms": 0.9483749866485596,
        "encode_ms": 1.9167499542236328,
        "admission_or_completion_ms": 0.03208300098776817
      },
      {
        "index": 475,
        "started_ms": 2435.34825,
        "submitted_ms": 2441.449125,
        "observed_completed_ms": 2445.6406250000005,
        "start_to_observed_completion_ms": 10.292375000000447,
        "submit_to_observed_completion_ms": 4.19150000000036,
        "continuous_iteration_ms": 6.104582786560059,
        "frame_ms": 6.104582786560059,
        "component_sum_ms": 6.096541404724121,
        "tick_ms": 3.270040988922119,
        "dynamic_mesh_ms": 0.9328749775886536,
        "encode_ms": 1.8658339977264404,
        "admission_or_completion_ms": 0.02779099904000759
      },
      {
        "index": 476,
        "started_ms": 2441.452833,
        "submitted_ms": 2447.503708,
        "observed_completed_ms": 2451.741458,
        "start_to_observed_completion_ms": 10.288625000000138,
        "submit_to_observed_completion_ms": 4.237749999999778,
        "continuous_iteration_ms": 6.054832935333252,
        "frame_ms": 6.054832935333252,
        "component_sum_ms": 6.0469584465026855,
        "tick_ms": 3.240417003631592,
        "dynamic_mesh_ms": 0.9190000295639038,
        "encode_ms": 1.8624169826507568,
        "admission_or_completion_ms": 0.025124000385403633
      },
      {
        "index": 477,
        "started_ms": 2447.507666,
        "submitted_ms": 2453.579375,
        "observed_completed_ms": 2457.814833,
        "start_to_observed_completion_ms": 10.307166999999936,
        "submit_to_observed_completion_ms": 4.235458000000108,
        "continuous_iteration_ms": 6.074666976928711,
        "frame_ms": 6.074666976928711,
        "component_sum_ms": 6.067708492279053,
        "tick_ms": 3.280708074569702,
        "dynamic_mesh_ms": 0.9271249771118164,
        "encode_ms": 1.8374170064926147,
        "admission_or_completion_ms": 0.022458000108599663
      },
      {
        "index": 478,
        "started_ms": 2453.582333,
        "submitted_ms": 2459.6937909999997,
        "observed_completed_ms": 2463.913125,
        "start_to_observed_completion_ms": 10.330792000000201,
        "submit_to_observed_completion_ms": 4.2193340000003445,
        "continuous_iteration_ms": 6.116208076477051,
        "frame_ms": 6.116208076477051,
        "component_sum_ms": 6.107667446136475,
        "tick_ms": 3.282917022705078,
        "dynamic_mesh_ms": 0.9207090139389038,
        "encode_ms": 1.8782910108566284,
        "admission_or_completion_ms": 0.025749998167157173
      },
      {
        "index": 479,
        "started_ms": 2459.6985409999998,
        "submitted_ms": 2465.917625,
        "observed_completed_ms": 2470.139125,
        "start_to_observed_completion_ms": 10.440584000000399,
        "submit_to_observed_completion_ms": 4.2215000000001055,
        "continuous_iteration_ms": 6.224375247955322,
        "frame_ms": 6.224375247955322,
        "component_sum_ms": 6.2148332595825195,
        "tick_ms": 3.2707080841064453,
        "dynamic_mesh_ms": 0.9128339886665344,
        "encode_ms": 2.003666877746582,
        "admission_or_completion_ms": 0.02762399986386299
      },
      {
        "index": 480,
        "started_ms": 2465.9229160000004,
        "submitted_ms": 2472.09375,
        "observed_completed_ms": 2476.451916,
        "start_to_observed_completion_ms": 10.528999999999542,
        "submit_to_observed_completion_ms": 4.358165999999983,
        "continuous_iteration_ms": 6.179208755493164,
        "frame_ms": 6.179208755493164,
        "component_sum_ms": 6.166833877563477,
        "tick_ms": 3.3059589862823486,
        "dynamic_mesh_ms": 0.882207989692688,
        "encode_ms": 1.9539999961853027,
        "admission_or_completion_ms": 0.024667000398039818
      },
      {
        "index": 481,
        "started_ms": 2472.1021250000003,
        "submitted_ms": 2478.388583,
        "observed_completed_ms": 2482.717041,
        "start_to_observed_completion_ms": 10.614915999999539,
        "submit_to_observed_completion_ms": 4.328457999999955,
        "continuous_iteration_ms": 6.290541172027588,
        "frame_ms": 6.290541172027588,
        "component_sum_ms": 6.282124042510986,
        "tick_ms": 3.410083055496216,
        "dynamic_mesh_ms": 0.909375011920929,
        "encode_ms": 1.9358750581741333,
        "admission_or_completion_ms": 0.026791000738739967
      },
      {
        "index": 482,
        "started_ms": 2478.392666,
        "submitted_ms": 2484.6281660000004,
        "observed_completed_ms": 2488.782416,
        "start_to_observed_completion_ms": 10.389749999999822,
        "submit_to_observed_completion_ms": 4.1542499999995925,
        "continuous_iteration_ms": 6.239917278289795,
        "frame_ms": 6.239917278289795,
        "component_sum_ms": 6.231208324432373,
        "tick_ms": 3.3895421028137207,
        "dynamic_mesh_ms": 0.8994579911231995,
        "encode_ms": 1.910291075706482,
        "admission_or_completion_ms": 0.03191699832677841
      },
      {
        "index": 483,
        "started_ms": 2484.6325829999996,
        "submitted_ms": 2490.6244580000002,
        "observed_completed_ms": 2494.8732910000003,
        "start_to_observed_completion_ms": 10.240708000000723,
        "submit_to_observed_completion_ms": 4.248833000000104,
        "continuous_iteration_ms": 5.995458126068115,
        "frame_ms": 5.995458126068115,
        "component_sum_ms": 5.987792015075684,
        "tick_ms": 3.2261250019073486,
        "dynamic_mesh_ms": 0.8952919840812683,
        "encode_ms": 1.841333031654358,
        "admission_or_completion_ms": 0.02504200115799904
      },
      {
        "index": 484,
        "started_ms": 2490.628041,
        "submitted_ms": 2496.7743750000004,
        "observed_completed_ms": 2501.260583,
        "start_to_observed_completion_ms": 10.632542000000285,
        "submit_to_observed_completion_ms": 4.486207999999806,
        "continuous_iteration_ms": 6.151124954223633,
        "frame_ms": 6.151124954223633,
        "component_sum_ms": 6.142125129699707,
        "tick_ms": 3.325582981109619,
        "dynamic_mesh_ms": 0.887874960899353,
        "encode_ms": 1.90024995803833,
        "admission_or_completion_ms": 0.02841699868440628
      },
      {
        "index": 485,
        "started_ms": 2496.7791660000003,
        "submitted_ms": 2503.137041,
        "observed_completed_ms": 2507.53875,
        "start_to_observed_completion_ms": 10.759583999999904,
        "submit_to_observed_completion_ms": 4.40170900000021,
        "continuous_iteration_ms": 6.3636250495910645,
        "frame_ms": 6.3636250495910645,
        "component_sum_ms": 6.353375434875488,
        "tick_ms": 3.5373330116271973,
        "dynamic_mesh_ms": 0.8979589939117432,
        "encode_ms": 1.8758330345153809,
        "admission_or_completion_ms": 0.042249999940395355
      },
      {
        "index": 486,
        "started_ms": 2503.142791,
        "submitted_ms": 2509.467833,
        "observed_completed_ms": 2513.826708,
        "start_to_observed_completion_ms": 10.683916999999838,
        "submit_to_observed_completion_ms": 4.358874999999898,
        "continuous_iteration_ms": 6.330208778381348,
        "frame_ms": 6.330208778381348,
        "component_sum_ms": 6.3208327293396,
        "tick_ms": 3.461750030517578,
        "dynamic_mesh_ms": 0.8961660265922546,
        "encode_ms": 1.9281669855117798,
        "admission_or_completion_ms": 0.03474999964237213
      },
      {
        "index": 487,
        "started_ms": 2509.473,
        "submitted_ms": 2515.9793329999998,
        "observed_completed_ms": 2520.318875,
        "start_to_observed_completion_ms": 10.845874999999978,
        "submit_to_observed_completion_ms": 4.339542000000165,
        "continuous_iteration_ms": 6.512207984924316,
        "frame_ms": 6.512207984924316,
        "component_sum_ms": 6.501874923706055,
        "tick_ms": 3.4076249599456787,
        "dynamic_mesh_ms": 0.9046670198440552,
        "encode_ms": 2.1519579887390137,
        "admission_or_completion_ms": 0.03762499988079071
      },
      {
        "index": 488,
        "started_ms": 2515.985208,
        "submitted_ms": 2522.125416,
        "observed_completed_ms": 2526.921166,
        "start_to_observed_completion_ms": 10.935958000000028,
        "submit_to_observed_completion_ms": 4.7957500000002256,
        "continuous_iteration_ms": 6.144958019256592,
        "frame_ms": 6.144958019256592,
        "component_sum_ms": 6.135623931884766,
        "tick_ms": 3.417541027069092,
        "dynamic_mesh_ms": 0.8889999985694885,
        "encode_ms": 1.8057080507278442,
        "admission_or_completion_ms": 0.023374998942017555
      },
      {
        "index": 489,
        "started_ms": 2522.1301660000004,
        "submitted_ms": 2528.703,
        "observed_completed_ms": 2533.2582500000003,
        "start_to_observed_completion_ms": 11.128083999999944,
        "submit_to_observed_completion_ms": 4.555250000000342,
        "continuous_iteration_ms": 6.57716703414917,
        "frame_ms": 6.57716703414917,
        "component_sum_ms": 6.5685834884643555,
        "tick_ms": 3.8732080459594727,
        "dynamic_mesh_ms": 0.8869580030441284,
        "encode_ms": 1.780791997909546,
        "admission_or_completion_ms": 0.02762499824166298
      },
      {
        "index": 490,
        "started_ms": 2528.707333,
        "submitted_ms": 2535.118333,
        "observed_completed_ms": 2539.6245,
        "start_to_observed_completion_ms": 10.917167000000063,
        "submit_to_observed_completion_ms": 4.506167000000005,
        "continuous_iteration_ms": 6.41558313369751,
        "frame_ms": 6.41558313369751,
        "component_sum_ms": 6.406248569488525,
        "tick_ms": 3.5806658267974854,
        "dynamic_mesh_ms": 0.9303750395774841,
        "encode_ms": 1.8592500686645508,
        "admission_or_completion_ms": 0.035958003252744675
      },
      {
        "index": 491,
        "started_ms": 2535.122916,
        "submitted_ms": 2541.414041,
        "observed_completed_ms": 2545.91375,
        "start_to_observed_completion_ms": 10.790834000000359,
        "submit_to_observed_completion_ms": 4.499709000000166,
        "continuous_iteration_ms": 6.2953338623046875,
        "frame_ms": 6.2953338623046875,
        "component_sum_ms": 6.287458419799805,
        "tick_ms": 3.589792013168335,
        "dynamic_mesh_ms": 0.8814579844474792,
        "encode_ms": 1.7887080907821655,
        "admission_or_completion_ms": 0.027499999850988388
      },
      {
        "index": 492,
        "started_ms": 2541.41825,
        "submitted_ms": 2547.678041,
        "observed_completed_ms": 2552.147125,
        "start_to_observed_completion_ms": 10.728874999999789,
        "submit_to_observed_completion_ms": 4.469083999999839,
        "continuous_iteration_ms": 6.263125419616699,
        "frame_ms": 6.263125419616699,
        "component_sum_ms": 6.255248546600342,
        "tick_ms": 3.5757079124450684,
        "dynamic_mesh_ms": 0.8903329968452454,
        "encode_ms": 1.763624906539917,
        "admission_or_completion_ms": 0.025583000853657722
      },
      {
        "index": 493,
        "started_ms": 2547.6813749999997,
        "submitted_ms": 2553.88375,
        "observed_completed_ms": 2558.2875830000003,
        "start_to_observed_completion_ms": 10.606208000000606,
        "submit_to_observed_completion_ms": 4.403833000000304,
        "continuous_iteration_ms": 6.205790996551514,
        "frame_ms": 6.205790996551514,
        "component_sum_ms": 6.198416233062744,
        "tick_ms": 3.559832811355591,
        "dynamic_mesh_ms": 0.8760829567909241,
        "encode_ms": 1.7356669902801514,
        "admission_or_completion_ms": 0.026832999661564827
      },
      {
        "index": 494,
        "started_ms": 2553.887166,
        "submitted_ms": 2560.063791,
        "observed_completed_ms": 2564.6915,
        "start_to_observed_completion_ms": 10.804333999999926,
        "submit_to_observed_completion_ms": 4.627708999999868,
        "continuous_iteration_ms": 6.180083751678467,
        "frame_ms": 6.180083751678467,
        "component_sum_ms": 6.1727495193481445,
        "tick_ms": 3.5160419940948486,
        "dynamic_mesh_ms": 0.8582919836044312,
        "encode_ms": 1.7755409479141235,
        "admission_or_completion_ms": 0.022874999791383743
      },
      {
        "index": 495,
        "started_ms": 2560.06725,
        "submitted_ms": 2566.540708,
        "observed_completed_ms": 2570.993875,
        "start_to_observed_completion_ms": 10.926625000000058,
        "submit_to_observed_completion_ms": 4.453167000000121,
        "continuous_iteration_ms": 6.478499889373779,
        "frame_ms": 6.478499889373779,
        "component_sum_ms": 6.469123840332031,
        "tick_ms": 3.6529579162597656,
        "dynamic_mesh_ms": 0.9233750104904175,
        "encode_ms": 1.8480830192565918,
        "admission_or_completion_ms": 0.044708002358675
      },
      {
        "index": 496,
        "started_ms": 2566.5457499999998,
        "submitted_ms": 2572.884041,
        "observed_completed_ms": 2577.33275,
        "start_to_observed_completion_ms": 10.787000000000262,
        "submit_to_observed_completion_ms": 4.448709000000235,
        "continuous_iteration_ms": 6.342666149139404,
        "frame_ms": 6.342666149139404,
        "component_sum_ms": 6.334042549133301,
        "tick_ms": 3.5365419387817383,
        "dynamic_mesh_ms": 0.8773750066757202,
        "encode_ms": 1.8893330097198486,
        "admission_or_completion_ms": 0.030791999772191048
      },
      {
        "index": 497,
        "started_ms": 2572.8884160000002,
        "submitted_ms": 2579.1443329999997,
        "observed_completed_ms": 2583.591833,
        "start_to_observed_completion_ms": 10.703416999999718,
        "submit_to_observed_completion_ms": 4.447500000000218,
        "continuous_iteration_ms": 6.25991678237915,
        "frame_ms": 6.25991678237915,
        "component_sum_ms": 6.252167224884033,
        "tick_ms": 3.53974986076355,
        "dynamic_mesh_ms": 0.8715829849243164,
        "encode_ms": 1.8107919692993164,
        "admission_or_completion_ms": 0.030042000114917755
      },
      {
        "index": 498,
        "started_ms": 2579.148333,
        "submitted_ms": 2585.3665,
        "observed_completed_ms": 2589.829125,
        "start_to_observed_completion_ms": 10.68079200000011,
        "submit_to_observed_completion_ms": 4.462625000000116,
        "continuous_iteration_ms": 6.22141695022583,
        "frame_ms": 6.22141695022583,
        "component_sum_ms": 6.214291095733643,
        "tick_ms": 3.5309159755706787,
        "dynamic_mesh_ms": 0.8797500133514404,
        "encode_ms": 1.7736250162124634,
        "admission_or_completion_ms": 0.030000001192092896
      },
      {
        "index": 499,
        "started_ms": 2585.36975,
        "submitted_ms": 2591.7657910000003,
        "observed_completed_ms": 2596.291583,
        "start_to_observed_completion_ms": 10.921833000000333,
        "submit_to_observed_completion_ms": 4.52579199999991,
        "continuous_iteration_ms": 6.401707649230957,
        "frame_ms": 6.401707649230957,
        "component_sum_ms": 6.374208927154541,
        "tick_ms": 3.4998340606689453,
        "dynamic_mesh_ms": 0.8952080011367798,
        "encode_ms": 1.936040997505188,
        "admission_or_completion_ms": 0.043126001954078674
      },
      {
        "index": 500,
        "started_ms": 2591.771458,
        "submitted_ms": 2598.332541,
        "observed_completed_ms": 2602.69025,
        "start_to_observed_completion_ms": 10.91879199999994,
        "submit_to_observed_completion_ms": 4.357708999999886,
        "continuous_iteration_ms": 6.5662922859191895,
        "frame_ms": 6.5662922859191895,
        "component_sum_ms": 6.5565009117126465,
        "tick_ms": 3.578125,
        "dynamic_mesh_ms": 0.8972089886665344,
        "encode_ms": 2.040208101272583,
        "admission_or_completion_ms": 0.04095900058746338
      },
      {
        "index": 501,
        "started_ms": 2598.3377499999997,
        "submitted_ms": 2604.552,
        "observed_completed_ms": 2609.000083,
        "start_to_observed_completion_ms": 10.662333000000217,
        "submit_to_observed_completion_ms": 4.4480829999997695,
        "continuous_iteration_ms": 6.219541072845459,
        "frame_ms": 6.219541072845459,
        "component_sum_ms": 6.210373878479004,
        "tick_ms": 3.4428329467773438,
        "dynamic_mesh_ms": 0.8779579997062683,
        "encode_ms": 1.8611249923706055,
        "admission_or_completion_ms": 0.028457999229431152
      },
      {
        "index": 502,
        "started_ms": 2604.557291,
        "submitted_ms": 2610.826291,
        "observed_completed_ms": 2615.318916,
        "start_to_observed_completion_ms": 10.761625000000095,
        "submit_to_observed_completion_ms": 4.4926250000003165,
        "continuous_iteration_ms": 6.2729172706604,
        "frame_ms": 6.2729172706604,
        "component_sum_ms": 6.264707565307617,
        "tick_ms": 3.4976658821105957,
        "dynamic_mesh_ms": 0.9072499871253967,
        "encode_ms": 1.8252909183502197,
        "admission_or_completion_ms": 0.03450100123882294
      },
      {
        "index": 503,
        "started_ms": 2610.830208,
        "submitted_ms": 2617.1168749999997,
        "observed_completed_ms": 2621.527666,
        "start_to_observed_completion_ms": 10.697458000000097,
        "submit_to_observed_completion_ms": 4.410791000000245,
        "continuous_iteration_ms": 6.290791988372803,
        "frame_ms": 6.290791988372803,
        "component_sum_ms": 6.282458305358887,
        "tick_ms": 3.569333076477051,
        "dynamic_mesh_ms": 0.8879169821739197,
        "encode_ms": 1.7972919940948486,
        "admission_or_completion_ms": 0.02791600115597248
      },
      {
        "index": 504,
        "started_ms": 2617.121,
        "submitted_ms": 2623.309166,
        "observed_completed_ms": 2627.8319579999998,
        "start_to_observed_completion_ms": 10.710957999999664,
        "submit_to_observed_completion_ms": 4.522791999999754,
        "continuous_iteration_ms": 6.191500186920166,
        "frame_ms": 6.191500186920166,
        "component_sum_ms": 6.184082984924316,
        "tick_ms": 3.490041971206665,
        "dynamic_mesh_ms": 0.8867909908294678,
        "encode_ms": 1.7806659936904907,
        "admission_or_completion_ms": 0.026583999395370483
      },
      {
        "index": 505,
        "started_ms": 2623.3125,
        "submitted_ms": 2629.701083,
        "observed_completed_ms": 2634.180125,
        "start_to_observed_completion_ms": 10.867624999999862,
        "submit_to_observed_completion_ms": 4.479041999999936,
        "continuous_iteration_ms": 6.39300012588501,
        "frame_ms": 6.39300012588501,
        "component_sum_ms": 6.384792804718018,
        "tick_ms": 3.5845839977264404,
        "dynamic_mesh_ms": 0.8996250033378601,
        "encode_ms": 1.8681669235229492,
        "admission_or_completion_ms": 0.03241699934005737
      },
      {
        "index": 506,
        "started_ms": 2629.7055,
        "submitted_ms": 2636.030083,
        "observed_completed_ms": 2640.485583,
        "start_to_observed_completion_ms": 10.780083000000104,
        "submit_to_observed_completion_ms": 4.455500000000029,
        "continuous_iteration_ms": 6.328207969665527,
        "frame_ms": 6.328207969665527,
        "component_sum_ms": 6.320166110992432,
        "tick_ms": 3.534250020980835,
        "dynamic_mesh_ms": 0.9029579758644104,
        "encode_ms": 1.8489580154418945,
        "admission_or_completion_ms": 0.03400000184774399
      },
      {
        "index": 507,
        "started_ms": 2636.0337080000004,
        "submitted_ms": 2642.3196249999996,
        "observed_completed_ms": 2646.8413330000003,
        "start_to_observed_completion_ms": 10.807624999999916,
        "submit_to_observed_completion_ms": 4.521708000000672,
        "continuous_iteration_ms": 6.289499759674072,
        "frame_ms": 6.289499759674072,
        "component_sum_ms": 6.281750202178955,
        "tick_ms": 3.53220796585083,
        "dynamic_mesh_ms": 0.885208010673523,
        "encode_ms": 1.833083987236023,
        "admission_or_completion_ms": 0.03125
      },
      {
        "index": 508,
        "started_ms": 2642.3232080000002,
        "submitted_ms": 2648.616666,
        "observed_completed_ms": 2653.497125,
        "start_to_observed_completion_ms": 11.17391699999962,
        "submit_to_observed_completion_ms": 4.8804589999999735,
        "continuous_iteration_ms": 6.297041893005371,
        "frame_ms": 6.297041893005371,
        "component_sum_ms": 6.289708614349365,
        "tick_ms": 3.614291191101074,
        "dynamic_mesh_ms": 0.8774169683456421,
        "encode_ms": 1.7749159336090088,
        "admission_or_completion_ms": 0.023083999752998352
      },
      {
        "index": 509,
        "started_ms": 2648.62025,
        "submitted_ms": 2655.2622499999998,
        "observed_completed_ms": 2659.8501250000004,
        "start_to_observed_completion_ms": 11.229875000000447,
        "submit_to_observed_completion_ms": 4.587875000000622,
        "continuous_iteration_ms": 6.645040988922119,
        "frame_ms": 6.645040988922119,
        "component_sum_ms": 6.638041019439697,
        "tick_ms": 3.9564170837402344,
        "dynamic_mesh_ms": 0.8901659846305847,
        "encode_ms": 1.7643340826034546,
        "admission_or_completion_ms": 0.02712400071322918
      },
      {
        "index": 510,
        "started_ms": 2655.265291,
        "submitted_ms": 2661.7013749999996,
        "observed_completed_ms": 2666.695375,
        "start_to_observed_completion_ms": 11.430083999999624,
        "submit_to_observed_completion_ms": 4.994000000000142,
        "continuous_iteration_ms": 6.440584182739258,
        "frame_ms": 6.440584182739258,
        "component_sum_ms": 6.431708335876465,
        "tick_ms": 3.639958143234253,
        "dynamic_mesh_ms": 0.903124988079071,
        "encode_ms": 1.8502089977264404,
        "admission_or_completion_ms": 0.038415998220443726
      },
      {
        "index": 511,
        "started_ms": 2661.705875,
        "submitted_ms": 2668.535625,
        "observed_completed_ms": 2673.068958,
        "start_to_observed_completion_ms": 11.363082999999733,
        "submit_to_observed_completion_ms": 4.533332999999857,
        "continuous_iteration_ms": 6.83408260345459,
        "frame_ms": 6.83408260345459,
        "component_sum_ms": 6.825456619262695,
        "tick_ms": 4.058374881744385,
        "dynamic_mesh_ms": 0.8945409655570984,
        "encode_ms": 1.8395419120788574,
        "admission_or_completion_ms": 0.03299900144338608
      },
      {
        "index": 512,
        "started_ms": 2668.5399580000003,
        "submitted_ms": 2674.853,
        "observed_completed_ms": 2679.357541,
        "start_to_observed_completion_ms": 10.817582999999559,
        "submit_to_observed_completion_ms": 4.50454099999979,
        "continuous_iteration_ms": 6.315958023071289,
        "frame_ms": 6.315958023071289,
        "component_sum_ms": 6.309084415435791,
        "tick_ms": 3.606583833694458,
        "dynamic_mesh_ms": 0.8909580111503601,
        "encode_ms": 1.7832920551300049,
        "admission_or_completion_ms": 0.02824999950826168
      },
      {
        "index": 513,
        "started_ms": 2674.855916,
        "submitted_ms": 2681.171666,
        "observed_completed_ms": 2686.713041,
        "start_to_observed_completion_ms": 11.857124999999996,
        "submit_to_observed_completion_ms": 5.541374999999789,
        "continuous_iteration_ms": 6.319667339324951,
        "frame_ms": 6.319667339324951,
        "component_sum_ms": 6.311583995819092,
        "tick_ms": 3.557542085647583,
        "dynamic_mesh_ms": 0.9044170379638672,
        "encode_ms": 1.8127080202102661,
        "admission_or_completion_ms": 0.03691700100898743
      },
      {
        "index": 514,
        "started_ms": 2681.1755829999997,
        "submitted_ms": 2689.968125,
        "observed_completed_ms": 2694.647916,
        "start_to_observed_completion_ms": 13.472333000000162,
        "submit_to_observed_completion_ms": 4.679791000000023,
        "continuous_iteration_ms": 8.796625137329102,
        "frame_ms": 8.796625137329102,
        "component_sum_ms": 8.787999153137207,
        "tick_ms": 4.611958026885986,
        "dynamic_mesh_ms": 0.8853750228881836,
        "encode_ms": 3.254333972930908,
        "admission_or_completion_ms": 0.03633200377225876
      },
      {
        "index": 515,
        "started_ms": 2689.972208,
        "submitted_ms": 2696.420458,
        "observed_completed_ms": 2701.147,
        "start_to_observed_completion_ms": 11.174791999999798,
        "submit_to_observed_completion_ms": 4.726541999999881,
        "continuous_iteration_ms": 6.452208042144775,
        "frame_ms": 6.452208042144775,
        "component_sum_ms": 6.444000244140625,
        "tick_ms": 3.7513749599456787,
        "dynamic_mesh_ms": 0.8889999985694885,
        "encode_ms": 1.7716670036315918,
        "admission_or_completion_ms": 0.031957998871803284
      },
      {
        "index": 516,
        "started_ms": 2696.4244160000003,
        "submitted_ms": 2702.9700829999997,
        "observed_completed_ms": 2707.920041,
        "start_to_observed_completion_ms": 11.495624999999563,
        "submit_to_observed_completion_ms": 4.9499580000001515,
        "continuous_iteration_ms": 6.5493340492248535,
        "frame_ms": 6.5493340492248535,
        "component_sum_ms": 6.541874885559082,
        "tick_ms": 3.7970409393310547,
        "dynamic_mesh_ms": 0.8917919993400574,
        "encode_ms": 1.822166919708252,
        "admission_or_completion_ms": 0.03087499924004078
      },
      {
        "index": 517,
        "started_ms": 2702.97375,
        "submitted_ms": 2709.780458,
        "observed_completed_ms": 2714.464208,
        "start_to_observed_completion_ms": 11.490457999999762,
        "submit_to_observed_completion_ms": 4.683749999999691,
        "continuous_iteration_ms": 6.810666084289551,
        "frame_ms": 6.810666084289551,
        "component_sum_ms": 6.803083896636963,
        "tick_ms": 4.024624824523926,
        "dynamic_mesh_ms": 0.8847500085830688,
        "encode_ms": 1.8597919940948486,
        "admission_or_completion_ms": 0.03391700237989426
      },
      {
        "index": 518,
        "started_ms": 2709.784416,
        "submitted_ms": 2716.227208,
        "observed_completed_ms": 2720.8537499999998,
        "start_to_observed_completion_ms": 11.069333999999799,
        "submit_to_observed_completion_ms": 4.626541999999972,
        "continuous_iteration_ms": 6.445959091186523,
        "frame_ms": 6.445959091186523,
        "component_sum_ms": 6.439126968383789,
        "tick_ms": 3.7580840587615967,
        "dynamic_mesh_ms": 0.890625,
        "encode_ms": 1.7622920274734497,
        "admission_or_completion_ms": 0.028125999495387077
      },
      {
        "index": 519,
        "started_ms": 2716.2303749999996,
        "submitted_ms": 2722.630458,
        "observed_completed_ms": 2727.3398330000005,
        "start_to_observed_completion_ms": 11.109458000000814,
        "submit_to_observed_completion_ms": 4.709375000000364,
        "continuous_iteration_ms": 6.402958393096924,
        "frame_ms": 6.402958393096924,
        "component_sum_ms": 6.3965840339660645,
        "tick_ms": 3.7044169902801514,
        "dynamic_mesh_ms": 0.8846669793128967,
        "encode_ms": 1.7760000228881836,
        "admission_or_completion_ms": 0.03150000050663948
      },
      {
        "index": 520,
        "started_ms": 2722.633333,
        "submitted_ms": 2729.093625,
        "observed_completed_ms": 2733.927875,
        "start_to_observed_completion_ms": 11.294541999999637,
        "submit_to_observed_completion_ms": 4.834249999999884,
        "continuous_iteration_ms": 6.463749885559082,
        "frame_ms": 6.463749885559082,
        "component_sum_ms": 6.456457138061523,
        "tick_ms": 3.7962911128997803,
        "dynamic_mesh_ms": 0.8787079453468323,
        "encode_ms": 1.7529999017715454,
        "admission_or_completion_ms": 0.0284580010920763
      },
      {
        "index": 521,
        "started_ms": 2729.097083,
        "submitted_ms": 2735.750666,
        "observed_completed_ms": 2740.370291,
        "start_to_observed_completion_ms": 11.273208000000068,
        "submit_to_observed_completion_ms": 4.619625000000269,
        "continuous_iteration_ms": 6.6575422286987305,
        "frame_ms": 6.6575422286987305,
        "component_sum_ms": 6.650167465209961,
        "tick_ms": 3.908250093460083,
        "dynamic_mesh_ms": 0.8827500343322754,
        "encode_ms": 1.8220000267028809,
        "admission_or_completion_ms": 0.03716699779033661
      },
      {
        "index": 522,
        "started_ms": 2735.754625,
        "submitted_ms": 2742.131583,
        "observed_completed_ms": 2746.8444999999997,
        "start_to_observed_completion_ms": 11.089874999999665,
        "submit_to_observed_completion_ms": 4.712916999999834,
        "continuous_iteration_ms": 6.38100004196167,
        "frame_ms": 6.38100004196167,
        "component_sum_ms": 6.3735833168029785,
        "tick_ms": 3.7073330879211426,
        "dynamic_mesh_ms": 0.8712499737739563,
        "encode_ms": 1.7605000734329224,
        "admission_or_completion_ms": 0.03449999913573265
      },
      {
        "index": 523,
        "started_ms": 2742.135625,
        "submitted_ms": 2748.641416,
        "observed_completed_ms": 2753.367916,
        "start_to_observed_completion_ms": 11.23229100000026,
        "submit_to_observed_completion_ms": 4.726500000000215,
        "continuous_iteration_ms": 6.509832859039307,
        "frame_ms": 6.509832859039307,
        "component_sum_ms": 6.50216817855835,
        "tick_ms": 3.7810840606689453,
        "dynamic_mesh_ms": 0.8914169669151306,
        "encode_ms": 1.7962909936904907,
        "admission_or_completion_ms": 0.033375997096300125
      },
      {
        "index": 524,
        "started_ms": 2748.645458,
        "submitted_ms": 2755.151916,
        "observed_completed_ms": 2759.807583,
        "start_to_observed_completion_ms": 11.162124999999833,
        "submit_to_observed_completion_ms": 4.655666999999994,
        "continuous_iteration_ms": 6.510583400726318,
        "frame_ms": 6.510583400726318,
        "component_sum_ms": 6.5027923583984375,
        "tick_ms": 3.8037919998168945,
        "dynamic_mesh_ms": 0.886292040348053,
        "encode_ms": 1.7834160327911377,
        "admission_or_completion_ms": 0.029291998594999313
      },
      {
        "index": 525,
        "started_ms": 2755.156041,
        "submitted_ms": 2761.5883329999997,
        "observed_completed_ms": 2766.237083,
        "start_to_observed_completion_ms": 11.081041999999798,
        "submit_to_observed_completion_ms": 4.648750000000291,
        "continuous_iteration_ms": 6.4362921714782715,
        "frame_ms": 6.4362921714782715,
        "component_sum_ms": 6.428791046142578,
        "tick_ms": 3.7415831089019775,
        "dynamic_mesh_ms": 0.8815410137176514,
        "encode_ms": 1.7801250219345093,
        "admission_or_completion_ms": 0.0255419984459877
      },
      {
        "index": 526,
        "started_ms": 2761.592333,
        "submitted_ms": 2768.272375,
        "observed_completed_ms": 2773.4530830000003,
        "start_to_observed_completion_ms": 11.86075000000028,
        "submit_to_observed_completion_ms": 5.1807080000003225,
        "continuous_iteration_ms": 6.685667037963867,
        "frame_ms": 6.685667037963867,
        "component_sum_ms": 6.676249980926514,
        "tick_ms": 3.7257919311523438,
        "dynamic_mesh_ms": 0.882832944393158,
        "encode_ms": 2.0341670513153076,
        "admission_or_completion_ms": 0.03345799818634987
      },
      {
        "index": 527,
        "started_ms": 2768.278,
        "submitted_ms": 2775.2874159999997,
        "observed_completed_ms": 2780.1173329999997,
        "start_to_observed_completion_ms": 11.839332999999897,
        "submit_to_observed_completion_ms": 4.829917000000023,
        "continuous_iteration_ms": 7.0143327713012695,
        "frame_ms": 7.0143327713012695,
        "component_sum_ms": 7.005625247955322,
        "tick_ms": 4.2507500648498535,
        "dynamic_mesh_ms": 0.8913750052452087,
        "encode_ms": 1.8335000276565552,
        "admission_or_completion_ms": 0.030000001192092896
      },
      {
        "index": 528,
        "started_ms": 2775.292333,
        "submitted_ms": 2781.992958,
        "observed_completed_ms": 2786.7632909999998,
        "start_to_observed_completion_ms": 11.470957999999882,
        "submit_to_observed_completion_ms": 4.770332999999937,
        "continuous_iteration_ms": 6.704458236694336,
        "frame_ms": 6.704458236694336,
        "component_sum_ms": 6.69687557220459,
        "tick_ms": 3.891125202178955,
        "dynamic_mesh_ms": 0.8928750157356262,
        "encode_ms": 1.8750419616699219,
        "admission_or_completion_ms": 0.03783300146460533
      },
      {
        "index": 529,
        "started_ms": 2781.996791,
        "submitted_ms": 2788.536833,
        "observed_completed_ms": 2793.2340409999997,
        "start_to_observed_completion_ms": 11.237249999999676,
        "submit_to_observed_completion_ms": 4.697207999999591,
        "continuous_iteration_ms": 6.54358434677124,
        "frame_ms": 6.54358434677124,
        "component_sum_ms": 6.536623001098633,
        "tick_ms": 3.852083206176758,
        "dynamic_mesh_ms": 0.8809159994125366,
        "encode_ms": 1.7728749513626099,
        "admission_or_completion_ms": 0.030748998746275902
      },
      {
        "index": 530,
        "started_ms": 2788.540375,
        "submitted_ms": 2795.03325,
        "observed_completed_ms": 2799.9611250000003,
        "start_to_observed_completion_ms": 11.420750000000226,
        "submit_to_observed_completion_ms": 4.927875000000313,
        "continuous_iteration_ms": 6.497457981109619,
        "frame_ms": 6.497457981109619,
        "component_sum_ms": 6.489291191101074,
        "tick_ms": 3.770750045776367,
        "dynamic_mesh_ms": 0.8868749737739563,
        "encode_ms": 1.7982499599456787,
        "admission_or_completion_ms": 0.03341599926352501
      },
      {
        "index": 531,
        "started_ms": 2795.037833,
        "submitted_ms": 2801.879583,
        "observed_completed_ms": 2807.0437500000003,
        "start_to_observed_completion_ms": 12.005917000000409,
        "submit_to_observed_completion_ms": 5.164167000000361,
        "continuous_iteration_ms": 6.846875190734863,
        "frame_ms": 6.846875190734863,
        "component_sum_ms": 6.8381667137146,
        "tick_ms": 3.9664580821990967,
        "dynamic_mesh_ms": 0.895458996295929,
        "encode_ms": 1.917667031288147,
        "admission_or_completion_ms": 0.05858299881219864
      },
      {
        "index": 532,
        "started_ms": 2801.884708,
        "submitted_ms": 2808.9105,
        "observed_completed_ms": 2813.7874580000002,
        "start_to_observed_completion_ms": 11.902750000000196,
        "submit_to_observed_completion_ms": 4.876958000000286,
        "continuous_iteration_ms": 7.030666828155518,
        "frame_ms": 7.030666828155518,
        "component_sum_ms": 7.02191686630249,
        "tick_ms": 4.119959354400635,
        "dynamic_mesh_ms": 0.9969159960746765,
        "encode_ms": 1.8658339977264404,
        "admission_or_completion_ms": 0.03920799866318703
      },
      {
        "index": 533,
        "started_ms": 2808.9153749999996,
        "submitted_ms": 2815.689875,
        "observed_completed_ms": 2820.597916,
        "start_to_observed_completion_ms": 11.682541000000583,
        "submit_to_observed_completion_ms": 4.908041000000139,
        "continuous_iteration_ms": 6.780375003814697,
        "frame_ms": 6.780375003814697,
        "component_sum_ms": 6.7707905769348145,
        "tick_ms": 3.9526662826538086,
        "dynamic_mesh_ms": 0.8836250305175781,
        "encode_ms": 1.901792049407959,
        "admission_or_completion_ms": 0.03270699828863144
      },
      {
        "index": 534,
        "started_ms": 2815.6957500000003,
        "submitted_ms": 2822.441375,
        "observed_completed_ms": 2827.226083,
        "start_to_observed_completion_ms": 11.5303329999997,
        "submit_to_observed_completion_ms": 4.784708000000137,
        "continuous_iteration_ms": 6.750708103179932,
        "frame_ms": 6.750708103179932,
        "component_sum_ms": 6.7416229248046875,
        "tick_ms": 3.965165853500366,
        "dynamic_mesh_ms": 0.889165997505188,
        "encode_ms": 1.8424999713897705,
        "admission_or_completion_ms": 0.044790998101234436
      },
      {
        "index": 535,
        "started_ms": 2822.446458,
        "submitted_ms": 2828.969208,
        "observed_completed_ms": 2833.685708,
        "start_to_observed_completion_ms": 11.239250000000084,
        "submit_to_observed_completion_ms": 4.716499999999996,
        "continuous_iteration_ms": 6.528041839599609,
        "frame_ms": 6.528041839599609,
        "component_sum_ms": 6.519373416900635,
        "tick_ms": 3.8629159927368164,
        "dynamic_mesh_ms": 0.8823750019073486,
        "encode_ms": 1.7424999475479126,
        "admission_or_completion_ms": 0.03158299997448921
      },
      {
        "index": 536,
        "started_ms": 2828.9745000000003,
        "submitted_ms": 2835.477333,
        "observed_completed_ms": 2840.300375,
        "start_to_observed_completion_ms": 11.325874999999542,
        "submit_to_observed_completion_ms": 4.823041999999987,
        "continuous_iteration_ms": 6.507874965667725,
        "frame_ms": 6.507874965667725,
        "component_sum_ms": 6.499915599822998,
        "tick_ms": 3.7959578037261963,
        "dynamic_mesh_ms": 0.8835829496383667,
        "encode_ms": 1.790708065032959,
        "admission_or_completion_ms": 0.029666999354958534
      },
      {
        "index": 537,
        "started_ms": 2835.4823749999996,
        "submitted_ms": 2842.219958,
        "observed_completed_ms": 2847.009083,
        "start_to_observed_completion_ms": 11.526708000000326,
        "submit_to_observed_completion_ms": 4.789124999999785,
        "continuous_iteration_ms": 6.74162483215332,
        "frame_ms": 6.74162483215332,
        "component_sum_ms": 6.734041690826416,
        "tick_ms": 3.9096250534057617,
        "dynamic_mesh_ms": 0.8789169788360596,
        "encode_ms": 1.9187920093536377,
        "admission_or_completion_ms": 0.026707999408245087
      },
      {
        "index": 538,
        "started_ms": 2842.2239999999997,
        "submitted_ms": 2848.7454159999998,
        "observed_completed_ms": 2853.712,
        "start_to_observed_completion_ms": 11.488000000000284,
        "submit_to_observed_completion_ms": 4.966584000000239,
        "continuous_iteration_ms": 6.524582862854004,
        "frame_ms": 6.524582862854004,
        "component_sum_ms": 6.516458034515381,
        "tick_ms": 3.8762500286102295,
        "dynamic_mesh_ms": 0.8759580254554749,
        "encode_ms": 1.7356659173965454,
        "admission_or_completion_ms": 0.02858400158584118
      },
      {
        "index": 539,
        "started_ms": 2848.748583,
        "submitted_ms": 2855.6384160000002,
        "observed_completed_ms": 2860.559833,
        "start_to_observed_completion_ms": 11.811249999999745,
        "submit_to_observed_completion_ms": 4.921416999999565,
        "continuous_iteration_ms": 6.894999980926514,
        "frame_ms": 6.894999980926514,
        "component_sum_ms": 6.886582851409912,
        "tick_ms": 4.02666711807251,
        "dynamic_mesh_ms": 0.8872079849243164,
        "encode_ms": 1.9255409240722656,
        "admission_or_completion_ms": 0.04716700315475464
      },
      {
        "index": 540,
        "started_ms": 2855.643583,
        "submitted_ms": 2862.390833,
        "observed_completed_ms": 2867.4175,
        "start_to_observed_completion_ms": 11.773916999999983,
        "submit_to_observed_completion_ms": 5.026667000000089,
        "continuous_iteration_ms": 6.756292343139648,
        "frame_ms": 6.756292343139648,
        "component_sum_ms": 6.7441253662109375,
        "tick_ms": 4.016250133514404,
        "dynamic_mesh_ms": 0.8594170212745667,
        "encode_ms": 1.8302500247955322,
        "admission_or_completion_ms": 0.0382080040872097
      },
      {
        "index": 541,
        "started_ms": 2862.399875,
        "submitted_ms": 2869.2508329999996,
        "observed_completed_ms": 2874.1670830000003,
        "start_to_observed_completion_ms": 11.76720800000021,
        "submit_to_observed_completion_ms": 4.916250000000673,
        "continuous_iteration_ms": 6.855249881744385,
        "frame_ms": 6.855249881744385,
        "component_sum_ms": 6.847500801086426,
        "tick_ms": 4.0972089767456055,
        "dynamic_mesh_ms": 0.8769159913063049,
        "encode_ms": 1.8324170112609863,
        "admission_or_completion_ms": 0.04095899686217308
      },
      {
        "index": 542,
        "started_ms": 2869.255125,
        "submitted_ms": 2876.2334579999997,
        "observed_completed_ms": 2881.3670829999996,
        "start_to_observed_completion_ms": 12.111957999999504,
        "submit_to_observed_completion_ms": 5.133624999999938,
        "continuous_iteration_ms": 6.9839582443237305,
        "frame_ms": 6.9839582443237305,
        "component_sum_ms": 6.9749579429626465,
        "tick_ms": 3.9852089881896973,
        "dynamic_mesh_ms": 0.8857080340385437,
        "encode_ms": 2.0657501220703125,
        "admission_or_completion_ms": 0.038290999829769135
      },
      {
        "index": 543,
        "started_ms": 2876.239083,
        "submitted_ms": 2883.237708,
        "observed_completed_ms": 2888.2288750000002,
        "start_to_observed_completion_ms": 11.989792000000307,
        "submit_to_observed_completion_ms": 4.991167000000132,
        "continuous_iteration_ms": 7.003167152404785,
        "frame_ms": 7.003167152404785,
        "component_sum_ms": 6.995168209075928,
        "tick_ms": 4.187334060668945,
        "dynamic_mesh_ms": 0.8945420384407043,
        "encode_ms": 1.8696249723434448,
        "admission_or_completion_ms": 0.04366699978709221
      },
      {
        "index": 544,
        "started_ms": 2883.24225,
        "submitted_ms": 2890.01175,
        "observed_completed_ms": 2899.072125,
        "start_to_observed_completion_ms": 15.829875000000357,
        "submit_to_observed_completion_ms": 9.060375000000022,
        "continuous_iteration_ms": 6.7733330726623535,
        "frame_ms": 6.7733330726623535,
        "component_sum_ms": 6.765750408172607,
        "tick_ms": 4.064625263214111,
        "dynamic_mesh_ms": 0.8837080001831055,
        "encode_ms": 1.7820839881896973,
        "admission_or_completion_ms": 0.03533300384879112
      },
      {
        "index": 545,
        "started_ms": 2890.0155830000003,
        "submitted_ms": 2901.670208,
        "observed_completed_ms": 2907.847583,
        "start_to_observed_completion_ms": 17.83199999999988,
        "submit_to_observed_completion_ms": 6.177375000000211,
        "continuous_iteration_ms": 11.662707328796387,
        "frame_ms": 11.662707328796387,
        "component_sum_ms": 11.64725112915039,
        "tick_ms": 4.620166778564453,
        "dynamic_mesh_ms": 4.3521246910095215,
        "encode_ms": 2.596917152404785,
        "admission_or_completion_ms": 0.07804200053215027
      },
      {
        "index": 546,
        "started_ms": 2901.678291,
        "submitted_ms": 2910.659916,
        "observed_completed_ms": 2918.123208,
        "start_to_observed_completion_ms": 16.444916999999805,
        "submit_to_observed_completion_ms": 7.46329199999991,
        "continuous_iteration_ms": 8.989624977111816,
        "frame_ms": 8.989624977111816,
        "component_sum_ms": 8.975542068481445,
        "tick_ms": 4.948750019073486,
        "dynamic_mesh_ms": 1.1227079629898071,
        "encode_ms": 2.8111250400543213,
        "admission_or_completion_ms": 0.09295900166034698
      },
      {
        "index": 547,
        "started_ms": 2910.667916,
        "submitted_ms": 2920.309166,
        "observed_completed_ms": 2925.754708,
        "start_to_observed_completion_ms": 15.08679200000006,
        "submit_to_observed_completion_ms": 5.445541999999932,
        "continuous_iteration_ms": 9.649125099182129,
        "frame_ms": 9.649125099182129,
        "component_sum_ms": 9.635956764221191,
        "tick_ms": 6.280375003814697,
        "dynamic_mesh_ms": 1.1131659746170044,
        "encode_ms": 2.184957981109619,
        "admission_or_completion_ms": 0.057457998394966125
      },
      {
        "index": 548,
        "started_ms": 2920.3170410000002,
        "submitted_ms": 2927.6394999999998,
        "observed_completed_ms": 2932.903541,
        "start_to_observed_completion_ms": 12.586499999999887,
        "submit_to_observed_completion_ms": 5.264041000000361,
        "continuous_iteration_ms": 7.328333854675293,
        "frame_ms": 7.328333854675293,
        "component_sum_ms": 7.318041801452637,
        "tick_ms": 4.452250003814697,
        "dynamic_mesh_ms": 0.9124160408973694,
        "encode_ms": 1.8838340044021606,
        "admission_or_completion_ms": 0.06954199820756912
      },
      {
        "index": 549,
        "started_ms": 2927.645375,
        "submitted_ms": 2934.682583,
        "observed_completed_ms": 2939.753916,
        "start_to_observed_completion_ms": 12.10854100000006,
        "submit_to_observed_completion_ms": 5.0713330000003225,
        "continuous_iteration_ms": 7.042541027069092,
        "frame_ms": 7.042541027069092,
        "component_sum_ms": 7.032958984375,
        "tick_ms": 4.282583713531494,
        "dynamic_mesh_ms": 0.9302499890327454,
        "encode_ms": 1.7784169912338257,
        "admission_or_completion_ms": 0.041708000004291534
      },
      {
        "index": 550,
        "started_ms": 2934.6879160000003,
        "submitted_ms": 2941.683541,
        "observed_completed_ms": 2946.842583,
        "start_to_observed_completion_ms": 12.15466699999979,
        "submit_to_observed_completion_ms": 5.159042000000227,
        "continuous_iteration_ms": 7.001667022705078,
        "frame_ms": 7.001667022705078,
        "component_sum_ms": 6.992457389831543,
        "tick_ms": 4.150875091552734,
        "dynamic_mesh_ms": 0.8801659941673279,
        "encode_ms": 1.9284579753875732,
        "admission_or_completion_ms": 0.032958000898361206
      },
      {
        "index": 551,
        "started_ms": 2941.689583,
        "submitted_ms": 2948.759166,
        "observed_completed_ms": 2953.9051249999998,
        "start_to_observed_completion_ms": 12.215541999999914,
        "submit_to_observed_completion_ms": 5.145958999999948,
        "continuous_iteration_ms": 7.074542045593262,
        "frame_ms": 7.074542045593262,
        "component_sum_ms": 7.065792083740234,
        "tick_ms": 4.21999979019165,
        "dynamic_mesh_ms": 0.886916995048523,
        "encode_ms": 1.9155410528182983,
        "admission_or_completion_ms": 0.043334003537893295
      },
      {
        "index": 552,
        "started_ms": 2948.7641249999997,
        "submitted_ms": 2955.879458,
        "observed_completed_ms": 2961.3808750000003,
        "start_to_observed_completion_ms": 12.616750000000593,
        "submit_to_observed_completion_ms": 5.5014170000004015,
        "continuous_iteration_ms": 7.121208190917969,
        "frame_ms": 7.121208190917969,
        "component_sum_ms": 7.11170768737793,
        "tick_ms": 4.2055840492248535,
        "dynamic_mesh_ms": 0.8926659822463989,
        "encode_ms": 1.9735000133514404,
        "admission_or_completion_ms": 0.03995800018310547
      },
      {
        "index": 553,
        "started_ms": 2955.8853329999997,
        "submitted_ms": 2963.324541,
        "observed_completed_ms": 2969.616166,
        "start_to_observed_completion_ms": 13.730833000000075,
        "submit_to_observed_completion_ms": 6.29162499999984,
        "continuous_iteration_ms": 7.445624828338623,
        "frame_ms": 7.445624828338623,
        "component_sum_ms": 7.436042308807373,
        "tick_ms": 4.540957927703857,
        "dynamic_mesh_ms": 0.8972920179367065,
        "encode_ms": 1.9427080154418945,
        "admission_or_completion_ms": 0.055084001272916794
      },
      {
        "index": 554,
        "started_ms": 2963.3309580000005,
        "submitted_ms": 2970.788083,
        "observed_completed_ms": 2976.2022500000003,
        "start_to_observed_completion_ms": 12.871291999999812,
        "submit_to_observed_completion_ms": 5.414167000000361,
        "continuous_iteration_ms": 7.464666843414307,
        "frame_ms": 7.464666843414307,
        "component_sum_ms": 7.453373432159424,
        "tick_ms": 4.461957931518555,
        "dynamic_mesh_ms": 0.9759159684181213,
        "encode_ms": 2.010999917984009,
        "admission_or_completion_ms": 0.0044999998062849045
      },
      {
        "index": 555,
        "started_ms": 2970.795625,
        "submitted_ms": 2978.233875,
        "observed_completed_ms": 2984.039625,
        "start_to_observed_completion_ms": 13.243999999999687,
        "submit_to_observed_completion_ms": 5.805749999999989,
        "continuous_iteration_ms": 7.444250106811523,
        "frame_ms": 7.444250106811523,
        "component_sum_ms": 7.4343342781066895,
        "tick_ms": 4.4538750648498535,
        "dynamic_mesh_ms": 0.8958749771118164,
        "encode_ms": 2.030834197998047,
        "admission_or_completion_ms": 0.05375000089406967
      },
      {
        "index": 556,
        "started_ms": 2978.2398749999998,
        "submitted_ms": 2985.996,
        "observed_completed_ms": 2991.639375,
        "start_to_observed_completion_ms": 13.399500000000444,
        "submit_to_observed_completion_ms": 5.6433750000001055,
        "continuous_iteration_ms": 7.76200008392334,
        "frame_ms": 7.76200008392334,
        "component_sum_ms": 7.751542568206787,
        "tick_ms": 4.81879186630249,
        "dynamic_mesh_ms": 0.9291670322418213,
        "encode_ms": 1.955375075340271,
        "admission_or_completion_ms": 0.048208002001047134
      },
      {
        "index": 557,
        "started_ms": 2986.001875,
        "submitted_ms": 2993.527416,
        "observed_completed_ms": 2998.98425,
        "start_to_observed_completion_ms": 12.982375000000047,
        "submit_to_observed_completion_ms": 5.456834000000072,
        "continuous_iteration_ms": 7.531374931335449,
        "frame_ms": 7.531374931335449,
        "component_sum_ms": 7.522000789642334,
        "tick_ms": 4.6919169425964355,
        "dynamic_mesh_ms": 0.8989169597625732,
        "encode_ms": 1.8871660232543945,
        "admission_or_completion_ms": 0.04400099813938141
      },
      {
        "index": 558,
        "started_ms": 2993.53325,
        "submitted_ms": 3001.245333,
        "observed_completed_ms": 3006.692416,
        "start_to_observed_completion_ms": 13.159165999999914,
        "submit_to_observed_completion_ms": 5.4470830000000205,
        "continuous_iteration_ms": 7.719458103179932,
        "frame_ms": 7.719458103179932,
        "component_sum_ms": 7.707667827606201,
        "tick_ms": 4.444167137145996,
        "dynamic_mesh_ms": 0.9466249942779541,
        "encode_ms": 2.259666919708252,
        "admission_or_completion_ms": 0.05720900371670723
      },
      {
        "index": 559,
        "started_ms": 3001.252708,
        "submitted_ms": 3008.578,
        "observed_completed_ms": 3014.0217909999997,
        "start_to_observed_completion_ms": 12.769082999999682,
        "submit_to_observed_completion_ms": 5.443790999999692,
        "continuous_iteration_ms": 7.331666946411133,
        "frame_ms": 7.331666946411133,
        "component_sum_ms": 7.321708679199219,
        "tick_ms": 4.499666690826416,
        "dynamic_mesh_ms": 0.892333984375,
        "encode_ms": 1.8844170570373535,
        "admission_or_completion_ms": 0.0452909991145134
      },
      {
        "index": 560,
        "started_ms": 3008.584375,
        "submitted_ms": 3016.021083,
        "observed_completed_ms": 3021.634875,
        "start_to_observed_completion_ms": 13.050500000000284,
        "submit_to_observed_completion_ms": 5.613792000000103,
        "continuous_iteration_ms": 7.445250034332275,
        "frame_ms": 7.445250034332275,
        "component_sum_ms": 7.4310832023620605,
        "tick_ms": 4.509375095367432,
        "dynamic_mesh_ms": 0.8812080025672913,
        "encode_ms": 1.9983749389648438,
        "admission_or_completion_ms": 0.042124997824430466
      },
      {
        "index": 561,
        "started_ms": 3016.0296249999997,
        "submitted_ms": 3023.535291,
        "observed_completed_ms": 3029.161541,
        "start_to_observed_completion_ms": 13.131916000000274,
        "submit_to_observed_completion_ms": 5.6262499999998,
        "continuous_iteration_ms": 7.511833190917969,
        "frame_ms": 7.511833190917969,
        "component_sum_ms": 7.501541614532471,
        "tick_ms": 4.685333728790283,
        "dynamic_mesh_ms": 0.8692499995231628,
        "encode_ms": 1.8994159698486328,
        "admission_or_completion_ms": 0.04754200205206871
      },
      {
        "index": 562,
        "started_ms": 3023.541458,
        "submitted_ms": 3031.125458,
        "observed_completed_ms": 3037.2891250000002,
        "start_to_observed_completion_ms": 13.747667000000092,
        "submit_to_observed_completion_ms": 6.16366700000026,
        "continuous_iteration_ms": 7.595417022705078,
        "frame_ms": 7.595417022705078,
        "component_sum_ms": 7.58050012588501,
        "tick_ms": 4.676042079925537,
        "dynamic_mesh_ms": 0.8929160237312317,
        "encode_ms": 1.9628750085830688,
        "admission_or_completion_ms": 0.048667002469301224
      },
      {
        "index": 563,
        "started_ms": 3031.136875,
        "submitted_ms": 3038.3675829999997,
        "observed_completed_ms": 3043.9804160000003,
        "start_to_observed_completion_ms": 12.843541000000187,
        "submit_to_observed_completion_ms": 5.612833000000592,
        "continuous_iteration_ms": 7.236415863037109,
        "frame_ms": 7.236415863037109,
        "component_sum_ms": 7.22762393951416,
        "tick_ms": 4.511291027069092,
        "dynamic_mesh_ms": 0.8824159502983093,
        "encode_ms": 1.8307080268859863,
        "admission_or_completion_ms": 0.003208999987691641
      },
      {
        "index": 564,
        "started_ms": 3038.373291,
        "submitted_ms": 3045.748041,
        "observed_completed_ms": 3051.086416,
        "start_to_observed_completion_ms": 12.713125000000218,
        "submit_to_observed_completion_ms": 5.338375000000269,
        "continuous_iteration_ms": 7.379624843597412,
        "frame_ms": 7.379624843597412,
        "component_sum_ms": 7.371167182922363,
        "tick_ms": 4.687292098999023,
        "dynamic_mesh_ms": 0.8809170126914978,
        "encode_ms": 1.766916036605835,
        "admission_or_completion_ms": 0.036041997373104095
      },
      {
        "index": 565,
        "started_ms": 3045.752916,
        "submitted_ms": 3052.808833,
        "observed_completed_ms": 3058.09825,
        "start_to_observed_completion_ms": 12.345334000000094,
        "submit_to_observed_completion_ms": 5.289416999999958,
        "continuous_iteration_ms": 7.060458660125732,
        "frame_ms": 7.060458660125732,
        "component_sum_ms": 7.053499221801758,
        "tick_ms": 4.442332744598389,
        "dynamic_mesh_ms": 0.8641669750213623,
        "encode_ms": 1.7216249704360962,
        "admission_or_completion_ms": 0.02537500113248825
      },
      {
        "index": 566,
        "started_ms": 3052.8133749999997,
        "submitted_ms": 3059.886375,
        "observed_completed_ms": 3065.312958,
        "start_to_observed_completion_ms": 12.499583000000257,
        "submit_to_observed_completion_ms": 5.426582999999937,
        "continuous_iteration_ms": 7.078332901000977,
        "frame_ms": 7.078332901000977,
        "component_sum_ms": 7.069875240325928,
        "tick_ms": 4.383790969848633,
        "dynamic_mesh_ms": 0.871291995048523,
        "encode_ms": 1.7873749732971191,
        "admission_or_completion_ms": 0.027417000383138657
      },
      {
        "index": 567,
        "started_ms": 3059.8917079999997,
        "submitted_ms": 3067.199041,
        "observed_completed_ms": 3072.5999580000002,
        "start_to_observed_completion_ms": 12.70825000000059,
        "submit_to_observed_completion_ms": 5.4009170000003905,
        "continuous_iteration_ms": 7.313582897186279,
        "frame_ms": 7.313582897186279,
        "component_sum_ms": 7.303999423980713,
        "tick_ms": 4.4527082443237305,
        "dynamic_mesh_ms": 0.9272500276565552,
        "encode_ms": 1.885166049003601,
        "admission_or_completion_ms": 0.038874998688697815
      },
      {
        "index": 568,
        "started_ms": 3067.205291,
        "submitted_ms": 3074.473,
        "observed_completed_ms": 3079.886375,
        "start_to_observed_completion_ms": 12.681083999999828,
        "submit_to_observed_completion_ms": 5.413375000000087,
        "continuous_iteration_ms": 7.272459030151367,
        "frame_ms": 7.272459030151367,
        "component_sum_ms": 7.26466703414917,
        "tick_ms": 4.480082988739014,
        "dynamic_mesh_ms": 0.8756670355796814,
        "encode_ms": 1.872209072113037,
        "admission_or_completion_ms": 0.03670800104737282
      },
      {
        "index": 569,
        "started_ms": 3074.47775,
        "submitted_ms": 3081.63075,
        "observed_completed_ms": 3087.1355829999998,
        "start_to_observed_completion_ms": 12.657832999999755,
        "submit_to_observed_completion_ms": 5.504832999999962,
        "continuous_iteration_ms": 7.157540798187256,
        "frame_ms": 7.157540798187256,
        "component_sum_ms": 7.149959564208984,
        "tick_ms": 4.514959335327148,
        "dynamic_mesh_ms": 0.8602499961853027,
        "encode_ms": 1.7435420751571655,
        "admission_or_completion_ms": 0.03120800293982029
      },
      {
        "index": 570,
        "started_ms": 3081.635291,
        "submitted_ms": 3088.977958,
        "observed_completed_ms": 3095.28425,
        "start_to_observed_completion_ms": 13.648959000000104,
        "submit_to_observed_completion_ms": 6.306292000000212,
        "continuous_iteration_ms": 7.348958969116211,
        "frame_ms": 7.348958969116211,
        "component_sum_ms": 7.339873790740967,
        "tick_ms": 4.569707870483398,
        "dynamic_mesh_ms": 0.8811660408973694,
        "encode_ms": 1.841583013534546,
        "admission_or_completion_ms": 0.04741699993610382
      },
      {
        "index": 571,
        "started_ms": 3088.9842500000004,
        "submitted_ms": 3096.3751660000003,
        "observed_completed_ms": 3102.583666,
        "start_to_observed_completion_ms": 13.599415999999565,
        "submit_to_observed_completion_ms": 6.208499999999731,
        "continuous_iteration_ms": 7.396583080291748,
        "frame_ms": 7.396583080291748,
        "component_sum_ms": 7.387874126434326,
        "tick_ms": 4.6180830001831055,
        "dynamic_mesh_ms": 0.8935829997062683,
        "encode_ms": 1.872083067893982,
        "admission_or_completion_ms": 0.004124999977648258
      },
      {
        "index": 572,
        "started_ms": 3096.380833,
        "submitted_ms": 3103.6405,
        "observed_completed_ms": 3109.188166,
        "start_to_observed_completion_ms": 12.807332999999744,
        "submit_to_observed_completion_ms": 5.547665999999936,
        "continuous_iteration_ms": 7.26437520980835,
        "frame_ms": 7.26437520980835,
        "component_sum_ms": 7.256833076477051,
        "tick_ms": 4.640500068664551,
        "dynamic_mesh_ms": 0.857666015625,
        "encode_ms": 1.7556670904159546,
        "admission_or_completion_ms": 0.003000000026077032
      },
      {
        "index": 573,
        "started_ms": 3103.645208,
        "submitted_ms": 3111.1565410000003,
        "observed_completed_ms": 3116.995125,
        "start_to_observed_completion_ms": 13.349917000000005,
        "submit_to_observed_completion_ms": 5.838583999999628,
        "continuous_iteration_ms": 7.519042015075684,
        "frame_ms": 7.519042015075684,
        "component_sum_ms": 7.493415355682373,
        "tick_ms": 4.552457809448242,
        "dynamic_mesh_ms": 0.9306250214576721,
        "encode_ms": 1.9674580097198486,
        "admission_or_completion_ms": 0.04287499934434891
      },
      {
        "index": 574,
        "started_ms": 3111.16425,
        "submitted_ms": 3118.86175,
        "observed_completed_ms": 3124.574291,
        "start_to_observed_completion_ms": 13.410041000000092,
        "submit_to_observed_completion_ms": 5.712540999999874,
        "continuous_iteration_ms": 7.703832626342773,
        "frame_ms": 7.703832626342773,
        "component_sum_ms": 7.693416595458984,
        "tick_ms": 4.841625213623047,
        "dynamic_mesh_ms": 0.9425830245018005,
        "encode_ms": 1.865875005722046,
        "admission_or_completion_ms": 0.04333300143480301
      },
      {
        "index": 575,
        "started_ms": 3118.8680830000003,
        "submitted_ms": 3126.6339580000003,
        "observed_completed_ms": 3132.4795,
        "start_to_observed_completion_ms": 13.61141699999962,
        "submit_to_observed_completion_ms": 5.845541999999568,
        "continuous_iteration_ms": 7.773791790008545,
        "frame_ms": 7.773791790008545,
        "component_sum_ms": 7.763541221618652,
        "tick_ms": 4.771749973297119,
        "dynamic_mesh_ms": 0.8824159502983093,
        "encode_ms": 2.058666944503784,
        "admission_or_completion_ms": 0.05070900171995163
      },
      {
        "index": 576,
        "started_ms": 3126.641875,
        "submitted_ms": 3134.4021249999996,
        "observed_completed_ms": 3140.4296249999998,
        "start_to_observed_completion_ms": 13.78774999999996,
        "submit_to_observed_completion_ms": 6.0275000000001455,
        "continuous_iteration_ms": 7.767125129699707,
        "frame_ms": 7.767125129699707,
        "component_sum_ms": 7.757418155670166,
        "tick_ms": 4.904749870300293,
        "dynamic_mesh_ms": 0.8817500472068787,
        "encode_ms": 1.9217090606689453,
        "admission_or_completion_ms": 0.049208998680114746
      },
      {
        "index": 577,
        "started_ms": 3134.4089999999997,
        "submitted_ms": 3142.3402079999996,
        "observed_completed_ms": 3147.866125,
        "start_to_observed_completion_ms": 13.45712500000036,
        "submit_to_observed_completion_ms": 5.5259170000003905,
        "continuous_iteration_ms": 7.9370832443237305,
        "frame_ms": 7.9370832443237305,
        "component_sum_ms": 7.928083896636963,
        "tick_ms": 5.089416980743408,
        "dynamic_mesh_ms": 0.8874579668045044,
        "encode_ms": 1.9094170331954956,
        "admission_or_completion_ms": 0.04179200157523155
      },
      {
        "index": 578,
        "started_ms": 3142.346083,
        "submitted_ms": 3149.6677910000003,
        "observed_completed_ms": 3155.332375,
        "start_to_observed_completion_ms": 12.986292000000049,
        "submit_to_observed_completion_ms": 5.66458399999965,
        "continuous_iteration_ms": 7.326624870300293,
        "frame_ms": 7.326624870300293,
        "component_sum_ms": 7.319542407989502,
        "tick_ms": 4.6324591636657715,
        "dynamic_mesh_ms": 0.8614580035209656,
        "encode_ms": 1.8007910251617432,
        "admission_or_completion_ms": 0.024833999574184418
      },
      {
        "index": 579,
        "started_ms": 3149.6727079999996,
        "submitted_ms": 3157.100958,
        "observed_completed_ms": 3162.9165829999997,
        "start_to_observed_completion_ms": 13.243875000000116,
        "submit_to_observed_completion_ms": 5.815624999999727,
        "continuous_iteration_ms": 7.432541847229004,
        "frame_ms": 7.432541847229004,
        "component_sum_ms": 7.425833702087402,
        "tick_ms": 4.7513747215271,
        "dynamic_mesh_ms": 0.8695839643478394,
        "encode_ms": 1.7675420045852661,
        "admission_or_completion_ms": 0.03733300045132637
      },
      {
        "index": 580,
        "started_ms": 3157.10525,
        "submitted_ms": 3164.963958,
        "observed_completed_ms": 3170.887291,
        "start_to_observed_completion_ms": 13.782040999999936,
        "submit_to_observed_completion_ms": 5.923333000000184,
        "continuous_iteration_ms": 7.868290901184082,
        "frame_ms": 7.868290901184082,
        "component_sum_ms": 7.8560004234313965,
        "tick_ms": 4.798917293548584,
        "dynamic_mesh_ms": 0.9629579782485962,
        "encode_ms": 2.046416997909546,
        "admission_or_completion_ms": 0.047707997262477875
      },
      {
        "index": 581,
        "started_ms": 3164.9735410000003,
        "submitted_ms": 3172.835,
        "observed_completed_ms": 3178.69525,
        "start_to_observed_completion_ms": 13.721708999999919,
        "submit_to_observed_completion_ms": 5.860250000000178,
        "continuous_iteration_ms": 7.867708683013916,
        "frame_ms": 7.867708683013916,
        "component_sum_ms": 7.858292102813721,
        "tick_ms": 4.967957973480225,
        "dynamic_mesh_ms": 0.8874170184135437,
        "encode_ms": 1.9467920064926147,
        "admission_or_completion_ms": 0.05612500011920929
      },
      {
        "index": 582,
        "started_ms": 3172.84125,
        "submitted_ms": 3180.548916,
        "observed_completed_ms": 3186.1632910000003,
        "start_to_observed_completion_ms": 13.322041000000354,
        "submit_to_observed_completion_ms": 5.614375000000109,
        "continuous_iteration_ms": 7.714041233062744,
        "frame_ms": 7.714041233062744,
        "component_sum_ms": 7.703708648681641,
        "tick_ms": 4.865041732788086,
        "dynamic_mesh_ms": 0.9357919692993164,
        "encode_ms": 1.8529579639434814,
        "admission_or_completion_ms": 0.04991700127720833
      },
      {
        "index": 583,
        "started_ms": 3180.555291,
        "submitted_ms": 3187.9067499999996,
        "observed_completed_ms": 3193.551125,
        "start_to_observed_completion_ms": 12.995833999999832,
        "submit_to_observed_completion_ms": 5.644375000000309,
        "continuous_iteration_ms": 7.355208873748779,
        "frame_ms": 7.355208873748779,
        "component_sum_ms": 7.348540782928467,
        "tick_ms": 4.676499843597412,
        "dynamic_mesh_ms": 0.8944160342216492,
        "encode_ms": 1.742792010307312,
        "admission_or_completion_ms": 0.03483299911022186
      },
      {
        "index": 584,
        "started_ms": 3187.9105,
        "submitted_ms": 3195.287333,
        "observed_completed_ms": 3201.103916,
        "start_to_observed_completion_ms": 13.19341600000007,
        "submit_to_observed_completion_ms": 5.8165829999998095,
        "continuous_iteration_ms": 7.381707668304443,
        "frame_ms": 7.381707668304443,
        "component_sum_ms": 7.373873710632324,
        "tick_ms": 4.740832805633545,
        "dynamic_mesh_ms": 0.8612080216407776,
        "encode_ms": 1.73533296585083,
        "admission_or_completion_ms": 0.0364999994635582
      },
      {
        "index": 585,
        "started_ms": 3195.2922080000003,
        "submitted_ms": 3202.860583,
        "observed_completed_ms": 3208.460166,
        "start_to_observed_completion_ms": 13.167957999999544,
        "submit_to_observed_completion_ms": 5.599582999999711,
        "continuous_iteration_ms": 7.573625087738037,
        "frame_ms": 7.573625087738037,
        "component_sum_ms": 7.56562614440918,
        "tick_ms": 4.894000053405762,
        "dynamic_mesh_ms": 0.8797919750213623,
        "encode_ms": 1.7558749914169312,
        "admission_or_completion_ms": 0.03595900163054466
      },
      {
        "index": 586,
        "started_ms": 3202.8658330000003,
        "submitted_ms": 3210.255083,
        "observed_completed_ms": 3215.927458,
        "start_to_observed_completion_ms": 13.061624999999822,
        "submit_to_observed_completion_ms": 5.672375000000102,
        "continuous_iteration_ms": 7.395792007446289,
        "frame_ms": 7.395792007446289,
        "component_sum_ms": 7.386625289916992,
        "tick_ms": 4.684375286102295,
        "dynamic_mesh_ms": 0.8770419955253601,
        "encode_ms": 1.793874979019165,
        "admission_or_completion_ms": 0.03133300319314003
      },
      {
        "index": 587,
        "started_ms": 3210.261625,
        "submitted_ms": 3217.8085410000003,
        "observed_completed_ms": 3223.362125,
        "start_to_observed_completion_ms": 13.100500000000011,
        "submit_to_observed_completion_ms": 5.553583999999773,
        "continuous_iteration_ms": 7.5530829429626465,
        "frame_ms": 7.5530829429626465,
        "component_sum_ms": 7.543498992919922,
        "tick_ms": 4.684124946594238,
        "dynamic_mesh_ms": 0.9418330192565918,
        "encode_ms": 1.8805409669876099,
        "admission_or_completion_ms": 0.03699999675154686
      },
      {
        "index": 588,
        "started_ms": 3217.8147080000003,
        "submitted_ms": 3225.179875,
        "observed_completed_ms": 3230.746666,
        "start_to_observed_completion_ms": 12.931957999999668,
        "submit_to_observed_completion_ms": 5.566791000000194,
        "continuous_iteration_ms": 7.369167327880859,
        "frame_ms": 7.369167327880859,
        "component_sum_ms": 7.361084938049316,
        "tick_ms": 4.647749900817871,
        "dynamic_mesh_ms": 0.871291995048523,
        "encode_ms": 1.8168339729309082,
        "admission_or_completion_ms": 0.02520900033414364
      },
      {
        "index": 589,
        "started_ms": 3225.1838749999997,
        "submitted_ms": 3232.699583,
        "observed_completed_ms": 3238.2891250000002,
        "start_to_observed_completion_ms": 13.105250000000524,
        "submit_to_observed_completion_ms": 5.589542000000165,
        "continuous_iteration_ms": 7.5225830078125,
        "frame_ms": 7.5225830078125,
        "component_sum_ms": 7.51362419128418,
        "tick_ms": 4.641707897186279,
        "dynamic_mesh_ms": 0.8835829496383667,
        "encode_ms": 1.9519999027252197,
        "admission_or_completion_ms": 0.036333002150058746
      },
      {
        "index": 590,
        "started_ms": 3232.706458,
        "submitted_ms": 3239.998458,
        "observed_completed_ms": 3245.479583,
        "start_to_observed_completion_ms": 12.773124999999709,
        "submit_to_observed_completion_ms": 5.481124999999793,
        "continuous_iteration_ms": 7.296082973480225,
        "frame_ms": 7.296082973480225,
        "component_sum_ms": 7.289708137512207,
        "tick_ms": 4.692666053771973,
        "dynamic_mesh_ms": 0.8608750104904175,
        "encode_ms": 1.7084579467773438,
        "admission_or_completion_ms": 0.027708999812602997
      },
      {
        "index": 591,
        "started_ms": 3240.002541,
        "submitted_ms": 3247.1676660000003,
        "observed_completed_ms": 3252.90125,
        "start_to_observed_completion_ms": 12.898709000000053,
        "submit_to_observed_completion_ms": 5.73358399999961,
        "continuous_iteration_ms": 7.168708801269531,
        "frame_ms": 7.168708801269531,
        "component_sum_ms": 7.162834167480469,
        "tick_ms": 4.577584266662598,
        "dynamic_mesh_ms": 0.8743340373039246,
        "encode_ms": 1.6875,
        "admission_or_completion_ms": 0.023416001349687576
      },
      {
        "index": 592,
        "started_ms": 3247.17125,
        "submitted_ms": 3254.7133750000003,
        "observed_completed_ms": 3260.3505410000002,
        "start_to_observed_completion_ms": 13.179291000000376,
        "submit_to_observed_completion_ms": 5.637165999999979,
        "continuous_iteration_ms": 7.545791149139404,
        "frame_ms": 7.545791149139404,
        "component_sum_ms": 7.539458274841309,
        "tick_ms": 4.815500259399414,
        "dynamic_mesh_ms": 0.8792499899864197,
        "encode_ms": 1.811458945274353,
        "admission_or_completion_ms": 0.03324899822473526
      },
      {
        "index": 593,
        "started_ms": 3254.7170410000003,
        "submitted_ms": 3262.026583,
        "observed_completed_ms": 3267.798708,
        "start_to_observed_completion_ms": 13.08166699999947,
        "submit_to_observed_completion_ms": 5.77212499999996,
        "continuous_iteration_ms": 7.312666893005371,
        "frame_ms": 7.312666893005371,
        "component_sum_ms": 7.307085037231445,
        "tick_ms": 4.738667011260986,
        "dynamic_mesh_ms": 0.8655000329017639,
        "encode_ms": 1.6754169464111328,
        "admission_or_completion_ms": 0.027500998228788376
      },
      {
        "index": 594,
        "started_ms": 3262.029708,
        "submitted_ms": 3269.574208,
        "observed_completed_ms": 3275.272458,
        "start_to_observed_completion_ms": 13.242749999999887,
        "submit_to_observed_completion_ms": 5.698249999999916,
        "continuous_iteration_ms": 7.549916744232178,
        "frame_ms": 7.549916744232178,
        "component_sum_ms": 7.542041301727295,
        "tick_ms": 4.844583034515381,
        "dynamic_mesh_ms": 0.8837910294532776,
        "encode_ms": 1.7746250629425049,
        "admission_or_completion_ms": 0.039041999727487564
      },
      {
        "index": 595,
        "started_ms": 3269.579625,
        "submitted_ms": 3276.951458,
        "observed_completed_ms": 3282.514458,
        "start_to_observed_completion_ms": 12.934833000000253,
        "submit_to_observed_completion_ms": 5.563000000000102,
        "continuous_iteration_ms": 7.376040935516357,
        "frame_ms": 7.376040935516357,
        "component_sum_ms": 7.369334697723389,
        "tick_ms": 4.7862091064453125,
        "dynamic_mesh_ms": 0.879459023475647,
        "encode_ms": 1.6781669855117798,
        "admission_or_completion_ms": 0.025499999523162842
      },
      {
        "index": 596,
        "started_ms": 3276.9556660000003,
        "submitted_ms": 3284.23,
        "observed_completed_ms": 3289.768541,
        "start_to_observed_completion_ms": 12.812874999999622,
        "submit_to_observed_completion_ms": 5.538540999999896,
        "continuous_iteration_ms": 7.279375076293945,
        "frame_ms": 7.279375076293945,
        "component_sum_ms": 7.272293567657471,
        "tick_ms": 4.661833763122559,
        "dynamic_mesh_ms": 0.8714169859886169,
        "encode_ms": 1.7145839929580688,
        "admission_or_completion_ms": 0.024459000676870346
      },
      {
        "index": 597,
        "started_ms": 3284.235041,
        "submitted_ms": 3291.587791,
        "observed_completed_ms": 3297.1155,
        "start_to_observed_completion_ms": 12.880458999999973,
        "submit_to_observed_completion_ms": 5.527708999999959,
        "continuous_iteration_ms": 7.3571672439575195,
        "frame_ms": 7.3571672439575195,
        "component_sum_ms": 7.350125312805176,
        "tick_ms": 4.629833221435547,
        "dynamic_mesh_ms": 0.8670000433921814,
        "encode_ms": 1.818250060081482,
        "admission_or_completion_ms": 0.03504199534654617
      },
      {
        "index": 598,
        "started_ms": 3291.592208,
        "submitted_ms": 3299.002625,
        "observed_completed_ms": 3304.591833,
        "start_to_observed_completion_ms": 12.999624999999924,
        "submit_to_observed_completion_ms": 5.589207999999871,
        "continuous_iteration_ms": 7.4161248207092285,
        "frame_ms": 7.4161248207092285,
        "component_sum_ms": 7.4076247215271,
        "tick_ms": 4.617374897003174,
        "dynamic_mesh_ms": 0.869208037853241,
        "encode_ms": 1.8861669301986694,
        "admission_or_completion_ms": 0.03487499803304672
      },
      {
        "index": 599,
        "started_ms": 3299.008333,
        "submitted_ms": 3306.318625,
        "observed_completed_ms": 3311.892,
        "start_to_observed_completion_ms": 12.883666999999605,
        "submit_to_observed_completion_ms": 5.573374999999942,
        "continuous_iteration_ms": 7.314291954040527,
        "frame_ms": 7.314291954040527,
        "component_sum_ms": 7.308042526245117,
        "tick_ms": 4.686208724975586,
        "dynamic_mesh_ms": 0.8670420050621033,
        "encode_ms": 1.7257089614868164,
        "admission_or_completion_ms": 0.029082998633384705
      },
      {
        "index": 600,
        "started_ms": 3306.322625,
        "submitted_ms": 3313.623458,
        "observed_completed_ms": 3319.869416,
        "start_to_observed_completion_ms": 13.546791000000212,
        "submit_to_observed_completion_ms": 6.245957999999973,
        "continuous_iteration_ms": 14.22237491607666,
        "frame_ms": 14.22237491607666,
        "component_sum_ms": 13.65808391571045,
        "tick_ms": 4.666625022888184,
        "dynamic_mesh_ms": 0.8702499866485596,
        "encode_ms": 1.7305420637130737,
        "admission_or_completion_ms": 6.390666961669922
      },
      {
        "index": 601,
        "started_ms": 3320.545,
        "submitted_ms": 3327.917625,
        "observed_completed_ms": 3334.050791,
        "start_to_observed_completion_ms": 13.505791000000045,
        "submit_to_observed_completion_ms": 6.133166000000074,
        "continuous_iteration_ms": 7.37737512588501,
        "frame_ms": 7.37737512588501,
        "component_sum_ms": 7.364959239959717,
        "tick_ms": 4.710624694824219,
        "dynamic_mesh_ms": 0.8948749899864197,
        "encode_ms": 1.757167100906372,
        "admission_or_completion_ms": 0.00229199999012053
      },
      {
        "index": 602,
        "started_ms": 3327.922375,
        "submitted_ms": 3335.761791,
        "observed_completed_ms": 3341.4779160000003,
        "start_to_observed_completion_ms": 13.555541000000176,
        "submit_to_observed_completion_ms": 5.716125000000375,
        "continuous_iteration_ms": 7.844249725341797,
        "frame_ms": 7.844249725341797,
        "component_sum_ms": 7.8363752365112305,
        "tick_ms": 5.136000156402588,
        "dynamic_mesh_ms": 0.9559170007705688,
        "encode_ms": 1.7100000381469727,
        "admission_or_completion_ms": 0.03445800021290779
      },
      {
        "index": 603,
        "started_ms": 3335.7666249999997,
        "submitted_ms": 3343.192,
        "observed_completed_ms": 3348.91975,
        "start_to_observed_completion_ms": 13.153125000000273,
        "submit_to_observed_completion_ms": 5.7277500000000146,
        "continuous_iteration_ms": 7.429957866668701,
        "frame_ms": 7.429957866668701,
        "component_sum_ms": 7.423166275024414,
        "tick_ms": 4.8237080574035645,
        "dynamic_mesh_ms": 0.8597500324249268,
        "encode_ms": 1.713249921798706,
        "admission_or_completion_ms": 0.026457998901605606
      },
      {
        "index": 604,
        "started_ms": 3343.196583,
        "submitted_ms": 3350.624791,
        "observed_completed_ms": 3356.427291,
        "start_to_observed_completion_ms": 13.23070800000005,
        "submit_to_observed_completion_ms": 5.802499999999782,
        "continuous_iteration_ms": 7.433374881744385,
        "frame_ms": 7.433374881744385,
        "component_sum_ms": 7.426167011260986,
        "tick_ms": 4.827875137329102,
        "dynamic_mesh_ms": 0.8663340210914612,
        "encode_ms": 1.7042909860610962,
        "admission_or_completion_ms": 0.027667000889778137
      },
      {
        "index": 605,
        "started_ms": 3350.629958,
        "submitted_ms": 3358.1367499999997,
        "observed_completed_ms": 3363.788875,
        "start_to_observed_completion_ms": 13.158917000000201,
        "submit_to_observed_completion_ms": 5.652125000000524,
        "continuous_iteration_ms": 7.510250091552734,
        "frame_ms": 7.510250091552734,
        "component_sum_ms": 7.50458288192749,
        "tick_ms": 4.900125026702881,
        "dynamic_mesh_ms": 0.8684999942779541,
        "encode_ms": 1.7087090015411377,
        "admission_or_completion_ms": 0.02724899910390377
      },
      {
        "index": 606,
        "started_ms": 3358.140208,
        "submitted_ms": 3365.621,
        "observed_completed_ms": 3371.3754160000003,
        "start_to_observed_completion_ms": 13.235208000000512,
        "submit_to_observed_completion_ms": 5.754416000000219,
        "continuous_iteration_ms": 7.486207962036133,
        "frame_ms": 7.486207962036133,
        "component_sum_ms": 7.478917121887207,
        "tick_ms": 4.749542236328125,
        "dynamic_mesh_ms": 0.8672080039978027,
        "encode_ms": 1.8313339948654175,
        "admission_or_completion_ms": 0.03083300031721592
      },
      {
        "index": 607,
        "started_ms": 3365.626416,
        "submitted_ms": 3373.098583,
        "observed_completed_ms": 3378.832791,
        "start_to_observed_completion_ms": 13.206374999999753,
        "submit_to_observed_completion_ms": 5.734207999999853,
        "continuous_iteration_ms": 7.476041793823242,
        "frame_ms": 7.476041793823242,
        "component_sum_ms": 7.469334125518799,
        "tick_ms": 4.83270788192749,
        "dynamic_mesh_ms": 0.8828340172767639,
        "encode_ms": 1.7220829725265503,
        "admission_or_completion_ms": 0.03170900046825409
      },
      {
        "index": 608,
        "started_ms": 3373.102458,
        "submitted_ms": 3380.484375,
        "observed_completed_ms": 3386.26875,
        "start_to_observed_completion_ms": 13.16629200000034,
        "submit_to_observed_completion_ms": 5.784375000000182,
        "continuous_iteration_ms": 7.385541915893555,
        "frame_ms": 7.385541915893555,
        "component_sum_ms": 7.379583358764648,
        "tick_ms": 4.857125282287598,
        "dynamic_mesh_ms": 0.8454580307006836,
        "encode_ms": 1.6509170532226562,
        "admission_or_completion_ms": 0.026083000004291534
      },
      {
        "index": 609,
        "started_ms": 3380.4880000000003,
        "submitted_ms": 3388.1120830000004,
        "observed_completed_ms": 3393.94925,
        "start_to_observed_completion_ms": 13.461249999999836,
        "submit_to_observed_completion_ms": 5.837166999999681,
        "continuous_iteration_ms": 7.629916191101074,
        "frame_ms": 7.629916191101074,
        "component_sum_ms": 7.621790885925293,
        "tick_ms": 4.845791816711426,
        "dynamic_mesh_ms": 0.8870000243186951,
        "encode_ms": 1.8424580097198486,
        "admission_or_completion_ms": 0.0465409979224205
      },
      {
        "index": 610,
        "started_ms": 3388.117916,
        "submitted_ms": 3395.864833,
        "observed_completed_ms": 3402.691166,
        "start_to_observed_completion_ms": 14.573249999999916,
        "submit_to_observed_completion_ms": 6.826332999999977,
        "continuous_iteration_ms": 7.753708839416504,
        "frame_ms": 7.753708839416504,
        "component_sum_ms": 7.744208335876465,
        "tick_ms": 4.90166711807251,
        "dynamic_mesh_ms": 0.8862080574035645,
        "encode_ms": 1.9145830869674683,
        "admission_or_completion_ms": 0.041749998927116394
      },
      {
        "index": 611,
        "started_ms": 3395.8716249999998,
        "submitted_ms": 3403.944708,
        "observed_completed_ms": 3409.8775410000003,
        "start_to_observed_completion_ms": 14.005916000000525,
        "submit_to_observed_completion_ms": 5.932833000000301,
        "continuous_iteration_ms": 8.084165573120117,
        "frame_ms": 8.084165573120117,
        "component_sum_ms": 8.071125984191895,
        "tick_ms": 5.146250247955322,
        "dynamic_mesh_ms": 0.8912079930305481,
        "encode_ms": 2.0290000438690186,
        "admission_or_completion_ms": 0.004666999913752079
      },
      {
        "index": 612,
        "started_ms": 3403.955791,
        "submitted_ms": 3411.828041,
        "observed_completed_ms": 3418.5815000000002,
        "start_to_observed_completion_ms": 14.62570900000037,
        "submit_to_observed_completion_ms": 6.753459000000021,
        "continuous_iteration_ms": 7.879125118255615,
        "frame_ms": 7.879125118255615,
        "component_sum_ms": 7.867708683013916,
        "tick_ms": 4.969208240509033,
        "dynamic_mesh_ms": 0.897333025932312,
        "encode_ms": 1.9494999647140503,
        "admission_or_completion_ms": 0.051667001098394394
      },
      {
        "index": 613,
        "started_ms": 3411.8349160000002,
        "submitted_ms": 3419.7253330000003,
        "observed_completed_ms": 3425.790166,
        "start_to_observed_completion_ms": 13.955249999999978,
        "submit_to_observed_completion_ms": 6.064832999999908,
        "continuous_iteration_ms": 7.897459030151367,
        "frame_ms": 7.897459030151367,
        "component_sum_ms": 7.887541770935059,
        "tick_ms": 5.080416679382324,
        "dynamic_mesh_ms": 0.8862500190734863,
        "encode_ms": 1.9164170026779175,
        "admission_or_completion_ms": 0.00445799995213747
      },
      {
        "index": 614,
        "started_ms": 3419.732375,
        "submitted_ms": 3427.7919580000002,
        "observed_completed_ms": 3434.082,
        "start_to_observed_completion_ms": 14.349624999999833,
        "submit_to_observed_completion_ms": 6.29004199999963,
        "continuous_iteration_ms": 8.066957473754883,
        "frame_ms": 8.066957473754883,
        "component_sum_ms": 8.056499481201172,
        "tick_ms": 5.120791912078857,
        "dynamic_mesh_ms": 0.8859170079231262,
        "encode_ms": 2.000499963760376,
        "admission_or_completion_ms": 0.04929099977016449
      },
      {
        "index": 615,
        "started_ms": 3427.799333,
        "submitted_ms": 3435.947666,
        "observed_completed_ms": 3441.990166,
        "start_to_observed_completion_ms": 14.190833000000111,
        "submit_to_observed_completion_ms": 6.042500000000018,
        "continuous_iteration_ms": 8.154749870300293,
        "frame_ms": 8.154749870300293,
        "component_sum_ms": 8.143627166748047,
        "tick_ms": 5.214084148406982,
        "dynamic_mesh_ms": 1.0101250410079956,
        "encode_ms": 1.8645830154418945,
        "admission_or_completion_ms": 0.05483400076627731
      },
      {
        "index": 616,
        "started_ms": 3435.954083,
        "submitted_ms": 3443.93775,
        "observed_completed_ms": 3449.870083,
        "start_to_observed_completion_ms": 13.915999999999713,
        "submit_to_observed_completion_ms": 5.932332999999744,
        "continuous_iteration_ms": 7.989957809448242,
        "frame_ms": 7.989957809448242,
        "component_sum_ms": 7.980374336242676,
        "tick_ms": 5.083332538604736,
        "dynamic_mesh_ms": 0.9010420441627502,
        "encode_ms": 1.9465419054031372,
        "admission_or_completion_ms": 0.04945800080895424
      },
      {
        "index": 617,
        "started_ms": 3443.9440409999997,
        "submitted_ms": 3451.74675,
        "observed_completed_ms": 3457.519458,
        "start_to_observed_completion_ms": 13.57541700000047,
        "submit_to_observed_completion_ms": 5.772708000000421,
        "continuous_iteration_ms": 7.809000015258789,
        "frame_ms": 7.809000015258789,
        "component_sum_ms": 7.799750804901123,
        "tick_ms": 4.99429178237915,
        "dynamic_mesh_ms": 0.8844169974327087,
        "encode_ms": 1.8755840063095093,
        "admission_or_completion_ms": 0.045458000153303146
      },
      {
        "index": 618,
        "started_ms": 3451.753041,
        "submitted_ms": 3459.459416,
        "observed_completed_ms": 3465.5122079999996,
        "start_to_observed_completion_ms": 13.759166999999707,
        "submit_to_observed_completion_ms": 6.052791999999499,
        "continuous_iteration_ms": 7.713625431060791,
        "frame_ms": 7.713625431060791,
        "component_sum_ms": 7.704623222351074,
        "tick_ms": 4.858249664306641,
        "dynamic_mesh_ms": 0.8754159808158875,
        "encode_ms": 1.9393330812454224,
        "admission_or_completion_ms": 0.03162499889731407
      },
      {
        "index": 619,
        "started_ms": 3459.466666,
        "submitted_ms": 3467.408416,
        "observed_completed_ms": 3473.518791,
        "start_to_observed_completion_ms": 14.05212500000016,
        "submit_to_observed_completion_ms": 6.110374999999749,
        "continuous_iteration_ms": 7.947750568389893,
        "frame_ms": 7.947750568389893,
        "component_sum_ms": 7.938206672668457,
        "tick_ms": 5.020999908447266,
        "dynamic_mesh_ms": 0.9769579768180847,
        "encode_ms": 1.895166039466858,
        "admission_or_completion_ms": 0.045083001255989075
      },
      {
        "index": 620,
        "started_ms": 3467.414416,
        "submitted_ms": 3475.4361249999997,
        "observed_completed_ms": 3481.3374160000003,
        "start_to_observed_completion_ms": 13.92300000000023,
        "submit_to_observed_completion_ms": 5.901291000000583,
        "continuous_iteration_ms": 8.027416229248047,
        "frame_ms": 8.027416229248047,
        "component_sum_ms": 8.019208908081055,
        "tick_ms": 5.1822919845581055,
        "dynamic_mesh_ms": 0.875749945640564,
        "encode_ms": 1.9163750410079956,
        "admission_or_completion_ms": 0.04479200020432472
      },
      {
        "index": 621,
        "started_ms": 3475.4418330000003,
        "submitted_ms": 3483.168291,
        "observed_completed_ms": 3489.033791,
        "start_to_observed_completion_ms": 13.591957999999522,
        "submit_to_observed_completion_ms": 5.865499999999884,
        "continuous_iteration_ms": 7.731208324432373,
        "frame_ms": 7.731208324432373,
        "component_sum_ms": 7.723584175109863,
        "tick_ms": 4.96779203414917,
        "dynamic_mesh_ms": 0.8872500061988831,
        "encode_ms": 1.8298749923706055,
        "admission_or_completion_ms": 0.03866700083017349
      },
      {
        "index": 622,
        "started_ms": 3483.173041,
        "submitted_ms": 3490.9014580000003,
        "observed_completed_ms": 3497.061875,
        "start_to_observed_completion_ms": 13.88883399999986,
        "submit_to_observed_completion_ms": 6.1604169999995975,
        "continuous_iteration_ms": 7.740292072296143,
        "frame_ms": 7.740292072296143,
        "component_sum_ms": 7.725916385650635,
        "tick_ms": 4.926666259765625,
        "dynamic_mesh_ms": 0.885791003704071,
        "encode_ms": 1.8669170141220093,
        "admission_or_completion_ms": 0.04654200002551079
      },
      {
        "index": 623,
        "started_ms": 3490.913333,
        "submitted_ms": 3499.0113749999996,
        "observed_completed_ms": 3505.118291,
        "start_to_observed_completion_ms": 14.20495800000026,
        "submit_to_observed_completion_ms": 6.106916000000638,
        "continuous_iteration_ms": 8.105957984924316,
        "frame_ms": 8.105957984924316,
        "component_sum_ms": 8.095541000366211,
        "tick_ms": 5.217207908630371,
        "dynamic_mesh_ms": 0.8879579901695251,
        "encode_ms": 1.9485000371932983,
        "admission_or_completion_ms": 0.041875001043081284
      },
      {
        "index": 624,
        "started_ms": 3499.0192909999996,
        "submitted_ms": 3506.921583,
        "observed_completed_ms": 3512.998583,
        "start_to_observed_completion_ms": 13.979292000000441,
        "submit_to_observed_completion_ms": 6.0770000000002256,
        "continuous_iteration_ms": 7.908334255218506,
        "frame_ms": 7.908334255218506,
        "component_sum_ms": 7.898917198181152,
        "tick_ms": 5.042875289916992,
        "dynamic_mesh_ms": 1.0032089948654175,
        "encode_ms": 1.8022500276565552,
        "admission_or_completion_ms": 0.050582997500896454
      },
      {
        "index": 625,
        "started_ms": 3506.927625,
        "submitted_ms": 3514.910833,
        "observed_completed_ms": 3521.047708,
        "start_to_observed_completion_ms": 14.12008300000025,
        "submit_to_observed_completion_ms": 6.1368750000001455,
        "continuous_iteration_ms": 7.992583274841309,
        "frame_ms": 7.992583274841309,
        "component_sum_ms": 7.980625152587891,
        "tick_ms": 5.138999938964844,
        "dynamic_mesh_ms": 0.8832499980926514,
        "encode_ms": 1.9107500314712524,
        "admission_or_completion_ms": 0.04762499779462814
      },
      {
        "index": 626,
        "started_ms": 3514.920208,
        "submitted_ms": 3523.087458,
        "observed_completed_ms": 3529.19275,
        "start_to_observed_completion_ms": 14.272542000000158,
        "submit_to_observed_completion_ms": 6.1052920000001905,
        "continuous_iteration_ms": 8.17400074005127,
        "frame_ms": 8.17400074005127,
        "component_sum_ms": 8.163708686828613,
        "tick_ms": 5.166249752044678,
        "dynamic_mesh_ms": 0.9032089710235596,
        "encode_ms": 2.0386250019073486,
        "admission_or_completion_ms": 0.05562499910593033
      },
      {
        "index": 627,
        "started_ms": 3523.094208,
        "submitted_ms": 3531.0293330000004,
        "observed_completed_ms": 3537.797,
        "start_to_observed_completion_ms": 14.702792000000045,
        "submit_to_observed_completion_ms": 6.767666999999619,
        "continuous_iteration_ms": 7.94087553024292,
        "frame_ms": 7.94087553024292,
        "component_sum_ms": 7.932624816894531,
        "tick_ms": 5.154417037963867,
        "dynamic_mesh_ms": 0.8952919840812683,
        "encode_ms": 1.836042046546936,
        "admission_or_completion_ms": 0.04687400162220001
      },
      {
        "index": 628,
        "started_ms": 3531.0350829999998,
        "submitted_ms": 3538.974416,
        "observed_completed_ms": 3544.9233329999997,
        "start_to_observed_completion_ms": 13.888249999999971,
        "submit_to_observed_completion_ms": 5.94891699999971,
        "continuous_iteration_ms": 7.945957660675049,
        "frame_ms": 7.945957660675049,
        "component_sum_ms": 7.93629264831543,
        "tick_ms": 5.103250026702881,
        "dynamic_mesh_ms": 0.902999997138977,
        "encode_ms": 1.9266250133514404,
        "admission_or_completion_ms": 0.0034180001821368933
      },
      {
        "index": 629,
        "started_ms": 3538.981041,
        "submitted_ms": 3546.882541,
        "observed_completed_ms": 3553.17225,
        "start_to_observed_completion_ms": 14.191209000000072,
        "submit_to_observed_completion_ms": 6.28970900000013,
        "continuous_iteration_ms": 7.906874656677246,
        "frame_ms": 7.906874656677246,
        "component_sum_ms": 7.898458480834961,
        "tick_ms": 5.013750076293945,
        "dynamic_mesh_ms": 0.8867909908294678,
        "encode_ms": 1.9582910537719727,
        "admission_or_completion_ms": 0.039625998586416245
      },
      {
        "index": 630,
        "started_ms": 3546.887916,
        "submitted_ms": 3555.0192909999996,
        "observed_completed_ms": 3560.926958,
        "start_to_observed_completion_ms": 14.039041999999881,
        "submit_to_observed_completion_ms": 5.9076670000004015,
        "continuous_iteration_ms": 8.136834144592285,
        "frame_ms": 8.136834144592285,
        "component_sum_ms": 8.12833309173584,
        "tick_ms": 5.305000305175781,
        "dynamic_mesh_ms": 0.9355830550193787,
        "encode_ms": 1.846040964126587,
        "admission_or_completion_ms": 0.04170899838209152
      },
      {
        "index": 631,
        "started_ms": 3555.02475,
        "submitted_ms": 3562.834625,
        "observed_completed_ms": 3569.032875,
        "start_to_observed_completion_ms": 14.008124999999836,
        "submit_to_observed_completion_ms": 6.198249999999916,
        "continuous_iteration_ms": 7.81583309173584,
        "frame_ms": 7.81583309173584,
        "component_sum_ms": 7.807124614715576,
        "tick_ms": 4.963625431060791,
        "dynamic_mesh_ms": 0.8892080187797546,
        "encode_ms": 1.9066250324249268,
        "admission_or_completion_ms": 0.047665998339653015
      },
      {
        "index": 632,
        "started_ms": 3562.8405829999997,
        "submitted_ms": 3570.8792909999997,
        "observed_completed_ms": 3576.7545,
        "start_to_observed_completion_ms": 13.91391700000031,
        "submit_to_observed_completion_ms": 5.875209000000268,
        "continuous_iteration_ms": 8.045917510986328,
        "frame_ms": 8.045917510986328,
        "component_sum_ms": 8.03616714477539,
        "tick_ms": 5.223291873931885,
        "dynamic_mesh_ms": 0.9150829911231995,
        "encode_ms": 1.8454160690307617,
        "admission_or_completion_ms": 0.052375998347997665
      },
      {
        "index": 633,
        "started_ms": 3570.8865,
        "submitted_ms": 3578.516916,
        "observed_completed_ms": 3584.5657499999998,
        "start_to_observed_completion_ms": 13.679249999999683,
        "submit_to_observed_completion_ms": 6.048833999999715,
        "continuous_iteration_ms": 7.6363749504089355,
        "frame_ms": 7.6363749504089355,
        "component_sum_ms": 7.627417087554932,
        "tick_ms": 4.96108341217041,
        "dynamic_mesh_ms": 0.8690419793128967,
        "encode_ms": 1.7614580392837524,
        "admission_or_completion_ms": 0.03583399951457977
      },
      {
        "index": 634,
        "started_ms": 3578.522875,
        "submitted_ms": 3586.40925,
        "observed_completed_ms": 3593.244166,
        "start_to_observed_completion_ms": 14.721290999999837,
        "submit_to_observed_completion_ms": 6.834915999999794,
        "continuous_iteration_ms": 7.892750263214111,
        "frame_ms": 7.892750263214111,
        "component_sum_ms": 7.8831658363342285,
        "tick_ms": 5.07212495803833,
        "dynamic_mesh_ms": 0.9169999957084656,
        "encode_ms": 1.8425419330596924,
        "admission_or_completion_ms": 0.05149899795651436
      },
      {
        "index": 635,
        "started_ms": 3586.415625,
        "submitted_ms": 3594.291666,
        "observed_completed_ms": 3600.4494999999997,
        "start_to_observed_completion_ms": 14.033874999999625,
        "submit_to_observed_completion_ms": 6.157833999999639,
        "continuous_iteration_ms": 7.881875038146973,
        "frame_ms": 7.881875038146973,
        "component_sum_ms": 7.871790885925293,
        "tick_ms": 5.11870813369751,
        "dynamic_mesh_ms": 0.9359170198440552,
        "encode_ms": 1.8125410079956055,
        "admission_or_completion_ms": 0.004625000059604645
      },
      {
        "index": 636,
        "started_ms": 3594.2975,
        "submitted_ms": 3602.263625,
        "observed_completed_ms": 3608.18425,
        "start_to_observed_completion_ms": 13.886749999999665,
        "submit_to_observed_completion_ms": 5.920624999999745,
        "continuous_iteration_ms": 7.972541332244873,
        "frame_ms": 7.972541332244873,
        "component_sum_ms": 7.963000297546387,
        "tick_ms": 5.183916091918945,
        "dynamic_mesh_ms": 0.9190419912338257,
        "encode_ms": 1.8130840063095093,
        "admission_or_completion_ms": 0.04695799946784973
      },
      {
        "index": 637,
        "started_ms": 3602.270041,
        "submitted_ms": 3610.102958,
        "observed_completed_ms": 3615.9559999999997,
        "start_to_observed_completion_ms": 13.685958999999457,
        "submit_to_observed_completion_ms": 5.853041999999732,
        "continuous_iteration_ms": 7.839083671569824,
        "frame_ms": 7.839083671569824,
        "component_sum_ms": 7.829832553863525,
        "tick_ms": 4.999790668487549,
        "dynamic_mesh_ms": 0.8742079734802246,
        "encode_ms": 1.917667031288147,
        "admission_or_completion_ms": 0.03816699981689453
      },
      {
        "index": 638,
        "started_ms": 3610.109125,
        "submitted_ms": 3617.871833,
        "observed_completed_ms": 3623.6595,
        "start_to_observed_completion_ms": 13.550375000000258,
        "submit_to_observed_completion_ms": 5.787667000000056,
        "continuous_iteration_ms": 7.768083095550537,
        "frame_ms": 7.768083095550537,
        "component_sum_ms": 7.7603325843811035,
        "tick_ms": 4.959582805633545,
        "dynamic_mesh_ms": 0.8457090258598328,
        "encode_ms": 1.915166974067688,
        "admission_or_completion_ms": 0.03987399861216545
      },
      {
        "index": 639,
        "started_ms": 3617.877208,
        "submitted_ms": 3625.5723749999997,
        "observed_completed_ms": 3631.6385410000003,
        "start_to_observed_completion_ms": 13.761333000000377,
        "submit_to_observed_completion_ms": 6.066166000000521,
        "continuous_iteration_ms": 7.701791763305664,
        "frame_ms": 7.701791763305664,
        "component_sum_ms": 7.691874980926514,
        "tick_ms": 4.849833965301514,
        "dynamic_mesh_ms": 0.8897079825401306,
        "encode_ms": 1.9118750095367432,
        "admission_or_completion_ms": 0.04045800119638443
      },
      {
        "index": 640,
        "started_ms": 3625.579,
        "submitted_ms": 3633.4961249999997,
        "observed_completed_ms": 3639.279375,
        "start_to_observed_completion_ms": 13.700374999999894,
        "submit_to_observed_completion_ms": 5.7832500000004075,
        "continuous_iteration_ms": 7.922374725341797,
        "frame_ms": 7.922374725341797,
        "component_sum_ms": 7.913458347320557,
        "tick_ms": 5.022416114807129,
        "dynamic_mesh_ms": 0.9558749794960022,
        "encode_ms": 1.8564170598983765,
        "admission_or_completion_ms": 0.07874999940395355
      },
      {
        "index": 641,
        "started_ms": 3633.501375,
        "submitted_ms": 3641.0194159999996,
        "observed_completed_ms": 3646.901333,
        "start_to_observed_completion_ms": 13.39995799999997,
        "submit_to_observed_completion_ms": 5.881917000000158,
        "continuous_iteration_ms": 7.521916389465332,
        "frame_ms": 7.521916389465332,
        "component_sum_ms": 7.515748977661133,
        "tick_ms": 4.865999698638916,
        "dynamic_mesh_ms": 0.8778330087661743,
        "encode_ms": 1.7391250133514404,
        "admission_or_completion_ms": 0.03279099985957146
      },
      {
        "index": 642,
        "started_ms": 3641.023291,
        "submitted_ms": 3648.7047500000003,
        "observed_completed_ms": 3654.5225,
        "start_to_observed_completion_ms": 13.499209000000064,
        "submit_to_observed_completion_ms": 5.817749999999705,
        "continuous_iteration_ms": 7.686708927154541,
        "frame_ms": 7.686708927154541,
        "component_sum_ms": 7.679083824157715,
        "tick_ms": 4.958083152770996,
        "dynamic_mesh_ms": 0.8765420317649841,
        "encode_ms": 1.802541971206665,
        "admission_or_completion_ms": 0.04191699996590614
      },
      {
        "index": 643,
        "started_ms": 3648.71,
        "submitted_ms": 3656.383375,
        "observed_completed_ms": 3662.1025,
        "start_to_observed_completion_ms": 13.392499999999927,
        "submit_to_observed_completion_ms": 5.719125000000076,
        "continuous_iteration_ms": 7.67787504196167,
        "frame_ms": 7.67787504196167,
        "component_sum_ms": 7.671041488647461,
        "tick_ms": 4.884500026702881,
        "dynamic_mesh_ms": 0.8773750066757202,
        "encode_ms": 1.8600000143051147,
        "admission_or_completion_ms": 0.0491659976541996
      },
      {
        "index": 644,
        "started_ms": 3656.387875,
        "submitted_ms": 3663.865458,
        "observed_completed_ms": 3670.0804160000002,
        "start_to_observed_completion_ms": 13.692541000000347,
        "submit_to_observed_completion_ms": 6.214958000000024,
        "continuous_iteration_ms": 7.481874942779541,
        "frame_ms": 7.481874942779541,
        "component_sum_ms": 7.475249767303467,
        "tick_ms": 4.795624732971191,
        "dynamic_mesh_ms": 0.8799170255661011,
        "encode_ms": 1.7619580030441284,
        "admission_or_completion_ms": 0.0377499982714653
      },
      {
        "index": 645,
        "started_ms": 3663.86975,
        "submitted_ms": 3671.901958,
        "observed_completed_ms": 3677.990833,
        "start_to_observed_completion_ms": 14.121082999999999,
        "submit_to_observed_completion_ms": 6.088874999999916,
        "continuous_iteration_ms": 8.038249969482422,
        "frame_ms": 8.038249969482422,
        "component_sum_ms": 8.029834747314453,
        "tick_ms": 5.290875434875488,
        "dynamic_mesh_ms": 0.8704169988632202,
        "encode_ms": 1.8207080364227295,
        "admission_or_completion_ms": 0.04783400148153305
      },
      {
        "index": 646,
        "started_ms": 3671.9080000000004,
        "submitted_ms": 3679.923958,
        "observed_completed_ms": 3685.762083,
        "start_to_observed_completion_ms": 13.854082999999719,
        "submit_to_observed_completion_ms": 5.838125000000218,
        "continuous_iteration_ms": 8.021791458129883,
        "frame_ms": 8.021791458129883,
        "component_sum_ms": 8.012666702270508,
        "tick_ms": 5.144291877746582,
        "dynamic_mesh_ms": 0.8810000419616699,
        "encode_ms": 1.9320420026779175,
        "admission_or_completion_ms": 0.05533299967646599
      },
      {
        "index": 647,
        "started_ms": 3679.929791,
        "submitted_ms": 3687.5545829999996,
        "observed_completed_ms": 3693.418833,
        "start_to_observed_completion_ms": 13.489042000000154,
        "submit_to_observed_completion_ms": 5.864250000000538,
        "continuous_iteration_ms": 7.629542350769043,
        "frame_ms": 7.629542350769043,
        "component_sum_ms": 7.622416019439697,
        "tick_ms": 4.916583061218262,
        "dynamic_mesh_ms": 0.8718339800834656,
        "encode_ms": 1.7915830612182617,
        "admission_or_completion_ms": 0.04241599887609482
      },
      {
        "index": 648,
        "started_ms": 3687.559333,
        "submitted_ms": 3695.1987910000003,
        "observed_completed_ms": 3701.3365409999997,
        "start_to_observed_completion_ms": 13.777207999999519,
        "submit_to_observed_completion_ms": 6.137749999999414,
        "continuous_iteration_ms": 7.644750118255615,
        "frame_ms": 7.644750118255615,
        "component_sum_ms": 7.63633394241333,
        "tick_ms": 4.933708667755127,
        "dynamic_mesh_ms": 0.8794170022010803,
        "encode_ms": 1.7792079448699951,
        "admission_or_completion_ms": 0.04399999976158142
      },
      {
        "index": 649,
        "started_ms": 3695.204083,
        "submitted_ms": 3703.141375,
        "observed_completed_ms": 3709.2303749999996,
        "start_to_observed_completion_ms": 14.026291999999557,
        "submit_to_observed_completion_ms": 6.088999999999487,
        "continuous_iteration_ms": 7.9432501792907715,
        "frame_ms": 7.9432501792907715,
        "component_sum_ms": 7.934500217437744,
        "tick_ms": 5.188208103179932,
        "dynamic_mesh_ms": 0.8921669721603394,
        "encode_ms": 1.8040000200271606,
        "admission_or_completion_ms": 0.05012500286102295
      },
      {
        "index": 650,
        "started_ms": 3703.147333,
        "submitted_ms": 3711.020833,
        "observed_completed_ms": 3716.9934160000003,
        "start_to_observed_completion_ms": 13.846083000000363,
        "submit_to_observed_completion_ms": 5.972583000000213,
        "continuous_iteration_ms": 7.8807501792907715,
        "frame_ms": 7.8807501792907715,
        "component_sum_ms": 7.870584011077881,
        "tick_ms": 5.135583400726318,
        "dynamic_mesh_ms": 0.8924590349197388,
        "encode_ms": 1.7892919778823853,
        "admission_or_completion_ms": 0.05324999988079071
      },
      {
        "index": 651,
        "started_ms": 3711.028083,
        "submitted_ms": 3718.8046249999998,
        "observed_completed_ms": 3724.823583,
        "start_to_observed_completion_ms": 13.79549999999972,
        "submit_to_observed_completion_ms": 6.0189580000001115,
        "continuous_iteration_ms": 7.782416820526123,
        "frame_ms": 7.782416820526123,
        "component_sum_ms": 7.772918224334717,
        "tick_ms": 5.017250061035156,
        "dynamic_mesh_ms": 0.8962090015411377,
        "encode_ms": 1.810209035873413,
        "admission_or_completion_ms": 0.04924999922513962
      },
      {
        "index": 652,
        "started_ms": 3718.8105,
        "submitted_ms": 3726.704791,
        "observed_completed_ms": 3732.860041,
        "start_to_observed_completion_ms": 14.049540999999863,
        "submit_to_observed_completion_ms": 6.155249999999796,
        "continuous_iteration_ms": 7.901000022888184,
        "frame_ms": 7.901000022888184,
        "component_sum_ms": 7.8909173011779785,
        "tick_ms": 5.074583053588867,
        "dynamic_mesh_ms": 0.8960840106010437,
        "encode_ms": 1.8797080516815186,
        "admission_or_completion_ms": 0.04054199904203415
      },
      {
        "index": 653,
        "started_ms": 3726.7115,
        "submitted_ms": 3734.7435830000004,
        "observed_completed_ms": 3740.799916,
        "start_to_observed_completion_ms": 14.088416000000052,
        "submit_to_observed_completion_ms": 6.05633299999954,
        "continuous_iteration_ms": 8.038540840148926,
        "frame_ms": 8.038540840148926,
        "component_sum_ms": 8.029458045959473,
        "tick_ms": 5.219624996185303,
        "dynamic_mesh_ms": 0.8771250247955322,
        "encode_ms": 1.8825000524520874,
        "admission_or_completion_ms": 0.05020799860358238
      },
      {
        "index": 654,
        "started_ms": 3734.750041,
        "submitted_ms": 3742.788625,
        "observed_completed_ms": 3748.737291,
        "start_to_observed_completion_ms": 13.987250000000131,
        "submit_to_observed_completion_ms": 5.9486659999997755,
        "continuous_iteration_ms": 8.046374320983887,
        "frame_ms": 8.046374320983887,
        "component_sum_ms": 8.036541938781738,
        "tick_ms": 5.139124870300293,
        "dynamic_mesh_ms": 0.8661670088768005,
        "encode_ms": 1.9879170656204224,
        "admission_or_completion_ms": 0.04333299770951271
      },
      {
        "index": 655,
        "started_ms": 3742.796416,
        "submitted_ms": 3750.605,
        "observed_completed_ms": 3756.617875,
        "start_to_observed_completion_ms": 13.821458999999777,
        "submit_to_observed_completion_ms": 6.0128749999998945,
        "continuous_iteration_ms": 7.815541744232178,
        "frame_ms": 7.815541744232178,
        "component_sum_ms": 7.805375099182129,
        "tick_ms": 5.0125412940979,
        "dynamic_mesh_ms": 0.8844169974327087,
        "encode_ms": 1.8667919635772705,
        "admission_or_completion_ms": 0.0416250005364418
      },
      {
        "index": 656,
        "started_ms": 3750.611958,
        "submitted_ms": 3758.550958,
        "observed_completed_ms": 3764.4815,
        "start_to_observed_completion_ms": 13.86954199999991,
        "submit_to_observed_completion_ms": 5.9305420000000595,
        "continuous_iteration_ms": 7.945666790008545,
        "frame_ms": 7.945666790008545,
        "component_sum_ms": 7.935793399810791,
        "tick_ms": 5.070000171661377,
        "dynamic_mesh_ms": 0.8867090344429016,
        "encode_ms": 1.9322079420089722,
        "admission_or_completion_ms": 0.04687599837779999
      },
      {
        "index": 657,
        "started_ms": 3758.557625,
        "submitted_ms": 3766.3798330000004,
        "observed_completed_ms": 3772.483458,
        "start_to_observed_completion_ms": 13.925833000000239,
        "submit_to_observed_completion_ms": 6.103624999999738,
        "continuous_iteration_ms": 7.828583240509033,
        "frame_ms": 7.828583240509033,
        "component_sum_ms": 7.819248676300049,
        "tick_ms": 4.996832847595215,
        "dynamic_mesh_ms": 0.8863329887390137,
        "encode_ms": 1.8974579572677612,
        "admission_or_completion_ms": 0.038624998182058334
      },
      {
        "index": 658,
        "started_ms": 3766.386208,
        "submitted_ms": 3774.33425,
        "observed_completed_ms": 3780.3546250000004,
        "start_to_observed_completion_ms": 13.9684170000005,
        "submit_to_observed_completion_ms": 6.020375000000513,
        "continuous_iteration_ms": 7.953874588012695,
        "frame_ms": 7.953874588012695,
        "component_sum_ms": 7.945125102996826,
        "tick_ms": 5.151459217071533,
        "dynamic_mesh_ms": 0.8899580240249634,
        "encode_ms": 1.8496249914169312,
        "admission_or_completion_ms": 0.054083000868558884
      },
      {
        "index": 659,
        "started_ms": 3774.340083,
        "submitted_ms": 3782.221666,
        "observed_completed_ms": 3788.10075,
        "start_to_observed_completion_ms": 13.760667000000012,
        "submit_to_observed_completion_ms": 5.879084000000148,
        "continuous_iteration_ms": 7.887874603271484,
        "frame_ms": 7.887874603271484,
        "component_sum_ms": 7.87837553024292,
        "tick_ms": 5.069958209991455,
        "dynamic_mesh_ms": 0.8875839710235596,
        "encode_ms": 1.8659579753875732,
        "admission_or_completion_ms": 0.054875001311302185
      },
      {
        "index": 660,
        "started_ms": 3782.227958,
        "submitted_ms": 3789.875625,
        "observed_completed_ms": 3795.766541,
        "start_to_observed_completion_ms": 13.538583000000017,
        "submit_to_observed_completion_ms": 5.890915999999834,
        "continuous_iteration_ms": 7.656125068664551,
        "frame_ms": 7.656125068664551,
        "component_sum_ms": 7.644625186920166,
        "tick_ms": 4.972249984741211,
        "dynamic_mesh_ms": 0.8574169874191284,
        "encode_ms": 1.7739169597625732,
        "admission_or_completion_ms": 0.041040997952222824
      },
      {
        "index": 661,
        "started_ms": 3789.884083,
        "submitted_ms": 3797.5573329999997,
        "observed_completed_ms": 3803.484,
        "start_to_observed_completion_ms": 13.599917000000005,
        "submit_to_observed_completion_ms": 5.9266670000001795,
        "continuous_iteration_ms": 7.678541660308838,
        "frame_ms": 7.678541660308838,
        "component_sum_ms": 7.670498847961426,
        "tick_ms": 4.963582992553711,
        "dynamic_mesh_ms": 0.8732500076293945,
        "encode_ms": 1.7899999618530273,
        "admission_or_completion_ms": 0.04366600140929222
      },
      {
        "index": 662,
        "started_ms": 3797.562625,
        "submitted_ms": 3805.346375,
        "observed_completed_ms": 3811.4657909999996,
        "start_to_observed_completion_ms": 13.903165999999601,
        "submit_to_observed_completion_ms": 6.119415999999546,
        "continuous_iteration_ms": 7.789916038513184,
        "frame_ms": 7.789916038513184,
        "component_sum_ms": 7.780416488647461,
        "tick_ms": 4.981666564941406,
        "dynamic_mesh_ms": 0.8904170393943787,
        "encode_ms": 1.861541986465454,
        "admission_or_completion_ms": 0.04679100215435028
      },
      {
        "index": 663,
        "started_ms": 3805.352541,
        "submitted_ms": 3813.363083,
        "observed_completed_ms": 3819.358625,
        "start_to_observed_completion_ms": 14.006083999999646,
        "submit_to_observed_completion_ms": 5.995541999999659,
        "continuous_iteration_ms": 8.017167091369629,
        "frame_ms": 8.017167091369629,
        "component_sum_ms": 8.007584571838379,
        "tick_ms": 5.167750358581543,
        "dynamic_mesh_ms": 0.8932920098304749,
        "encode_ms": 1.8962080478668213,
        "admission_or_completion_ms": 0.05033399909734726
      },
      {
        "index": 664,
        "started_ms": 3813.3697079999997,
        "submitted_ms": 3821.1897500000005,
        "observed_completed_ms": 3827.1419579999997,
        "start_to_observed_completion_ms": 13.772249999999985,
        "submit_to_observed_completion_ms": 5.952207999999246,
        "continuous_iteration_ms": 7.826583385467529,
        "frame_ms": 7.826583385467529,
        "component_sum_ms": 7.817249298095703,
        "tick_ms": 5.046249866485596,
        "dynamic_mesh_ms": 0.898082971572876,
        "encode_ms": 1.829833984375,
        "admission_or_completion_ms": 0.04308199882507324
      },
      {
        "index": 665,
        "started_ms": 3821.196291,
        "submitted_ms": 3829.062916,
        "observed_completed_ms": 3834.9905409999997,
        "start_to_observed_completion_ms": 13.794249999999465,
        "submit_to_observed_completion_ms": 5.927624999999807,
        "continuous_iteration_ms": 7.872500419616699,
        "frame_ms": 7.872500419616699,
        "component_sum_ms": 7.863332271575928,
        "tick_ms": 5.000874996185303,
        "dynamic_mesh_ms": 0.8922080397605896,
        "encode_ms": 1.9199579954147339,
        "admission_or_completion_ms": 0.05029100179672241
      },
      {
        "index": 666,
        "started_ms": 3829.068791,
        "submitted_ms": 3836.886333,
        "observed_completed_ms": 3842.8305,
        "start_to_observed_completion_ms": 13.761708999999883,
        "submit_to_observed_completion_ms": 5.944167000000107,
        "continuous_iteration_ms": 7.8238749504089355,
        "frame_ms": 7.8238749504089355,
        "component_sum_ms": 7.81412410736084,
        "tick_ms": 4.976832866668701,
        "dynamic_mesh_ms": 0.8879579901695251,
        "encode_ms": 1.8947080373764038,
        "admission_or_completion_ms": 0.054625000804662704
      },
      {
        "index": 667,
        "started_ms": 3836.8926659999997,
        "submitted_ms": 3844.614458,
        "observed_completed_ms": 3850.0071660000003,
        "start_to_observed_completion_ms": 13.11450000000059,
        "submit_to_observed_completion_ms": 5.392708000000312,
        "continuous_iteration_ms": 7.727292060852051,
        "frame_ms": 7.727292060852051,
        "component_sum_ms": 7.719208240509033,
        "tick_ms": 5.002208232879639,
        "dynamic_mesh_ms": 0.8874579668045044,
        "encode_ms": 1.7830419540405273,
        "admission_or_completion_ms": 0.04650000110268593
      },
      {
        "index": 668,
        "started_ms": 3844.619958,
        "submitted_ms": 3851.749041,
        "observed_completed_ms": 3856.547666,
        "start_to_observed_completion_ms": 11.927707999999711,
        "submit_to_observed_completion_ms": 4.798624999999902,
        "continuous_iteration_ms": 7.134167194366455,
        "frame_ms": 7.134167194366455,
        "component_sum_ms": 7.126374244689941,
        "tick_ms": 4.475083351135254,
        "dynamic_mesh_ms": 0.8722079992294312,
        "encode_ms": 1.7409579753875732,
        "admission_or_completion_ms": 0.03812500089406967
      },
      {
        "index": 669,
        "started_ms": 3851.7541250000004,
        "submitted_ms": 3858.4230000000002,
        "observed_completed_ms": 3863.126833,
        "start_to_observed_completion_ms": 11.37270799999942,
        "submit_to_observed_completion_ms": 4.703832999999577,
        "continuous_iteration_ms": 6.6745829582214355,
        "frame_ms": 6.6745829582214355,
        "component_sum_ms": 6.665750026702881,
        "tick_ms": 3.848875045776367,
        "dynamic_mesh_ms": 0.8877919912338257,
        "encode_ms": 1.8740839958190918,
        "admission_or_completion_ms": 0.05499899759888649
      },
      {
        "index": 670,
        "started_ms": 3858.428708,
        "submitted_ms": 3865.0613749999998,
        "observed_completed_ms": 3870.8092079999997,
        "start_to_observed_completion_ms": 12.380499999999756,
        "submit_to_observed_completion_ms": 5.7478329999999005,
        "continuous_iteration_ms": 6.639124870300293,
        "frame_ms": 6.639124870300293,
        "component_sum_ms": 6.629790782928467,
        "tick_ms": 3.7672910690307617,
        "dynamic_mesh_ms": 0.8880000114440918,
        "encode_ms": 1.9336669445037842,
        "admission_or_completion_ms": 0.0408330000936985
      },
      {
        "index": 671,
        "started_ms": 3865.067833,
        "submitted_ms": 3871.867541,
        "observed_completed_ms": 3878.1758750000004,
        "start_to_observed_completion_ms": 13.108042000000296,
        "submit_to_observed_completion_ms": 6.308334000000286,
        "continuous_iteration_ms": 6.8055419921875,
        "frame_ms": 6.8055419921875,
        "component_sum_ms": 6.7964582443237305,
        "tick_ms": 3.9845831394195557,
        "dynamic_mesh_ms": 0.8883330225944519,
        "encode_ms": 1.919416069984436,
        "admission_or_completion_ms": 0.004125999752432108
      },
      {
        "index": 672,
        "started_ms": 3871.8733749999997,
        "submitted_ms": 3878.17775,
        "observed_completed_ms": 3882.8210830000003,
        "start_to_observed_completion_ms": 10.947708000000603,
        "submit_to_observed_completion_ms": 4.643333000000439,
        "continuous_iteration_ms": 6.309458255767822,
        "frame_ms": 6.309458255767822,
        "component_sum_ms": 6.3012919425964355,
        "tick_ms": 3.662416934967041,
        "dynamic_mesh_ms": 0.889290988445282,
        "encode_ms": 1.7472089529037476,
        "admission_or_completion_ms": 0.0023750001564621925
      },
      {
        "index": 673,
        "started_ms": 3878.182833,
        "submitted_ms": 3884.670083,
        "observed_completed_ms": 3889.293833,
        "start_to_observed_completion_ms": 11.111000000000331,
        "submit_to_observed_completion_ms": 4.6237500000002,
        "continuous_iteration_ms": 6.4922919273376465,
        "frame_ms": 6.4922919273376465,
        "component_sum_ms": 6.484000205993652,
        "tick_ms": 3.644667148590088,
        "dynamic_mesh_ms": 0.8836669921875,
        "encode_ms": 1.847999930381775,
        "admission_or_completion_ms": 0.1076660007238388
      },
      {
        "index": 674,
        "started_ms": 3884.675125,
        "submitted_ms": 3891.1272910000002,
        "observed_completed_ms": 3895.9451249999997,
        "start_to_observed_completion_ms": 11.269999999999527,
        "submit_to_observed_completion_ms": 4.817833999999493,
        "continuous_iteration_ms": 6.458915710449219,
        "frame_ms": 6.458915710449219,
        "component_sum_ms": 6.449748992919922,
        "tick_ms": 3.647083044052124,
        "dynamic_mesh_ms": 0.9198749661445618,
        "encode_ms": 1.8324579000473022,
        "admission_or_completion_ms": 0.05033300071954727
      },
      {
        "index": 675,
        "started_ms": 3891.134041,
        "submitted_ms": 3897.731625,
        "observed_completed_ms": 3904.017958,
        "start_to_observed_completion_ms": 12.88391700000011,
        "submit_to_observed_completion_ms": 6.286333000000013,
        "continuous_iteration_ms": 6.604125022888184,
        "frame_ms": 6.604125022888184,
        "component_sum_ms": 6.595166206359863,
        "tick_ms": 3.8700411319732666,
        "dynamic_mesh_ms": 0.8957499861717224,
        "encode_ms": 1.785459041595459,
        "admission_or_completion_ms": 0.0439159981906414
      },
      {
        "index": 676,
        "started_ms": 3897.738166,
        "submitted_ms": 3904.02,
        "observed_completed_ms": 3908.405,
        "start_to_observed_completion_ms": 10.666834000000108,
        "submit_to_observed_completion_ms": 4.385000000000218,
        "continuous_iteration_ms": 6.288249969482422,
        "frame_ms": 6.288249969482422,
        "component_sum_ms": 6.278624534606934,
        "tick_ms": 3.5935418605804443,
        "dynamic_mesh_ms": 0.885208010673523,
        "encode_ms": 1.7965419292449951,
        "admission_or_completion_ms": 0.003333000000566244
      },
      {
        "index": 677,
        "started_ms": 3904.0264159999997,
        "submitted_ms": 3910.277333,
        "observed_completed_ms": 3914.82375,
        "start_to_observed_completion_ms": 10.797334000000319,
        "submit_to_observed_completion_ms": 4.5464170000000195,
        "continuous_iteration_ms": 6.256792068481445,
        "frame_ms": 6.256792068481445,
        "component_sum_ms": 6.248332500457764,
        "tick_ms": 3.466707944869995,
        "dynamic_mesh_ms": 0.8538750410079956,
        "encode_ms": 1.8710830211639404,
        "admission_or_completion_ms": 0.05666700005531311
      },
      {
        "index": 678,
        "started_ms": 3910.2832080000003,
        "submitted_ms": 3916.803,
        "observed_completed_ms": 3921.348666,
        "start_to_observed_completion_ms": 11.06545799999958,
        "submit_to_observed_completion_ms": 4.545665999999983,
        "continuous_iteration_ms": 6.527041912078857,
        "frame_ms": 6.527041912078857,
        "component_sum_ms": 6.517082691192627,
        "tick_ms": 3.6034579277038574,
        "dynamic_mesh_ms": 0.8907080292701721,
        "encode_ms": 1.9782500267028809,
        "admission_or_completion_ms": 0.04466700181365013
      },
      {
        "index": 679,
        "started_ms": 3916.81025,
        "submitted_ms": 3923.1396250000003,
        "observed_completed_ms": 3927.57975,
        "start_to_observed_completion_ms": 10.76949999999988,
        "submit_to_observed_completion_ms": 4.440124999999625,
        "continuous_iteration_ms": 6.335290908813477,
        "frame_ms": 6.335290908813477,
        "component_sum_ms": 6.326373100280762,
        "tick_ms": 3.613790988922119,
        "dynamic_mesh_ms": 0.8766660094261169,
        "encode_ms": 1.7900420427322388,
        "admission_or_completion_ms": 0.04587399959564209
      },
      {
        "index": 680,
        "started_ms": 3923.1455410000003,
        "submitted_ms": 3929.465208,
        "observed_completed_ms": 3934.1971249999997,
        "start_to_observed_completion_ms": 11.051583999999366,
        "submit_to_observed_completion_ms": 4.731916999999612,
        "continuous_iteration_ms": 6.326959133148193,
        "frame_ms": 6.326959133148193,
        "component_sum_ms": 6.31687593460083,
        "tick_ms": 3.4767088890075684,
        "dynamic_mesh_ms": 0.9045000076293945,
        "encode_ms": 1.8845829963684082,
        "admission_or_completion_ms": 0.0510840006172657
      },
      {
        "index": 681,
        "started_ms": 3929.4725000000003,
        "submitted_ms": 3936.018791,
        "observed_completed_ms": 3940.538041,
        "start_to_observed_completion_ms": 11.065540999999484,
        "submit_to_observed_completion_ms": 4.519249999999829,
        "continuous_iteration_ms": 6.552165985107422,
        "frame_ms": 6.552165985107422,
        "component_sum_ms": 6.542832374572754,
        "tick_ms": 3.7494168281555176,
        "dynamic_mesh_ms": 0.9237499833106995,
        "encode_ms": 1.8206250667572021,
        "admission_or_completion_ms": 0.04904099926352501
      },
      {
        "index": 682,
        "started_ms": 3936.024666,
        "submitted_ms": 3942.423833,
        "observed_completed_ms": 3946.874041,
        "start_to_observed_completion_ms": 10.849375000000236,
        "submit_to_observed_completion_ms": 4.4502080000002024,
        "continuous_iteration_ms": 6.406667232513428,
        "frame_ms": 6.406667232513428,
        "component_sum_ms": 6.3967509269714355,
        "tick_ms": 3.594917058944702,
        "dynamic_mesh_ms": 0.8774999976158142,
        "encode_ms": 1.8845421075820923,
        "admission_or_completion_ms": 0.039792001247406006
      },
      {
        "index": 683,
        "started_ms": 3942.431333,
        "submitted_ms": 3948.659708,
        "observed_completed_ms": 3953.156458,
        "start_to_observed_completion_ms": 10.725124999999935,
        "submit_to_observed_completion_ms": 4.496749999999793,
        "continuous_iteration_ms": 6.2340826988220215,
        "frame_ms": 6.2340826988220215,
        "component_sum_ms": 6.225165843963623,
        "tick_ms": 3.507999897003174,
        "dynamic_mesh_ms": 0.8934580087661743,
        "encode_ms": 1.7845829725265503,
        "admission_or_completion_ms": 0.039124999195337296
      },
      {
        "index": 684,
        "started_ms": 3948.665416,
        "submitted_ms": 3954.960583,
        "observed_completed_ms": 3959.306416,
        "start_to_observed_completion_ms": 10.641000000000076,
        "submit_to_observed_completion_ms": 4.345832999999857,
        "continuous_iteration_ms": 6.300292015075684,
        "frame_ms": 6.300292015075684,
        "component_sum_ms": 6.2923760414123535,
        "tick_ms": 3.564666986465454,
        "dynamic_mesh_ms": 0.8802919983863831,
        "encode_ms": 1.803375005722046,
        "admission_or_completion_ms": 0.04404199868440628
      },
      {
        "index": 685,
        "started_ms": 3954.965708,
        "submitted_ms": 3961.092333,
        "observed_completed_ms": 3965.451125,
        "start_to_observed_completion_ms": 10.48541699999987,
        "submit_to_observed_completion_ms": 4.358791999999994,
        "continuous_iteration_ms": 6.132791996002197,
        "frame_ms": 6.132791996002197,
        "component_sum_ms": 6.12437629699707,
        "tick_ms": 3.4060001373291016,
        "dynamic_mesh_ms": 0.8971670269966125,
        "encode_ms": 1.7847920656204224,
        "admission_or_completion_ms": 0.03641699627041817
      },
      {
        "index": 686,
        "started_ms": 3961.0985,
        "submitted_ms": 3967.434541,
        "observed_completed_ms": 3971.937,
        "start_to_observed_completion_ms": 10.83849999999984,
        "submit_to_observed_completion_ms": 4.502458999999817,
        "continuous_iteration_ms": 6.342207908630371,
        "frame_ms": 6.342207908630371,
        "component_sum_ms": 6.3328728675842285,
        "tick_ms": 3.402540922164917,
        "dynamic_mesh_ms": 0.8693749904632568,
        "encode_ms": 1.981666088104248,
        "admission_or_completion_ms": 0.07929100096225739
      },
      {
        "index": 687,
        "started_ms": 3967.4407079999996,
        "submitted_ms": 3973.6882499999997,
        "observed_completed_ms": 3978.337583,
        "start_to_observed_completion_ms": 10.896875000000364,
        "submit_to_observed_completion_ms": 4.649333000000297,
        "continuous_iteration_ms": 6.252749919891357,
        "frame_ms": 6.252749919891357,
        "component_sum_ms": 6.2444167137146,
        "tick_ms": 3.575124979019165,
        "dynamic_mesh_ms": 0.883292019367218,
        "encode_ms": 1.7501249313354492,
        "admission_or_completion_ms": 0.035875000059604645
      },
      {
        "index": 688,
        "started_ms": 3973.693458,
        "submitted_ms": 3980.229666,
        "observed_completed_ms": 3984.937541,
        "start_to_observed_completion_ms": 11.244082999999591,
        "submit_to_observed_completion_ms": 4.7078749999996035,
        "continuous_iteration_ms": 6.542832851409912,
        "frame_ms": 6.542832851409912,
        "component_sum_ms": 6.533958435058594,
        "tick_ms": 3.724749803543091,
        "dynamic_mesh_ms": 0.8732500076293945,
        "encode_ms": 1.891124963760376,
        "admission_or_completion_ms": 0.04483399912714958
      },
      {
        "index": 689,
        "started_ms": 3980.2362909999997,
        "submitted_ms": 3986.8463749999996,
        "observed_completed_ms": 3991.198333,
        "start_to_observed_completion_ms": 10.96204200000011,
        "submit_to_observed_completion_ms": 4.351958000000195,
        "continuous_iteration_ms": 6.616209030151367,
        "frame_ms": 6.616209030151367,
        "component_sum_ms": 6.606875896453857,
        "tick_ms": 3.7619168758392334,
        "dynamic_mesh_ms": 0.8884580135345459,
        "encode_ms": 1.907709002494812,
        "admission_or_completion_ms": 0.048792000859975815
      },
      {
        "index": 690,
        "started_ms": 3986.8525,
        "submitted_ms": 3993.089583,
        "observed_completed_ms": 3997.3840000000005,
        "start_to_observed_completion_ms": 10.531500000000506,
        "submit_to_observed_completion_ms": 4.2944170000005215,
        "continuous_iteration_ms": 6.245207786560059,
        "frame_ms": 6.245207786560059,
        "component_sum_ms": 6.234458923339844,
        "tick_ms": 3.4609999656677246,
        "dynamic_mesh_ms": 0.8462499976158142,
        "encode_ms": 1.8904169797897339,
        "admission_or_completion_ms": 0.03679199889302254
      },
      {
        "index": 691,
        "started_ms": 3993.0977080000002,
        "submitted_ms": 3999.327291,
        "observed_completed_ms": 4003.788125,
        "start_to_observed_completion_ms": 10.690416999999798,
        "submit_to_observed_completion_ms": 4.460833999999977,
        "continuous_iteration_ms": 6.237541675567627,
        "frame_ms": 6.237541675567627,
        "component_sum_ms": 6.226541996002197,
        "tick_ms": 3.3624160289764404,
        "dynamic_mesh_ms": 0.8874170184135437,
        "encode_ms": 1.9420000314712524,
        "admission_or_completion_ms": 0.03470899909734726
      },
      {
        "index": 692,
        "started_ms": 3999.33525,
        "submitted_ms": 4005.729583,
        "observed_completed_ms": 4010.170791,
        "start_to_observed_completion_ms": 10.835540999999921,
        "submit_to_observed_completion_ms": 4.441208000000188,
        "continuous_iteration_ms": 6.399457931518555,
        "frame_ms": 6.399457931518555,
        "component_sum_ms": 6.390501022338867,
        "tick_ms": 3.4811668395996094,
        "dynamic_mesh_ms": 0.9325829744338989,
        "encode_ms": 1.9405419826507568,
        "admission_or_completion_ms": 0.036208998411893845
      },
      {
        "index": 693,
        "started_ms": 4005.7347080000004,
        "submitted_ms": 4011.970291,
        "observed_completed_ms": 4016.342666,
        "start_to_observed_completion_ms": 10.607957999999599,
        "submit_to_observed_completion_ms": 4.37237499999992,
        "continuous_iteration_ms": 6.2416253089904785,
        "frame_ms": 6.2416253089904785,
        "component_sum_ms": 6.232917785644531,
        "tick_ms": 3.502166986465454,
        "dynamic_mesh_ms": 0.8870420455932617,
        "encode_ms": 1.7982499599456787,
        "admission_or_completion_ms": 0.045458998531103134
      },
      {
        "index": 694,
        "started_ms": 4011.9763329999996,
        "submitted_ms": 4018.3022079999996,
        "observed_completed_ms": 4022.671,
        "start_to_observed_completion_ms": 10.694667000000209,
        "submit_to_observed_completion_ms": 4.368792000000212,
        "continuous_iteration_ms": 6.334333419799805,
        "frame_ms": 6.334333419799805,
        "component_sum_ms": 6.323418617248535,
        "tick_ms": 3.4637091159820557,
        "dynamic_mesh_ms": 0.8632500171661377,
        "encode_ms": 1.9586670398712158,
        "admission_or_completion_ms": 0.03779200091958046
      },
      {
        "index": 695,
        "started_ms": 4018.310666,
        "submitted_ms": 4024.4092499999997,
        "observed_completed_ms": 4028.7435,
        "start_to_observed_completion_ms": 10.432834000000184,
        "submit_to_observed_completion_ms": 4.334250000000338,
        "continuous_iteration_ms": 6.103250026702881,
        "frame_ms": 6.103250026702881,
        "component_sum_ms": 6.09608268737793,
        "tick_ms": 3.4438748359680176,
        "dynamic_mesh_ms": 0.8803330063819885,
        "encode_ms": 1.7371670007705688,
        "admission_or_completion_ms": 0.03470800071954727
      },
      {
        "index": 696,
        "started_ms": 4024.4139160000004,
        "submitted_ms": 4030.548625,
        "observed_completed_ms": 4034.8218750000005,
        "start_to_observed_completion_ms": 10.407959000000119,
        "submit_to_observed_completion_ms": 4.273250000000644,
        "continuous_iteration_ms": 6.1405839920043945,
        "frame_ms": 6.1405839920043945,
        "component_sum_ms": 6.132208347320557,
        "tick_ms": 3.4040000438690186,
        "dynamic_mesh_ms": 0.8820419907569885,
        "encode_ms": 1.804334044456482,
        "admission_or_completion_ms": 0.04183200001716614
      },
      {
        "index": 697,
        "started_ms": 4030.5545,
        "submitted_ms": 4036.6051250000005,
        "observed_completed_ms": 4040.822708,
        "start_to_observed_completion_ms": 10.268207999999959,
        "submit_to_observed_completion_ms": 4.2175829999996495,
        "continuous_iteration_ms": 6.055875301361084,
        "frame_ms": 6.055875301361084,
        "component_sum_ms": 6.04808235168457,
        "tick_ms": 3.3464999198913574,
        "dynamic_mesh_ms": 0.8804579973220825,
        "encode_ms": 1.782459020614624,
        "admission_or_completion_ms": 0.038665998727083206
      },
      {
        "index": 698,
        "started_ms": 4036.610375,
        "submitted_ms": 4042.574791,
        "observed_completed_ms": 4046.657125,
        "start_to_observed_completion_ms": 10.046749999999975,
        "submit_to_observed_completion_ms": 4.0823340000001735,
        "continuous_iteration_ms": 5.971208095550537,
        "frame_ms": 5.971208095550537,
        "component_sum_ms": 5.961958885192871,
        "tick_ms": 3.294250011444092,
        "dynamic_mesh_ms": 0.8784170150756836,
        "encode_ms": 1.7510828971862793,
        "admission_or_completion_ms": 0.03820899873971939
      },
      {
        "index": 699,
        "started_ms": 4042.5815829999997,
        "submitted_ms": 4048.394833,
        "observed_completed_ms": 4052.490458,
        "start_to_observed_completion_ms": 9.908875000000535,
        "submit_to_observed_completion_ms": 4.095625000000382,
        "continuous_iteration_ms": 5.816999912261963,
        "frame_ms": 5.816999912261963,
        "component_sum_ms": 5.810251235961914,
        "tick_ms": 3.1445419788360596,
        "dynamic_mesh_ms": 0.897957980632782,
        "encode_ms": 1.7367920875549316,
        "admission_or_completion_ms": 0.030958998948335648
      },
      {
        "index": 700,
        "started_ms": 4048.398583,
        "submitted_ms": 4054.3601249999997,
        "observed_completed_ms": 4058.6375410000005,
        "start_to_observed_completion_ms": 10.238958000000366,
        "submit_to_observed_completion_ms": 4.277416000000812,
        "continuous_iteration_ms": 5.968500137329102,
        "frame_ms": 5.968500137329102,
        "component_sum_ms": 5.959251403808594,
        "tick_ms": 3.1884589195251465,
        "dynamic_mesh_ms": 0.8711250424385071,
        "encode_ms": 1.8688750267028809,
        "admission_or_completion_ms": 0.030791999772191048
      },
      {
        "index": 701,
        "started_ms": 4054.3670829999996,
        "submitted_ms": 4060.552875,
        "observed_completed_ms": 4064.8755,
        "start_to_observed_completion_ms": 10.508417000000463,
        "submit_to_observed_completion_ms": 4.322625000000244,
        "continuous_iteration_ms": 6.192041873931885,
        "frame_ms": 6.192041873931885,
        "component_sum_ms": 6.1819586753845215,
        "tick_ms": 3.2948338985443115,
        "dynamic_mesh_ms": 0.9206669926643372,
        "encode_ms": 1.9141669273376465,
        "admission_or_completion_ms": 0.05229100212454796
      },
      {
        "index": 702,
        "started_ms": 4060.559125,
        "submitted_ms": 4066.820666,
        "observed_completed_ms": 4070.9902079999997,
        "start_to_observed_completion_ms": 10.43108299999949,
        "submit_to_observed_completion_ms": 4.1695419999996375,
        "continuous_iteration_ms": 6.276416301727295,
        "frame_ms": 6.276416301727295,
        "component_sum_ms": 6.257832050323486,
        "tick_ms": 3.342125177383423,
        "dynamic_mesh_ms": 0.9118330478668213,
        "encode_ms": 1.9439159631729126,
        "admission_or_completion_ms": 0.05995799973607063
      },
      {
        "index": 703,
        "started_ms": 4066.8355409999995,
        "submitted_ms": 4072.825375,
        "observed_completed_ms": 4077.113375,
        "start_to_observed_completion_ms": 10.27783400000044,
        "submit_to_observed_completion_ms": 4.288000000000011,
        "continuous_iteration_ms": 5.994750022888184,
        "frame_ms": 5.994750022888184,
        "component_sum_ms": 5.986834526062012,
        "tick_ms": 3.2250001430511475,
        "dynamic_mesh_ms": 0.8909170031547546,
        "encode_ms": 1.8339589834213257,
        "admission_or_completion_ms": 0.036957997828722
      },
      {
        "index": 704,
        "started_ms": 4072.8302909999998,
        "submitted_ms": 4079.05825,
        "observed_completed_ms": 4083.38,
        "start_to_observed_completion_ms": 10.549709000000348,
        "submit_to_observed_completion_ms": 4.3217500000000655,
        "continuous_iteration_ms": 6.235291957855225,
        "frame_ms": 6.235291957855225,
        "component_sum_ms": 6.225873947143555,
        "tick_ms": 3.3183748722076416,
        "dynamic_mesh_ms": 0.9152080416679382,
        "encode_ms": 1.9437919855117798,
        "admission_or_completion_ms": 0.04849899932742119
      },
      {
        "index": 705,
        "started_ms": 4079.065583,
        "submitted_ms": 4085.1393749999997,
        "observed_completed_ms": 4089.471833,
        "start_to_observed_completion_ms": 10.40625,
        "submit_to_observed_completion_ms": 4.332458000000315,
        "continuous_iteration_ms": 6.0794172286987305,
        "frame_ms": 6.0794172286987305,
        "component_sum_ms": 6.070249080657959,
        "tick_ms": 3.340708017349243,
        "dynamic_mesh_ms": 0.9278330206871033,
        "encode_ms": 1.758417010307312,
        "admission_or_completion_ms": 0.04329100251197815
      },
      {
        "index": 706,
        "started_ms": 4085.145,
        "submitted_ms": 4091.488291,
        "observed_completed_ms": 4095.618791,
        "start_to_observed_completion_ms": 10.473790999999892,
        "submit_to_observed_completion_ms": 4.130499999999756,
        "continuous_iteration_ms": 6.355375289916992,
        "frame_ms": 6.355375289916992,
        "component_sum_ms": 6.339206218719482,
        "tick_ms": 3.3499999046325684,
        "dynamic_mesh_ms": 0.9055829644203186,
        "encode_ms": 2.014582872390747,
        "admission_or_completion_ms": 0.06904099881649017
      },
      {
        "index": 707,
        "started_ms": 4091.500375,
        "submitted_ms": 4097.433290999999,
        "observed_completed_ms": 4101.823582999999,
        "start_to_observed_completion_ms": 10.32320799999934,
        "submit_to_observed_completion_ms": 4.390292000000045,
        "continuous_iteration_ms": 5.938582897186279,
        "frame_ms": 5.938582897186279,
        "component_sum_ms": 5.929959297180176,
        "tick_ms": 3.164875030517578,
        "dynamic_mesh_ms": 0.912833034992218,
        "encode_ms": 1.8133749961853027,
        "admission_or_completion_ms": 0.0388759970664978
      },
      {
        "index": 708,
        "started_ms": 4097.438958,
        "submitted_ms": 4103.606791,
        "observed_completed_ms": 4107.595416,
        "start_to_observed_completion_ms": 10.156458000000384,
        "submit_to_observed_completion_ms": 3.9886249999999563,
        "continuous_iteration_ms": 6.174292087554932,
        "frame_ms": 6.174292087554932,
        "component_sum_ms": 6.165499687194824,
        "tick_ms": 3.454749822616577,
        "dynamic_mesh_ms": 0.8845839500427246,
        "encode_ms": 1.7822909355163574,
        "admission_or_completion_ms": 0.04387500137090683
      },
      {
        "index": 709,
        "started_ms": 4103.61325,
        "submitted_ms": 4109.39975,
        "observed_completed_ms": 4113.717291000001,
        "start_to_observed_completion_ms": 10.104041000000507,
        "submit_to_observed_completion_ms": 4.317541000001256,
        "continuous_iteration_ms": 5.794040679931641,
        "frame_ms": 5.794040679931641,
        "component_sum_ms": 5.784624099731445,
        "tick_ms": 3.091207981109619,
        "dynamic_mesh_ms": 0.8515830039978027,
        "encode_ms": 1.8034999370574951,
        "admission_or_completion_ms": 0.038332998752593994
      },
      {
        "index": 710,
        "started_ms": 4109.407291,
        "submitted_ms": 4115.784041000001,
        "observed_completed_ms": 4119.872832999999,
        "start_to_observed_completion_ms": 10.465541999999004,
        "submit_to_observed_completion_ms": 4.088791999998648,
        "continuous_iteration_ms": 6.384166717529297,
        "frame_ms": 6.384166717529297,
        "component_sum_ms": 6.374333381652832,
        "tick_ms": 3.354750156402588,
        "dynamic_mesh_ms": 0.9176669716835022,
        "encode_ms": 2.065791130065918,
        "admission_or_completion_ms": 0.036125000566244125
      },
      {
        "index": 711,
        "started_ms": 4115.791458000001,
        "submitted_ms": 4121.667083,
        "observed_completed_ms": 4125.664375,
        "start_to_observed_completion_ms": 9.872916999999688,
        "submit_to_observed_completion_ms": 3.997292000000016,
        "continuous_iteration_ms": 5.881499767303467,
        "frame_ms": 5.881499767303467,
        "component_sum_ms": 5.872750282287598,
        "tick_ms": 3.159916877746582,
        "dynamic_mesh_ms": 0.8799579739570618,
        "encode_ms": 1.793375015258789,
        "admission_or_completion_ms": 0.03949999809265137
      },
      {
        "index": 712,
        "started_ms": 4121.672957999999,
        "submitted_ms": 4127.466583,
        "observed_completed_ms": 4131.659,
        "start_to_observed_completion_ms": 9.986042000000452,
        "submit_to_observed_completion_ms": 4.1924169999992955,
        "continuous_iteration_ms": 5.798874855041504,
        "frame_ms": 5.798874855041504,
        "component_sum_ms": 5.790751934051514,
        "tick_ms": 3.049708843231201,
        "dynamic_mesh_ms": 0.9023339748382568,
        "encode_ms": 1.8012080192565918,
        "admission_or_completion_ms": 0.03750099986791611
      },
      {
        "index": 713,
        "started_ms": 4127.4718330000005,
        "submitted_ms": 4133.734665999999,
        "observed_completed_ms": 4137.935375,
        "start_to_observed_completion_ms": 10.463541999999507,
        "submit_to_observed_completion_ms": 4.200709000000643,
        "continuous_iteration_ms": 6.270166873931885,
        "frame_ms": 6.270166873931885,
        "component_sum_ms": 6.259875774383545,
        "tick_ms": 3.249083995819092,
        "dynamic_mesh_ms": 0.895334005355835,
        "encode_ms": 2.074915885925293,
        "admission_or_completion_ms": 0.04054200276732445
      },
      {
        "index": 714,
        "started_ms": 4133.742,
        "submitted_ms": 4139.947291,
        "observed_completed_ms": 4144.068833,
        "start_to_observed_completion_ms": 10.326833000000079,
        "submit_to_observed_completion_ms": 4.121541999999863,
        "continuous_iteration_ms": 6.215958118438721,
        "frame_ms": 6.215958118438721,
        "component_sum_ms": 6.203333377838135,
        "tick_ms": 3.252415895462036,
        "dynamic_mesh_ms": 0.8857920169830322,
        "encode_ms": 2.0107080936431885,
        "admission_or_completion_ms": 0.054416999220848083
      },
      {
        "index": 715,
        "started_ms": 4139.957958,
        "submitted_ms": 4145.909541,
        "observed_completed_ms": 4150.0025000000005,
        "start_to_observed_completion_ms": 10.044542000000547,
        "submit_to_observed_completion_ms": 4.092959000000519,
        "continuous_iteration_ms": 5.958000183105469,
        "frame_ms": 5.958000183105469,
        "component_sum_ms": 5.948625087738037,
        "tick_ms": 3.185833215713501,
        "dynamic_mesh_ms": 0.8802500367164612,
        "encode_ms": 1.8396660089492798,
        "admission_or_completion_ms": 0.042875997722148895
      },
      {
        "index": 716,
        "started_ms": 4145.915958,
        "submitted_ms": 4151.800375,
        "observed_completed_ms": 4156.045708,
        "start_to_observed_completion_ms": 10.129750000000058,
        "submit_to_observed_completion_ms": 4.245332999999846,
        "continuous_iteration_ms": 5.890124797821045,
        "frame_ms": 5.890124797821045,
        "component_sum_ms": 5.88133430480957,
        "tick_ms": 3.1394169330596924,
        "dynamic_mesh_ms": 0.8966660499572754,
        "encode_ms": 1.796834111213684,
        "admission_or_completion_ms": 0.04841700196266174
      },
      {
        "index": 717,
        "started_ms": 4151.806083,
        "submitted_ms": 4157.765915999999,
        "observed_completed_ms": 4161.8529579999995,
        "start_to_observed_completion_ms": 10.04687499999909,
        "submit_to_observed_completion_ms": 4.08704200000011,
        "continuous_iteration_ms": 5.964457988739014,
        "frame_ms": 5.964457988739014,
        "component_sum_ms": 5.957207679748535,
        "tick_ms": 3.321958065032959,
        "dynamic_mesh_ms": 0.8724579811096191,
        "encode_ms": 1.7192909717559814,
        "admission_or_completion_ms": 0.043501000851392746
      },
      {
        "index": 718,
        "started_ms": 4157.770541,
        "submitted_ms": 4163.640916,
        "observed_completed_ms": 4167.738832999999,
        "start_to_observed_completion_ms": 9.968291999999565,
        "submit_to_observed_completion_ms": 4.097916999999143,
        "continuous_iteration_ms": 5.876167297363281,
        "frame_ms": 5.876167297363281,
        "component_sum_ms": 5.867459297180176,
        "tick_ms": 3.1700408458709717,
        "dynamic_mesh_ms": 0.8761669993400574,
        "encode_ms": 1.7868750095367432,
        "admission_or_completion_ms": 0.03437599912285805
      },
      {
        "index": 719,
        "started_ms": 4163.646708,
        "submitted_ms": 4169.4395,
        "observed_completed_ms": 4173.3982909999995,
        "start_to_observed_completion_ms": 9.7515829999993,
        "submit_to_observed_completion_ms": 3.9587909999991098,
        "continuous_iteration_ms": 5.798332691192627,
        "frame_ms": 5.798332691192627,
        "component_sum_ms": 5.790083885192871,
        "tick_ms": 3.1799581050872803,
        "dynamic_mesh_ms": 0.8685420155525208,
        "encode_ms": 1.6998339891433716,
        "admission_or_completion_ms": 0.04175000265240669
      },
      {
        "index": 720,
        "started_ms": 4169.445041,
        "submitted_ms": 4175.096375,
        "observed_completed_ms": 4178.957791,
        "start_to_observed_completion_ms": 9.512749999999869,
        "submit_to_observed_completion_ms": 3.8614159999997355,
        "continuous_iteration_ms": 5.659833908081055,
        "frame_ms": 5.659833908081055,
        "component_sum_ms": 5.6490020751953125,
        "tick_ms": 3.0704588890075684,
        "dynamic_mesh_ms": 0.8500840067863464,
        "encode_ms": 1.6970419883728027,
        "admission_or_completion_ms": 0.03141700103878975
      },
      {
        "index": 721,
        "started_ms": 4175.104875,
        "submitted_ms": 4180.6816659999995,
        "observed_completed_ms": 4184.394958000001,
        "start_to_observed_completion_ms": 9.290083000000777,
        "submit_to_observed_completion_ms": 3.7132920000012746,
        "continuous_iteration_ms": 5.5811662673950195,
        "frame_ms": 5.5811662673950195,
        "component_sum_ms": 5.574418067932129,
        "tick_ms": 2.948625087738037,
        "dynamic_mesh_ms": 0.8743340373039246,
        "encode_ms": 1.722999930381775,
        "admission_or_completion_ms": 0.02845900133252144
      },
      {
        "index": 722,
        "started_ms": 4180.686041000001,
        "submitted_ms": 4186.033875,
        "observed_completed_ms": 4189.713957999999,
        "start_to_observed_completion_ms": 9.027916999998524,
        "submit_to_observed_completion_ms": 3.6800829999992857,
        "continuous_iteration_ms": 5.358334064483643,
        "frame_ms": 5.358334064483643,
        "component_sum_ms": 5.345584869384766,
        "tick_ms": 2.8232920169830322,
        "dynamic_mesh_ms": 0.8590840101242065,
        "encode_ms": 1.6382089853286743,
        "admission_or_completion_ms": 0.02499999850988388
      },
      {
        "index": 723,
        "started_ms": 4186.0443749999995,
        "submitted_ms": 4191.425666,
        "observed_completed_ms": 4195.439416,
        "start_to_observed_completion_ms": 9.395041000000674,
        "submit_to_observed_completion_ms": 4.013750000000073,
        "continuous_iteration_ms": 5.385290622711182,
        "frame_ms": 5.385290622711182,
        "component_sum_ms": 5.379374027252197,
        "tick_ms": 2.7773749828338623,
        "dynamic_mesh_ms": 0.8602080345153809,
        "encode_ms": 1.7107080221176147,
        "admission_or_completion_ms": 0.0310830008238554
      },
      {
        "index": 724,
        "started_ms": 4191.429666,
        "submitted_ms": 4197.320125,
        "observed_completed_ms": 4201.513333,
        "start_to_observed_completion_ms": 10.083666999999878,
        "submit_to_observed_completion_ms": 4.193207999999686,
        "continuous_iteration_ms": 5.896292209625244,
        "frame_ms": 5.896292209625244,
        "component_sum_ms": 5.887791633605957,
        "tick_ms": 3.0850419998168945,
        "dynamic_mesh_ms": 0.8791670203208923,
        "encode_ms": 1.8798749446868896,
        "admission_or_completion_ms": 0.04370800033211708
      },
      {
        "index": 725,
        "started_ms": 4197.325958,
        "submitted_ms": 4203.207166,
        "observed_completed_ms": 4207.138375,
        "start_to_observed_completion_ms": 9.812417000000096,
        "submit_to_observed_completion_ms": 3.931209000000308,
        "continuous_iteration_ms": 5.886875152587891,
        "frame_ms": 5.886875152587891,
        "component_sum_ms": 5.87862491607666,
        "tick_ms": 3.2592499256134033,
        "dynamic_mesh_ms": 0.8865000009536743,
        "encode_ms": 1.6928330659866333,
        "admission_or_completion_ms": 0.04004199802875519
      },
      {
        "index": 726,
        "started_ms": 4203.2128330000005,
        "submitted_ms": 4208.930249999999,
        "observed_completed_ms": 4213.023416,
        "start_to_observed_completion_ms": 9.810582999999497,
        "submit_to_observed_completion_ms": 4.093166000000565,
        "continuous_iteration_ms": 5.723833084106445,
        "frame_ms": 5.723833084106445,
        "component_sum_ms": 5.7147908210754395,
        "tick_ms": 2.9810829162597656,
        "dynamic_mesh_ms": 0.9040000438690186,
        "encode_ms": 1.7905420064926147,
        "admission_or_completion_ms": 0.03916599974036217
      },
      {
        "index": 727,
        "started_ms": 4208.936666,
        "submitted_ms": 4214.839208,
        "observed_completed_ms": 4218.8310409999995,
        "start_to_observed_completion_ms": 9.894374999999854,
        "submit_to_observed_completion_ms": 3.991832999999133,
        "continuous_iteration_ms": 5.909292221069336,
        "frame_ms": 5.909292221069336,
        "component_sum_ms": 5.899540901184082,
        "tick_ms": 3.151124954223633,
        "dynamic_mesh_ms": 0.8957920074462891,
        "encode_ms": 1.8147079944610596,
        "admission_or_completion_ms": 0.03791600093245506
      },
      {
        "index": 728,
        "started_ms": 4214.845958,
        "submitted_ms": 4220.604375,
        "observed_completed_ms": 4224.391458,
        "start_to_observed_completion_ms": 9.545500000000175,
        "submit_to_observed_completion_ms": 3.787083000000166,
        "continuous_iteration_ms": 5.764542102813721,
        "frame_ms": 5.764542102813721,
        "component_sum_ms": 5.75600004196167,
        "tick_ms": 3.079167127609253,
        "dynamic_mesh_ms": 0.8661249876022339,
        "encode_ms": 1.7722500562667847,
        "admission_or_completion_ms": 0.038458000868558884
      },
      {
        "index": 729,
        "started_ms": 4220.610500000001,
        "submitted_ms": 4226.211625,
        "observed_completed_ms": 4230.147958,
        "start_to_observed_completion_ms": 9.537457999998878,
        "submit_to_observed_completion_ms": 3.9363329999996495,
        "continuous_iteration_ms": 5.605583190917969,
        "frame_ms": 5.605583190917969,
        "component_sum_ms": 5.598625183105469,
        "tick_ms": 2.876584053039551,
        "dynamic_mesh_ms": 0.8713330030441284,
        "encode_ms": 1.819459080696106,
        "admission_or_completion_ms": 0.031249001622200012
      },
      {
        "index": 730,
        "started_ms": 4226.216082999999,
        "submitted_ms": 4231.944833,
        "observed_completed_ms": 4235.802958,
        "start_to_observed_completion_ms": 9.586875000000873,
        "submit_to_observed_completion_ms": 3.858125000000655,
        "continuous_iteration_ms": 5.734750270843506,
        "frame_ms": 5.734750270843506,
        "component_sum_ms": 5.7261247634887695,
        "tick_ms": 3.0316250324249268,
        "dynamic_mesh_ms": 0.8700829744338989,
        "encode_ms": 1.7962499856948853,
        "admission_or_completion_ms": 0.02816700004041195
      },
      {
        "index": 731,
        "started_ms": 4231.950833,
        "submitted_ms": 4237.545625,
        "observed_completed_ms": 4241.363833,
        "start_to_observed_completion_ms": 9.413000000000466,
        "submit_to_observed_completion_ms": 3.8182080000005953,
        "continuous_iteration_ms": 5.599457740783691,
        "frame_ms": 5.599457740783691,
        "component_sum_ms": 5.591668128967285,
        "tick_ms": 2.929208993911743,
        "dynamic_mesh_ms": 0.8827080130577087,
        "encode_ms": 1.7417089939117432,
        "admission_or_completion_ms": 0.03804199770092964
      },
      {
        "index": 732,
        "started_ms": 4237.550291,
        "submitted_ms": 4243.075625,
        "observed_completed_ms": 4247.004083,
        "start_to_observed_completion_ms": 9.453792000000249,
        "submit_to_observed_completion_ms": 3.9284579999994094,
        "continuous_iteration_ms": 5.529916763305664,
        "frame_ms": 5.529916763305664,
        "component_sum_ms": 5.5230817794799805,
        "tick_ms": 2.9220829010009766,
        "dynamic_mesh_ms": 0.863707959651947,
        "encode_ms": 1.7112500667572021,
        "admission_or_completion_ms": 0.026041001081466675
      },
      {
        "index": 733,
        "started_ms": 4243.080208,
        "submitted_ms": 4248.666875,
        "observed_completed_ms": 4252.384540999999,
        "start_to_observed_completion_ms": 9.304332999999133,
        "submit_to_observed_completion_ms": 3.7176659999995536,
        "continuous_iteration_ms": 5.590791702270508,
        "frame_ms": 5.590791702270508,
        "component_sum_ms": 5.584499835968018,
        "tick_ms": 3.0228748321533203,
        "dynamic_mesh_ms": 0.8689590096473694,
        "encode_ms": 1.6619999408721924,
        "admission_or_completion_ms": 0.03066599927842617
      },
      {
        "index": 734,
        "started_ms": 4248.671,
        "submitted_ms": 4254.0788330000005,
        "observed_completed_ms": 4257.77275,
        "start_to_observed_completion_ms": 9.10174999999981,
        "submit_to_observed_completion_ms": 3.693916999999601,
        "continuous_iteration_ms": 5.4118332862854,
        "frame_ms": 5.4118332862854,
        "component_sum_ms": 5.4058332443237305,
        "tick_ms": 2.8167080879211426,
        "dynamic_mesh_ms": 0.8679999709129333,
        "encode_ms": 1.693708062171936,
        "admission_or_completion_ms": 0.027416998520493507
      },
      {
        "index": 735,
        "started_ms": 4254.082833,
        "submitted_ms": 4259.743041,
        "observed_completed_ms": 4263.660125,
        "start_to_observed_completion_ms": 9.577291999999943,
        "submit_to_observed_completion_ms": 3.9170840000006137,
        "continuous_iteration_ms": 5.665250301361084,
        "frame_ms": 5.665250301361084,
        "component_sum_ms": 5.658417224884033,
        "tick_ms": 2.806833028793335,
        "dynamic_mesh_ms": 0.8562090396881104,
        "encode_ms": 1.969499945640564,
        "admission_or_completion_ms": 0.025875000283122063
      },
      {
        "index": 736,
        "started_ms": 4259.7480829999995,
        "submitted_ms": 4265.515665999999,
        "observed_completed_ms": 4269.360291,
        "start_to_observed_completion_ms": 9.612208000000464,
        "submit_to_observed_completion_ms": 3.844625000000633,
        "continuous_iteration_ms": 5.775291919708252,
        "frame_ms": 5.775291919708252,
        "component_sum_ms": 5.765375137329102,
        "tick_ms": 2.999667167663574,
        "dynamic_mesh_ms": 0.8733330368995667,
        "encode_ms": 1.854457974433899,
        "admission_or_completion_ms": 0.03791699931025505
      },
      {
        "index": 737,
        "started_ms": 4265.523375,
        "submitted_ms": 4271.0430830000005,
        "observed_completed_ms": 4274.745540999999,
        "start_to_observed_completion_ms": 9.22216599999956,
        "submit_to_observed_completion_ms": 3.702457999998842,
        "continuous_iteration_ms": 5.524208068847656,
        "frame_ms": 5.524208068847656,
        "component_sum_ms": 5.51704216003418,
        "tick_ms": 2.941542148590088,
        "dynamic_mesh_ms": 0.8601670265197754,
        "encode_ms": 1.6820000410079956,
        "admission_or_completion_ms": 0.03333299607038498
      },
      {
        "index": 738,
        "started_ms": 4271.047583,
        "submitted_ms": 4276.458291,
        "observed_completed_ms": 4280.275333,
        "start_to_observed_completion_ms": 9.227750000000015,
        "submit_to_observed_completion_ms": 3.817041999999674,
        "continuous_iteration_ms": 5.414541721343994,
        "frame_ms": 5.414541721343994,
        "component_sum_ms": 5.408291816711426,
        "tick_ms": 2.7653329372406006,
        "dynamic_mesh_ms": 0.9051670432090759,
        "encode_ms": 1.7119579315185547,
        "admission_or_completion_ms": 0.02583400160074234
      },
      {
        "index": 739,
        "started_ms": 4276.462125,
        "submitted_ms": 4281.979416,
        "observed_completed_ms": 4285.770375,
        "start_to_observed_completion_ms": 9.308250000000044,
        "submit_to_observed_completion_ms": 3.79095899999993,
        "continuous_iteration_ms": 5.521082878112793,
        "frame_ms": 5.521082878112793,
        "component_sum_ms": 5.514832973480225,
        "tick_ms": 2.895625114440918,
        "dynamic_mesh_ms": 0.8871660232543945,
        "encode_ms": 1.7032909393310547,
        "admission_or_completion_ms": 0.02875100076198578
      },
      {
        "index": 740,
        "started_ms": 4281.983208,
        "submitted_ms": 4287.465583,
        "observed_completed_ms": 4291.125416,
        "start_to_observed_completion_ms": 9.14220800000021,
        "submit_to_observed_completion_ms": 3.6598329999997077,
        "continuous_iteration_ms": 5.486083030700684,
        "frame_ms": 5.486083030700684,
        "component_sum_ms": 5.480291843414307,
        "tick_ms": 2.8611249923706055,
        "dynamic_mesh_ms": 0.8948749899864197,
        "encode_ms": 1.6944580078125,
        "admission_or_completion_ms": 0.029834002256393433
      },
      {
        "index": 741,
        "started_ms": 4287.469290999999,
        "submitted_ms": 4292.935082999999,
        "observed_completed_ms": 4296.649416,
        "start_to_observed_completion_ms": 9.180125000000771,
        "submit_to_observed_completion_ms": 3.7143330000008064,
        "continuous_iteration_ms": 5.470834255218506,
        "frame_ms": 5.470834255218506,
        "component_sum_ms": 5.464083194732666,
        "tick_ms": 2.7345831394195557,
        "dynamic_mesh_ms": 0.8937920331954956,
        "encode_ms": 1.808791995048523,
        "admission_or_completion_ms": 0.02691599912941456
      },
      {
        "index": 742,
        "started_ms": 4292.940125,
        "submitted_ms": 4298.635041,
        "observed_completed_ms": 4302.361833,
        "start_to_observed_completion_ms": 9.421707999999853,
        "submit_to_observed_completion_ms": 3.726792000000387,
        "continuous_iteration_ms": 5.702125072479248,
        "frame_ms": 5.702125072479248,
        "component_sum_ms": 5.6926679611206055,
        "tick_ms": 2.8023340702056885,
        "dynamic_mesh_ms": 0.8767920136451721,
        "encode_ms": 1.9849159717559814,
        "admission_or_completion_ms": 0.02862600050866604
      },
      {
        "index": 743,
        "started_ms": 4298.642250000001,
        "submitted_ms": 4304.022416000001,
        "observed_completed_ms": 4307.578375,
        "start_to_observed_completion_ms": 8.936124999999265,
        "submit_to_observed_completion_ms": 3.5559589999993477,
        "continuous_iteration_ms": 5.3848748207092285,
        "frame_ms": 5.3848748207092285,
        "component_sum_ms": 5.378083229064941,
        "tick_ms": 2.821666955947876,
        "dynamic_mesh_ms": 0.8605409860610962,
        "encode_ms": 1.6595829725265503,
        "admission_or_completion_ms": 0.036291997879743576
      },
      {
        "index": 744,
        "started_ms": 4304.0271250000005,
        "submitted_ms": 4309.334125,
        "observed_completed_ms": 4312.7895,
        "start_to_observed_completion_ms": 8.762374999999338,
        "submit_to_observed_completion_ms": 3.455374999999549,
        "continuous_iteration_ms": 5.311416149139404,
        "frame_ms": 5.311416149139404,
        "component_sum_ms": 5.304542064666748,
        "tick_ms": 2.656792163848877,
        "dynamic_mesh_ms": 0.8630419969558716,
        "encode_ms": 1.754917025566101,
        "admission_or_completion_ms": 0.029791001230478287
      },
      {
        "index": 745,
        "started_ms": 4309.338541,
        "submitted_ms": 4314.481333,
        "observed_completed_ms": 4318.964875,
        "start_to_observed_completion_ms": 9.626333999999588,
        "submit_to_observed_completion_ms": 4.483541999999943,
        "continuous_iteration_ms": 5.147334098815918,
        "frame_ms": 5.147334098815918,
        "component_sum_ms": 5.140376091003418,
        "tick_ms": 2.580625057220459,
        "dynamic_mesh_ms": 0.8388749957084656,
        "encode_ms": 1.6910419464111328,
        "admission_or_completion_ms": 0.029833998531103134
      },
      {
        "index": 746,
        "started_ms": 4314.485875,
        "submitted_ms": 4319.961041,
        "observed_completed_ms": 4323.5285,
        "start_to_observed_completion_ms": 9.042625000000044,
        "submit_to_observed_completion_ms": 3.567459000000781,
        "continuous_iteration_ms": 5.479665756225586,
        "frame_ms": 5.479665756225586,
        "component_sum_ms": 5.4725422859191895,
        "tick_ms": 2.8501250743865967,
        "dynamic_mesh_ms": 0.8791670203208923,
        "encode_ms": 1.7401659488677979,
        "admission_or_completion_ms": 0.003083999967202544
      },
      {
        "index": 747,
        "started_ms": 4319.9655410000005,
        "submitted_ms": 4325.137166,
        "observed_completed_ms": 4328.703125,
        "start_to_observed_completion_ms": 8.737583999999515,
        "submit_to_observed_completion_ms": 3.565958999999566,
        "continuous_iteration_ms": 5.175374984741211,
        "frame_ms": 5.175374984741211,
        "component_sum_ms": 5.169540882110596,
        "tick_ms": 2.6996660232543945,
        "dynamic_mesh_ms": 0.8372920155525208,
        "encode_ms": 1.60812509059906,
        "admission_or_completion_ms": 0.02445800043642521
      },
      {
        "index": 748,
        "started_ms": 4325.140915999999,
        "submitted_ms": 4330.418291,
        "observed_completed_ms": 4334.685291,
        "start_to_observed_completion_ms": 9.5443750000004,
        "submit_to_observed_completion_ms": 4.266999999999825,
        "continuous_iteration_ms": 5.281875133514404,
        "frame_ms": 5.281875133514404,
        "component_sum_ms": 5.275500297546387,
        "tick_ms": 2.636583089828491,
        "dynamic_mesh_ms": 0.8930829763412476,
        "encode_ms": 1.7142080068588257,
        "admission_or_completion_ms": 0.03162600100040436
      },
      {
        "index": 749,
        "started_ms": 4330.422791,
        "submitted_ms": 4335.714875,
        "observed_completed_ms": 4339.131916,
        "start_to_observed_completion_ms": 8.709125000000313,
        "submit_to_observed_completion_ms": 3.4170410000006086,
        "continuous_iteration_ms": 5.297459125518799,
        "frame_ms": 5.297459125518799,
        "component_sum_ms": 5.289458274841309,
        "tick_ms": 2.682999849319458,
        "dynamic_mesh_ms": 0.8592090010643005,
        "encode_ms": 1.7440420389175415,
        "admission_or_completion_ms": 0.003206999972462654
      },
      {
        "index": 750,
        "started_ms": 4335.720249999999,
        "submitted_ms": 4340.817833,
        "observed_completed_ms": 4344.2131660000005,
        "start_to_observed_completion_ms": 8.49291600000106,
        "submit_to_observed_completion_ms": 3.3953330000003916,
        "continuous_iteration_ms": 5.102416038513184,
        "frame_ms": 5.102416038513184,
        "component_sum_ms": 5.095414638519287,
        "tick_ms": 2.507582902908325,
        "dynamic_mesh_ms": 0.8700829744338989,
        "encode_ms": 1.6852079629898071,
        "admission_or_completion_ms": 0.03254099562764168
      },
      {
        "index": 751,
        "started_ms": 4340.822666,
        "submitted_ms": 4345.786583,
        "observed_completed_ms": 4349.345665999999,
        "start_to_observed_completion_ms": 8.522999999999229,
        "submit_to_observed_completion_ms": 3.559082999999191,
        "continuous_iteration_ms": 4.968250274658203,
        "frame_ms": 4.968250274658203,
        "component_sum_ms": 4.962000370025635,
        "tick_ms": 2.5232081413269043,
        "dynamic_mesh_ms": 0.8379999995231628,
        "encode_ms": 1.5724999904632568,
        "admission_or_completion_ms": 0.02829199843108654
      },
      {
        "index": 752,
        "started_ms": 4345.790916,
        "submitted_ms": 4350.980166,
        "observed_completed_ms": 4354.330375,
        "start_to_observed_completion_ms": 8.539458999999624,
        "submit_to_observed_completion_ms": 3.3502089999992677,
        "continuous_iteration_ms": 5.193375110626221,
        "frame_ms": 5.193375110626221,
        "component_sum_ms": 5.187249660491943,
        "tick_ms": 2.6615829467773438,
        "dynamic_mesh_ms": 0.8656669855117798,
        "encode_ms": 1.6339160203933716,
        "admission_or_completion_ms": 0.02608400024473667
      },
      {
        "index": 753,
        "started_ms": 4350.984291,
        "submitted_ms": 4355.919833,
        "observed_completed_ms": 4359.288416,
        "start_to_observed_completion_ms": 8.304125000000568,
        "submit_to_observed_completion_ms": 3.368583000000399,
        "continuous_iteration_ms": 4.939208984375,
        "frame_ms": 4.939208984375,
        "component_sum_ms": 4.9332499504089355,
        "tick_ms": 2.464833974838257,
        "dynamic_mesh_ms": 0.8541250228881836,
        "encode_ms": 1.5888330936431885,
        "admission_or_completion_ms": 0.025457998737692833
      },
      {
        "index": 754,
        "started_ms": 4355.9235,
        "submitted_ms": 4360.854833,
        "observed_completed_ms": 4364.311125,
        "start_to_observed_completion_ms": 8.387625000000298,
        "submit_to_observed_completion_ms": 3.4562919999998485,
        "continuous_iteration_ms": 4.9375,
        "frame_ms": 4.9375,
        "component_sum_ms": 4.928874969482422,
        "tick_ms": 2.4789159297943115,
        "dynamic_mesh_ms": 0.8537089824676514,
        "encode_ms": 1.565458059310913,
        "admission_or_completion_ms": 0.030791999772191048
      },
      {
        "index": 755,
        "started_ms": 4360.861,
        "submitted_ms": 4366.134916,
        "observed_completed_ms": 4369.62425,
        "start_to_observed_completion_ms": 8.763249999999971,
        "submit_to_observed_completion_ms": 3.4893339999998716,
        "continuous_iteration_ms": 5.279332637786865,
        "frame_ms": 5.279332637786865,
        "component_sum_ms": 5.272125244140625,
        "tick_ms": 2.5810420513153076,
        "dynamic_mesh_ms": 0.8368750214576721,
        "encode_ms": 1.822957992553711,
        "admission_or_completion_ms": 0.03125
      },
      {
        "index": 756,
        "started_ms": 4366.140332999999,
        "submitted_ms": 4371.190208,
        "observed_completed_ms": 4374.506875,
        "start_to_observed_completion_ms": 8.366542000000663,
        "submit_to_observed_completion_ms": 3.316667000000052,
        "continuous_iteration_ms": 5.0537495613098145,
        "frame_ms": 5.0537495613098145,
        "component_sum_ms": 5.047917366027832,
        "tick_ms": 2.607708215713501,
        "dynamic_mesh_ms": 0.8470420241355896,
        "encode_ms": 1.565250039100647,
        "admission_or_completion_ms": 0.02791699953377247
      },
      {
        "index": 757,
        "started_ms": 4371.194082999999,
        "submitted_ms": 4376.0788330000005,
        "observed_completed_ms": 4379.530958,
        "start_to_observed_completion_ms": 8.336875000000873,
        "submit_to_observed_completion_ms": 3.4521249999997963,
        "continuous_iteration_ms": 4.888332843780518,
        "frame_ms": 4.888332843780518,
        "component_sum_ms": 4.8829569816589355,
        "tick_ms": 2.4583749771118164,
        "dynamic_mesh_ms": 0.8302080035209656,
        "encode_ms": 1.5713330507278442,
        "admission_or_completion_ms": 0.023041000589728355
      },
      {
        "index": 758,
        "started_ms": 4376.082416,
        "submitted_ms": 4381.14975,
        "observed_completed_ms": 4384.400041,
        "start_to_observed_completion_ms": 8.31762499999968,
        "submit_to_observed_completion_ms": 3.2502910000002885,
        "continuous_iteration_ms": 5.070709228515625,
        "frame_ms": 5.070709228515625,
        "component_sum_ms": 5.064916133880615,
        "tick_ms": 2.5540411472320557,
        "dynamic_mesh_ms": 0.8662919998168945,
        "encode_ms": 1.6176249980926514,
        "admission_or_completion_ms": 0.026958001777529716
      },
      {
        "index": 759,
        "started_ms": 4381.153125,
        "submitted_ms": 4385.301,
        "observed_completed_ms": 4388.479208,
        "start_to_observed_completion_ms": 7.326082999999926,
        "submit_to_observed_completion_ms": 3.1782079999993584,
        "continuous_iteration_ms": 4.151625156402588,
        "frame_ms": 4.151625156402588,
        "component_sum_ms": 4.14595890045166,
        "tick_ms": 1.7542920112609863,
        "dynamic_mesh_ms": 0.8463749885559082,
        "encode_ms": 1.5443339347839355,
        "admission_or_completion_ms": 0.0009580000187270343
      },
      {
        "index": 760,
        "started_ms": 4385.304749999999,
        "submitted_ms": 4389.363791,
        "observed_completed_ms": 4392.399541,
        "start_to_observed_completion_ms": 7.094791000000441,
        "submit_to_observed_completion_ms": 3.0357500000000073,
        "continuous_iteration_ms": 4.062582969665527,
        "frame_ms": 4.062582969665527,
        "component_sum_ms": 4.056750774383545,
        "tick_ms": 1.6163330078125,
        "dynamic_mesh_ms": 0.8466669917106628,
        "encode_ms": 1.5927499532699585,
        "admission_or_completion_ms": 0.0010009999386966228
      },
      {
        "index": 761,
        "started_ms": 4389.367333,
        "submitted_ms": 4393.455791,
        "observed_completed_ms": 4396.527541,
        "start_to_observed_completion_ms": 7.160208000000239,
        "submit_to_observed_completion_ms": 3.0717500000000655,
        "continuous_iteration_ms": 4.0974578857421875,
        "frame_ms": 4.0974578857421875,
        "component_sum_ms": 4.086833477020264,
        "tick_ms": 1.5349169969558716,
        "dynamic_mesh_ms": 0.8314999938011169,
        "encode_ms": 1.7192909717559814,
        "admission_or_completion_ms": 0.0011259999591857195
      },
      {
        "index": 762,
        "started_ms": 4393.464790999999,
        "submitted_ms": 4397.461333,
        "observed_completed_ms": 4401.736458,
        "start_to_observed_completion_ms": 8.271667000000889,
        "submit_to_observed_completion_ms": 4.275125000000116,
        "continuous_iteration_ms": 4.000458717346191,
        "frame_ms": 4.000458717346191,
        "component_sum_ms": 3.9944591522216797,
        "tick_ms": 1.5912920236587524,
        "dynamic_mesh_ms": 0.8215420246124268,
        "encode_ms": 1.580583095550537,
        "admission_or_completion_ms": 0.0010420000180602074
      },
      {
        "index": 763,
        "started_ms": 4397.46525,
        "submitted_ms": 4401.738333,
        "observed_completed_ms": 4405.037125,
        "start_to_observed_completion_ms": 7.571874999999636,
        "submit_to_observed_completion_ms": 3.298791999999594,
        "continuous_iteration_ms": 4.278957843780518,
        "frame_ms": 4.278957843780518,
        "component_sum_ms": 4.270040988922119,
        "tick_ms": 1.5418330430984497,
        "dynamic_mesh_ms": 1.0089999437332153,
        "encode_ms": 1.7169580459594727,
        "admission_or_completion_ms": 0.0022499999031424522
      },
      {
        "index": 764,
        "started_ms": 4401.744208,
        "submitted_ms": 4406.005041,
        "observed_completed_ms": 4409.256916,
        "start_to_observed_completion_ms": 7.5127080000002024,
        "submit_to_observed_completion_ms": 3.2518749999999272,
        "continuous_iteration_ms": 4.265749931335449,
        "frame_ms": 4.265749931335449,
        "component_sum_ms": 4.258540153503418,
        "tick_ms": 1.6790000200271606,
        "dynamic_mesh_ms": 0.8689159750938416,
        "encode_ms": 1.7091659307479858,
        "admission_or_completion_ms": 0.0014579999260604382
      },
      {
        "index": 765,
        "started_ms": 4406.009958000001,
        "submitted_ms": 4410.20125,
        "observed_completed_ms": 4413.210125,
        "start_to_observed_completion_ms": 7.200166999999055,
        "submit_to_observed_completion_ms": 3.0088749999995343,
        "continuous_iteration_ms": 4.195541858673096,
        "frame_ms": 4.195541858673096,
        "component_sum_ms": 4.1888747215271,
        "tick_ms": 1.6139169931411743,
        "dynamic_mesh_ms": 0.9075419902801514,
        "encode_ms": 1.6661670207977295,
        "admission_or_completion_ms": 0.0012489999644458294
      },
      {
        "index": 766,
        "started_ms": 4410.2055,
        "submitted_ms": 4414.145375,
        "observed_completed_ms": 4418.278583,
        "start_to_observed_completion_ms": 8.073083000000224,
        "submit_to_observed_completion_ms": 4.133208000000195,
        "continuous_iteration_ms": 3.943791151046753,
        "frame_ms": 3.943791151046753,
        "component_sum_ms": 3.9377081394195557,
        "tick_ms": 1.4659579992294312,
        "dynamic_mesh_ms": 0.8617089986801147,
        "encode_ms": 1.608625054359436,
        "admission_or_completion_ms": 0.001415999955497682
      },
      {
        "index": 767,
        "started_ms": 4414.149291000001,
        "submitted_ms": 4418.280333000001,
        "observed_completed_ms": 4421.3168749999995,
        "start_to_observed_completion_ms": 7.167583999998897,
        "submit_to_observed_completion_ms": 3.036541999998917,
        "continuous_iteration_ms": 4.136291980743408,
        "frame_ms": 4.136291980743408,
        "component_sum_ms": 4.1275410652160645,
        "tick_ms": 1.5060410499572754,
        "dynamic_mesh_ms": 0.8924160003662109,
        "encode_ms": 1.7264169454574585,
        "admission_or_completion_ms": 0.00266700005158782
      },
      {
        "index": 768,
        "started_ms": 4418.285583,
        "submitted_ms": 4422.23175,
        "observed_completed_ms": 4425.3393750000005,
        "start_to_observed_completion_ms": 7.0537920000006125,
        "submit_to_observed_completion_ms": 3.107625000000553,
        "continuous_iteration_ms": 3.95058274269104,
        "frame_ms": 3.95058274269104,
        "component_sum_ms": 3.9441239833831787,
        "tick_ms": 1.4968749284744263,
        "dynamic_mesh_ms": 0.8666250109672546,
        "encode_ms": 1.5792499780654907,
        "admission_or_completion_ms": 0.001373999984934926
      },
      {
        "index": 769,
        "started_ms": 4422.236166000001,
        "submitted_ms": 4426.36075,
        "observed_completed_ms": 4429.51825,
        "start_to_observed_completion_ms": 7.282083999999486,
        "submit_to_observed_completion_ms": 3.1575000000002547,
        "continuous_iteration_ms": 4.129916667938232,
        "frame_ms": 4.129916667938232,
        "component_sum_ms": 4.122416019439697,
        "tick_ms": 1.5264579057693481,
        "dynamic_mesh_ms": 0.851917028427124,
        "encode_ms": 1.7423750162124634,
        "admission_or_completion_ms": 0.0016660001128911972
      },
      {
        "index": 770,
        "started_ms": 4426.366083,
        "submitted_ms": 4430.481916,
        "observed_completed_ms": 4434.676958,
        "start_to_observed_completion_ms": 8.310875000000124,
        "submit_to_observed_completion_ms": 4.195042000000285,
        "continuous_iteration_ms": 4.119916915893555,
        "frame_ms": 4.119916915893555,
        "component_sum_ms": 4.113833904266357,
        "tick_ms": 1.5167919397354126,
        "dynamic_mesh_ms": 0.8981249928474426,
        "encode_ms": 1.6972498893737793,
        "admission_or_completion_ms": 0.0016670000040903687
      },
      {
        "index": 771,
        "started_ms": 4430.486,
        "submitted_ms": 4434.67875,
        "observed_completed_ms": 4437.758750000001,
        "start_to_observed_completion_ms": 7.272750000000997,
        "submit_to_observed_completion_ms": 3.0800000000008367,
        "continuous_iteration_ms": 4.197916030883789,
        "frame_ms": 4.197916030883789,
        "component_sum_ms": 4.190457820892334,
        "tick_ms": 1.458875060081482,
        "dynamic_mesh_ms": 0.9286249876022339,
        "encode_ms": 1.8009170293807983,
        "admission_or_completion_ms": 0.0020409999415278435
      },
      {
        "index": 772,
        "started_ms": 4434.683916,
        "submitted_ms": 4438.674166,
        "observed_completed_ms": 4441.512000000001,
        "start_to_observed_completion_ms": 6.828084000000672,
        "submit_to_observed_completion_ms": 2.8378340000008393,
        "continuous_iteration_ms": 3.9936249256134033,
        "frame_ms": 3.9936249256134033,
        "component_sum_ms": 3.9877500534057617,
        "tick_ms": 1.5369170904159546,
        "dynamic_mesh_ms": 0.8572909832000732,
        "encode_ms": 1.5926250219345093,
        "admission_or_completion_ms": 0.0009169999975711107
      },
      {
        "index": 773,
        "started_ms": 4438.677541,
        "submitted_ms": 4442.423291,
        "observed_completed_ms": 4445.248041,
        "start_to_observed_completion_ms": 6.570499999999811,
        "submit_to_observed_completion_ms": 2.824749999999767,
        "continuous_iteration_ms": 3.749166965484619,
        "frame_ms": 3.749166965484619,
        "component_sum_ms": 3.7435009479522705,
        "tick_ms": 1.3540419340133667,
        "dynamic_mesh_ms": 0.840041995048523,
        "encode_ms": 1.5487079620361328,
        "admission_or_completion_ms": 0.0007089999853633344
      },
      {
        "index": 774,
        "started_ms": 4442.426708,
        "submitted_ms": 4446.111207999999,
        "observed_completed_ms": 4448.955333,
        "start_to_observed_completion_ms": 6.52862499999992,
        "submit_to_observed_completion_ms": 2.844125000000531,
        "continuous_iteration_ms": 3.6877079010009766,
        "frame_ms": 3.6877079010009766,
        "component_sum_ms": 3.6826260089874268,
        "tick_ms": 1.2792500257492065,
        "dynamic_mesh_ms": 0.8561670184135437,
        "encode_ms": 1.546416997909546,
        "admission_or_completion_ms": 0.000792000035289675
      },
      {
        "index": 775,
        "started_ms": 4446.114416,
        "submitted_ms": 4449.867,
        "observed_completed_ms": 4452.801375,
        "start_to_observed_completion_ms": 6.686958999999661,
        "submit_to_observed_completion_ms": 2.934374999999818,
        "continuous_iteration_ms": 3.756999969482422,
        "frame_ms": 3.756999969482422,
        "component_sum_ms": 3.7511258125305176,
        "tick_ms": 1.3195419311523438,
        "dynamic_mesh_ms": 0.8265419602394104,
        "encode_ms": 1.6042089462280273,
        "admission_or_completion_ms": 0.0008330000564455986
      },
      {
        "index": 776,
        "started_ms": 4449.871416,
        "submitted_ms": 4453.737291,
        "observed_completed_ms": 4456.720666,
        "start_to_observed_completion_ms": 6.849250000000211,
        "submit_to_observed_completion_ms": 2.9833749999997963,
        "continuous_iteration_ms": 3.8694169521331787,
        "frame_ms": 3.8694169521331787,
        "component_sum_ms": 3.8640007972717285,
        "tick_ms": 1.3897919654846191,
        "dynamic_mesh_ms": 0.8672090172767639,
        "encode_ms": 1.6050829887390137,
        "admission_or_completion_ms": 0.001917000045068562
      },
      {
        "index": 777,
        "started_ms": 4453.740833000001,
        "submitted_ms": 4457.616416000001,
        "observed_completed_ms": 4460.447875,
        "start_to_observed_completion_ms": 6.707041999999092,
        "submit_to_observed_completion_ms": 2.831458999999086,
        "continuous_iteration_ms": 3.8785829544067383,
        "frame_ms": 3.8785829544067383,
        "component_sum_ms": 3.87337589263916,
        "tick_ms": 1.397041916847229,
        "dynamic_mesh_ms": 0.8789590001106262,
        "encode_ms": 1.5965410470962524,
        "admission_or_completion_ms": 0.000834000064060092
      },
      {
        "index": 778,
        "started_ms": 4457.619416,
        "submitted_ms": 4461.3820000000005,
        "observed_completed_ms": 4465.204124999999,
        "start_to_observed_completion_ms": 7.584708999999748,
        "submit_to_observed_completion_ms": 3.8221249999987776,
        "continuous_iteration_ms": 3.7670841217041016,
        "frame_ms": 3.7670841217041016,
        "component_sum_ms": 3.760625123977661,
        "tick_ms": 1.2862080335617065,
        "dynamic_mesh_ms": 0.8595420122146606,
        "encode_ms": 1.6127920150756836,
        "admission_or_completion_ms": 0.0020830000285059214
      },
      {
        "index": 779,
        "started_ms": 4461.3865,
        "submitted_ms": 4465.205666,
        "observed_completed_ms": 4468.877415999999,
        "start_to_observed_completion_ms": 7.490915999999743,
        "submit_to_observed_completion_ms": 3.67174999999952,
        "continuous_iteration_ms": 3.823499917984009,
        "frame_ms": 3.823499917984009,
        "component_sum_ms": 3.817708969116211,
        "tick_ms": 1.3042089939117432,
        "dynamic_mesh_ms": 0.8537909984588623,
        "encode_ms": 1.6578750610351562,
        "admission_or_completion_ms": 0.0018339999951422215
      },
      {
        "index": 780,
        "started_ms": 4465.21,
        "submitted_ms": 4468.878625,
        "observed_completed_ms": 4471.708,
        "start_to_observed_completion_ms": 6.4979999999995925,
        "submit_to_observed_completion_ms": 2.829374999999345,
        "continuous_iteration_ms": 3.6755409240722656,
        "frame_ms": 3.6755409240722656,
        "component_sum_ms": 3.666459083557129,
        "tick_ms": 1.2247090339660645,
        "dynamic_mesh_ms": 0.851917028427124,
        "encode_ms": 1.5887919664382935,
        "admission_or_completion_ms": 0.001041000010445714
      },
      {
        "index": 781,
        "started_ms": 4468.885541,
        "submitted_ms": 4472.7815,
        "observed_completed_ms": 4475.748458,
        "start_to_observed_completion_ms": 6.86291700000038,
        "submit_to_observed_completion_ms": 2.966957999999977,
        "continuous_iteration_ms": 3.9010839462280273,
        "frame_ms": 3.9010839462280273,
        "component_sum_ms": 3.8940012454986572,
        "tick_ms": 1.1465420722961426,
        "dynamic_mesh_ms": 0.8506249785423279,
        "encode_ms": 1.8954590559005737,
        "admission_or_completion_ms": 0.0013749999925494194
      },
      {
        "index": 782,
        "started_ms": 4472.786625000001,
        "submitted_ms": 4476.650708,
        "observed_completed_ms": 4479.311083,
        "start_to_observed_completion_ms": 6.524457999998958,
        "submit_to_observed_completion_ms": 2.660374999999476,
        "continuous_iteration_ms": 3.8671658039093018,
        "frame_ms": 3.8671658039093018,
        "component_sum_ms": 3.861832857131958,
        "tick_ms": 1.4634169340133667,
        "dynamic_mesh_ms": 0.8485409617424011,
        "encode_ms": 1.5483750104904175,
        "admission_or_completion_ms": 0.001500000013038516
      },
      {
        "index": 783,
        "started_ms": 4476.653791000001,
        "submitted_ms": 4480.21825,
        "observed_completed_ms": 4482.888541,
        "start_to_observed_completion_ms": 6.234749999999622,
        "submit_to_observed_completion_ms": 2.6702910000003612,
        "continuous_iteration_ms": 3.5673749446868896,
        "frame_ms": 3.5673749446868896,
        "component_sum_ms": 3.562500238418579,
        "tick_ms": 1.1876250505447388,
        "dynamic_mesh_ms": 0.8369579911231995,
        "encode_ms": 1.5372090339660645,
        "admission_or_completion_ms": 0.000708000035956502
      },
      {
        "index": 784,
        "started_ms": 4480.221165999999,
        "submitted_ms": 4483.847041,
        "observed_completed_ms": 4486.245708,
        "start_to_observed_completion_ms": 6.02454200000102,
        "submit_to_observed_completion_ms": 2.398667000000387,
        "continuous_iteration_ms": 3.629833936691284,
        "frame_ms": 3.629833936691284,
        "component_sum_ms": 3.6242098808288574,
        "tick_ms": 1.1561670303344727,
        "dynamic_mesh_ms": 0.8381669521331787,
        "encode_ms": 1.6290829181671143,
        "admission_or_completion_ms": 0.0007929999846965075
      },
      {
        "index": 785,
        "started_ms": 4483.851,
        "submitted_ms": 4487.8724999999995,
        "observed_completed_ms": 4490.700375,
        "start_to_observed_completion_ms": 6.849375000000691,
        "submit_to_observed_completion_ms": 2.8278750000008586,
        "continuous_iteration_ms": 4.0254998207092285,
        "frame_ms": 4.0254998207092285,
        "component_sum_ms": 4.019374847412109,
        "tick_ms": 1.4570419788360596,
        "dynamic_mesh_ms": 0.9085000157356262,
        "encode_ms": 1.6260420083999634,
        "admission_or_completion_ms": 0.02779099904000759
      },
      {
        "index": 786,
        "started_ms": 4487.876499999999,
        "submitted_ms": 4491.564375,
        "observed_completed_ms": 4494.445500000001,
        "start_to_observed_completion_ms": 6.569000000001324,
        "submit_to_observed_completion_ms": 2.881125000000793,
        "continuous_iteration_ms": 3.6910409927368164,
        "frame_ms": 3.6910409927368164,
        "component_sum_ms": 3.685750961303711,
        "tick_ms": 1.2610419988632202,
        "dynamic_mesh_ms": 0.8763750195503235,
        "encode_ms": 1.5474590063095093,
        "admission_or_completion_ms": 0.0008750000270083547
      },
      {
        "index": 787,
        "started_ms": 4491.567541,
        "submitted_ms": 4495.381333,
        "observed_completed_ms": 4498.384666,
        "start_to_observed_completion_ms": 6.817124999999578,
        "submit_to_observed_completion_ms": 3.0033329999996567,
        "continuous_iteration_ms": 3.818125009536743,
        "frame_ms": 3.818125009536743,
        "component_sum_ms": 3.8111677169799805,
        "tick_ms": 1.2545830011367798,
        "dynamic_mesh_ms": 0.9331669807434082,
        "encode_ms": 1.6207919120788574,
        "admission_or_completion_ms": 0.0026259999722242355
      },
      {
        "index": 788,
        "started_ms": 4495.385666,
        "submitted_ms": 4499.405208,
        "observed_completed_ms": 4501.692833,
        "start_to_observed_completion_ms": 6.307166999999936,
        "submit_to_observed_completion_ms": 2.2876249999999345,
        "continuous_iteration_ms": 4.025250434875488,
        "frame_ms": 4.025250434875488,
        "component_sum_ms": 4.0173749923706055,
        "tick_ms": 1.3683750629425049,
        "dynamic_mesh_ms": 0.848583996295929,
        "encode_ms": 1.7987079620361328,
        "admission_or_completion_ms": 0.0017079999670386314
      },
      {
        "index": 789,
        "started_ms": 4499.410916000001,
        "submitted_ms": 4503.222083,
        "observed_completed_ms": 4505.898666,
        "start_to_observed_completion_ms": 6.487749999999323,
        "submit_to_observed_completion_ms": 2.6765830000003916,
        "continuous_iteration_ms": 3.8146250247955322,
        "frame_ms": 3.8146250247955322,
        "component_sum_ms": 3.8094170093536377,
        "tick_ms": 1.4232499599456787,
        "dynamic_mesh_ms": 0.8289579749107361,
        "encode_ms": 1.5286250114440918,
        "admission_or_completion_ms": 0.02858399972319603
      },
      {
        "index": 790,
        "started_ms": 4503.225541,
        "submitted_ms": 4506.774,
        "observed_completed_ms": 4509.4685,
        "start_to_observed_completion_ms": 6.242959000000155,
        "submit_to_observed_completion_ms": 2.694499999999607,
        "continuous_iteration_ms": 3.5516669750213623,
        "frame_ms": 3.5516669750213623,
        "component_sum_ms": 3.5464160442352295,
        "tick_ms": 1.2191659212112427,
        "dynamic_mesh_ms": 0.823792040348053,
        "encode_ms": 1.5027499198913574,
        "admission_or_completion_ms": 0.000708000035956502
      },
      {
        "index": 791,
        "started_ms": 4506.7772079999995,
        "submitted_ms": 4510.393666,
        "observed_completed_ms": 4513.124957999999,
        "start_to_observed_completion_ms": 6.347749999999905,
        "submit_to_observed_completion_ms": 2.7312919999994847,
        "continuous_iteration_ms": 3.6201670169830322,
        "frame_ms": 3.6201670169830322,
        "component_sum_ms": 3.6147079467773438,
        "tick_ms": 1.1580829620361328,
        "dynamic_mesh_ms": 0.8544169664382935,
        "encode_ms": 1.5971659421920776,
        "admission_or_completion_ms": 0.005041999742388725
      },
      {
        "index": 792,
        "started_ms": 4510.3973750000005,
        "submitted_ms": 4514.0833330000005,
        "observed_completed_ms": 4518.1585000000005,
        "start_to_observed_completion_ms": 7.761124999999993,
        "submit_to_observed_completion_ms": 4.075166999999965,
        "continuous_iteration_ms": 3.690500020980835,
        "frame_ms": 3.690500020980835,
        "component_sum_ms": 3.6833739280700684,
        "tick_ms": 1.095541000366211,
        "dynamic_mesh_ms": 0.8999999761581421,
        "encode_ms": 1.6855829954147339,
        "admission_or_completion_ms": 0.002250000135973096
      },
      {
        "index": 793,
        "started_ms": 4514.087874999999,
        "submitted_ms": 4518.159625,
        "observed_completed_ms": 4520.763416000001,
        "start_to_observed_completion_ms": 6.675541000001431,
        "submit_to_observed_completion_ms": 2.603791000000456,
        "continuous_iteration_ms": 4.075791358947754,
        "frame_ms": 4.075791358947754,
        "component_sum_ms": 4.069373607635498,
        "tick_ms": 1.471958041191101,
        "dynamic_mesh_ms": 0.8970000147819519,
        "encode_ms": 1.6974170207977295,
        "admission_or_completion_ms": 0.0029990000184625387
      },
      {
        "index": 794,
        "started_ms": 4518.1636659999995,
        "submitted_ms": 4521.676624999999,
        "observed_completed_ms": 4524.22475,
        "start_to_observed_completion_ms": 6.061084000000847,
        "submit_to_observed_completion_ms": 2.548125000001164,
        "continuous_iteration_ms": 3.516209125518799,
        "frame_ms": 3.516209125518799,
        "component_sum_ms": 3.5112500190734863,
        "tick_ms": 1.0834161043167114,
        "dynamic_mesh_ms": 0.8318750262260437,
        "encode_ms": 1.5950419902801514,
        "admission_or_completion_ms": 0.0009169999975711107
      },
      {
        "index": 795,
        "started_ms": 4521.679875,
        "submitted_ms": 4525.090083,
        "observed_completed_ms": 4527.489916,
        "start_to_observed_completion_ms": 5.810041000000638,
        "submit_to_observed_completion_ms": 2.399833000000399,
        "continuous_iteration_ms": 3.4126250743865967,
        "frame_ms": 3.4126250743865967,
        "component_sum_ms": 3.408374071121216,
        "tick_ms": 1.1026660203933716,
        "dynamic_mesh_ms": 0.8174999952316284,
        "encode_ms": 1.4877079725265503,
        "admission_or_completion_ms": 0.0005000000237487257
      },
      {
        "index": 796,
        "started_ms": 4525.0925,
        "submitted_ms": 4529.120083000001,
        "observed_completed_ms": 4531.377833,
        "start_to_observed_completion_ms": 6.2853329999998095,
        "submit_to_observed_completion_ms": 2.2577499999988504,
        "continuous_iteration_ms": 4.031666278839111,
        "frame_ms": 4.031666278839111,
        "component_sum_ms": 4.025125026702881,
        "tick_ms": 1.485832929611206,
        "dynamic_mesh_ms": 0.8759580254554749,
        "encode_ms": 1.6294580698013306,
        "admission_or_completion_ms": 0.033876001834869385
      },
      {
        "index": 797,
        "started_ms": 4529.124166,
        "submitted_ms": 4533.197708000001,
        "observed_completed_ms": 4536.057208,
        "start_to_observed_completion_ms": 6.933042000000569,
        "submit_to_observed_completion_ms": 2.8594999999995707,
        "continuous_iteration_ms": 4.078999996185303,
        "frame_ms": 4.078999996185303,
        "component_sum_ms": 4.0715413093566895,
        "tick_ms": 1.3545410633087158,
        "dynamic_mesh_ms": 0.8654170036315918,
        "encode_ms": 1.8189579248428345,
        "admission_or_completion_ms": 0.032625000923871994
      },
      {
        "index": 798,
        "started_ms": 4533.203166,
        "submitted_ms": 4537.014583,
        "observed_completed_ms": 4539.743208,
        "start_to_observed_completion_ms": 6.54004199999963,
        "submit_to_observed_completion_ms": 2.728624999999738,
        "continuous_iteration_ms": 3.8150839805603027,
        "frame_ms": 3.8150839805603027,
        "component_sum_ms": 3.8085010051727295,
        "tick_ms": 1.2576249837875366,
        "dynamic_mesh_ms": 0.8915829658508301,
        "encode_ms": 1.6572920083999634,
        "admission_or_completion_ms": 0.002001000102609396
      },
      {
        "index": 799,
        "started_ms": 4537.01825,
        "submitted_ms": 4540.733791,
        "observed_completed_ms": 4543.030708,
        "start_to_observed_completion_ms": 6.0124580000001515,
        "submit_to_observed_completion_ms": 2.296917000000576,
        "continuous_iteration_ms": 3.7198328971862793,
        "frame_ms": 3.7198328971862793,
        "component_sum_ms": 3.71370792388916,
        "tick_ms": 1.1972079277038574,
        "dynamic_mesh_ms": 0.8619160056114197,
        "encode_ms": 1.6534159183502197,
        "admission_or_completion_ms": 0.0011680000461637974
      },
      {
        "index": 800,
        "started_ms": 4540.738083,
        "submitted_ms": 4544.659541,
        "observed_completed_ms": 4547.489791,
        "start_to_observed_completion_ms": 6.75170799999978,
        "submit_to_observed_completion_ms": 2.830249999999978,
        "continuous_iteration_ms": 3.924833059310913,
        "frame_ms": 3.924833059310913,
        "component_sum_ms": 3.9193339347839355,
        "tick_ms": 1.3594169616699219,
        "dynamic_mesh_ms": 0.9018329977989197,
        "encode_ms": 1.628000020980835,
        "admission_or_completion_ms": 0.030083999037742615
      },
      {
        "index": 801,
        "started_ms": 4544.662916,
        "submitted_ms": 4548.5467499999995,
        "observed_completed_ms": 4551.3140410000005,
        "start_to_observed_completion_ms": 6.65112500000032,
        "submit_to_observed_completion_ms": 2.7672910000010233,
        "continuous_iteration_ms": 3.889333963394165,
        "frame_ms": 3.889333963394165,
        "component_sum_ms": 3.8819568157196045,
        "tick_ms": 1.2970830202102661,
        "dynamic_mesh_ms": 0.8489999771118164,
        "encode_ms": 1.7342920303344727,
        "admission_or_completion_ms": 0.0015819999389350414
      },
      {
        "index": 802,
        "started_ms": 4548.552250000001,
        "submitted_ms": 4552.2408749999995,
        "observed_completed_ms": 4554.928875,
        "start_to_observed_completion_ms": 6.376624999998967,
        "submit_to_observed_completion_ms": 2.688000000000102,
        "continuous_iteration_ms": 3.693125009536743,
        "frame_ms": 3.693125009536743,
        "component_sum_ms": 3.686041831970215,
        "tick_ms": 1.2111669778823853,
        "dynamic_mesh_ms": 0.8624169826507568,
        "encode_ms": 1.61062490940094,
        "admission_or_completion_ms": 0.001832999987527728
      },
      {
        "index": 803,
        "started_ms": 4552.245375,
        "submitted_ms": 4555.816625,
        "observed_completed_ms": 4558.382708,
        "start_to_observed_completion_ms": 6.137332999999671,
        "submit_to_observed_completion_ms": 2.5660829999997077,
        "continuous_iteration_ms": 3.5746660232543945,
        "frame_ms": 3.5746660232543945,
        "component_sum_ms": 3.5694191455841064,
        "tick_ms": 1.2034590244293213,
        "dynamic_mesh_ms": 0.8319590091705322,
        "encode_ms": 1.532709002494812,
        "admission_or_completion_ms": 0.0012920000590384007
      },
      {
        "index": 804,
        "started_ms": 4555.820041000001,
        "submitted_ms": 4559.284208,
        "observed_completed_ms": 4561.986333,
        "start_to_observed_completion_ms": 6.166291999998975,
        "submit_to_observed_completion_ms": 2.7021249999997963,
        "continuous_iteration_ms": 3.46779203414917,
        "frame_ms": 3.46779203414917,
        "component_sum_ms": 3.462416887283325,
        "tick_ms": 1.1150000095367432,
        "dynamic_mesh_ms": 0.8204169869422913,
        "encode_ms": 1.5261249542236328,
        "admission_or_completion_ms": 0.0008750000270083547
      },
      {
        "index": 805,
        "started_ms": 4559.287833,
        "submitted_ms": 4562.924,
        "observed_completed_ms": 4566.521916,
        "start_to_observed_completion_ms": 7.234082999999373,
        "submit_to_observed_completion_ms": 3.5979159999997137,
        "continuous_iteration_ms": 3.6402080059051514,
        "frame_ms": 3.6402080059051514,
        "component_sum_ms": 3.6343750953674316,
        "tick_ms": 1.1766250133514404,
        "dynamic_mesh_ms": 0.8515000343322754,
        "encode_ms": 1.6049590110778809,
        "admission_or_completion_ms": 0.0012910000514239073
      },
      {
        "index": 806,
        "started_ms": 4562.928041,
        "submitted_ms": 4566.523208,
        "observed_completed_ms": 4569.261291,
        "start_to_observed_completion_ms": 6.33324999999968,
        "submit_to_observed_completion_ms": 2.738083000000188,
        "continuous_iteration_ms": 3.5990421772003174,
        "frame_ms": 3.5990421772003174,
        "component_sum_ms": 3.5921671390533447,
        "tick_ms": 1.1179579496383667,
        "dynamic_mesh_ms": 0.9162920117378235,
        "encode_ms": 1.5559170246124268,
        "admission_or_completion_ms": 0.001999999862164259
      },
      {
        "index": 807,
        "started_ms": 4566.527083000001,
        "submitted_ms": 4570.211625,
        "observed_completed_ms": 4572.872,
        "start_to_observed_completion_ms": 6.344916999999441,
        "submit_to_observed_completion_ms": 2.6603750000003856,
        "continuous_iteration_ms": 3.688999891281128,
        "frame_ms": 3.688999891281128,
        "component_sum_ms": 3.6826250553131104,
        "tick_ms": 1.2389590740203857,
        "dynamic_mesh_ms": 0.8297500014305115,
        "encode_ms": 1.6125000715255737,
        "admission_or_completion_ms": 0.001416000071913004
      },
      {
        "index": 808,
        "started_ms": 4570.216083,
        "submitted_ms": 4573.766666,
        "observed_completed_ms": 4576.443375,
        "start_to_observed_completion_ms": 6.227291999999579,
        "submit_to_observed_completion_ms": 2.6767089999993914,
        "continuous_iteration_ms": 3.553957939147949,
        "frame_ms": 3.553957939147949,
        "component_sum_ms": 3.5487499237060547,
        "tick_ms": 1.112625002861023,
        "dynamic_mesh_ms": 0.8592079877853394,
        "encode_ms": 1.575958013534546,
        "admission_or_completion_ms": 0.0009590000263415277
      },
      {
        "index": 809,
        "started_ms": 4573.770041,
        "submitted_ms": 4577.383207999999,
        "observed_completed_ms": 4580.090416,
        "start_to_observed_completion_ms": 6.32037500000024,
        "submit_to_observed_completion_ms": 2.707208000000719,
        "continuous_iteration_ms": 3.616874933242798,
        "frame_ms": 3.616874933242798,
        "component_sum_ms": 3.609959840774536,
        "tick_ms": 1.121458888053894,
        "dynamic_mesh_ms": 0.877083957195282,
        "encode_ms": 1.6092920303344727,
        "admission_or_completion_ms": 0.0021250001154839993
      },
      {
        "index": 810,
        "started_ms": 4577.386916,
        "submitted_ms": 4581.016791,
        "observed_completed_ms": 4583.637875,
        "start_to_observed_completion_ms": 6.250958999999966,
        "submit_to_observed_completion_ms": 2.6210840000003373,
        "continuous_iteration_ms": 3.633334159851074,
        "frame_ms": 3.633334159851074,
        "component_sum_ms": 3.6282918453216553,
        "tick_ms": 1.1551659107208252,
        "dynamic_mesh_ms": 0.8702920079231262,
        "encode_ms": 1.6016249656677246,
        "admission_or_completion_ms": 0.00120900000911206
      },
      {
        "index": 811,
        "started_ms": 4581.02025,
        "submitted_ms": 4584.547208,
        "observed_completed_ms": 4587.164791,
        "start_to_observed_completion_ms": 6.144541000000572,
        "submit_to_observed_completion_ms": 2.617583000000195,
        "continuous_iteration_ms": 3.530040979385376,
        "frame_ms": 3.530040979385376,
        "component_sum_ms": 3.5252089500427246,
        "tick_ms": 1.0799999237060547,
        "dynamic_mesh_ms": 0.8512499928474426,
        "encode_ms": 1.5932499170303345,
        "admission_or_completion_ms": 0.0007090000435709953
      },
      {
        "index": 812,
        "started_ms": 4584.5502910000005,
        "submitted_ms": 4588.0355,
        "observed_completed_ms": 4590.588290999999,
        "start_to_observed_completion_ms": 6.037999999998647,
        "submit_to_observed_completion_ms": 2.5527909999991607,
        "continuous_iteration_ms": 3.4882090091705322,
        "frame_ms": 3.4882090091705322,
        "component_sum_ms": 3.483333110809326,
        "tick_ms": 1.1043329238891602,
        "dynamic_mesh_ms": 0.8446249961853027,
        "encode_ms": 1.533500075340271,
        "admission_or_completion_ms": 0.0008750000270083547
      },
      {
        "index": 813,
        "started_ms": 4588.0385,
        "submitted_ms": 4591.549875,
        "observed_completed_ms": 4594.1473750000005,
        "start_to_observed_completion_ms": 6.108875000000808,
        "submit_to_observed_completion_ms": 2.597500000000764,
        "continuous_iteration_ms": 3.5155410766601562,
        "frame_ms": 3.5155410766601562,
        "component_sum_ms": 3.5102500915527344,
        "tick_ms": 1.0326249599456787,
        "dynamic_mesh_ms": 0.8331660032272339,
        "encode_ms": 1.6432920694351196,
        "admission_or_completion_ms": 0.001167000038549304
      },
      {
        "index": 814,
        "started_ms": 4591.554041,
        "submitted_ms": 4595.108625,
        "observed_completed_ms": 4597.4366660000005,
        "start_to_observed_completion_ms": 5.882625000000189,
        "submit_to_observed_completion_ms": 2.328041000000667,
        "continuous_iteration_ms": 3.560708999633789,
        "frame_ms": 3.560708999633789,
        "component_sum_ms": 3.553126096725464,
        "tick_ms": 1.020792007446289,
        "dynamic_mesh_ms": 0.8567090034484863,
        "encode_ms": 1.6735000610351562,
        "admission_or_completion_ms": 0.0021250001154839993
      },
      {
        "index": 815,
        "started_ms": 4595.114750000001,
        "submitted_ms": 4599.412125,
        "observed_completed_ms": 4602.164625,
        "start_to_observed_completion_ms": 7.049874999999702,
        "submit_to_observed_completion_ms": 2.7525000000005093,
        "continuous_iteration_ms": 4.302958011627197,
        "frame_ms": 4.302958011627197,
        "component_sum_ms": 4.295290946960449,
        "tick_ms": 1.3685829639434814,
        "dynamic_mesh_ms": 0.9175829887390137,
        "encode_ms": 1.9744590520858765,
        "admission_or_completion_ms": 0.03466600179672241
      },
      {
        "index": 816,
        "started_ms": 4599.417708,
        "submitted_ms": 4603.09525,
        "observed_completed_ms": 4605.837625,
        "start_to_observed_completion_ms": 6.419917000000169,
        "submit_to_observed_completion_ms": 2.742374999999811,
        "continuous_iteration_ms": 3.681541919708252,
        "frame_ms": 3.681541919708252,
        "component_sum_ms": 3.6751248836517334,
        "tick_ms": 1.2030420303344727,
        "dynamic_mesh_ms": 0.8653330206871033,
        "encode_ms": 1.6052919626235962,
        "admission_or_completion_ms": 0.00145800004247576
      },
      {
        "index": 817,
        "started_ms": 4603.099249999999,
        "submitted_ms": 4606.73175,
        "observed_completed_ms": 4609.323291,
        "start_to_observed_completion_ms": 6.224041000000398,
        "submit_to_observed_completion_ms": 2.591540999999779,
        "continuous_iteration_ms": 3.6358330249786377,
        "frame_ms": 3.6358330249786377,
        "component_sum_ms": 3.6302502155303955,
        "tick_ms": 1.1534160375595093,
        "dynamic_mesh_ms": 0.9019590020179749,
        "encode_ms": 1.5735419988632202,
        "admission_or_completion_ms": 0.0013330000219866633
      },
      {
        "index": 818,
        "started_ms": 4606.7350830000005,
        "submitted_ms": 4610.208250000001,
        "observed_completed_ms": 4612.758583,
        "start_to_observed_completion_ms": 6.023499999999331,
        "submit_to_observed_completion_ms": 2.5503329999992275,
        "continuous_iteration_ms": 3.4782919883728027,
        "frame_ms": 3.4782919883728027,
        "component_sum_ms": 3.4714579582214355,
        "tick_ms": 1.0617499351501465,
        "dynamic_mesh_ms": 0.8597500324249268,
        "encode_ms": 1.549083948135376,
        "admission_or_completion_ms": 0.0008740000193938613
      },
      {
        "index": 819,
        "started_ms": 4610.213375,
        "submitted_ms": 4613.659291,
        "observed_completed_ms": 4616.246458,
        "start_to_observed_completion_ms": 6.033082999999351,
        "submit_to_observed_completion_ms": 2.587166999999681,
        "continuous_iteration_ms": 3.449083089828491,
        "frame_ms": 3.449083089828491,
        "component_sum_ms": 3.443876028060913,
        "tick_ms": 1.0289170742034912,
        "dynamic_mesh_ms": 0.8683750033378601,
        "encode_ms": 1.5452499389648438,
        "admission_or_completion_ms": 0.0013339999131858349
      },
      {
        "index": 820,
        "started_ms": 4613.662458000001,
        "submitted_ms": 4617.10825,
        "observed_completed_ms": 4619.817416,
        "start_to_observed_completion_ms": 6.154957999999169,
        "submit_to_observed_completion_ms": 2.709165999999641,
        "continuous_iteration_ms": 3.4492499828338623,
        "frame_ms": 3.4492499828338623,
        "component_sum_ms": 3.444125175476074,
        "tick_ms": 1.0895839929580688,
        "dynamic_mesh_ms": 0.8656660318374634,
        "encode_ms": 1.4879170656204224,
        "admission_or_completion_ms": 0.0009580000187270343
      },
      {
        "index": 821,
        "started_ms": 4617.111708,
        "submitted_ms": 4620.751208,
        "observed_completed_ms": 4623.273166,
        "start_to_observed_completion_ms": 6.161457999999584,
        "submit_to_observed_completion_ms": 2.521958000000268,
        "continuous_iteration_ms": 3.6428749561309814,
        "frame_ms": 3.6428749561309814,
        "component_sum_ms": 3.637458086013794,
        "tick_ms": 1.1659170389175415,
        "dynamic_mesh_ms": 0.8673329949378967,
        "encode_ms": 1.6029999256134033,
        "admission_or_completion_ms": 0.0012080000014975667
      },
      {
        "index": 822,
        "started_ms": 4620.754583,
        "submitted_ms": 4624.203208,
        "observed_completed_ms": 4626.996708,
        "start_to_observed_completion_ms": 6.24212499999976,
        "submit_to_observed_completion_ms": 2.793499999999767,
        "continuous_iteration_ms": 3.4522500038146973,
        "frame_ms": 3.4522500038146973,
        "component_sum_ms": 3.4474568367004395,
        "tick_ms": 1.042875051498413,
        "dynamic_mesh_ms": 0.8252909779548645,
        "encode_ms": 1.5782079696655273,
        "admission_or_completion_ms": 0.00108299998100847
      },
      {
        "index": 823,
        "started_ms": 4624.206832999999,
        "submitted_ms": 4627.918208,
        "observed_completed_ms": 4630.534875,
        "start_to_observed_completion_ms": 6.328042000001005,
        "submit_to_observed_completion_ms": 2.616667000000234,
        "continuous_iteration_ms": 3.715083122253418,
        "frame_ms": 3.715083122253418,
        "component_sum_ms": 3.7094569206237793,
        "tick_ms": 1.1946660280227661,
        "dynamic_mesh_ms": 0.909125030040741,
        "encode_ms": 1.6041250228881836,
        "admission_or_completion_ms": 0.0015410000924021006
      },
      {
        "index": 824,
        "started_ms": 4627.921916,
        "submitted_ms": 4631.5325410000005,
        "observed_completed_ms": 4634.0626250000005,
        "start_to_observed_completion_ms": 6.140709000000243,
        "submit_to_observed_completion_ms": 2.530083999999988,
        "continuous_iteration_ms": 3.6159169673919678,
        "frame_ms": 3.6159169673919678,
        "component_sum_ms": 3.6091270446777344,
        "tick_ms": 1.0638750791549683,
        "dynamic_mesh_ms": 0.860334038734436,
        "encode_ms": 1.6831250190734863,
        "admission_or_completion_ms": 0.001792999915778637
      },
      {
        "index": 825,
        "started_ms": 4631.537833,
        "submitted_ms": 4635.040208,
        "observed_completed_ms": 4637.64625,
        "start_to_observed_completion_ms": 6.108416999999463,
        "submit_to_observed_completion_ms": 2.6060419999994338,
        "continuous_iteration_ms": 3.5064170360565186,
        "frame_ms": 3.5064170360565186,
        "component_sum_ms": 3.500248908996582,
        "tick_ms": 0.9690830111503601,
        "dynamic_mesh_ms": 0.8375830054283142,
        "encode_ms": 1.6924999952316284,
        "admission_or_completion_ms": 0.00108299998100847
      },
      {
        "index": 826,
        "started_ms": 4635.04425,
        "submitted_ms": 4638.606583,
        "observed_completed_ms": 4641.244125,
        "start_to_observed_completion_ms": 6.199875000000247,
        "submit_to_observed_completion_ms": 2.637542000000394,
        "continuous_iteration_ms": 3.5657501220703125,
        "frame_ms": 3.5657501220703125,
        "component_sum_ms": 3.55991792678833,
        "tick_ms": 1.050125002861023,
        "dynamic_mesh_ms": 0.8492090106010437,
        "encode_ms": 1.6587920188903809,
        "admission_or_completion_ms": 0.0017920001409947872
      },
      {
        "index": 827,
        "started_ms": 4638.61,
        "submitted_ms": 4642.115125,
        "observed_completed_ms": 4644.617083,
        "start_to_observed_completion_ms": 6.007083000000421,
        "submit_to_observed_completion_ms": 2.5019579999998314,
        "continuous_iteration_ms": 3.508500099182129,
        "frame_ms": 3.508500099182129,
        "component_sum_ms": 3.5027921199798584,
        "tick_ms": 1.0868339538574219,
        "dynamic_mesh_ms": 0.8624580502510071,
        "encode_ms": 1.5527920722961426,
        "admission_or_completion_ms": 0.000708000035956502
      },
      {
        "index": 828,
        "started_ms": 4642.1185000000005,
        "submitted_ms": 4645.503916,
        "observed_completed_ms": 4648.074208,
        "start_to_observed_completion_ms": 5.955707999999504,
        "submit_to_observed_completion_ms": 2.570292000000336,
        "continuous_iteration_ms": 3.3885409832000732,
        "frame_ms": 3.3885409832000732,
        "component_sum_ms": 3.3836240768432617,
        "tick_ms": 0.9902909994125366,
        "dynamic_mesh_ms": 0.8562920093536377,
        "encode_ms": 1.5361659526824951,
        "admission_or_completion_ms": 0.0008750000270083547
      },
      {
        "index": 829,
        "started_ms": 4645.507041,
        "submitted_ms": 4649.080875000001,
        "observed_completed_ms": 4651.616875000001,
        "start_to_observed_completion_ms": 6.109834000000774,
        "submit_to_observed_completion_ms": 2.536000000000058,
        "continuous_iteration_ms": 3.5780839920043945,
        "frame_ms": 3.5780839920043945,
        "component_sum_ms": 3.5718350410461426,
        "tick_ms": 0.9399999976158142,
        "dynamic_mesh_ms": 0.8434590101242065,
        "encode_ms": 1.786708950996399,
        "admission_or_completion_ms": 0.001666999887675047
      },
      {
        "index": 830,
        "started_ms": 4649.085125,
        "submitted_ms": 4652.537416,
        "observed_completed_ms": 4655.229791,
        "start_to_observed_completion_ms": 6.144666000000143,
        "submit_to_observed_completion_ms": 2.692374999999629,
        "continuous_iteration_ms": 3.4563751220703125,
        "frame_ms": 3.4563751220703125,
        "component_sum_ms": 3.450291872024536,
        "tick_ms": 0.9583749771118164,
        "dynamic_mesh_ms": 0.8644999861717224,
        "encode_ms": 1.6251660585403442,
        "admission_or_completion_ms": 0.0022510001435875893
      },
      {
        "index": 831,
        "started_ms": 4652.5415,
        "submitted_ms": 4656.166875,
        "observed_completed_ms": 4658.900833,
        "start_to_observed_completion_ms": 6.359332999999424,
        "submit_to_observed_completion_ms": 2.7339579999998023,
        "continuous_iteration_ms": 3.6302080154418945,
        "frame_ms": 3.6302080154418945,
        "component_sum_ms": 3.6234171390533447,
        "tick_ms": 1.1136670112609863,
        "dynamic_mesh_ms": 0.8862500190734863,
        "encode_ms": 1.622291922569275,
        "admission_or_completion_ms": 0.0012080000014975667
      },
      {
        "index": 832,
        "started_ms": 4656.171708000001,
        "submitted_ms": 4659.8129579999995,
        "observed_completed_ms": 4662.284625,
        "start_to_observed_completion_ms": 6.11291699999947,
        "submit_to_observed_completion_ms": 2.471667000000707,
        "continuous_iteration_ms": 3.645292043685913,
        "frame_ms": 3.645292043685913,
        "component_sum_ms": 3.6388330459594727,
        "tick_ms": 1.1575829982757568,
        "dynamic_mesh_ms": 0.8586249947547913,
        "encode_ms": 1.6216250658035278,
        "admission_or_completion_ms": 0.0009999999310821295
      },
      {
        "index": 833,
        "started_ms": 4659.817,
        "submitted_ms": 4663.186958,
        "observed_completed_ms": 4666.654833,
        "start_to_observed_completion_ms": 6.837832999999591,
        "submit_to_observed_completion_ms": 3.467874999999367,
        "continuous_iteration_ms": 3.3742499351501465,
        "frame_ms": 3.3742499351501465,
        "component_sum_ms": 3.3684158325195312,
        "tick_ms": 0.9845409989356995,
        "dynamic_mesh_ms": 0.827875018119812,
        "encode_ms": 1.55508291721344,
        "admission_or_completion_ms": 0.0009169999975711107
      },
      {
        "index": 834,
        "started_ms": 4663.19125,
        "submitted_ms": 4666.6565,
        "observed_completed_ms": 4669.143833,
        "start_to_observed_completion_ms": 5.9525830000002316,
        "submit_to_observed_completion_ms": 2.487333000000035,
        "continuous_iteration_ms": 3.4704158306121826,
        "frame_ms": 3.4704158306121826,
        "component_sum_ms": 3.461916923522949,
        "tick_ms": 0.9164170026779175,
        "dynamic_mesh_ms": 0.8871249556541443,
        "encode_ms": 1.6564589738845825,
        "admission_or_completion_ms": 0.0019160000374540687
      },
      {
        "index": 835,
        "started_ms": 4666.661666,
        "submitted_ms": 4670.088208,
        "observed_completed_ms": 4672.762541,
        "start_to_observed_completion_ms": 6.100875000000087,
        "submit_to_observed_completion_ms": 2.6743329999999332,
        "continuous_iteration_ms": 3.4309170246124268,
        "frame_ms": 3.4309170246124268,
        "component_sum_ms": 3.424583911895752,
        "tick_ms": 0.9180419445037842,
        "dynamic_mesh_ms": 0.8418340086936951,
        "encode_ms": 1.6631669998168945,
        "admission_or_completion_ms": 0.0015410000924021006
      },
      {
        "index": 836,
        "started_ms": 4670.092583,
        "submitted_ms": 4673.704958,
        "observed_completed_ms": 4676.2519999999995,
        "start_to_observed_completion_ms": 6.1594169999998485,
        "submit_to_observed_completion_ms": 2.5470419999992373,
        "continuous_iteration_ms": 3.616542100906372,
        "frame_ms": 3.616542100906372,
        "component_sum_ms": 3.6104581356048584,
        "tick_ms": 1.100208044052124,
        "dynamic_mesh_ms": 0.8661249876022339,
        "encode_ms": 1.6421250104904175,
        "admission_or_completion_ms": 0.0020000000949949026
      },
      {
        "index": 837,
        "started_ms": 4673.709125,
        "submitted_ms": 4677.164708,
        "observed_completed_ms": 4679.538875,
        "start_to_observed_completion_ms": 5.829749999999876,
        "submit_to_observed_completion_ms": 2.374166999999943,
        "continuous_iteration_ms": 3.45912504196167,
        "frame_ms": 3.45912504196167,
        "component_sum_ms": 3.453248977661133,
        "tick_ms": 1.0017499923706055,
        "dynamic_mesh_ms": 0.8455829620361328,
        "encode_ms": 1.6045830249786377,
        "admission_or_completion_ms": 0.0013330000219866633
      },
      {
        "index": 838,
        "started_ms": 4677.168250000001,
        "submitted_ms": 4680.432707999999,
        "observed_completed_ms": 4682.976,
        "start_to_observed_completion_ms": 5.807749999999032,
        "submit_to_observed_completion_ms": 2.5432920000002923,
        "continuous_iteration_ms": 3.2681660652160645,
        "frame_ms": 3.2681660652160645,
        "component_sum_ms": 3.262709140777588,
        "tick_ms": 0.9079169631004333,
        "dynamic_mesh_ms": 0.8299169540405273,
        "encode_ms": 1.524042010307312,
        "admission_or_completion_ms": 0.0008330000564455986
      },
      {
        "index": 839,
        "started_ms": 4680.4364160000005,
        "submitted_ms": 4683.939249999999,
        "observed_completed_ms": 4686.523333,
        "start_to_observed_completion_ms": 6.08691699999963,
        "submit_to_observed_completion_ms": 2.5840830000006463,
        "continuous_iteration_ms": 3.506666898727417,
        "frame_ms": 3.506666898727417,
        "component_sum_ms": 3.501291036605835,
        "tick_ms": 1.071874976158142,
        "dynamic_mesh_ms": 0.8192079663276672,
        "encode_ms": 1.6090420484542847,
        "admission_or_completion_ms": 0.0011660000309348106
      },
      {
        "index": 840,
        "started_ms": 4683.943083,
        "submitted_ms": 4687.445583,
        "observed_completed_ms": 4689.922041,
        "start_to_observed_completion_ms": 5.978957999999693,
        "submit_to_observed_completion_ms": 2.4764580000000933,
        "continuous_iteration_ms": 3.5086669921875,
        "frame_ms": 3.5086669921875,
        "component_sum_ms": 3.500457763671875,
        "tick_ms": 1.0210000276565552,
        "dynamic_mesh_ms": 0.8731249570846558,
        "encode_ms": 1.6052500009536743,
        "admission_or_completion_ms": 0.00108299998100847
      },
      {
        "index": 841,
        "started_ms": 4687.45175,
        "submitted_ms": 4690.821208,
        "observed_completed_ms": 4693.372208,
        "start_to_observed_completion_ms": 5.9204579999995985,
        "submit_to_observed_completion_ms": 2.550999999999476,
        "continuous_iteration_ms": 3.373000144958496,
        "frame_ms": 3.373000144958496,
        "component_sum_ms": 3.368000030517578,
        "tick_ms": 0.9738340377807617,
        "dynamic_mesh_ms": 0.8490419983863831,
        "encode_ms": 1.5440000295639038,
        "admission_or_completion_ms": 0.0011239999439567327
      },
      {
        "index": 842,
        "started_ms": 4690.82475,
        "submitted_ms": 4694.2981660000005,
        "observed_completed_ms": 4696.770125000001,
        "start_to_observed_completion_ms": 5.94537500000115,
        "submit_to_observed_completion_ms": 2.4719590000004246,
        "continuous_iteration_ms": 3.4767911434173584,
        "frame_ms": 3.4767911434173584,
        "component_sum_ms": 3.4717090129852295,
        "tick_ms": 1.0213749408721924,
        "dynamic_mesh_ms": 0.840499997138977,
        "encode_ms": 1.6085000038146973,
        "admission_or_completion_ms": 0.0013340000296011567
      },
      {
        "index": 843,
        "started_ms": 4694.301541,
        "submitted_ms": 4697.7324579999995,
        "observed_completed_ms": 4700.304875000001,
        "start_to_observed_completion_ms": 6.003334000000905,
        "submit_to_observed_completion_ms": 2.5724170000012236,
        "continuous_iteration_ms": 3.4353339672088623,
        "frame_ms": 3.4353339672088623,
        "component_sum_ms": 3.4284591674804688,
        "tick_ms": 0.9197080135345459,
        "dynamic_mesh_ms": 0.8670420050621033,
        "encode_ms": 1.6409170627593994,
        "admission_or_completion_ms": 0.0007919999770820141
      },
      {
        "index": 844,
        "started_ms": 4697.7368750000005,
        "submitted_ms": 4701.286999999999,
        "observed_completed_ms": 4703.8275,
        "start_to_observed_completion_ms": 6.090624999999818,
        "submit_to_observed_completion_ms": 2.540500000000975,
        "continuous_iteration_ms": 3.554374933242798,
        "frame_ms": 3.554374933242798,
        "component_sum_ms": 3.5478761196136475,
        "tick_ms": 1.0184170007705688,
        "dynamic_mesh_ms": 0.8554590344429016,
        "encode_ms": 1.671875,
        "admission_or_completion_ms": 0.0021250001154839993
      },
      {
        "index": 845,
        "started_ms": 4701.291249999999,
        "submitted_ms": 4704.736000000001,
        "observed_completed_ms": 4707.186458,
        "start_to_observed_completion_ms": 5.895208000000821,
        "submit_to_observed_completion_ms": 2.450457999999344,
        "continuous_iteration_ms": 3.4485409259796143,
        "frame_ms": 3.4485409259796143,
        "component_sum_ms": 3.4427490234375,
        "tick_ms": 1.0342079401016235,
        "dynamic_mesh_ms": 0.8449999690055847,
        "encode_ms": 1.5625420808792114,
        "admission_or_completion_ms": 0.000999000039882958
      },
      {
        "index": 846,
        "started_ms": 4704.739791,
        "submitted_ms": 4708.080375,
        "observed_completed_ms": 4710.5410409999995,
        "start_to_observed_completion_ms": 5.801249999999527,
        "submit_to_observed_completion_ms": 2.4606659999999465,
        "continuous_iteration_ms": 3.343959093093872,
        "frame_ms": 3.343959093093872,
        "component_sum_ms": 3.338916063308716,
        "tick_ms": 0.9675830006599426,
        "dynamic_mesh_ms": 0.8247500061988831,
        "encode_ms": 1.5453749895095825,
        "admission_or_completion_ms": 0.0012080000014975667
      },
      {
        "index": 847,
        "started_ms": 4708.08375,
        "submitted_ms": 4711.502958,
        "observed_completed_ms": 4714.621582999999,
        "start_to_observed_completion_ms": 6.537832999999409,
        "submit_to_observed_completion_ms": 3.118624999999156,
        "continuous_iteration_ms": 3.424375057220459,
        "frame_ms": 3.424375057220459,
        "component_sum_ms": 3.4170830249786377,
        "tick_ms": 0.8904579877853394,
        "dynamic_mesh_ms": 0.8446249961853027,
        "encode_ms": 1.6794170141220093,
        "admission_or_completion_ms": 0.002583000110462308
      },
      {
        "index": 848,
        "started_ms": 4711.508125,
        "submitted_ms": 4717.669541,
        "observed_completed_ms": 4720.424583,
        "start_to_observed_completion_ms": 8.916457999999693,
        "submit_to_observed_completion_ms": 2.7550419999997757,
        "continuous_iteration_ms": 6.166666030883789,
        "frame_ms": 6.166666030883789,
        "component_sum_ms": 6.15891695022583,
        "tick_ms": 1.3928329944610596,
        "dynamic_mesh_ms": 1.6808749437332153,
        "encode_ms": 3.046999931335449,
        "admission_or_completion_ms": 0.03820899873971939
      },
      {
        "index": 849,
        "started_ms": 4717.674791,
        "submitted_ms": 4723.399541,
        "observed_completed_ms": 4725.860291,
        "start_to_observed_completion_ms": 8.185499999999593,
        "submit_to_observed_completion_ms": 2.460750000000189,
        "continuous_iteration_ms": 5.728499889373779,
        "frame_ms": 5.728499889373779,
        "component_sum_ms": 5.722124099731445,
        "tick_ms": 1.213791012763977,
        "dynamic_mesh_ms": 1.501209020614624,
        "encode_ms": 2.974040985107422,
        "admission_or_completion_ms": 0.033083003014326096
      },
      {
        "index": 850,
        "started_ms": 4723.4032910000005,
        "submitted_ms": 4728.802666,
        "observed_completed_ms": 4733.248500000001,
        "start_to_observed_completion_ms": 9.845209000000068,
        "submit_to_observed_completion_ms": 4.445834000001014,
        "continuous_iteration_ms": 5.4037089347839355,
        "frame_ms": 5.4037089347839355,
        "component_sum_ms": 5.396250247955322,
        "tick_ms": 0.9198749661445618,
        "dynamic_mesh_ms": 1.5013749599456787,
        "encode_ms": 2.9415831565856934,
        "admission_or_completion_ms": 0.033416997641325
      },
      {
        "index": 851,
        "started_ms": 4728.807,
        "submitted_ms": 4734.201791,
        "observed_completed_ms": 4736.650125,
        "start_to_observed_completion_ms": 7.843125000000327,
        "submit_to_observed_completion_ms": 2.4483339999997042,
        "continuous_iteration_ms": 5.399291038513184,
        "frame_ms": 5.399291038513184,
        "component_sum_ms": 5.39158296585083,
        "tick_ms": 0.8787500262260437,
        "dynamic_mesh_ms": 1.5434579849243164,
        "encode_ms": 2.967665910720825,
        "admission_or_completion_ms": 0.0017089999746531248
      },
      {
        "index": 852,
        "started_ms": 4734.2062909999995,
        "submitted_ms": 4739.833124999999,
        "observed_completed_ms": 4742.287333,
        "start_to_observed_completion_ms": 8.081042000000707,
        "submit_to_observed_completion_ms": 2.4542080000010174,
        "continuous_iteration_ms": 5.632708549499512,
        "frame_ms": 5.632708549499512,
        "component_sum_ms": 5.622751235961914,
        "tick_ms": 0.8471670150756836,
        "dynamic_mesh_ms": 1.5505419969558716,
        "encode_ms": 3.1819169521331787,
        "admission_or_completion_ms": 0.04312499985098839
      },
      {
        "index": 853,
        "started_ms": 4739.839,
        "submitted_ms": 4745.196790999999,
        "observed_completed_ms": 4747.548207999999,
        "start_to_observed_completion_ms": 7.7092079999993075,
        "submit_to_observed_completion_ms": 2.3514169999998558,
        "continuous_iteration_ms": 5.361875057220459,
        "frame_ms": 5.361875057220459,
        "component_sum_ms": 5.354709148406982,
        "tick_ms": 0.9630420207977295,
        "dynamic_mesh_ms": 1.455875039100647,
        "encode_ms": 2.908708095550537,
        "admission_or_completion_ms": 0.027084000408649445
      },
      {
        "index": 854,
        "started_ms": 4745.200875,
        "submitted_ms": 4750.636082999999,
        "observed_completed_ms": 4753.140165999999,
        "start_to_observed_completion_ms": 7.939290999998775,
        "submit_to_observed_completion_ms": 2.5040829999998095,
        "continuous_iteration_ms": 5.441375255584717,
        "frame_ms": 5.441375255584717,
        "component_sum_ms": 5.432250022888184,
        "tick_ms": 0.8855829834938049,
        "dynamic_mesh_ms": 1.4314579963684082,
        "encode_ms": 3.0871670246124268,
        "admission_or_completion_ms": 0.02804199978709221
      },
      {
        "index": 855,
        "started_ms": 4750.64225,
        "submitted_ms": 4756.21775,
        "observed_completed_ms": 4758.624916000001,
        "start_to_observed_completion_ms": 7.9826660000007905,
        "submit_to_observed_completion_ms": 2.4071660000008706,
        "continuous_iteration_ms": 5.5798749923706055,
        "frame_ms": 5.5798749923706055,
        "component_sum_ms": 5.572373867034912,
        "tick_ms": 0.9773330688476562,
        "dynamic_mesh_ms": 1.4897079467773438,
        "encode_ms": 3.0767500400543213,
        "admission_or_completion_ms": 0.028583001345396042
      },
      {
        "index": 856,
        "started_ms": 4756.222125,
        "submitted_ms": 4761.640291,
        "observed_completed_ms": 4764.066291,
        "start_to_observed_completion_ms": 7.844165999999859,
        "submit_to_observed_completion_ms": 2.4260000000003856,
        "continuous_iteration_ms": 5.423207759857178,
        "frame_ms": 5.423207759857178,
        "component_sum_ms": 5.414958953857422,
        "tick_ms": 0.9005829691886902,
        "dynamic_mesh_ms": 1.4724169969558716,
        "encode_ms": 3.0144999027252197,
        "admission_or_completion_ms": 0.027458999305963516
      },
      {
        "index": 857,
        "started_ms": 4761.6453329999995,
        "submitted_ms": 4767.221208000001,
        "observed_completed_ms": 4769.5865,
        "start_to_observed_completion_ms": 7.94116700000086,
        "submit_to_observed_completion_ms": 2.3652919999994992,
        "continuous_iteration_ms": 5.580708026885986,
        "frame_ms": 5.580708026885986,
        "component_sum_ms": 5.5726237297058105,
        "tick_ms": 0.8810830116271973,
        "dynamic_mesh_ms": 1.501791000366211,
        "encode_ms": 3.1540000438690186,
        "admission_or_completion_ms": 0.035749997943639755
      },
      {
        "index": 858,
        "started_ms": 4767.226041,
        "submitted_ms": 4772.427333,
        "observed_completed_ms": 4776.890708,
        "start_to_observed_completion_ms": 9.664667000000009,
        "submit_to_observed_completion_ms": 4.463375000000269,
        "continuous_iteration_ms": 5.20550012588501,
        "frame_ms": 5.20550012588501,
        "component_sum_ms": 5.19833517074585,
        "tick_ms": 0.890999972820282,
        "dynamic_mesh_ms": 1.4421669244766235,
        "encode_ms": 2.8400421142578125,
        "admission_or_completion_ms": 0.025125999003648758
      },
      {
        "index": 859,
        "started_ms": 4772.431541,
        "submitted_ms": 4777.838833,
        "observed_completed_ms": 4780.178207999999,
        "start_to_observed_completion_ms": 7.746666999999434,
        "submit_to_observed_completion_ms": 2.3393749999995634,
        "continuous_iteration_ms": 5.410959243774414,
        "frame_ms": 5.410959243774414,
        "component_sum_ms": 5.404750347137451,
        "tick_ms": 0.9085000157356262,
        "dynamic_mesh_ms": 1.4613330364227295,
        "encode_ms": 3.034250020980835,
        "admission_or_completion_ms": 0.0006670000148005784
      },
      {
        "index": 860,
        "started_ms": 4777.842500000001,
        "submitted_ms": 4783.084,
        "observed_completed_ms": 4786.049207999999,
        "start_to_observed_completion_ms": 8.206707999998798,
        "submit_to_observed_completion_ms": 2.9652079999996204,
        "continuous_iteration_ms": 5.2455830574035645,
        "frame_ms": 5.2455830574035645,
        "component_sum_ms": 5.238998889923096,
        "tick_ms": 0.8659579753875732,
        "dynamic_mesh_ms": 1.4394159317016602,
        "encode_ms": 2.905250072479248,
        "admission_or_completion_ms": 0.02837499976158142
      },
      {
        "index": 861,
        "started_ms": 4783.088083,
        "submitted_ms": 4786.050583,
        "observed_completed_ms": 4788.419083,
        "start_to_observed_completion_ms": 5.331000000000131,
        "submit_to_observed_completion_ms": 2.3684999999995853,
        "continuous_iteration_ms": 2.9659171104431152,
        "frame_ms": 2.9659171104431152,
        "component_sum_ms": 2.960582971572876,
        "tick_ms": 0.6843329668045044,
        "dynamic_mesh_ms": 0.8700420260429382,
        "encode_ms": 1.4050829410552979,
        "admission_or_completion_ms": 0.001125000067986548
      },
      {
        "index": 862,
        "started_ms": 4786.054,
        "submitted_ms": 4791.387375,
        "observed_completed_ms": 4795.638166,
        "start_to_observed_completion_ms": 9.584165999999641,
        "submit_to_observed_completion_ms": 4.250790999999481,
        "continuous_iteration_ms": 5.337208271026611,
        "frame_ms": 5.337208271026611,
        "component_sum_ms": 5.331125259399414,
        "tick_ms": 0.8627080321311951,
        "dynamic_mesh_ms": 1.4571670293807983,
        "encode_ms": 2.967750072479248,
        "admission_or_completion_ms": 0.04349999874830246
      },
      {
        "index": 863,
        "started_ms": 4791.391208,
        "submitted_ms": 4796.576125,
        "observed_completed_ms": 4801.202625,
        "start_to_observed_completion_ms": 9.811416999999892,
        "submit_to_observed_completion_ms": 4.626500000000306,
        "continuous_iteration_ms": 5.189749717712402,
        "frame_ms": 5.189749717712402,
        "component_sum_ms": 5.182416915893555,
        "tick_ms": 0.8100000023841858,
        "dynamic_mesh_ms": 1.4398339986801147,
        "encode_ms": 2.930666923522949,
        "admission_or_completion_ms": 0.0019160000374540687
      },
      {
        "index": 864,
        "started_ms": 4796.580958,
        "submitted_ms": 4802.151875,
        "observed_completed_ms": 4804.546791,
        "start_to_observed_completion_ms": 7.9658330000002024,
        "submit_to_observed_completion_ms": 2.394916000000194,
        "continuous_iteration_ms": 5.575167179107666,
        "frame_ms": 5.575167179107666,
        "component_sum_ms": 5.567417144775391,
        "tick_ms": 0.9174169898033142,
        "dynamic_mesh_ms": 1.5125420093536377,
        "encode_ms": 3.134999990463257,
        "admission_or_completion_ms": 0.0024580000899732113
      },
      {
        "index": 865,
        "started_ms": 4802.1561249999995,
        "submitted_ms": 4807.449708,
        "observed_completed_ms": 4811.83525,
        "start_to_observed_completion_ms": 9.679125000000568,
        "submit_to_observed_completion_ms": 4.385541999999987,
        "continuous_iteration_ms": 5.297165870666504,
        "frame_ms": 5.297165870666504,
        "component_sum_ms": 5.291083335876465,
        "tick_ms": 0.9057080149650574,
        "dynamic_mesh_ms": 1.4574580192565918,
        "encode_ms": 2.9019999504089355,
        "admission_or_completion_ms": 0.025916999205946922
      },
      {
        "index": 866,
        "started_ms": 4807.453291,
        "submitted_ms": 4812.745875,
        "observed_completed_ms": 4817.626791000001,
        "start_to_observed_completion_ms": 10.173500000000786,
        "submit_to_observed_completion_ms": 4.88091600000098,
        "continuous_iteration_ms": 5.297500133514404,
        "frame_ms": 5.297500133514404,
        "component_sum_ms": 5.289249897003174,
        "tick_ms": 0.7838329672813416,
        "dynamic_mesh_ms": 1.4905000925064087,
        "encode_ms": 3.0132088661193848,
        "admission_or_completion_ms": 0.0017079999670386314
      },
      {
        "index": 867,
        "started_ms": 4812.750791,
        "submitted_ms": 4818.586708,
        "observed_completed_ms": 4821.719291,
        "start_to_observed_completion_ms": 8.968499999999949,
        "submit_to_observed_completion_ms": 3.1325830000005226,
        "continuous_iteration_ms": 5.84137487411499,
        "frame_ms": 5.84137487411499,
        "component_sum_ms": 5.832291126251221,
        "tick_ms": 0.8016250133514404,
        "dynamic_mesh_ms": 1.6769580841064453,
        "encode_ms": 3.350416898727417,
        "admission_or_completion_ms": 0.00329100014641881
      },
      {
        "index": 868,
        "started_ms": 4818.592166,
        "submitted_ms": 4821.720625,
        "observed_completed_ms": 4824.067291,
        "start_to_observed_completion_ms": 5.4751249999999345,
        "submit_to_observed_completion_ms": 2.3466660000003685,
        "continuous_iteration_ms": 3.13270902633667,
        "frame_ms": 3.13270902633667,
        "component_sum_ms": 3.1262078285217285,
        "tick_ms": 0.8342919945716858,
        "dynamic_mesh_ms": 0.9001659750938416,
        "encode_ms": 1.3907089233398438,
        "admission_or_completion_ms": 0.001041000010445714
      },
      {
        "index": 869,
        "started_ms": 4821.724875,
        "submitted_ms": 4827.156833,
        "observed_completed_ms": 4829.462875,
        "start_to_observed_completion_ms": 7.738000000000284,
        "submit_to_observed_completion_ms": 2.3060420000001614,
        "continuous_iteration_ms": 5.436832904815674,
        "frame_ms": 5.436832904815674,
        "component_sum_ms": 5.4291672706604,
        "tick_ms": 0.8064999580383301,
        "dynamic_mesh_ms": 1.4964160919189453,
        "encode_ms": 3.0890419483184814,
        "admission_or_completion_ms": 0.03720900043845177
      },
      {
        "index": 870,
        "started_ms": 4827.1617080000005,
        "submitted_ms": 4830.291916,
        "observed_completed_ms": 4834.935875,
        "start_to_observed_completion_ms": 7.774166999999579,
        "submit_to_observed_completion_ms": 4.643958999999995,
        "continuous_iteration_ms": 3.1339170932769775,
        "frame_ms": 3.1339170932769775,
        "component_sum_ms": 3.1275832653045654,
        "tick_ms": 0.7898340225219727,
        "dynamic_mesh_ms": 0.8875830173492432,
        "encode_ms": 1.4490000009536743,
        "admission_or_completion_ms": 0.0011660000309348106
      },
      {
        "index": 871,
        "started_ms": 4830.295625,
        "submitted_ms": 4835.8555,
        "observed_completed_ms": 4838.2014580000005,
        "start_to_observed_completion_ms": 7.905833000000712,
        "submit_to_observed_completion_ms": 2.345958000000792,
        "continuous_iteration_ms": 5.563875198364258,
        "frame_ms": 5.563875198364258,
        "component_sum_ms": 5.557208061218262,
        "tick_ms": 0.863707959651947,
        "dynamic_mesh_ms": 1.6156669855117798,
        "encode_ms": 3.0758750438690186,
        "admission_or_completion_ms": 0.0019580000080168247
      },
      {
        "index": 872,
        "started_ms": 4835.8595,
        "submitted_ms": 4841.158958,
        "observed_completed_ms": 4843.44475,
        "start_to_observed_completion_ms": 7.585250000000087,
        "submit_to_observed_completion_ms": 2.285791999999674,
        "continuous_iteration_ms": 5.303583145141602,
        "frame_ms": 5.303583145141602,
        "component_sum_ms": 5.296750068664551,
        "tick_ms": 0.8398339748382568,
        "dynamic_mesh_ms": 1.4738329648971558,
        "encode_ms": 2.9567501544952393,
        "admission_or_completion_ms": 0.026332998648285866
      },
      {
        "index": 873,
        "started_ms": 4841.1630829999995,
        "submitted_ms": 4846.301541,
        "observed_completed_ms": 4850.689916,
        "start_to_observed_completion_ms": 9.526833000000806,
        "submit_to_observed_completion_ms": 4.388375000000451,
        "continuous_iteration_ms": 5.141958236694336,
        "frame_ms": 5.141958236694336,
        "component_sum_ms": 5.136415958404541,
        "tick_ms": 0.8057500123977661,
        "dynamic_mesh_ms": 1.4506659507751465,
        "encode_ms": 2.8564159870147705,
        "admission_or_completion_ms": 0.023583998903632164
      },
      {
        "index": 874,
        "started_ms": 4846.305041,
        "submitted_ms": 4851.589125,
        "observed_completed_ms": 4854.01775,
        "start_to_observed_completion_ms": 7.712709000000359,
        "submit_to_observed_completion_ms": 2.428624999999556,
        "continuous_iteration_ms": 5.28795862197876,
        "frame_ms": 5.28795862197876,
        "component_sum_ms": 5.281750202178955,
        "tick_ms": 0.8107500076293945,
        "dynamic_mesh_ms": 1.4858750104904175,
        "encode_ms": 2.945000171661377,
        "admission_or_completion_ms": 0.04012500122189522
      },
      {
        "index": 875,
        "started_ms": 4851.593,
        "submitted_ms": 4857.063208,
        "observed_completed_ms": 4859.545833,
        "start_to_observed_completion_ms": 7.9528330000002825,
        "submit_to_observed_completion_ms": 2.482625000000553,
        "continuous_iteration_ms": 5.4743332862854,
        "frame_ms": 5.4743332862854,
        "component_sum_ms": 5.467750072479248,
        "tick_ms": 0.8993750214576721,
        "dynamic_mesh_ms": 1.496250033378601,
        "encode_ms": 3.044875144958496,
        "admission_or_completion_ms": 0.027249999344348907
      },
      {
        "index": 876,
        "started_ms": 4857.067333,
        "submitted_ms": 4862.417291,
        "observed_completed_ms": 4867.248250000001,
        "start_to_observed_completion_ms": 10.18091700000059,
        "submit_to_observed_completion_ms": 4.830959000000803,
        "continuous_iteration_ms": 5.355208396911621,
        "frame_ms": 5.355208396911621,
        "component_sum_ms": 5.346957683563232,
        "tick_ms": 0.8531249761581421,
        "dynamic_mesh_ms": 1.5947920083999634,
        "encode_ms": 2.8708748817443848,
        "admission_or_completion_ms": 0.02816600166261196
      },
      {
        "index": 877,
        "started_ms": 4862.422541,
        "submitted_ms": 4868.224708,
        "observed_completed_ms": 4870.714666,
        "start_to_observed_completion_ms": 8.292124999999942,
        "submit_to_observed_completion_ms": 2.489958000000115,
        "continuous_iteration_ms": 5.808459281921387,
        "frame_ms": 5.808459281921387,
        "component_sum_ms": 5.799167156219482,
        "tick_ms": 0.8118339776992798,
        "dynamic_mesh_ms": 1.6170419454574585,
        "encode_ms": 3.320957899093628,
        "admission_or_completion_ms": 0.04933299869298935
      },
      {
        "index": 878,
        "started_ms": 4868.231,
        "submitted_ms": 4874.041,
        "observed_completed_ms": 4876.424625000001,
        "start_to_observed_completion_ms": 8.193625000000793,
        "submit_to_observed_completion_ms": 2.383625000000393,
        "continuous_iteration_ms": 5.815708160400391,
        "frame_ms": 5.815708160400391,
        "component_sum_ms": 5.807040691375732,
        "tick_ms": 0.9192910194396973,
        "dynamic_mesh_ms": 1.5313749313354492,
        "encode_ms": 3.325666904449463,
        "admission_or_completion_ms": 0.03070800006389618
      },
      {
        "index": 879,
        "started_ms": 4874.046708,
        "submitted_ms": 4879.494375,
        "observed_completed_ms": 4884.074041,
        "start_to_observed_completion_ms": 10.027332999999999,
        "submit_to_observed_completion_ms": 4.579665999999634,
        "continuous_iteration_ms": 5.4519171714782715,
        "frame_ms": 5.4519171714782715,
        "component_sum_ms": 5.444707870483398,
        "tick_ms": 0.8770419955253601,
        "dynamic_mesh_ms": 1.4647079706192017,
        "encode_ms": 3.0689589977264404,
        "admission_or_completion_ms": 0.0339989997446537
      },
      {
        "index": 880,
        "started_ms": 4879.498625,
        "submitted_ms": 4884.964708,
        "observed_completed_ms": 4887.266375,
        "start_to_observed_completion_ms": 7.767749999999978,
        "submit_to_observed_completion_ms": 2.301666999999725,
        "continuous_iteration_ms": 5.471875190734863,
        "frame_ms": 5.471875190734863,
        "component_sum_ms": 5.463042259216309,
        "tick_ms": 0.8609169721603394,
        "dynamic_mesh_ms": 1.5762079954147339,
        "encode_ms": 3.022792100906372,
        "admission_or_completion_ms": 0.003124999813735485
      },
      {
        "index": 881,
        "started_ms": 4884.970499999999,
        "submitted_ms": 4888.055708,
        "observed_completed_ms": 4890.5052080000005,
        "start_to_observed_completion_ms": 5.5347080000010465,
        "submit_to_observed_completion_ms": 2.4495000000006257,
        "continuous_iteration_ms": 3.0883328914642334,
        "frame_ms": 3.0883328914642334,
        "component_sum_ms": 3.082792043685913,
        "tick_ms": 0.7909579873085022,
        "dynamic_mesh_ms": 0.8942499756813049,
        "encode_ms": 1.396875023841858,
        "admission_or_completion_ms": 0.0007090000435709953
      },
      {
        "index": 882,
        "started_ms": 4888.058833,
        "submitted_ms": 4893.585416,
        "observed_completed_ms": 4896.0154999999995,
        "start_to_observed_completion_ms": 7.95666699999947,
        "submit_to_observed_completion_ms": 2.430083999999624,
        "continuous_iteration_ms": 5.532292366027832,
        "frame_ms": 5.532292366027832,
        "component_sum_ms": 5.524209022521973,
        "tick_ms": 0.9117500185966492,
        "dynamic_mesh_ms": 1.4984580278396606,
        "encode_ms": 3.079625129699707,
        "admission_or_completion_ms": 0.03437599912285805
      },
      {
        "index": 883,
        "started_ms": 4893.591125000001,
        "submitted_ms": 4899.28925,
        "observed_completed_ms": 4901.803875,
        "start_to_observed_completion_ms": 8.212749999998778,
        "submit_to_observed_completion_ms": 2.5146249999997963,
        "continuous_iteration_ms": 5.704457759857178,
        "frame_ms": 5.704457759857178,
        "component_sum_ms": 5.695791721343994,
        "tick_ms": 0.8927499651908875,
        "dynamic_mesh_ms": 1.503957986831665,
        "encode_ms": 3.272916793823242,
        "admission_or_completion_ms": 0.026166997849941254
      },
      {
        "index": 884,
        "started_ms": 4899.295583,
        "submitted_ms": 4904.892708,
        "observed_completed_ms": 4907.309166,
        "start_to_observed_completion_ms": 8.013582999999926,
        "submit_to_observed_completion_ms": 2.416457999999693,
        "continuous_iteration_ms": 5.6011247634887695,
        "frame_ms": 5.6011247634887695,
        "component_sum_ms": 5.593749523162842,
        "tick_ms": 0.9376659989356995,
        "dynamic_mesh_ms": 1.5379160642623901,
        "encode_ms": 3.0879580974578857,
        "admission_or_completion_ms": 0.030208999291062355
      },
      {
        "index": 885,
        "started_ms": 4904.896708,
        "submitted_ms": 4910.356207999999,
        "observed_completed_ms": 4915.078708,
        "start_to_observed_completion_ms": 10.181999999999789,
        "submit_to_observed_completion_ms": 4.722500000000764,
        "continuous_iteration_ms": 5.464583396911621,
        "frame_ms": 5.464583396911621,
        "component_sum_ms": 5.456874847412109,
        "tick_ms": 0.8619169592857361,
        "dynamic_mesh_ms": 1.525333046913147,
        "encode_ms": 3.0461249351501465,
        "admission_or_completion_ms": 0.023500001057982445
      },
      {
        "index": 886,
        "started_ms": 4910.361291,
        "submitted_ms": 4916.067916,
        "observed_completed_ms": 4920.438708,
        "start_to_observed_completion_ms": 10.077416999999514,
        "submit_to_observed_completion_ms": 4.37079199999971,
        "continuous_iteration_ms": 5.711916923522949,
        "frame_ms": 5.711916923522949,
        "component_sum_ms": 5.703916072845459,
        "tick_ms": 0.859624981880188,
        "dynamic_mesh_ms": 1.5073330402374268,
        "encode_ms": 3.3358330726623535,
        "admission_or_completion_ms": 0.0011249999515712261
      },
      {
        "index": 887,
        "started_ms": 4916.073208,
        "submitted_ms": 4921.318208,
        "observed_completed_ms": 4923.740583,
        "start_to_observed_completion_ms": 7.667374999999993,
        "submit_to_observed_completion_ms": 2.422375000000102,
        "continuous_iteration_ms": 5.25029182434082,
        "frame_ms": 5.25029182434082,
        "component_sum_ms": 5.242166996002197,
        "tick_ms": 0.8443750143051147,
        "dynamic_mesh_ms": 1.460792064666748,
        "encode_ms": 2.9352078437805176,
        "admission_or_completion_ms": 0.0017919999081641436
      },
      {
        "index": 888,
        "started_ms": 4921.3234999999995,
        "submitted_ms": 4926.7664159999995,
        "observed_completed_ms": 4929.735708,
        "start_to_observed_completion_ms": 8.412208000000646,
        "submit_to_observed_completion_ms": 2.969292000000678,
        "continuous_iteration_ms": 5.4483747482299805,
        "frame_ms": 5.4483747482299805,
        "component_sum_ms": 5.44079065322876,
        "tick_ms": 0.8870409727096558,
        "dynamic_mesh_ms": 1.5019170045852661,
        "encode_ms": 3.024915933609009,
        "admission_or_completion_ms": 0.026917001232504845
      },
      {
        "index": 889,
        "started_ms": 4926.771875,
        "submitted_ms": 4929.737041,
        "observed_completed_ms": 4935.5415410000005,
        "start_to_observed_completion_ms": 8.769666000000143,
        "submit_to_observed_completion_ms": 5.804500000000189,
        "continuous_iteration_ms": 2.9694161415100098,
        "frame_ms": 2.9694161415100098,
        "component_sum_ms": 2.9631659984588623,
        "tick_ms": 0.6763749718666077,
        "dynamic_mesh_ms": 0.8800830245018005,
        "encode_ms": 1.4057910442352295,
        "admission_or_completion_ms": 0.0009169999975711107
      },
      {
        "index": 890,
        "started_ms": 4929.741291,
        "submitted_ms": 4932.993791000001,
        "observed_completed_ms": 4935.542082999999,
        "start_to_observed_completion_ms": 5.800791999999092,
        "submit_to_observed_completion_ms": 2.5482919999985825,
        "continuous_iteration_ms": 3.257833957672119,
        "frame_ms": 3.257833957672119,
        "component_sum_ms": 3.2502079010009766,
        "tick_ms": 0.6730830073356628,
        "dynamic_mesh_ms": 0.8695420026779175,
        "encode_ms": 1.7064999341964722,
        "admission_or_completion_ms": 0.0010830000974237919
      },
      {
        "index": 891,
        "started_ms": 4932.999125,
        "submitted_ms": 4938.8852910000005,
        "observed_completed_ms": 4941.303583,
        "start_to_observed_completion_ms": 8.304457999999613,
        "submit_to_observed_completion_ms": 2.418291999999383,
        "continuous_iteration_ms": 5.890875339508057,
        "frame_ms": 5.890875339508057,
        "component_sum_ms": 5.8840837478637695,
        "tick_ms": 0.9504590034484863,
        "dynamic_mesh_ms": 1.5141249895095825,
        "encode_ms": 3.342750072479248,
        "admission_or_completion_ms": 0.0767500028014183
      },
      {
        "index": 892,
        "started_ms": 4938.889999999999,
        "submitted_ms": 4944.807875,
        "observed_completed_ms": 4947.229541000001,
        "start_to_observed_completion_ms": 8.33954100000119,
        "submit_to_observed_completion_ms": 2.4216660000001866,
        "continuous_iteration_ms": 5.92383337020874,
        "frame_ms": 5.92383337020874,
        "component_sum_ms": 5.9146246910095215,
        "tick_ms": 0.8545420169830322,
        "dynamic_mesh_ms": 1.527500033378601,
        "encode_ms": 3.503709077835083,
        "admission_or_completion_ms": 0.028874000534415245
      },
      {
        "index": 893,
        "started_ms": 4944.813832999999,
        "submitted_ms": 4950.4529999999995,
        "observed_completed_ms": 4952.707333,
        "start_to_observed_completion_ms": 7.8935000000010405,
        "submit_to_observed_completion_ms": 2.25433300000077,
        "continuous_iteration_ms": 5.644000053405762,
        "frame_ms": 5.644000053405762,
        "component_sum_ms": 5.636209011077881,
        "tick_ms": 0.8802919983863831,
        "dynamic_mesh_ms": 1.503250002861023,
        "encode_ms": 3.2223339080810547,
        "admission_or_completion_ms": 0.03033299930393696
      },
      {
        "index": 894,
        "started_ms": 4950.4578329999995,
        "submitted_ms": 4953.474166,
        "observed_completed_ms": 4958.042666,
        "start_to_observed_completion_ms": 7.584833000000799,
        "submit_to_observed_completion_ms": 4.568500000000313,
        "continuous_iteration_ms": 3.019291877746582,
        "frame_ms": 3.019291877746582,
        "component_sum_ms": 3.014040946960449,
        "tick_ms": 0.7217079997062683,
        "dynamic_mesh_ms": 0.8803330063819885,
        "encode_ms": 1.411041021347046,
        "admission_or_completion_ms": 0.0009589999681338668
      },
      {
        "index": 895,
        "started_ms": 4953.477125,
        "submitted_ms": 4959.015875,
        "observed_completed_ms": 4961.318458,
        "start_to_observed_completion_ms": 7.841332999999395,
        "submit_to_observed_completion_ms": 2.302582999999686,
        "continuous_iteration_ms": 5.544666290283203,
        "frame_ms": 5.544666290283203,
        "component_sum_ms": 5.535917282104492,
        "tick_ms": 0.776416003704071,
        "dynamic_mesh_ms": 1.53895902633667,
        "encode_ms": 3.2183339595794678,
        "admission_or_completion_ms": 0.002208000048995018
      },
      {
        "index": 896,
        "started_ms": 4959.021790999999,
        "submitted_ms": 4962.162916,
        "observed_completed_ms": 4966.859708,
        "start_to_observed_completion_ms": 7.837917000000743,
        "submit_to_observed_completion_ms": 4.696791999999732,
        "continuous_iteration_ms": 3.144749879837036,
        "frame_ms": 3.144749879837036,
        "component_sum_ms": 3.1386260986328125,
        "tick_ms": 0.768250048160553,
        "dynamic_mesh_ms": 0.8701669573783875,
        "encode_ms": 1.4991250038146973,
        "admission_or_completion_ms": 0.0010839999886229634
      },
      {
        "index": 897,
        "started_ms": 4962.1665410000005,
        "submitted_ms": 4967.789208,
        "observed_completed_ms": 4970.273333,
        "start_to_observed_completion_ms": 8.106791999999587,
        "submit_to_observed_completion_ms": 2.484124999999949,
        "continuous_iteration_ms": 5.6282501220703125,
        "frame_ms": 5.6282501220703125,
        "component_sum_ms": 5.619250297546387,
        "tick_ms": 0.7448750138282776,
        "dynamic_mesh_ms": 1.505958080291748,
        "encode_ms": 3.366542100906372,
        "admission_or_completion_ms": 0.001875000074505806
      },
      {
        "index": 898,
        "started_ms": 4967.794791,
        "submitted_ms": 4971.103,
        "observed_completed_ms": 4974.08025,
        "start_to_observed_completion_ms": 6.285458999999719,
        "submit_to_observed_completion_ms": 2.9772499999999127,
        "continuous_iteration_ms": 3.312666893005371,
        "frame_ms": 3.312666893005371,
        "component_sum_ms": 3.3061680793762207,
        "tick_ms": 0.7849999666213989,
        "dynamic_mesh_ms": 0.8784590363502502,
        "encode_ms": 1.641334056854248,
        "admission_or_completion_ms": 0.0013749999925494194
      },
      {
        "index": 899,
        "started_ms": 4971.1074579999995,
        "submitted_ms": 4974.082291000001,
        "observed_completed_ms": 4976.555166,
        "start_to_observed_completion_ms": 5.447708000000603,
        "submit_to_observed_completion_ms": 2.472874999999476,
        "continuous_iteration_ms": 2.9791669845581055,
        "frame_ms": 2.9791669845581055,
        "component_sum_ms": 2.973126173019409,
        "tick_ms": 0.7009580135345459,
        "dynamic_mesh_ms": 0.8570839762687683,
        "encode_ms": 1.4140000343322754,
        "admission_or_completion_ms": 0.0010840001050382853
      },
      {
        "index": 900,
        "started_ms": 4974.086625,
        "submitted_ms": 4979.808791,
        "observed_completed_ms": 4982.308583,
        "start_to_observed_completion_ms": 8.221958000000086,
        "submit_to_observed_completion_ms": 2.4997919999996157,
        "continuous_iteration_ms": 8.805333137512207,
        "frame_ms": 8.805333137512207,
        "component_sum_ms": 8.335957527160645,
        "tick_ms": 0.8347079753875732,
        "dynamic_mesh_ms": 1.5905410051345825,
        "encode_ms": 3.252916097640991,
        "admission_or_completion_ms": 2.65779185295105
      },
      {
        "index": 901,
        "started_ms": 4982.891958,
        "submitted_ms": 4988.441,
        "observed_completed_ms": 4993.724041,
        "start_to_observed_completion_ms": 10.832083000000239,
        "submit_to_observed_completion_ms": 5.283041000000594,
        "continuous_iteration_ms": 5.5538330078125,
        "frame_ms": 5.5538330078125,
        "component_sum_ms": 5.546499252319336,
        "tick_ms": 0.880416989326477,
        "dynamic_mesh_ms": 1.564790964126587,
        "encode_ms": 3.09975004196167,
        "admission_or_completion_ms": 0.0015409999759867787
      },
      {
        "index": 902,
        "started_ms": 4988.445791,
        "submitted_ms": 4994.638083,
        "observed_completed_ms": 4998.003208,
        "start_to_observed_completion_ms": 9.557416999999987,
        "submit_to_observed_completion_ms": 3.365125000000262,
        "continuous_iteration_ms": 6.197709083557129,
        "frame_ms": 6.197709083557129,
        "component_sum_ms": 6.189540386199951,
        "tick_ms": 0.9759169816970825,
        "dynamic_mesh_ms": 1.6900829076766968,
        "encode_ms": 3.5204999446868896,
        "admission_or_completion_ms": 0.003040999872609973
      },
      {
        "index": 903,
        "started_ms": 4994.6435,
        "submitted_ms": 4998.005708,
        "observed_completed_ms": 5002.921875,
        "start_to_observed_completion_ms": 8.278374999999869,
        "submit_to_observed_completion_ms": 4.916167000000314,
        "continuous_iteration_ms": 3.368875026702881,
        "frame_ms": 3.368875026702881,
        "component_sum_ms": 3.3599159717559814,
        "tick_ms": 0.8054580092430115,
        "dynamic_mesh_ms": 0.9087080359458923,
        "encode_ms": 1.643625020980835,
        "admission_or_completion_ms": 0.0021249998826533556
      },
      {
        "index": 904,
        "started_ms": 4998.012375,
        "submitted_ms": 5003.858416,
        "observed_completed_ms": 5006.338125,
        "start_to_observed_completion_ms": 8.325749999999971,
        "submit_to_observed_completion_ms": 2.4797090000001845,
        "continuous_iteration_ms": 5.851707935333252,
        "frame_ms": 5.851707935333252,
        "component_sum_ms": 5.843791961669922,
        "tick_ms": 1.1511669158935547,
        "dynamic_mesh_ms": 1.5675419569015503,
        "encode_ms": 3.121958017349243,
        "admission_or_completion_ms": 0.003124999813735485
      },
      {
        "index": 905,
        "started_ms": 5003.8640829999995,
        "submitted_ms": 5009.706375000001,
        "observed_completed_ms": 5012.120875,
        "start_to_observed_completion_ms": 8.256792000000132,
        "submit_to_observed_completion_ms": 2.4144999999989523,
        "continuous_iteration_ms": 5.847125053405762,
        "frame_ms": 5.847125053405762,
        "component_sum_ms": 5.840291500091553,
        "tick_ms": 0.8638749718666077,
        "dynamic_mesh_ms": 1.5694580078125,
        "encode_ms": 3.367708921432495,
        "admission_or_completion_ms": 0.03924999758601189
      },
      {
        "index": 906,
        "started_ms": 5009.711208,
        "submitted_ms": 5015.4629159999995,
        "observed_completed_ms": 5018.784207999999,
        "start_to_observed_completion_ms": 9.07299999999941,
        "submit_to_observed_completion_ms": 3.32129199999963,
        "continuous_iteration_ms": 5.758333206176758,
        "frame_ms": 5.758333206176758,
        "component_sum_ms": 5.749582290649414,
        "tick_ms": 0.8749579787254333,
        "dynamic_mesh_ms": 1.5073750019073486,
        "encode_ms": 3.3414158821105957,
        "admission_or_completion_ms": 0.025832999497652054
      },
      {
        "index": 907,
        "started_ms": 5015.4695409999995,
        "submitted_ms": 5018.785708,
        "observed_completed_ms": 5023.4535,
        "start_to_observed_completion_ms": 7.983959000000141,
        "submit_to_observed_completion_ms": 4.667791999999281,
        "continuous_iteration_ms": 3.3198750019073486,
        "frame_ms": 3.3198750019073486,
        "component_sum_ms": 3.3130409717559814,
        "tick_ms": 0.8673329949378967,
        "dynamic_mesh_ms": 0.8935829997062683,
        "encode_ms": 1.550333023071289,
        "admission_or_completion_ms": 0.0017920000245794654
      },
      {
        "index": 908,
        "started_ms": 5018.789416,
        "submitted_ms": 5024.343666,
        "observed_completed_ms": 5026.813,
        "start_to_observed_completion_ms": 8.023584000000483,
        "submit_to_observed_completion_ms": 2.4693340000003445,
        "continuous_iteration_ms": 5.558500289916992,
        "frame_ms": 5.558500289916992,
        "component_sum_ms": 5.5518341064453125,
        "tick_ms": 0.8706669807434082,
        "dynamic_mesh_ms": 1.5470420122146606,
        "encode_ms": 3.132625102996826,
        "admission_or_completion_ms": 0.001500000013038516
      },
      {
        "index": 909,
        "started_ms": 5024.347916,
        "submitted_ms": 5027.7239580000005,
        "observed_completed_ms": 5030.467625,
        "start_to_observed_completion_ms": 6.119709000000512,
        "submit_to_observed_completion_ms": 2.743666999999732,
        "continuous_iteration_ms": 3.3812499046325684,
        "frame_ms": 3.3812499046325684,
        "component_sum_ms": 3.3739566802978516,
        "tick_ms": 0.7438749670982361,
        "dynamic_mesh_ms": 0.9237499833106995,
        "encode_ms": 1.704332947731018,
        "admission_or_completion_ms": 0.0019990000873804092
      },
      {
        "index": 910,
        "started_ms": 5027.729166,
        "submitted_ms": 5033.940833,
        "observed_completed_ms": 5036.28175,
        "start_to_observed_completion_ms": 8.552584000000024,
        "submit_to_observed_completion_ms": 2.340917000000445,
        "continuous_iteration_ms": 6.217291831970215,
        "frame_ms": 6.217291831970215,
        "component_sum_ms": 6.2080817222595215,
        "tick_ms": 0.9200000166893005,
        "dynamic_mesh_ms": 1.7851660251617432,
        "encode_ms": 3.47237491607666,
        "admission_or_completion_ms": 0.03054100088775158
      },
      {
        "index": 911,
        "started_ms": 5033.946458,
        "submitted_ms": 5037.087166,
        "observed_completed_ms": 5040.108875,
        "start_to_observed_completion_ms": 6.16241699999955,
        "submit_to_observed_completion_ms": 3.021708999999646,
        "continuous_iteration_ms": 3.1445419788360596,
        "frame_ms": 3.1445419788360596,
        "component_sum_ms": 3.138583183288574,
        "tick_ms": 0.7559170126914978,
        "dynamic_mesh_ms": 0.8950409889221191,
        "encode_ms": 1.4865410327911377,
        "admission_or_completion_ms": 0.0010839999886229634
      },
      {
        "index": 912,
        "started_ms": 5037.091,
        "submitted_ms": 5040.11025,
        "observed_completed_ms": 5043.176583,
        "start_to_observed_completion_ms": 6.085583000000042,
        "submit_to_observed_completion_ms": 3.066333000000668,
        "continuous_iteration_ms": 3.022625207901001,
        "frame_ms": 3.022625207901001,
        "component_sum_ms": 3.0172910690307617,
        "tick_ms": 0.7092080116271973,
        "dynamic_mesh_ms": 0.9003329873085022,
        "encode_ms": 1.4068340063095093,
        "admission_or_completion_ms": 0.0009159999899566174
      },
      {
        "index": 913,
        "started_ms": 5040.113625,
        "submitted_ms": 5043.177375,
        "observed_completed_ms": 5045.4901660000005,
        "start_to_observed_completion_ms": 5.376541000000543,
        "submit_to_observed_completion_ms": 2.3127910000002885,
        "continuous_iteration_ms": 3.0663750171661377,
        "frame_ms": 3.0663750171661377,
        "component_sum_ms": 3.0617499351501465,
        "tick_ms": 0.6978330016136169,
        "dynamic_mesh_ms": 0.8833749890327454,
        "encode_ms": 1.4795420169830322,
        "admission_or_completion_ms": 0.0010000000474974513
      },
      {
        "index": 914,
        "started_ms": 5043.18,
        "submitted_ms": 5046.300125,
        "observed_completed_ms": 5050.781166,
        "start_to_observed_completion_ms": 7.601165999999466,
        "submit_to_observed_completion_ms": 4.481041000000005,
        "continuous_iteration_ms": 3.1237080097198486,
        "frame_ms": 3.1237080097198486,
        "component_sum_ms": 3.118414878845215,
        "tick_ms": 0.6989579796791077,
        "dynamic_mesh_ms": 0.9609580039978027,
        "encode_ms": 1.4577499628067017,
        "admission_or_completion_ms": 0.0007489999989047647
      },
      {
        "index": 915,
        "started_ms": 5046.303708,
        "submitted_ms": 5051.635333,
        "observed_completed_ms": 5054.073082999999,
        "start_to_observed_completion_ms": 7.769374999998945,
        "submit_to_observed_completion_ms": 2.4377499999991414,
        "continuous_iteration_ms": 5.335875034332275,
        "frame_ms": 5.335875034332275,
        "component_sum_ms": 5.329167366027832,
        "tick_ms": 0.7522910237312317,
        "dynamic_mesh_ms": 1.4747090339660645,
        "encode_ms": 3.1006250381469727,
        "admission_or_completion_ms": 0.001542000100016594
      },
      {
        "index": 916,
        "started_ms": 5051.639583,
        "submitted_ms": 5057.108625,
        "observed_completed_ms": 5059.52325,
        "start_to_observed_completion_ms": 7.8836670000000595,
        "submit_to_observed_completion_ms": 2.414625000000342,
        "continuous_iteration_ms": 5.472875118255615,
        "frame_ms": 5.472875118255615,
        "component_sum_ms": 5.466373920440674,
        "tick_ms": 0.8640829920768738,
        "dynamic_mesh_ms": 1.542165994644165,
        "encode_ms": 3.034834146499634,
        "admission_or_completion_ms": 0.025290997698903084
      },
      {
        "index": 917,
        "started_ms": 5057.112458,
        "submitted_ms": 5060.338125,
        "observed_completed_ms": 5065.252375,
        "start_to_observed_completion_ms": 8.139917000000423,
        "submit_to_observed_completion_ms": 4.914249999999811,
        "continuous_iteration_ms": 3.230541944503784,
        "frame_ms": 3.230541944503784,
        "component_sum_ms": 3.2233738899230957,
        "tick_ms": 0.6337080001831055,
        "dynamic_mesh_ms": 0.9247079491615295,
        "encode_ms": 1.663374900817871,
        "admission_or_completion_ms": 0.0015830000629648566
      },
      {
        "index": 918,
        "started_ms": 5060.343,
        "submitted_ms": 5066.282915999999,
        "observed_completed_ms": 5068.789707999999,
        "start_to_observed_completion_ms": 8.44670799999949,
        "submit_to_observed_completion_ms": 2.5067920000001322,
        "continuous_iteration_ms": 5.9458746910095215,
        "frame_ms": 5.9458746910095215,
        "component_sum_ms": 5.9377899169921875,
        "tick_ms": 0.8659160137176514,
        "dynamic_mesh_ms": 1.5859578847885132,
        "encode_ms": 3.4844160079956055,
        "admission_or_completion_ms": 0.001500000013038516
      },
      {
        "index": 919,
        "started_ms": 5066.288874999999,
        "submitted_ms": 5071.838624999999,
        "observed_completed_ms": 5076.373625,
        "start_to_observed_completion_ms": 10.084750000000895,
        "submit_to_observed_completion_ms": 4.535000000000764,
        "continuous_iteration_ms": 5.554541110992432,
        "frame_ms": 5.554541110992432,
        "component_sum_ms": 5.547124862670898,
        "tick_ms": 0.9340829849243164,
        "dynamic_mesh_ms": 1.5342919826507568,
        "encode_ms": 3.0482089519500732,
        "admission_or_completion_ms": 0.03054099902510643
      },
      {
        "index": 920,
        "started_ms": 5071.843416,
        "submitted_ms": 5077.2221660000005,
        "observed_completed_ms": 5081.767250000001,
        "start_to_observed_completion_ms": 9.92383400000108,
        "submit_to_observed_completion_ms": 4.545084000000315,
        "continuous_iteration_ms": 5.382833957672119,
        "frame_ms": 5.382833957672119,
        "component_sum_ms": 5.3759589195251465,
        "tick_ms": 0.7932919859886169,
        "dynamic_mesh_ms": 1.5344589948654175,
        "encode_ms": 3.047333002090454,
        "admission_or_completion_ms": 0.0008750000270083547
      },
      {
        "index": 921,
        "started_ms": 5077.22625,
        "submitted_ms": 5082.622166,
        "observed_completed_ms": 5085.433875,
        "start_to_observed_completion_ms": 8.207625000000007,
        "submit_to_observed_completion_ms": 2.8117089999996097,
        "continuous_iteration_ms": 5.400250434875488,
        "frame_ms": 5.400250434875488,
        "component_sum_ms": 5.392999649047852,
        "tick_ms": 0.7881669998168945,
        "dynamic_mesh_ms": 1.5792499780654907,
        "encode_ms": 3.024040937423706,
        "admission_or_completion_ms": 0.001541999983601272
      },
      {
        "index": 922,
        "started_ms": 5082.6265,
        "submitted_ms": 5085.434833,
        "observed_completed_ms": 5089.775957999999,
        "start_to_observed_completion_ms": 7.149457999998958,
        "submit_to_observed_completion_ms": 4.3411249999990105,
        "continuous_iteration_ms": 2.8108749389648438,
        "frame_ms": 2.8108749389648438,
        "component_sum_ms": 2.806457996368408,
        "tick_ms": 0.646416962146759,
        "dynamic_mesh_ms": 0.8962500095367432,
        "encode_ms": 1.2630829811096191,
        "admission_or_completion_ms": 0.000708000035956502
      },
      {
        "index": 923,
        "started_ms": 5085.4373749999995,
        "submitted_ms": 5090.647375,
        "observed_completed_ms": 5093.608833,
        "start_to_observed_completion_ms": 8.171458000000712,
        "submit_to_observed_completion_ms": 2.9614580000006754,
        "continuous_iteration_ms": 5.214416027069092,
        "frame_ms": 5.214416027069092,
        "component_sum_ms": 5.207167148590088,
        "tick_ms": 0.6567090153694153,
        "dynamic_mesh_ms": 1.5057909488677979,
        "encode_ms": 3.0438339710235596,
        "admission_or_completion_ms": 0.0008329999400302768
      },
      {
        "index": 924,
        "started_ms": 5090.651791,
        "submitted_ms": 5093.610625,
        "observed_completed_ms": 5098.404208,
        "start_to_observed_completion_ms": 7.752416999999696,
        "submit_to_observed_completion_ms": 4.793582999999671,
        "continuous_iteration_ms": 2.963834047317505,
        "frame_ms": 2.963834047317505,
        "component_sum_ms": 2.956667184829712,
        "tick_ms": 0.6142919659614563,
        "dynamic_mesh_ms": 0.9041249752044678,
        "encode_ms": 1.4371250867843628,
        "admission_or_completion_ms": 0.0011249999515712261
      },
      {
        "index": 925,
        "started_ms": 5093.615625,
        "submitted_ms": 5099.502041,
        "observed_completed_ms": 5102.522333,
        "start_to_observed_completion_ms": 8.906707999999526,
        "submit_to_observed_completion_ms": 3.020292000000154,
        "continuous_iteration_ms": 5.893624782562256,
        "frame_ms": 5.893624782562256,
        "component_sum_ms": 5.8836669921875,
        "tick_ms": 0.8412920236587524,
        "dynamic_mesh_ms": 1.5527499914169312,
        "encode_ms": 3.4880409240722656,
        "admission_or_completion_ms": 0.0015839999541640282
      },
      {
        "index": 926,
        "started_ms": 5099.50925,
        "submitted_ms": 5102.5235410000005,
        "observed_completed_ms": 5107.422416,
        "start_to_observed_completion_ms": 7.913166000000274,
        "submit_to_observed_completion_ms": 4.898874999999862,
        "continuous_iteration_ms": 3.0184578895568848,
        "frame_ms": 3.0184578895568848,
        "component_sum_ms": 3.01200008392334,
        "tick_ms": 0.7604159712791443,
        "dynamic_mesh_ms": 0.8844590187072754,
        "encode_ms": 1.3659160137176514,
        "admission_or_completion_ms": 0.00120900000911206
      },
      {
        "index": 927,
        "started_ms": 5102.5277080000005,
        "submitted_ms": 5108.286416,
        "observed_completed_ms": 5112.908458,
        "start_to_observed_completion_ms": 10.380749999999352,
        "submit_to_observed_completion_ms": 4.622041999999965,
        "continuous_iteration_ms": 5.763792037963867,
        "frame_ms": 5.763792037963867,
        "component_sum_ms": 5.7560014724731445,
        "tick_ms": 0.8101250529289246,
        "dynamic_mesh_ms": 1.5629169940948486,
        "encode_ms": 3.3815829753875732,
        "admission_or_completion_ms": 0.0013760000001639128
      },
      {
        "index": 928,
        "started_ms": 5108.2915,
        "submitted_ms": 5113.781666000001,
        "observed_completed_ms": 5118.575457999999,
        "start_to_observed_completion_ms": 10.283957999999075,
        "submit_to_observed_completion_ms": 4.793791999998575,
        "continuous_iteration_ms": 5.49495792388916,
        "frame_ms": 5.49495792388916,
        "component_sum_ms": 5.487375259399414,
        "tick_ms": 0.8079169988632202,
        "dynamic_mesh_ms": 1.5828330516815186,
        "encode_ms": 3.095041036605835,
        "admission_or_completion_ms": 0.0015839999541640282
      },
      {
        "index": 929,
        "started_ms": 5113.786458,
        "submitted_ms": 5119.43475,
        "observed_completed_ms": 5124.019833,
        "start_to_observed_completion_ms": 10.233375000000706,
        "submit_to_observed_completion_ms": 4.5850829999999405,
        "continuous_iteration_ms": 5.6529998779296875,
        "frame_ms": 5.6529998779296875,
        "component_sum_ms": 5.6453752517700195,
        "tick_ms": 0.8063329458236694,
        "dynamic_mesh_ms": 1.6915839910507202,
        "encode_ms": 3.1455001831054688,
        "admission_or_completion_ms": 0.0019580000080168247
      },
      {
        "index": 930,
        "started_ms": 5119.439458000001,
        "submitted_ms": 5124.869833,
        "observed_completed_ms": 5129.438999999999,
        "start_to_observed_completion_ms": 9.999541999998655,
        "submit_to_observed_completion_ms": 4.569166999999652,
        "continuous_iteration_ms": 5.434916973114014,
        "frame_ms": 5.434916973114014,
        "component_sum_ms": 5.4270830154418945,
        "tick_ms": 0.785207986831665,
        "dynamic_mesh_ms": 1.5305830240249634,
        "encode_ms": 3.110042095184326,
        "admission_or_completion_ms": 0.0012499999720603228
      },
      {
        "index": 931,
        "started_ms": 5124.874375,
        "submitted_ms": 5130.313291,
        "observed_completed_ms": 5135.1251250000005,
        "start_to_observed_completion_ms": 10.250750000000153,
        "submit_to_observed_completion_ms": 4.81183400000009,
        "continuous_iteration_ms": 5.443832874298096,
        "frame_ms": 5.443832874298096,
        "component_sum_ms": 5.4359588623046875,
        "tick_ms": 0.7609999775886536,
        "dynamic_mesh_ms": 1.5827499628067017,
        "encode_ms": 3.090625047683716,
        "admission_or_completion_ms": 0.00158400007057935
      },
      {
        "index": 932,
        "started_ms": 5130.318208000001,
        "submitted_ms": 5136.015332999999,
        "observed_completed_ms": 5138.982999999999,
        "start_to_observed_completion_ms": 8.66479199999867,
        "submit_to_observed_completion_ms": 2.967666999999892,
        "continuous_iteration_ms": 5.702542304992676,
        "frame_ms": 5.702542304992676,
        "component_sum_ms": 5.692749500274658,
        "tick_ms": 0.7680829763412476,
        "dynamic_mesh_ms": 1.6985000371932983,
        "encode_ms": 3.223374843597412,
        "admission_or_completion_ms": 0.0027920000720769167
      },
      {
        "index": 933,
        "started_ms": 5136.02075,
        "submitted_ms": 5138.984291,
        "observed_completed_ms": 5141.924083,
        "start_to_observed_completion_ms": 5.9033330000002024,
        "submit_to_observed_completion_ms": 2.939792000000125,
        "continuous_iteration_ms": 2.9670000076293945,
        "frame_ms": 2.9670000076293945,
        "component_sum_ms": 2.9610819816589355,
        "tick_ms": 0.7129999995231628,
        "dynamic_mesh_ms": 0.8910830020904541,
        "encode_ms": 1.3561660051345825,
        "admission_or_completion_ms": 0.0008329999400302768
      },
      {
        "index": 934,
        "started_ms": 5138.98775,
        "submitted_ms": 5141.92525,
        "observed_completed_ms": 5146.521208,
        "start_to_observed_completion_ms": 7.533457999999882,
        "submit_to_observed_completion_ms": 4.595957999999882,
        "continuous_iteration_ms": 2.9413750171661377,
        "frame_ms": 2.9413750171661377,
        "component_sum_ms": 2.935748815536499,
        "tick_ms": 0.5982500314712524,
        "dynamic_mesh_ms": 0.8602910041809082,
        "encode_ms": 1.4765419960021973,
        "admission_or_completion_ms": 0.000666000007186085
      },
      {
        "index": 935,
        "started_ms": 5141.929125,
        "submitted_ms": 5147.390332999999,
        "observed_completed_ms": 5151.909958,
        "start_to_observed_completion_ms": 9.98083300000053,
        "submit_to_observed_completion_ms": 4.519625000000815,
        "continuous_iteration_ms": 5.46508264541626,
        "frame_ms": 5.46508264541626,
        "component_sum_ms": 5.459208011627197,
        "tick_ms": 0.8029579520225525,
        "dynamic_mesh_ms": 1.578374981880188,
        "encode_ms": 3.0769999027252197,
        "admission_or_completion_ms": 0.0008750000270083547
      },
      {
        "index": 936,
        "started_ms": 5147.394208,
        "submitted_ms": 5152.69275,
        "observed_completed_ms": 5157.203291,
        "start_to_observed_completion_ms": 9.8090830000001,
        "submit_to_observed_completion_ms": 4.510540999999648,
        "continuous_iteration_ms": 5.301875114440918,
        "frame_ms": 5.301875114440918,
        "component_sum_ms": 5.296166896820068,
        "tick_ms": 0.8177919983863831,
        "dynamic_mesh_ms": 1.5320830345153809,
        "encode_ms": 2.945333957672119,
        "admission_or_completion_ms": 0.0009579999605193734
      },
      {
        "index": 937,
        "started_ms": 5152.696083000001,
        "submitted_ms": 5158.0115,
        "observed_completed_ms": 5160.593875,
        "start_to_observed_completion_ms": 7.897791999998844,
        "submit_to_observed_completion_ms": 2.5823749999999563,
        "continuous_iteration_ms": 5.318957805633545,
        "frame_ms": 5.318957805633545,
        "component_sum_ms": 5.312708854675293,
        "tick_ms": 0.7793750166893005,
        "dynamic_mesh_ms": 1.540166974067688,
        "encode_ms": 2.9505419731140137,
        "admission_or_completion_ms": 0.04262499883770943
      },
      {
        "index": 938,
        "started_ms": 5158.015041,
        "submitted_ms": 5163.731000000001,
        "observed_completed_ms": 5169.021833000001,
        "start_to_observed_completion_ms": 11.006792000001042,
        "submit_to_observed_completion_ms": 5.2908330000000205,
        "continuous_iteration_ms": 5.720084190368652,
        "frame_ms": 5.720084190368652,
        "component_sum_ms": 5.7134575843811035,
        "tick_ms": 0.8402090072631836,
        "dynamic_mesh_ms": 1.7069159746170044,
        "encode_ms": 3.1363749504089355,
        "admission_or_completion_ms": 0.029958000406622887
      },
      {
        "index": 939,
        "started_ms": 5163.735124999999,
        "submitted_ms": 5169.773333,
        "observed_completed_ms": 5174.773166,
        "start_to_observed_completion_ms": 11.038041000000703,
        "submit_to_observed_completion_ms": 4.999832999999853,
        "continuous_iteration_ms": 6.045083045959473,
        "frame_ms": 6.045083045959473,
        "component_sum_ms": 6.034914493560791,
        "tick_ms": 0.8029579520225525,
        "dynamic_mesh_ms": 1.8539159297943115,
        "encode_ms": 3.335124969482422,
        "admission_or_completion_ms": 0.04291599988937378
      },
      {
        "index": 940,
        "started_ms": 5169.780208,
        "submitted_ms": 5175.551041000001,
        "observed_completed_ms": 5180.560916,
        "start_to_observed_completion_ms": 10.780708000000232,
        "submit_to_observed_completion_ms": 5.009874999999738,
        "continuous_iteration_ms": 5.77495813369751,
        "frame_ms": 5.77495813369751,
        "component_sum_ms": 5.768291473388672,
        "tick_ms": 0.7737919688224792,
        "dynamic_mesh_ms": 1.6799579858779907,
        "encode_ms": 3.267416000366211,
        "admission_or_completion_ms": 0.04712599888443947
      },
      {
        "index": 941,
        "started_ms": 5175.555166,
        "submitted_ms": 5181.296958,
        "observed_completed_ms": 5184.032708,
        "start_to_observed_completion_ms": 8.47754199999963,
        "submit_to_observed_completion_ms": 2.7357499999998254,
        "continuous_iteration_ms": 5.746750354766846,
        "frame_ms": 5.746750354766846,
        "component_sum_ms": 5.739709377288818,
        "tick_ms": 0.7312080264091492,
        "dynamic_mesh_ms": 1.6392090320587158,
        "encode_ms": 3.367833137512207,
        "admission_or_completion_ms": 0.0014590000500902534
      },
      {
        "index": 942,
        "started_ms": 5181.301915999999,
        "submitted_ms": 5184.03425,
        "observed_completed_ms": 5186.968666000001,
        "start_to_observed_completion_ms": 5.66675000000123,
        "submit_to_observed_completion_ms": 2.934416000000965,
        "continuous_iteration_ms": 2.736083984375,
        "frame_ms": 2.736083984375,
        "component_sum_ms": 2.7306668758392334,
        "tick_ms": 0.6196249723434448,
        "dynamic_mesh_ms": 0.8709999918937683,
        "encode_ms": 1.2064999341964722,
        "admission_or_completion_ms": 0.033541999757289886
      },
      {
        "index": 943,
        "started_ms": 5184.0380000000005,
        "submitted_ms": 5186.969916,
        "observed_completed_ms": 5189.82525,
        "start_to_observed_completion_ms": 5.787249999999403,
        "submit_to_observed_completion_ms": 2.855333999999857,
        "continuous_iteration_ms": 2.9355831146240234,
        "frame_ms": 2.9355831146240234,
        "component_sum_ms": 2.93062686920166,
        "tick_ms": 0.7610840201377869,
        "dynamic_mesh_ms": 0.8644999861717224,
        "encode_ms": 1.303749918937683,
        "admission_or_completion_ms": 0.001293000066652894
      },
      {
        "index": 944,
        "started_ms": 5186.973583,
        "submitted_ms": 5189.826041,
        "observed_completed_ms": 5192.2305,
        "start_to_observed_completion_ms": 5.256916999999703,
        "submit_to_observed_completion_ms": 2.404458999999406,
        "continuous_iteration_ms": 2.85575008392334,
        "frame_ms": 2.85575008392334,
        "component_sum_ms": 2.8504579067230225,
        "tick_ms": 0.6519160270690918,
        "dynamic_mesh_ms": 0.8932499885559082,
        "encode_ms": 1.3042500019073486,
        "admission_or_completion_ms": 0.0010420000180602074
      },
      {
        "index": 945,
        "started_ms": 5189.829333,
        "submitted_ms": 5195.716666,
        "observed_completed_ms": 5201.190541,
        "start_to_observed_completion_ms": 11.36120800000026,
        "submit_to_observed_completion_ms": 5.47387499999968,
        "continuous_iteration_ms": 5.8934173583984375,
        "frame_ms": 5.8934173583984375,
        "component_sum_ms": 5.885333061218262,
        "tick_ms": 0.7125000357627869,
        "dynamic_mesh_ms": 1.659416913986206,
        "encode_ms": 3.4852499961853027,
        "admission_or_completion_ms": 0.028165999799966812
      },
      {
        "index": 946,
        "started_ms": 5195.72275,
        "submitted_ms": 5201.949833,
        "observed_completed_ms": 5207.271624999999,
        "start_to_observed_completion_ms": 11.548874999999498,
        "submit_to_observed_completion_ms": 5.321791999999732,
        "continuous_iteration_ms": 6.233832836151123,
        "frame_ms": 6.233832836151123,
        "component_sum_ms": 6.223124980926514,
        "tick_ms": 0.7851250171661377,
        "dynamic_mesh_ms": 1.8042500019073486,
        "encode_ms": 3.558458089828491,
        "admission_or_completion_ms": 0.07529200613498688
      },
      {
        "index": 947,
        "started_ms": 5201.956583,
        "submitted_ms": 5208.08375,
        "observed_completed_ms": 5210.632624999999,
        "start_to_observed_completion_ms": 8.676041999999143,
        "submit_to_observed_completion_ms": 2.548874999999498,
        "continuous_iteration_ms": 6.133291721343994,
        "frame_ms": 6.133291721343994,
        "component_sum_ms": 6.124415397644043,
        "tick_ms": 0.7265830039978027,
        "dynamic_mesh_ms": 1.658290982246399,
        "encode_ms": 3.6994588375091553,
        "admission_or_completion_ms": 0.04008299857378006
      },
      {
        "index": 948,
        "started_ms": 5208.089875,
        "submitted_ms": 5213.901541,
        "observed_completed_ms": 5219.365,
        "start_to_observed_completion_ms": 11.275125000000116,
        "submit_to_observed_completion_ms": 5.463458999999602,
        "continuous_iteration_ms": 5.816332817077637,
        "frame_ms": 5.816332817077637,
        "component_sum_ms": 5.808874130249023,
        "tick_ms": 0.8268749713897705,
        "dynamic_mesh_ms": 1.6784579753875732,
        "encode_ms": 3.268125057220459,
        "admission_or_completion_ms": 0.035415999591350555
      },
      {
        "index": 949,
        "started_ms": 5213.906208,
        "submitted_ms": 5220.357291,
        "observed_completed_ms": 5222.981583,
        "start_to_observed_completion_ms": 9.07537499999944,
        "submit_to_observed_completion_ms": 2.624291999999514,
        "continuous_iteration_ms": 6.456500053405762,
        "frame_ms": 6.456500053405762,
        "component_sum_ms": 6.448500156402588,
        "tick_ms": 0.7454590201377869,
        "dynamic_mesh_ms": 1.9222910404205322,
        "encode_ms": 3.7279999256134033,
        "admission_or_completion_ms": 0.05274999886751175
      },
      {
        "index": 950,
        "started_ms": 5220.362708,
        "submitted_ms": 5226.571,
        "observed_completed_ms": 5231.848291,
        "start_to_observed_completion_ms": 11.485583000000588,
        "submit_to_observed_completion_ms": 5.277291000000332,
        "continuous_iteration_ms": 6.213916778564453,
        "frame_ms": 6.213916778564453,
        "component_sum_ms": 6.205458164215088,
        "tick_ms": 0.8406659960746765,
        "dynamic_mesh_ms": 1.7387499809265137,
        "encode_ms": 3.588624954223633,
        "admission_or_completion_ms": 0.03741700202226639
      },
      {
        "index": 951,
        "started_ms": 5226.576625,
        "submitted_ms": 5232.79375,
        "observed_completed_ms": 5235.874457999999,
        "start_to_observed_completion_ms": 9.297832999999628,
        "submit_to_observed_completion_ms": 3.080707999999504,
        "continuous_iteration_ms": 6.223499774932861,
        "frame_ms": 6.223499774932861,
        "component_sum_ms": 6.213834285736084,
        "tick_ms": 0.6993749737739563,
        "dynamic_mesh_ms": 1.7227920293807983,
        "encode_ms": 3.7890000343322754,
        "admission_or_completion_ms": 0.00266700005158782
      },
      {
        "index": 952,
        "started_ms": 5232.800125,
        "submitted_ms": 5235.876416,
        "observed_completed_ms": 5238.6606249999995,
        "start_to_observed_completion_ms": 5.8604999999997744,
        "submit_to_observed_completion_ms": 2.784208999999464,
        "continuous_iteration_ms": 3.080749988555908,
        "frame_ms": 3.080749988555908,
        "component_sum_ms": 3.073915958404541,
        "tick_ms": 0.8057910203933716,
        "dynamic_mesh_ms": 0.9182080030441284,
        "encode_ms": 1.3480830192565918,
        "admission_or_completion_ms": 0.0018339999951422215
      },
      {
        "index": 953,
        "started_ms": 5235.880875000001,
        "submitted_ms": 5238.6615409999995,
        "observed_completed_ms": 5241.234125,
        "start_to_observed_completion_ms": 5.353249999999207,
        "submit_to_observed_completion_ms": 2.572584000000461,
        "continuous_iteration_ms": 2.7843329906463623,
        "frame_ms": 2.7843329906463623,
        "component_sum_ms": 2.778999090194702,
        "tick_ms": 0.612500011920929,
        "dynamic_mesh_ms": 0.8930410146713257,
        "encode_ms": 1.2722909450531006,
        "admission_or_completion_ms": 0.001167000038549304
      },
      {
        "index": 954,
        "started_ms": 5238.665207999999,
        "submitted_ms": 5241.240791,
        "observed_completed_ms": 5243.7441659999995,
        "start_to_observed_completion_ms": 5.078958000000057,
        "submit_to_observed_completion_ms": 2.5033749999993233,
        "continuous_iteration_ms": 2.580167055130005,
        "frame_ms": 2.580167055130005,
        "component_sum_ms": 2.5745818614959717,
        "tick_ms": 0.5291249752044678,
        "dynamic_mesh_ms": 0.8556659817695618,
        "encode_ms": 1.1886659860610962,
        "admission_or_completion_ms": 0.0011249999515712261
      },
      {
        "index": 955,
        "started_ms": 5241.245375,
        "submitted_ms": 5247.119707999999,
        "observed_completed_ms": 5252.020166,
        "start_to_observed_completion_ms": 10.774790999999823,
        "submit_to_observed_completion_ms": 4.900458000000981,
        "continuous_iteration_ms": 5.878582954406738,
        "frame_ms": 5.878582954406738,
        "component_sum_ms": 5.872291088104248,
        "tick_ms": 0.8064170479774475,
        "dynamic_mesh_ms": 1.6585829257965088,
        "encode_ms": 3.375,
        "admission_or_completion_ms": 0.032290998846292496
      },
      {
        "index": 956,
        "started_ms": 5247.123958,
        "submitted_ms": 5252.741166,
        "observed_completed_ms": 5257.810708,
        "start_to_observed_completion_ms": 10.686749999999847,
        "submit_to_observed_completion_ms": 5.069542000000183,
        "continuous_iteration_ms": 5.621500015258789,
        "frame_ms": 5.621500015258789,
        "component_sum_ms": 5.614750385284424,
        "tick_ms": 0.6523330211639404,
        "dynamic_mesh_ms": 1.6395000219345093,
        "encode_ms": 3.276624917984009,
        "admission_or_completion_ms": 0.046292997896671295
      },
      {
        "index": 957,
        "started_ms": 5252.745457999999,
        "submitted_ms": 5258.5565,
        "observed_completed_ms": 5263.551708,
        "start_to_observed_completion_ms": 10.806250000000546,
        "submit_to_observed_completion_ms": 4.995208000000275,
        "continuous_iteration_ms": 5.815999984741211,
        "frame_ms": 5.815999984741211,
        "component_sum_ms": 5.8087921142578125,
        "tick_ms": 0.7485420107841492,
        "dynamic_mesh_ms": 1.6851251125335693,
        "encode_ms": 3.3320000171661377,
        "admission_or_completion_ms": 0.04312499985098839
      },
      {
        "index": 958,
        "started_ms": 5258.561458,
        "submitted_ms": 5264.2870410000005,
        "observed_completed_ms": 5269.588625,
        "start_to_observed_completion_ms": 11.02716700000019,
        "submit_to_observed_completion_ms": 5.301583999999821,
        "continuous_iteration_ms": 5.7304582595825195,
        "frame_ms": 5.7304582595825195,
        "component_sum_ms": 5.722959041595459,
        "tick_ms": 0.704334020614624,
        "dynamic_mesh_ms": 1.6903330087661743,
        "encode_ms": 3.2841248512268066,
        "admission_or_completion_ms": 0.04416700080037117
      },
      {
        "index": 959,
        "started_ms": 5264.291916,
        "submitted_ms": 5270.390666,
        "observed_completed_ms": 5272.960291,
        "start_to_observed_completion_ms": 8.668375000000196,
        "submit_to_observed_completion_ms": 2.5696250000000873,
        "continuous_iteration_ms": 8.671375274658203,
        "frame_ms": 8.671375274658203,
        "component_sum_ms": 8.661334037780762,
        "tick_ms": 0.7353749871253967,
        "dynamic_mesh_ms": 1.8552500009536743,
        "encode_ms": 3.454416036605835,
        "admission_or_completion_ms": 2.616292953491211
      }
    ],
    "frame_ms_method": "Continuous host iteration intervals, including simulation, camera and mesh preparation, encoding, submission, admission and artifact readback waits, retained-pixel copies, and bookkeeping. Adjacent starts bound each interval; the last ends after final drain. Every frame enters p99/max without filtering, retaining the 16.7 ms live budget. This is bounded throughput cadence; frame completion latency is reported separately.",
    "completion_method": "One callback per primary submission records the host observation after GPU completion. Callbacks can be delayed until submit/poll; observed latency is an upper bound, not GPU duration. Submitted and completed frame indices must match exactly. All frames submit once; no presentation, vsync, compositor, or dropped-frame behavior is simulated. Native surface latency 2 is a backend hint; this offscreen run explicitly caps pending primary submissions at 2."
  },
  "pixel_readback": {
    "policy": "selected_artifact_frames",
    "primary_readback_count": 5,
    "primary_readback_frame_indices": [
      0,
      120,
      469,
      600,
      900
    ],
    "completion_only_count": 955,
    "completion_only_frame_indices": [
      1,
      2,
      3,
      4,
      5,
      6,
      7,
      8,
      9,
      10,
      11,
      12,
      13,
      14,
      15,
      16,
      17,
      18,
      19,
      20,
      21,
      22,
      23,
      24,
      25,
      26,
      27,
      28,
      29,
      30,
      31,
      32,
      33,
      34,
      35,
      36,
      37,
      38,
      39,
      40,
      41,
      42,
      43,
      44,
      45,
      46,
      47,
      48,
      49,
      50,
      51,
      52,
      53,
      54,
      55,
      56,
      57,
      58,
      59,
      60,
      61,
      62,
      63,
      64,
      65,
      66,
      67,
      68,
      69,
      70,
      71,
      72,
      73,
      74,
      75,
      76,
      77,
      78,
      79,
      80,
      81,
      82,
      83,
      84,
      85,
      86,
      87,
      88,
      89,
      90,
      91,
      92,
      93,
      94,
      95,
      96,
      97,
      98,
      99,
      100,
      101,
      102,
      103,
      104,
      105,
      106,
      107,
      108,
      109,
      110,
      111,
      112,
      113,
      114,
      115,
      116,
      117,
      118,
      119,
      121,
      122,
      123,
      124,
      125,
      126,
      127,
      128,
      129,
      130,
      131,
      132,
      133,
      134,
      135,
      136,
      137,
      138,
      139,
      140,
      141,
      142,
      143,
      144,
      145,
      146,
      147,
      148,
      149,
      150,
      151,
      152,
      153,
      154,
      155,
      156,
      157,
      158,
      159,
      160,
      161,
      162,
      163,
      164,
      165,
      166,
      167,
      168,
      169,
      170,
      171,
      172,
      173,
      174,
      175,
      176,
      177,
      178,
      179,
      180,
      181,
      182,
      183,
      184,
      185,
      186,
      187,
      188,
      189,
      190,
      191,
      192,
      193,
      194,
      195,
      196,
      197,
      198,
      199,
      200,
      201,
      202,
      203,
      204,
      205,
      206,
      207,
      208,
      209,
      210,
      211,
      212,
      213,
      214,
      215,
      216,
      217,
      218,
      219,
      220,
      221,
      222,
      223,
      224,
      225,
      226,
      227,
      228,
      229,
      230,
      231,
      232,
      233,
      234,
      235,
      236,
      237,
      238,
      239,
      240,
      241,
      242,
      243,
      244,
      245,
      246,
      247,
      248,
      249,
      250,
      251,
      252,
      253,
      254,
      255,
      256,
      257,
      258,
      259,
      260,
      261,
      262,
      263,
      264,
      265,
      266,
      267,
      268,
      269,
      270,
      271,
      272,
      273,
      274,
      275,
      276,
      277,
      278,
      279,
      280,
      281,
      282,
      283,
      284,
      285,
      286,
      287,
      288,
      289,
      290,
      291,
      292,
      293,
      294,
      295,
      296,
      297,
      298,
      299,
      300,
      301,
      302,
      303,
      304,
      305,
      306,
      307,
      308,
      309,
      310,
      311,
      312,
      313,
      314,
      315,
      316,
      317,
      318,
      319,
      320,
      321,
      322,
      323,
      324,
      325,
      326,
      327,
      328,
      329,
      330,
      331,
      332,
      333,
      334,
      335,
      336,
      337,
      338,
      339,
      340,
      341,
      342,
      343,
      344,
      345,
      346,
      347,
      348,
      349,
      350,
      351,
      352,
      353,
      354,
      355,
      356,
      357,
      358,
      359,
      360,
      361,
      362,
      363,
      364,
      365,
      366,
      367,
      368,
      369,
      370,
      371,
      372,
      373,
      374,
      375,
      376,
      377,
      378,
      379,
      380,
      381,
      382,
      383,
      384,
      385,
      386,
      387,
      388,
      389,
      390,
      391,
      392,
      393,
      394,
      395,
      396,
      397,
      398,
      399,
      400,
      401,
      402,
      403,
      404,
      405,
      406,
      407,
      408,
      409,
      410,
      411,
      412,
      413,
      414,
      415,
      416,
      417,
      418,
      419,
      420,
      421,
      422,
      423,
      424,
      425,
      426,
      427,
      428,
      429,
      430,
      431,
      432,
      433,
      434,
      435,
      436,
      437,
      438,
      439,
      440,
      441,
      442,
      443,
      444,
      445,
      446,
      447,
      448,
      449,
      450,
      451,
      452,
      453,
      454,
      455,
      456,
      457,
      458,
      459,
      460,
      461,
      462,
      463,
      464,
      465,
      466,
      467,
      468,
      470,
      471,
      472,
      473,
      474,
      475,
      476,
      477,
      478,
      479,
      480,
      481,
      482,
      483,
      484,
      485,
      486,
      487,
      488,
      489,
      490,
      491,
      492,
      493,
      494,
      495,
      496,
      497,
      498,
      499,
      500,
      501,
      502,
      503,
      504,
      505,
      506,
      507,
      508,
      509,
      510,
      511,
      512,
      513,
      514,
      515,
      516,
      517,
      518,
      519,
      520,
      521,
      522,
      523,
      524,
      525,
      526,
      527,
      528,
      529,
      530,
      531,
      532,
      533,
      534,
      535,
      536,
      537,
      538,
      539,
      540,
      541,
      542,
      543,
      544,
      545,
      546,
      547,
      548,
      549,
      550,
      551,
      552,
      553,
      554,
      555,
      556,
      557,
      558,
      559,
      560,
      561,
      562,
      563,
      564,
      565,
      566,
      567,
      568,
      569,
      570,
      571,
      572,
      573,
      574,
      575,
      576,
      577,
      578,
      579,
      580,
      581,
      582,
      583,
      584,
      585,
      586,
      587,
      588,
      589,
      590,
      591,
      592,
      593,
      594,
      595,
      596,
      597,
      598,
      599,
      601,
      602,
      603,
      604,
      605,
      606,
      607,
      608,
      609,
      610,
      611,
      612,
      613,
      614,
      615,
      616,
      617,
      618,
      619,
      620,
      621,
      622,
      623,
      624,
      625,
      626,
      627,
      628,
      629,
      630,
      631,
      632,
      633,
      634,
      635,
      636,
      637,
      638,
      639,
      640,
      641,
      642,
      643,
      644,
      645,
      646,
      647,
      648,
      649,
      650,
      651,
      652,
      653,
      654,
      655,
      656,
      657,
      658,
      659,
      660,
      661,
      662,
      663,
      664,
      665,
      666,
      667,
      668,
      669,
      670,
      671,
      672,
      673,
      674,
      675,
      676,
      677,
      678,
      679,
      680,
      681,
      682,
      683,
      684,
      685,
      686,
      687,
      688,
      689,
      690,
      691,
      692,
      693,
      694,
      695,
      696,
      697,
      698,
      699,
      700,
      701,
      702,
      703,
      704,
      705,
      706,
      707,
      708,
      709,
      710,
      711,
      712,
      713,
      714,
      715,
      716,
      717,
      718,
      719,
      720,
      721,
      722,
      723,
      724,
      725,
      726,
      727,
      728,
      729,
      730,
      731,
      732,
      733,
      734,
      735,
      736,
      737,
      738,
      739,
      740,
      741,
      742,
      743,
      744,
      745,
      746,
      747,
      748,
      749,
      750,
      751,
      752,
      753,
      754,
      755,
      756,
      757,
      758,
      759,
      760,
      761,
      762,
      763,
      764,
      765,
      766,
      767,
      768,
      769,
      770,
      771,
      772,
      773,
      774,
      775,
      776,
      777,
      778,
      779,
      780,
      781,
      782,
      783,
      784,
      785,
      786,
      787,
      788,
      789,
      790,
      791,
      792,
      793,
      794,
      795,
      796,
      797,
      798,
      799,
      800,
      801,
      802,
      803,
      804,
      805,
      806,
      807,
      808,
      809,
      810,
      811,
      812,
      813,
      814,
      815,
      816,
      817,
      818,
      819,
      820,
      821,
      822,
      823,
      824,
      825,
      826,
      827,
      828,
      829,
      830,
      831,
      832,
      833,
      834,
      835,
      836,
      837,
      838,
      839,
      840,
      841,
      842,
      843,
      844,
      845,
      846,
      847,
      848,
      849,
      850,
      851,
      852,
      853,
      854,
      855,
      856,
      857,
      858,
      859,
      860,
      861,
      862,
      863,
      864,
      865,
      866,
      867,
      868,
      869,
      870,
      871,
      872,
      873,
      874,
      875,
      876,
      877,
      878,
      879,
      880,
      881,
      882,
      883,
      884,
      885,
      886,
      887,
      888,
      889,
      890,
      891,
      892,
      893,
      894,
      895,
      896,
      897,
      898,
      899,
      901,
      902,
      903,
      904,
      905,
      906,
      907,
      908,
      909,
      910,
      911,
      912,
      913,
      914,
      915,
      916,
      917,
      918,
      919,
      920,
      921,
      922,
      923,
      924,
      925,
      926,
      927,
      928,
      929,
      930,
      931,
      932,
      933,
      934,
      935,
      936,
      937,
      938,
      939,
      940,
      941,
      942,
      943,
      944,
      945,
      946,
      947,
      948,
      949,
      950,
      951,
      952,
      953,
      954,
      955,
      956,
      957,
      958,
      959
    ],
    "temporal_baseline_readback_count": 0,
    "temporal_baseline_readback_frame_indices": null,
    "additional_artifact_readback_count": 1,
    "additional_artifact_readback_frame_indices": [
      960
    ],
    "timing_scope": "Every simulation frame calls the primary renderer once, advances history and exposure, and enters phase statistics without outlier filtering. Any initial exposure warm-up submissions drain before primary frame 0; their count and timing policy appear in submission_timing. Encode timing includes validation, fitting, uploads, encoding, submission, and optional diagnostics. The wait column includes oldest-submission admission in bounded mode, current completion in serial mode, and selected pixel copy/mapping/extraction. Unselected frames omit pixel operations. Pipelined PNG writes and progress logs occur after final drain; serial captures retain their historical writes. Repeated comparisons and extra readbacks are excluded from the historical component sum but retained in continuous iteration timing. Temporal comparisons remain serial and preserve all-frame pixel readback and warmed paired intervals."
  },
  "temporal_texture_diagnostics": {
    "enabled": false,
    "timing_acceptance_available": true,
    "method": "Only requested sequence frames allocate a snapshot of the single-sample HDR scene and copy it in the primary encoder after color/MSAA resolve, immediately before temporal processing. The final primary snapshot is retained if internal warm-ups also render. After the primary frame, two auxiliary draws (four and two color attachments, within the portable four-attachment floor) read actual resolved RG8 coverage (separate lit-body R and additive-FX G), negative saved-history alpha, current HDR before temporal resolve, newly written history RGB, and HDR after sharpening. RGBA8 outputs use identical (max(rgb,0)/(1+max(rgb,0)))^(1/2.2) display mapping for all three RGB stages. Readback advances no camera, history, exposure, or simulation. White history pixels are nonretainable. The snapshot copy is inside any enabled primary GPU timestamp span; auxiliary submissions/readback leave the primary timers unchanged. Allocation, copy, extra submissions, mapping, and PNG work are diagnostic overhead; this mode establishes no timing gate.",
    "frames": []
  },
  "width": 1920,
  "height": 1080,
  "fps": 60.0,
  "steps_per_frame": 1,
  "quality": "high",
  "effective_quality": "high",
  "particle_budget": 2048,
  "frame_budget_ms": 16.66666603088379,
  "impact_layers": [
    "flash",
    "stretched_sparks_one_bounce",
    "cooling_fireball",
    "ground_dust_ring",
    "projected_scorch",
    "smolder",
    "distance_shake"
  ],
  "trail": "Connected camera-facing ribbon widening and cooling behind the rock, with retained smoke and embers.",
  "adapter": {
    "name": "Apple M5 Max",
    "vendor": 0,
    "device": 0,
    "backend": "Metal",
    "device_type": "IntegratedGpu"
  },
  "light_settled_before_capture": true,
  "destruction_relighting_enabled": true,
  "rebuild_capture": {
    "pristine_image": "pristine.png",
    "restored_image": "restored.png",
    "pristine_frame": 0,
    "restoration_frame": 960,
    "after_simulation_frame": 959,
    "simulation_seconds": 15.983333587646484,
    "stage_time": 0.0,
    "shot": {
      "eye": [
        -34.560752868652344,
        8.5,
        -69.30223083496094
      ],
      "target": [
        -55.0,
        7.5,
        -7.0
      ]
    },
    "pristine_view": {
      "eye": [
        -34.560752868652344,
        8.5,
        -69.30223083496094
      ],
      "view_proj": [
        [
          -0.9783461093902588,
          -0.008701224811375141,
          -0.31173041462898254,
          -0.31168362498283386
        ],
        [
          0.0,
          1.830275058746338,
          -0.01525155920535326,
          -0.01524927094578743
        ],
        [
          -0.32096216082572937,
          0.026522783562541008,
          0.9502061605453491,
          0.9500635862350464
        ],
        [
          -56.0557746887207,
          -14.019970893859863,
          54.9073600769043,
          55.199119567871094
        ]
      ]
    },
    "restored_view": {
      "eye": [
        -34.560752868652344,
        8.5,
        -69.30223083496094
      ],
      "view_proj": [
        [
          -0.9783461093902588,
          -0.008701224811375141,
          -0.31173041462898254,
          -0.31168362498283386
        ],
        [
          0.0,
          1.830275058746338,
          -0.01525155920535326,
          -0.01524927094578743
        ],
        [
          -0.32096216082572937,
          0.026522783562541008,
          0.9502061605453491,
          0.9500635862350464
        ],
        [
          -56.0557746887207,
          -14.019970893859863,
          54.9073600769043,
          55.199119567871094
        ]
      ]
    },
    "method": "Applies the same rebuild intent as R after the final simulation frame, then renders with the saved pristine camera and stage without advancing simulation. The runtime clock and character state continue; exact pristine bake restoration is checked by unit tests."
  },
  "gpu_timestamp_features_supported": true,
  "gpu_timestamps_flag": false,
  "gpu_timestamps_requested": false,
  "gpu_timestamp_diagnostics_enabled": false,
  "gpu_timestamp_diagnostics_method": "Ordinary captures omit both timestamp marker draws, counter resolve/copy, and query mapping/readback. --gpu-timestamps and every comparison mode request diagnostics; unsupported devices omit them. Rendering, history, exposure, serial queue submission, and the existing completion wait remain unchanged. Enabled diagnostics use two one-pixel marker draws and four queries; invalid durations remain null. --readback-every-frame plus --gpu-timestamps reproduces the original pixel and timer workload.",
  "gpu_timestamps_available": false,
  "flash_lights_enabled": true,
  "impact_frame": 469,
  "smoke_frame": 600,
  "particle_lighting_enabled": true,
  "soft_particles_enabled": true,
  "temporal_aa_available": true,
  "temporal_aa_enabled": true,
  "temporal_comparison": null,
  "sprite_area_method": "Sum of half-width times (half-width plus half-tail) over squared camera distance, before GPU clipping; an angular overdraw proxy, not pixel coverage.",
  "particle_comparison": null,
  "flash_light_comparison": null,
  "phases": {
    "before": {
      "frames": 330,
      "frame_ms": {
        "p50": 1.8624169826507568,
        "p99": 2.8966660499572754,
        "max": 1172.2659912109375
      },
      "continuous_iteration_ms": {
        "p50": 1.8624169826507568,
        "p99": 2.8966660499572754,
        "max": 1172.2659912109375
      },
      "component_sum_ms": {
        "p50": 1.8599580526351929,
        "p99": 2.8946661949157715,
        "max": 1171.8436279296875
      },
      "tick_ms": {
        "p50": 0.12895800173282623,
        "p99": 0.4670419991016388,
        "max": 0.5212090015411377
      },
      "dynamic_mesh_ms": {
        "p50": 0.8575419783592224,
        "p99": 0.9887500405311584,
        "max": 1.0410420894622803
      },
      "encode_ms": {
        "p50": 0.8438330292701721,
        "p99": 1.280042052268982,
        "max": 1147.7449951171875
      },
      "gpu_wait_ms": {
        "p50": 0.000623999978415668,
        "p99": 1.2864580154418945,
        "max": 23.16233253479004
      },
      "town_swarm_ms": {
        "p50": 0.0008329999982379377,
        "p99": 0.004999999888241291,
        "max": 0.007457999978214502
      },
      "town_physics_ms": {
        "p50": 0.0000830000062705949,
        "p99": 0.000708000035956502,
        "max": 0.0017920000245794654
      },
      "physics_detect_ms": {
        "p50": 0.0,
        "p99": 0.0,
        "max": 0.0
      },
      "physics_solve_ms": {
        "p50": 0.0,
        "p99": 0.0,
        "max": 0.0
      },
      "physics_step_ms": {
        "p50": 0.0,
        "p99": 0.0,
        "max": 0.0
      },
      "physics_steps_max": 0,
      "geometry_updates_max": 0,
      "body_records_max": 1,
      "collider_records_max": 1,
      "town_sync_ms": {
        "p50": 0.0013749999925494194,
        "p99": 0.34791699051856995,
        "max": 0.3977089822292328
      },
      "town_pose_ms": {
        "p50": 0.00020799999765586108,
        "p99": 0.0005829999572597444,
        "max": 0.000750000006519258
      },
      "town_solids_ms": {
        "p50": 0.0,
        "p99": 0.0,
        "max": 0.00108299998100847
      },
      "chunks_max": 0,
      "posed_vertices_max": 0,
      "rigid_instances_max": 0,
      "awake_bodies_max": 0,
      "sleeping_bodies_max": 0,
      "merged_chunks_max": 0,
      "static_parts_max": 0,
      "static_groups_max": 0,
      "static_vertices_max": 0,
      "static_transformed_vertices_cumulative": 0,
      "static_rebuilds_cumulative": 0,
      "contact_points_max": 0,
      "warm_candidates_max": 0,
      "debris_end": {
        "frame": 329,
        "rigid_instances": 0,
        "awake_bodies": 0,
        "sleeping_bodies": 0,
        "merged_chunks": 0,
        "contact_points": 0,
        "warm_candidates": 0,
        "static_parts": 0,
        "static_groups": 0,
        "static_vertices": 0,
        "static_transformed_vertices_cumulative": 0,
        "static_rebuilds_cumulative": 0
      },
      "sprites_max": 66,
      "ribbons_max": 0,
      "ribbon_segments_max": 0,
      "draws_max": 636,
      "triangles_max": 552198,
      "flash_lights_selected_max": 0,
      "lit_alpha_max": 0,
      "density_max": 0.0,
      "most_sprites_snapshot": {
        "frame": 270,
        "sprites": 66,
        "lit_alpha": 0,
        "density_max": 0.0,
        "sprite_angular_area": 0.0032892124727368355,
        "lit_alpha_angular_area": 0.0
      },
      "most_sprite_area_snapshot": {
        "frame": 320,
        "sprites": 65,
        "lit_alpha": 0,
        "density_max": 0.0,
        "sprite_angular_area": 0.003439171239733696,
        "lit_alpha_angular_area": 0.0
      },
      "most_lit_alpha_area_snapshot": {
        "frame": 329,
        "sprites": 60,
        "lit_alpha": 0,
        "density_max": 0.0,
        "sprite_angular_area": 0.003237051423639059,
        "lit_alpha_angular_area": 0.0
      }
    },
    "swarm": {
      "frames": 360,
      "frame_ms": {
        "p50": 6.512207984924316,
        "p99": 10.806458473205566,
        "max": 14.22237491607666
      },
      "continuous_iteration_ms": {
        "p50": 6.512207984924316,
        "p99": 10.806458473205566,
        "max": 14.22237491607666
      },
      "component_sum_ms": {
        "p50": 6.5027923583984375,
        "p99": 10.79645824432373,
        "max": 13.65808391571045
      },
      "tick_ms": {
        "p50": 3.724749803543091,
        "p99": 6.517624855041504,
        "max": 7.563333988189697
      },
      "dynamic_mesh_ms": {
        "p50": 0.8907080292701721,
        "p99": 1.1131659746170044,
        "max": 4.3521246910095215
      },
      "encode_ms": {
        "p50": 1.836042046546936,
        "p99": 3.181291103363037,
        "max": 3.639958143234253
      },
      "gpu_wait_ms": {
        "p50": 0.03400000184774399,
        "p99": 0.09295900166034698,
        "max": 6.390666961669922
      },
      "town_swarm_ms": {
        "p50": 0.010874999687075615,
        "p99": 0.1251250058412552,
        "max": 0.3544590175151825
      },
      "town_physics_ms": {
        "p50": 3.2610840797424316,
        "p99": 5.871500015258789,
        "max": 6.7044172286987305
      },
      "physics_detect_ms": {
        "p50": 1.2183740139007568,
        "p99": 1.7564159631729126,
        "max": 2.256375789642334
      },
      "physics_solve_ms": {
        "p50": 1.7598330974578857,
        "p99": 4.086415767669678,
        "max": 4.792708396911621
      },
      "physics_step_ms": {
        "p50": 3.0575828552246094,
        "p99": 5.4014997482299805,
        "max": 6.389956951141357
      },
      "physics_steps_max": 2,
      "geometry_updates_max": 1020,
      "body_records_max": 746,
      "collider_records_max": 1160,
      "town_sync_ms": {
        "p50": 0.01875000074505806,
        "p99": 1.1426670551300049,
        "max": 1.8319579362869263
      },
      "town_pose_ms": {
        "p50": 0.1991250067949295,
        "p99": 0.5519589781761169,
        "max": 0.6665000319480896
      },
      "town_solids_ms": {
        "p50": 0.0,
        "p99": 0.0040420000441372395,
        "max": 0.006000000052154064
      },
      "chunks_max": 509,
      "posed_vertices_max": 0,
      "rigid_instances_max": 1071,
      "awake_bodies_max": 509,
      "sleeping_bodies_max": 195,
      "merged_chunks_max": 0,
      "static_parts_max": 0,
      "static_groups_max": 0,
      "static_vertices_max": 0,
      "static_transformed_vertices_cumulative": 0,
      "static_rebuilds_cumulative": 2,
      "contact_points_max": 3492,
      "warm_candidates_max": 10437,
      "debris_end": {
        "frame": 689,
        "rigid_instances": 1071,
        "awake_bodies": 314,
        "sleeping_bodies": 195,
        "merged_chunks": 0,
        "contact_points": 1267,
        "warm_candidates": 3175,
        "static_parts": 0,
        "static_groups": 0,
        "static_vertices": 0,
        "static_transformed_vertices_cumulative": 0,
        "static_rebuilds_cumulative": 2
      },
      "sprites_max": 1710,
      "ribbons_max": 8,
      "ribbon_segments_max": 96,
      "draws_max": 2958,
      "triangles_max": 615517,
      "flash_lights_selected_max": 8,
      "lit_alpha_max": 986,
      "density_max": 1.5,
      "most_sprites_snapshot": {
        "frame": 482,
        "sprites": 1710,
        "lit_alpha": 985,
        "density_max": 1.5,
        "sprite_angular_area": 2.03385853767395,
        "lit_alpha_angular_area": 1.3971647024154663
      },
      "most_sprite_area_snapshot": {
        "frame": 515,
        "sprites": 1379,
        "lit_alpha": 874,
        "density_max": 1.5,
        "sprite_angular_area": 2.412501096725464,
        "lit_alpha_angular_area": 1.730587124824524
      },
      "most_lit_alpha_area_snapshot": {
        "frame": 514,
        "sprites": 1380,
        "lit_alpha": 871,
        "density_max": 1.5,
        "sprite_angular_area": 2.407709836959839,
        "lit_alpha_angular_area": 1.7330440282821655
      }
    },
    "after": {
      "frames": 270,
      "frame_ms": {
        "p50": 5.281875133514404,
        "p99": 6.399457931518555,
        "max": 8.805333137512207
      },
      "continuous_iteration_ms": {
        "p50": 5.281875133514404,
        "p99": 6.399457931518555,
        "max": 8.805333137512207
      },
      "component_sum_ms": {
        "p50": 5.275500297546387,
        "p99": 6.390501022338867,
        "max": 8.661334037780762
      },
      "tick_ms": {
        "p50": 1.0834161043167114,
        "p99": 3.4609999656677246,
        "max": 3.502166986465454
      },
      "dynamic_mesh_ms": {
        "p50": 0.8871660232543945,
        "p99": 1.8042500019073486,
        "max": 1.9222910404205322
      },
      "encode_ms": {
        "p50": 1.7264169454574585,
        "p99": 3.588624954223633,
        "max": 3.7890000343322754
      },
      "gpu_wait_ms": {
        "p50": 0.00266700005158782,
        "p99": 0.07529200613498688,
        "max": 2.65779185295105
      },
      "town_swarm_ms": {
        "p50": 0.006042000371962786,
        "p99": 0.013417000882327557,
        "max": 0.01887499913573265
      },
      "town_physics_ms": {
        "p50": 0.7190419435501099,
        "p99": 3.0855000019073486,
        "max": 3.0978329181671143
      },
      "physics_detect_ms": {
        "p50": 0.22337600588798523,
        "p99": 1.1468340158462524,
        "max": 1.1743760108947754
      },
      "physics_solve_ms": {
        "p50": 0.26387500762939453,
        "p99": 1.5636670589447021,
        "max": 1.5926659107208252
      },
      "physics_step_ms": {
        "p50": 0.5398750305175781,
        "p99": 2.782958984375,
        "max": 2.8173341751098633
      },
      "physics_steps_max": 2,
      "geometry_updates_max": 564,
      "body_records_max": 746,
      "collider_records_max": 1551,
      "town_sync_ms": {
        "p50": 0.0198340006172657,
        "p99": 0.15241698920726776,
        "max": 0.18016700446605682
      },
      "town_pose_ms": {
        "p50": 0.1821250021457672,
        "p99": 0.2254590094089508,
        "max": 0.2796249985694885
      },
      "town_solids_ms": {
        "p50": 0.0,
        "p99": 0.0,
        "max": 0.0
      },
      "chunks_max": 509,
      "posed_vertices_max": 0,
      "rigid_instances_max": 1071,
      "awake_bodies_max": 314,
      "sleeping_bodies_max": 458,
      "merged_chunks_max": 391,
      "static_parts_max": 674,
      "static_groups_max": 148,
      "static_vertices_max": 53550,
      "static_transformed_vertices_cumulative": 53550,
      "static_rebuilds_cumulative": 85,
      "contact_points_max": 1253,
      "warm_candidates_max": 3138,
      "debris_end": {
        "frame": 959,
        "rigid_instances": 545,
        "awake_bodies": 0,
        "sleeping_bodies": 118,
        "merged_chunks": 391,
        "contact_points": 2,
        "warm_candidates": 4,
        "static_parts": 674,
        "static_groups": 148,
        "static_vertices": 53550,
        "static_transformed_vertices_cumulative": 53550,
        "static_rebuilds_cumulative": 85
      },
      "sprites_max": 393,
      "ribbons_max": 0,
      "ribbon_segments_max": 0,
      "draws_max": 2704,
      "triangles_max": 420686,
      "flash_lights_selected_max": 4,
      "lit_alpha_max": 248,
      "density_max": 1.5,
      "most_sprites_snapshot": {
        "frame": 702,
        "sprites": 393,
        "lit_alpha": 237,
        "density_max": 1.5,
        "sprite_angular_area": 1.1053115129470825,
        "lit_alpha_angular_area": 1.0428416728973389
      },
      "most_sprite_area_snapshot": {
        "frame": 921,
        "sprites": 299,
        "lit_alpha": 239,
        "density_max": 1.0,
        "sprite_angular_area": 1.1207674741744995,
        "lit_alpha_angular_area": 1.0663511753082275
      },
      "most_lit_alpha_area_snapshot": {
        "frame": 921,
        "sprites": 299,
        "lit_alpha": 239,
        "density_max": 1.0,
        "sprite_angular_area": 1.1207674741744995,
        "lit_alpha_angular_area": 1.0663511753082275
      }
    }
  }
}
slowest frame to render: 1172 ms; most sprites in a frame: 1710
