kit: licensed
baking the light
t 0.0 s · summed work 149.6 ms (tick 0.0, mesh 0.9, encode 133.0, wait 15.8) · raised 0 · pieces 0 · chunks 0 · sprites 0 · Meteor Showcase · 0 meteors in flight · 1: cast eight · R: rebuild · the caster casts again after each rebuild
t 1.0 s · summed work 5.3 ms (tick 0.4, mesh 0.9, encode 0.9, wait 3.1) · raised 0 · pieces 0 · chunks 0 · sprites 0 · Meteor Showcase · 0 meteors in flight · 1: cast eight · R: rebuild · the caster casts again after each rebuild
t 2.0 s · summed work 5.0 ms (tick 0.2, mesh 0.8, encode 0.8, wait 3.1) · raised 0 · pieces 0 · chunks 0 · sprites 0 · Meteor Showcase · 0 meteors in flight · 1: cast eight · R: rebuild · the caster casts again after each rebuild
t 3.0 s · summed work 5.0 ms (tick 0.1, mesh 0.8, encode 0.8, wait 3.2) · raised 0 · pieces 0 · chunks 0 · sprites 0 · Meteor Showcase · 0 meteors in flight · 1: cast eight · R: rebuild · the caster casts again after each rebuild
t 4.0 s · summed work 6.5 ms (tick 0.1, mesh 0.8, encode 0.9, wait 4.7) · raised 0 · pieces 0 · chunks 0 · sprites 0 · Meteor Showcase · 0 meteors in flight · 1: cast eight · R: rebuild · the caster casts again after each rebuild
t 5.0 s · summed work 8.1 ms (tick 0.1, mesh 0.8, encode 0.9, wait 6.2) · raised 0 · pieces 0 · chunks 0 · sprites 0 · Meteor Showcase · 0 meteors in flight · 1: cast eight · R: rebuild · the caster casts again after each rebuild
t 6.0 s · summed work 6.5 ms (tick 0.1, mesh 0.8, encode 0.9, wait 4.7) · raised 0 · pieces 0 · chunks 0 · sprites 0 · Meteor Showcase · 0 meteors in flight · 1: cast eight · R: rebuild · the caster casts again after each rebuild
t 7.0 s · summed work 5.0 ms (tick 0.1, mesh 0.8, encode 0.9, wait 3.2) · raised 0 · pieces 0 · chunks 0 · sprites 0 · Meteor Showcase · 0 meteors in flight · 1: cast eight · R: rebuild · the caster casts again after each rebuild
{
  "mode": "live",
  "camera_path": "pan",
  "static_houses": true,
  "sequence_frames": [
    120,
    135
  ],
  "readback_every_frame": false,
  "submission_timing": {
    "policy": "serial_diagnostics",
    "serial_frames_flag": false,
    "pending_frame_limit": 1,
    "maximum_pending_frames": 1,
    "submitted_frames": 480,
    "completed_frames": 480,
    "temporal_baseline_submitted_frames": 480,
    "temporal_baseline_completed_frames": 480,
    "elapsed_through_final_drain_ms": 18355.921416,
    "completed_frames_per_second": 26.1495998550967,
    "final_drain_ms": 0.001500000013038516,
    "final_drain_charged_to_frame": 479,
    "warmup_submissions": 0,
    "warmup_drain_ms": 0.0,
    "warmup_method": "This stage required no separate exposure warm-up submissions.",
    "png_writes_and_progress_logs_deferred": false,
    "deferred_png_memory_bound_bytes": 1073741824,
    "continuous_iteration_ms": {
      "p50": 9.560542106628418,
      "p99": 746.349365234375,
      "max": 1499.68115234375
    },
    "start_to_observed_completion_ms": {
      "p50": 8.152667045593262,
      "p99": 16.84058380126953,
      "max": 313.2135314941406
    },
    "submit_to_observed_completion_ms": {
      "p50": 3.064457893371582,
      "p99": 9.086333274841309,
      "max": 14.280500411987305
    },
    "frames": [
      {
        "index": 0,
        "started_ms": 0.0,
        "submitted_ms": 298.933041,
        "observed_completed_ms": 313.21354099999996,
        "start_to_observed_completion_ms": 313.21354099999996,
        "submit_to_observed_completion_ms": 14.280499999999961,
        "continuous_iteration_ms": 314.7351379394531,
        "frame_ms": 149.6223907470703,
        "component_sum_ms": 149.6223907470703,
        "tick_ms": 0.0,
        "dynamic_mesh_ms": 0.8869580030441284,
        "encode_ms": 132.978759765625,
        "admission_or_completion_ms": 15.756667137145996
      },
      {
        "index": 1,
        "started_ms": 314.735125,
        "submitted_ms": 317.473291,
        "observed_completed_ms": 325.07124999999996,
        "start_to_observed_completion_ms": 10.336124999999981,
        "submit_to_observed_completion_ms": 7.597958999999946,
        "continuous_iteration_ms": 14.779208183288574,
        "frame_ms": 10.476371765136719,
        "component_sum_ms": 10.476371765136719,
        "tick_ms": 0.26970797777175903,
        "dynamic_mesh_ms": 0.9689159989356995,
        "encode_ms": 1.4944579601287842,
        "admission_or_completion_ms": 7.743290424346924
      },
      {
        "index": 2,
        "started_ms": 329.51433299999997,
        "submitted_ms": 335.503,
        "observed_completed_ms": 339.302416,
        "start_to_observed_completion_ms": 9.788083000000029,
        "submit_to_observed_completion_ms": 3.799416000000008,
        "continuous_iteration_ms": 9.932707786560059,
        "frame_ms": 6.203539848327637,
        "component_sum_ms": 6.203539848327637,
        "tick_ms": 0.24379099905490875,
        "dynamic_mesh_ms": 0.9362080097198486,
        "encode_ms": 1.0853749513626099,
        "admission_or_completion_ms": 3.9381656646728516
      },
      {
        "index": 3,
        "started_ms": 339.447041,
        "submitted_ms": 341.586083,
        "observed_completed_ms": 344.631208,
        "start_to_observed_completion_ms": 5.184167000000002,
        "submit_to_observed_completion_ms": 3.0451250000000414,
        "continuous_iteration_ms": 9.414458274841309,
        "frame_ms": 5.315875053405762,
        "component_sum_ms": 5.315875053405762,
        "tick_ms": 0.22550000250339508,
        "dynamic_mesh_ms": 0.9182500243186951,
        "encode_ms": 0.9924579858779907,
        "admission_or_completion_ms": 3.1796669960021973
      },
      {
        "index": 4,
        "started_ms": 348.8615,
        "submitted_ms": 355.604041,
        "observed_completed_ms": 358.625416,
        "start_to_observed_completion_ms": 9.763915999999995,
        "submit_to_observed_completion_ms": 3.0213749999999777,
        "continuous_iteration_ms": 9.905082702636719,
        "frame_ms": 5.6277079582214355,
        "component_sum_ms": 5.6277079582214355,
        "tick_ms": 0.46866700053215027,
        "dynamic_mesh_ms": 0.9323750138282776,
        "encode_ms": 1.0713750123977661,
        "admission_or_completion_ms": 3.1552910804748535
      },
      {
        "index": 5,
        "started_ms": 358.76658299999997,
        "submitted_ms": 360.979916,
        "observed_completed_ms": 364.04062500000003,
        "start_to_observed_completion_ms": 5.274042000000065,
        "submit_to_observed_completion_ms": 3.060709000000031,
        "continuous_iteration_ms": 8.253666877746582,
        "frame_ms": 5.470582962036133,
        "component_sum_ms": 5.470582962036133,
        "tick_ms": 0.1661669909954071,
        "dynamic_mesh_ms": 0.956957995891571,
        "encode_ms": 1.0874159336090088,
        "admission_or_completion_ms": 3.2600419521331787
      },
      {
        "index": 6,
        "started_ms": 367.02025,
        "submitted_ms": 373.216458,
        "observed_completed_ms": 376.295,
        "start_to_observed_completion_ms": 9.27475000000004,
        "submit_to_observed_completion_ms": 3.078542000000027,
        "continuous_iteration_ms": 9.420374870300293,
        "frame_ms": 5.2714996337890625,
        "component_sum_ms": 5.2714996337890625,
        "tick_ms": 0.17458400130271912,
        "dynamic_mesh_ms": 0.9235000014305115,
        "encode_ms": 0.9568749666213989,
        "admission_or_completion_ms": 3.216541051864624
      },
      {
        "index": 7,
        "started_ms": 376.44062499999995,
        "submitted_ms": 378.708416,
        "observed_completed_ms": 383.280333,
        "start_to_observed_completion_ms": 6.83970800000003,
        "submit_to_observed_completion_ms": 4.571916999999985,
        "continuous_iteration_ms": 11.262750625610352,
        "frame_ms": 6.975207805633545,
        "component_sum_ms": 6.975207805633545,
        "tick_ms": 0.1975409984588623,
        "dynamic_mesh_ms": 0.9287919998168945,
        "encode_ms": 1.1374579668045044,
        "admission_or_completion_ms": 4.711416721343994
      },
      {
        "index": 8,
        "started_ms": 387.703375,
        "submitted_ms": 394.266791,
        "observed_completed_ms": 398.823583,
        "start_to_observed_completion_ms": 11.120207999999991,
        "submit_to_observed_completion_ms": 4.556791999999973,
        "continuous_iteration_ms": 11.256750106811523,
        "frame_ms": 6.974664688110352,
        "component_sum_ms": 6.974664688110352,
        "tick_ms": 0.3547079861164093,
        "dynamic_mesh_ms": 0.9522910118103027,
        "encode_ms": 0.9819579720497131,
        "admission_or_completion_ms": 4.685708045959473
      },
      {
        "index": 9,
        "started_ms": 398.960125,
        "submitted_ms": 401.11845800000003,
        "observed_completed_ms": 403.671791,
        "start_to_observed_completion_ms": 4.71166599999998,
        "submit_to_observed_completion_ms": 2.5533329999999523,
        "continuous_iteration_ms": 8.914291381835938,
        "frame_ms": 4.832874298095703,
        "component_sum_ms": 4.832874298095703,
        "tick_ms": 0.28566598892211914,
        "dynamic_mesh_ms": 0.9013749957084656,
        "encode_ms": 0.9681669473648071,
        "admission_or_completion_ms": 2.677666187286377
      },
      {
        "index": 10,
        "started_ms": 407.874416,
        "submitted_ms": 414.178791,
        "observed_completed_ms": 416.954208,
        "start_to_observed_completion_ms": 9.079791999999998,
        "submit_to_observed_completion_ms": 2.7754170000000045,
        "continuous_iteration_ms": 9.21470832824707,
        "frame_ms": 4.930915832519531,
        "component_sum_ms": 4.930915832519531,
        "tick_ms": 0.17012500762939453,
        "dynamic_mesh_ms": 0.9294580221176147,
        "encode_ms": 0.9272909760475159,
        "admission_or_completion_ms": 2.9040420055389404
      },
      {
        "index": 11,
        "started_ms": 417.089125,
        "submitted_ms": 419.288666,
        "observed_completed_ms": 422.346458,
        "start_to_observed_completion_ms": 5.25733299999996,
        "submit_to_observed_completion_ms": 3.0577920000000063,
        "continuous_iteration_ms": 8.082208633422852,
        "frame_ms": 5.39329195022583,
        "component_sum_ms": 5.39329195022583,
        "tick_ms": 0.1723330020904541,
        "dynamic_mesh_ms": 0.9284579753875732,
        "encode_ms": 1.096250057220459,
        "admission_or_completion_ms": 3.1962509155273438
      },
      {
        "index": 12,
        "started_ms": 425.171333,
        "submitted_ms": 431.377958,
        "observed_completed_ms": 434.12062499999996,
        "start_to_observed_completion_ms": 8.949291999999957,
        "submit_to_observed_completion_ms": 2.742666999999983,
        "continuous_iteration_ms": 9.081542015075684,
        "frame_ms": 5.056416988372803,
        "component_sum_ms": 5.056416988372803,
        "tick_ms": 0.2528330087661743,
        "dynamic_mesh_ms": 0.9203330278396606,
        "encode_ms": 1.0142920017242432,
        "admission_or_completion_ms": 2.8689589500427246
      },
      {
        "index": 13,
        "started_ms": 434.25287499999996,
        "submitted_ms": 436.59375,
        "observed_completed_ms": 440.819125,
        "start_to_observed_completion_ms": 6.566250000000025,
        "submit_to_observed_completion_ms": 4.2253749999999854,
        "continuous_iteration_ms": 10.849958419799805,
        "frame_ms": 6.7075419425964355,
        "component_sum_ms": 6.7075419425964355,
        "tick_ms": 0.4036659896373749,
        "dynamic_mesh_ms": 0.9207919836044312,
        "encode_ms": 1.013334035873413,
        "admission_or_completion_ms": 4.369750022888184
      },
      {
        "index": 14,
        "started_ms": 445.102833,
        "submitted_ms": 450.04929100000004,
        "observed_completed_ms": 452.903875,
        "start_to_observed_completion_ms": 7.801042000000052,
        "submit_to_observed_completion_ms": 2.8545839999999885,
        "continuous_iteration_ms": 7.934207916259766,
        "frame_ms": 5.2100830078125,
        "component_sum_ms": 5.2100830078125,
        "tick_ms": 0.24341699481010437,
        "dynamic_mesh_ms": 0.9174579977989197,
        "encode_ms": 1.067457914352417,
        "admission_or_completion_ms": 2.981750011444092
      },
      {
        "index": 15,
        "started_ms": 453.037041,
        "submitted_ms": 455.309208,
        "observed_completed_ms": 459.455833,
        "start_to_observed_completion_ms": 6.418791999999996,
        "submit_to_observed_completion_ms": 4.146624999999972,
        "continuous_iteration_ms": 12.16604232788086,
        "frame_ms": 6.549124717712402,
        "component_sum_ms": 6.549124717712402,
        "tick_ms": 0.22083300352096558,
        "dynamic_mesh_ms": 0.9378330111503601,
        "encode_ms": 1.1107499599456787,
        "admission_or_completion_ms": 4.2797088623046875
      },
      {
        "index": 16,
        "started_ms": 465.203083,
        "submitted_ms": 471.8245,
        "observed_completed_ms": 474.894625,
        "start_to_observed_completion_ms": 9.691542000000027,
        "submit_to_observed_completion_ms": 3.0701250000000186,
        "continuous_iteration_ms": 9.839792251586914,
        "frame_ms": 5.632791996002197,
        "component_sum_ms": 5.632791996002197,
        "tick_ms": 0.2940419912338257,
        "dynamic_mesh_ms": 0.9409999847412109,
        "encode_ms": 1.1877920627593994,
        "admission_or_completion_ms": 3.209958076477051
      },
      {
        "index": 17,
        "started_ms": 475.042875,
        "submitted_ms": 477.30645799999996,
        "observed_completed_ms": 481.856916,
        "start_to_observed_completion_ms": 6.8140410000000315,
        "submit_to_observed_completion_ms": 4.550458000000049,
        "continuous_iteration_ms": 11.111083030700684,
        "frame_ms": 6.944457530975342,
        "component_sum_ms": 6.944457530975342,
        "tick_ms": 0.17441700398921967,
        "dynamic_mesh_ms": 0.9381250143051147,
        "encode_ms": 1.148082971572876,
        "admission_or_completion_ms": 4.68383264541626
      },
      {
        "index": 18,
        "started_ms": 486.153958,
        "submitted_ms": 492.01816599999995,
        "observed_completed_ms": 495.076958,
        "start_to_observed_completion_ms": 8.923000000000002,
        "submit_to_observed_completion_ms": 3.0587920000000395,
        "continuous_iteration_ms": 9.059457778930664,
        "frame_ms": 5.299374103546143,
        "component_sum_ms": 5.299374103546143,
        "tick_ms": 0.17499999701976776,
        "dynamic_mesh_ms": 0.9398329854011536,
        "encode_ms": 0.9947080612182617,
        "admission_or_completion_ms": 3.189833164215088
      },
      {
        "index": 19,
        "started_ms": 495.213416,
        "submitted_ms": 497.432875,
        "observed_completed_ms": 500.316791,
        "start_to_observed_completion_ms": 5.103375000000028,
        "submit_to_observed_completion_ms": 2.8839159999999993,
        "continuous_iteration_ms": 9.527334213256836,
        "frame_ms": 5.225040912628174,
        "component_sum_ms": 5.225040912628174,
        "tick_ms": 0.23879200220108032,
        "dynamic_mesh_ms": 0.9154160022735596,
        "encode_ms": 1.0625,
        "admission_or_completion_ms": 3.0083329677581787
      },
      {
        "index": 20,
        "started_ms": 504.74074999999993,
        "submitted_ms": 510.9367500000001,
        "observed_completed_ms": 515.5097910000001,
        "start_to_observed_completion_ms": 10.76904100000013,
        "submit_to_observed_completion_ms": 4.573040999999989,
        "continuous_iteration_ms": 10.914291381835938,
        "frame_ms": 6.773959159851074,
        "component_sum_ms": 6.773959159851074,
        "tick_ms": 0.24512501060962677,
        "dynamic_mesh_ms": 0.8902919888496399,
        "encode_ms": 0.9268749952316284,
        "admission_or_completion_ms": 4.711667060852051
      },
      {
        "index": 21,
        "started_ms": 515.655041,
        "submitted_ms": 517.759333,
        "observed_completed_ms": 522.330416,
        "start_to_observed_completion_ms": 6.675375000000031,
        "submit_to_observed_completion_ms": 4.571083000000044,
        "continuous_iteration_ms": 11.086042404174805,
        "frame_ms": 6.81295919418335,
        "component_sum_ms": 6.81295919418335,
        "tick_ms": 0.16729199886322021,
        "dynamic_mesh_ms": 0.9051250219345093,
        "encode_ms": 1.028249979019165,
        "admission_or_completion_ms": 4.712292194366455
      },
      {
        "index": 22,
        "started_ms": 526.741083,
        "submitted_ms": 532.511541,
        "observed_completed_ms": 535.1217499999999,
        "start_to_observed_completion_ms": 8.380666999999903,
        "submit_to_observed_completion_ms": 2.6102089999999407,
        "continuous_iteration_ms": 8.504667282104492,
        "frame_ms": 4.748126029968262,
        "component_sum_ms": 4.748126029968262,
        "tick_ms": 0.18679198622703552,
        "dynamic_mesh_ms": 0.8972089886665344,
        "encode_ms": 0.9349160194396973,
        "admission_or_completion_ms": 2.7292089462280273
      },
      {
        "index": 23,
        "started_ms": 535.2457499999999,
        "submitted_ms": 537.372041,
        "observed_completed_ms": 540.4206660000001,
        "start_to_observed_completion_ms": 5.174916000000167,
        "submit_to_observed_completion_ms": 3.048625000000129,
        "continuous_iteration_ms": 7.850957870483398,
        "frame_ms": 5.295334815979004,
        "component_sum_ms": 5.295334815979004,
        "tick_ms": 0.3325420022010803,
        "dynamic_mesh_ms": 0.891334056854248,
        "encode_ms": 0.8997499942779541,
        "admission_or_completion_ms": 3.1717090606689453
      },
      {
        "index": 24,
        "started_ms": 543.096708,
        "submitted_ms": 548.992916,
        "observed_completed_ms": 552.024875,
        "start_to_observed_completion_ms": 8.928166999999917,
        "submit_to_observed_completion_ms": 3.0319589999999152,
        "continuous_iteration_ms": 9.052791595458984,
        "frame_ms": 5.083792209625244,
        "component_sum_ms": 5.083792209625244,
        "tick_ms": 0.21262499690055847,
        "dynamic_mesh_ms": 0.8644170165061951,
        "encode_ms": 0.8556659817695618,
        "admission_or_completion_ms": 3.1510841846466064
      },
      {
        "index": 25,
        "started_ms": 552.1495,
        "submitted_ms": 554.046916,
        "observed_completed_ms": 557.096208,
        "start_to_observed_completion_ms": 4.946708000000058,
        "submit_to_observed_completion_ms": 3.0492920000000368,
        "continuous_iteration_ms": 7.605541229248047,
        "frame_ms": 5.081417083740234,
        "component_sum_ms": 5.081417083740234,
        "tick_ms": 0.2234169989824295,
        "dynamic_mesh_ms": 0.8679999709129333,
        "encode_ms": 0.8036659955978394,
        "admission_or_completion_ms": 3.1863341331481934
      },
      {
        "index": 26,
        "started_ms": 559.755041,
        "submitted_ms": 565.542416,
        "observed_completed_ms": 568.5778329999999,
        "start_to_observed_completion_ms": 8.822791999999936,
        "submit_to_observed_completion_ms": 3.0354169999999385,
        "continuous_iteration_ms": 8.944292068481445,
        "frame_ms": 5.040125370025635,
        "component_sum_ms": 5.040125370025635,
        "tick_ms": 0.21724998950958252,
        "dynamic_mesh_ms": 0.8451250195503235,
        "encode_ms": 0.8249160051345825,
        "admission_or_completion_ms": 3.152834177017212
      },
      {
        "index": 27,
        "started_ms": 568.699333,
        "submitted_ms": 570.687083,
        "observed_completed_ms": 573.721541,
        "start_to_observed_completion_ms": 5.022207999999978,
        "submit_to_observed_completion_ms": 3.0344579999999723,
        "continuous_iteration_ms": 9.032082557678223,
        "frame_ms": 5.1376237869262695,
        "component_sum_ms": 5.1376237869262695,
        "tick_ms": 0.33208298683166504,
        "dynamic_mesh_ms": 0.8413749933242798,
        "encode_ms": 0.8127500414848328,
        "admission_or_completion_ms": 3.151416063308716
      },
      {
        "index": 28,
        "started_ms": 577.731416,
        "submitted_ms": 583.5625,
        "observed_completed_ms": 586.5961659999999,
        "start_to_observed_completion_ms": 8.864749999999958,
        "submit_to_observed_completion_ms": 3.0336659999999256,
        "continuous_iteration_ms": 8.987709045410156,
        "frame_ms": 5.0841240882873535,
        "component_sum_ms": 5.0841240882873535,
        "tick_ms": 0.13825000822544098,
        "dynamic_mesh_ms": 0.8345829844474792,
        "encode_ms": 0.9586250185966492,
        "admission_or_completion_ms": 3.1526660919189453
      },
      {
        "index": 29,
        "started_ms": 586.719125,
        "submitted_ms": 588.5749999999999,
        "observed_completed_ms": 591.63025,
        "start_to_observed_completion_ms": 4.911125000000084,
        "submit_to_observed_completion_ms": 3.0552500000001146,
        "continuous_iteration_ms": 7.619832992553711,
        "frame_ms": 5.0416669845581055,
        "component_sum_ms": 5.0416669845581055,
        "tick_ms": 0.15183299779891968,
        "dynamic_mesh_ms": 0.8442919850349426,
        "encode_ms": 0.8583340048789978,
        "admission_or_completion_ms": 3.1872081756591797
      },
      {
        "index": 30,
        "started_ms": 594.338958,
        "submitted_ms": 599.816125,
        "observed_completed_ms": 602.864458,
        "start_to_observed_completion_ms": 8.525499999999965,
        "submit_to_observed_completion_ms": 3.048332999999957,
        "continuous_iteration_ms": 8.652458190917969,
        "frame_ms": 5.157999038696289,
        "component_sum_ms": 5.157999038696289,
        "tick_ms": 0.18620799481868744,
        "dynamic_mesh_ms": 0.8792499899864197,
        "encode_ms": 0.9222090244293213,
        "admission_or_completion_ms": 3.1703319549560547
      },
      {
        "index": 31,
        "started_ms": 602.991416,
        "submitted_ms": 605.000458,
        "observed_completed_ms": 608.042416,
        "start_to_observed_completion_ms": 5.051000000000045,
        "submit_to_observed_completion_ms": 3.0419580000000224,
        "continuous_iteration_ms": 9.14566707611084,
        "frame_ms": 5.1677093505859375,
        "component_sum_ms": 5.1677093505859375,
        "tick_ms": 0.26237499713897705,
        "dynamic_mesh_ms": 0.8658339977264404,
        "encode_ms": 0.8790420293807983,
        "admission_or_completion_ms": 3.1604580879211426
      },
      {
        "index": 32,
        "started_ms": 612.1370830000001,
        "submitted_ms": 617.864458,
        "observed_completed_ms": 620.90075,
        "start_to_observed_completion_ms": 8.763666999999941,
        "submit_to_observed_completion_ms": 3.036292000000003,
        "continuous_iteration_ms": 8.883999824523926,
        "frame_ms": 5.010831832885742,
        "component_sum_ms": 5.010831832885742,
        "tick_ms": 0.1995829939842224,
        "dynamic_mesh_ms": 0.8459999561309814,
        "encode_ms": 0.8138329982757568,
        "admission_or_completion_ms": 3.151416063308716
      },
      {
        "index": 33,
        "started_ms": 621.021083,
        "submitted_ms": 622.739375,
        "observed_completed_ms": 625.7882500000001,
        "start_to_observed_completion_ms": 4.767167000000086,
        "submit_to_observed_completion_ms": 3.0488750000000664,
        "continuous_iteration_ms": 8.978375434875488,
        "frame_ms": 4.884124279022217,
        "component_sum_ms": 4.884124279022217,
        "tick_ms": 0.14800000190734863,
        "dynamic_mesh_ms": 0.8125410079956055,
        "encode_ms": 0.7562500238418579,
        "admission_or_completion_ms": 3.1673331260681152
      },
      {
        "index": 34,
        "started_ms": 629.999458,
        "submitted_ms": 635.781916,
        "observed_completed_ms": 638.827041,
        "start_to_observed_completion_ms": 8.827583000000004,
        "submit_to_observed_completion_ms": 3.0451249999999845,
        "continuous_iteration_ms": 8.948249816894531,
        "frame_ms": 4.978332996368408,
        "component_sum_ms": 4.978332996368408,
        "tick_ms": 0.18916699290275574,
        "dynamic_mesh_ms": 0.8779579997062683,
        "encode_ms": 0.7509999871253967,
        "admission_or_completion_ms": 3.160207986831665
      },
      {
        "index": 35,
        "started_ms": 638.947708,
        "submitted_ms": 641.015958,
        "observed_completed_ms": 644.054875,
        "start_to_observed_completion_ms": 5.107167000000004,
        "submit_to_observed_completion_ms": 3.038917000000083,
        "continuous_iteration_ms": 7.664542198181152,
        "frame_ms": 5.21945858001709,
        "component_sum_ms": 5.21945858001709,
        "tick_ms": 0.22474999725818634,
        "dynamic_mesh_ms": 0.9118750095367432,
        "encode_ms": 0.9290419816970825,
        "admission_or_completion_ms": 3.1537911891937256
      },
      {
        "index": 36,
        "started_ms": 646.61225,
        "submitted_ms": 652.641083,
        "observed_completed_ms": 655.263,
        "start_to_observed_completion_ms": 8.650750000000016,
        "submit_to_observed_completion_ms": 2.621917000000053,
        "continuous_iteration_ms": 8.76895809173584,
        "frame_ms": 4.702415943145752,
        "component_sum_ms": 4.702415943145752,
        "tick_ms": 0.336124986410141,
        "dynamic_mesh_ms": 0.8464170098304749,
        "encode_ms": 0.7843329906463623,
        "admission_or_completion_ms": 2.7355411052703857
      },
      {
        "index": 37,
        "started_ms": 655.381208,
        "submitted_ms": 657.311875,
        "observed_completed_ms": 660.348541,
        "start_to_observed_completion_ms": 4.96733299999994,
        "submit_to_observed_completion_ms": 3.0366659999999683,
        "continuous_iteration_ms": 9.011792182922363,
        "frame_ms": 5.080749034881592,
        "component_sum_ms": 5.080749034881592,
        "tick_ms": 0.2219580113887787,
        "dynamic_mesh_ms": 0.8086659908294678,
        "encode_ms": 0.8986669778823853,
        "admission_or_completion_ms": 3.1514580249786377
      },
      {
        "index": 38,
        "started_ms": 664.393,
        "submitted_ms": 669.5115000000001,
        "observed_completed_ms": 672.537666,
        "start_to_observed_completion_ms": 8.144665999999916,
        "submit_to_observed_completion_ms": 3.0261659999998756,
        "continuous_iteration_ms": 8.261250495910645,
        "frame_ms": 4.844749927520752,
        "component_sum_ms": 4.844749927520752,
        "tick_ms": 0.18391700088977814,
        "dynamic_mesh_ms": 0.7927500009536743,
        "encode_ms": 0.7286670207977295,
        "admission_or_completion_ms": 3.139415979385376
      },
      {
        "index": 39,
        "started_ms": 672.65425,
        "submitted_ms": 674.550291,
        "observed_completed_ms": 677.582625,
        "start_to_observed_completion_ms": 4.92837499999996,
        "submit_to_observed_completion_ms": 3.0323339999999916,
        "continuous_iteration_ms": 8.942999839782715,
        "frame_ms": 5.040166854858398,
        "component_sum_ms": 5.040166854858398,
        "tick_ms": 0.30445799231529236,
        "dynamic_mesh_ms": 0.8211249709129333,
        "encode_ms": 0.7684999704360962,
        "admission_or_completion_ms": 3.1460840702056885
      },
      {
        "index": 40,
        "started_ms": 681.59725,
        "submitted_ms": 687.14975,
        "observed_completed_ms": 690.184416,
        "start_to_observed_completion_ms": 8.587166000000025,
        "submit_to_observed_completion_ms": 3.0346660000000156,
        "continuous_iteration_ms": 8.705082893371582,
        "frame_ms": 4.852457046508789,
        "component_sum_ms": 4.852457046508789,
        "tick_ms": 0.13554100692272186,
        "dynamic_mesh_ms": 0.8224999904632568,
        "encode_ms": 0.7464590072631836,
        "admission_or_completion_ms": 3.1479568481445312
      },
      {
        "index": 41,
        "started_ms": 690.302333,
        "submitted_ms": 691.999083,
        "observed_completed_ms": 695.028958,
        "start_to_observed_completion_ms": 4.726625000000013,
        "submit_to_observed_completion_ms": 3.0298749999999472,
        "continuous_iteration_ms": 8.707958221435547,
        "frame_ms": 4.85145902633667,
        "component_sum_ms": 4.85145902633667,
        "tick_ms": 0.13862499594688416,
        "dynamic_mesh_ms": 0.7842090129852295,
        "encode_ms": 0.7726249694824219,
        "admission_or_completion_ms": 3.1560001373291016
      },
      {
        "index": 42,
        "started_ms": 699.010291,
        "submitted_ms": 704.557208,
        "observed_completed_ms": 707.5946250000001,
        "start_to_observed_completion_ms": 8.584334000000013,
        "submit_to_observed_completion_ms": 3.0374170000001186,
        "continuous_iteration_ms": 8.702667236328125,
        "frame_ms": 4.914791107177734,
        "component_sum_ms": 4.914791107177734,
        "tick_ms": 0.2571670114994049,
        "dynamic_mesh_ms": 0.7855409979820251,
        "encode_ms": 0.7204170227050781,
        "admission_or_completion_ms": 3.1516659259796143
      },
      {
        "index": 43,
        "started_ms": 707.712958,
        "submitted_ms": 709.581541,
        "observed_completed_ms": 712.610583,
        "start_to_observed_completion_ms": 4.897625000000062,
        "submit_to_observed_completion_ms": 3.029042000000004,
        "continuous_iteration_ms": 8.883957862854004,
        "frame_ms": 5.008169174194336,
        "component_sum_ms": 5.008169174194336,
        "tick_ms": 0.26295897364616394,
        "dynamic_mesh_ms": 0.8079590201377869,
        "encode_ms": 0.7961249947547913,
        "admission_or_completion_ms": 3.1411261558532715
      },
      {
        "index": 44,
        "started_ms": 716.596916,
        "submitted_ms": 722.169,
        "observed_completed_ms": 725.2122909999999,
        "start_to_observed_completion_ms": 8.615374999999972,
        "submit_to_observed_completion_ms": 3.043290999999954,
        "continuous_iteration_ms": 8.734583854675293,
        "frame_ms": 4.8474578857421875,
        "component_sum_ms": 4.8474578857421875,
        "tick_ms": 0.14441700279712677,
        "dynamic_mesh_ms": 0.807790994644165,
        "encode_ms": 0.737625002861023,
        "admission_or_completion_ms": 3.1576249599456787
      },
      {
        "index": 45,
        "started_ms": 725.3315,
        "submitted_ms": 727.1046249999999,
        "observed_completed_ms": 730.1404580000001,
        "start_to_observed_completion_ms": 4.808958000000075,
        "submit_to_observed_completion_ms": 3.035833000000139,
        "continuous_iteration_ms": 8.792790412902832,
        "frame_ms": 4.92095947265625,
        "component_sum_ms": 4.92095947265625,
        "tick_ms": 0.16279199719429016,
        "dynamic_mesh_ms": 0.7834590077400208,
        "encode_ms": 0.8251250386238098,
        "admission_or_completion_ms": 3.149583101272583
      },
      {
        "index": 46,
        "started_ms": 734.124291,
        "submitted_ms": 739.976291,
        "observed_completed_ms": 743.038291,
        "start_to_observed_completion_ms": 8.913999999999987,
        "submit_to_observed_completion_ms": 3.062000000000012,
        "continuous_iteration_ms": 9.038625717163086,
        "frame_ms": 5.126002311706543,
        "component_sum_ms": 5.126002311706543,
        "tick_ms": 0.2379170060157776,
        "dynamic_mesh_ms": 0.8094590306282043,
        "encode_ms": 0.8975000381469727,
        "admission_or_completion_ms": 3.181126117706299
      },
      {
        "index": 47,
        "started_ms": 743.162916,
        "submitted_ms": 745.1612909999999,
        "observed_completed_ms": 748.219291,
        "start_to_observed_completion_ms": 5.056375000000003,
        "submit_to_observed_completion_ms": 3.0580000000001064,
        "continuous_iteration_ms": 9.185625076293945,
        "frame_ms": 5.170000076293945,
        "component_sum_ms": 5.170000076293945,
        "tick_ms": 0.18120799958705902,
        "dynamic_mesh_ms": 0.8592090010643005,
        "encode_ms": 0.9557909965515137,
        "admission_or_completion_ms": 3.1737918853759766
      },
      {
        "index": 48,
        "started_ms": 752.3485410000001,
        "submitted_ms": 758.216625,
        "observed_completed_ms": 761.2624999999999,
        "start_to_observed_completion_ms": 8.913958999999863,
        "submit_to_observed_completion_ms": 3.04587499999991,
        "continuous_iteration_ms": 9.033124923706055,
        "frame_ms": 5.113000869750977,
        "component_sum_ms": 5.113000869750977,
        "tick_ms": 0.15858399868011475,
        "dynamic_mesh_ms": 0.8001669645309448,
        "encode_ms": 0.9940000176429749,
        "admission_or_completion_ms": 3.160249948501587
      },
      {
        "index": 49,
        "started_ms": 761.381666,
        "submitted_ms": 763.190416,
        "observed_completed_ms": 767.441416,
        "start_to_observed_completion_ms": 6.059750000000008,
        "submit_to_observed_completion_ms": 4.250999999999976,
        "continuous_iteration_ms": 10.129791259765625,
        "frame_ms": 6.173331260681152,
        "component_sum_ms": 6.173331260681152,
        "tick_ms": 0.17249999940395355,
        "dynamic_mesh_ms": 0.8479580283164978,
        "encode_ms": 0.7861660122871399,
        "admission_or_completion_ms": 4.3667073249816895
      },
      {
        "index": 50,
        "started_ms": 771.511458,
        "submitted_ms": 777.2447500000001,
        "observed_completed_ms": 781.388125,
        "start_to_observed_completion_ms": 9.876666999999998,
        "submit_to_observed_completion_ms": 4.143374999999878,
        "continuous_iteration_ms": 10.00012493133545,
        "frame_ms": 6.080000877380371,
        "component_sum_ms": 6.080000877380371,
        "tick_ms": 0.18120799958705902,
        "dynamic_mesh_ms": 0.8388339877128601,
        "encode_ms": 0.7994999885559082,
        "admission_or_completion_ms": 4.260458946228027
      },
      {
        "index": 51,
        "started_ms": 781.511583,
        "submitted_ms": 783.487208,
        "observed_completed_ms": 786.5285829999999,
        "start_to_observed_completion_ms": 5.016999999999939,
        "submit_to_observed_completion_ms": 3.0413749999999027,
        "continuous_iteration_ms": 9.056291580200195,
        "frame_ms": 5.1287078857421875,
        "component_sum_ms": 5.1287078857421875,
        "tick_ms": 0.17166699469089508,
        "dynamic_mesh_ms": 0.8567909598350525,
        "encode_ms": 0.9452080130577087,
        "admission_or_completion_ms": 3.1550419330596924
      },
      {
        "index": 52,
        "started_ms": 790.5678750000001,
        "submitted_ms": 796.1207909999999,
        "observed_completed_ms": 799.159375,
        "start_to_observed_completion_ms": 8.591499999999883,
        "submit_to_observed_completion_ms": 3.0385840000000144,
        "continuous_iteration_ms": 8.709208488464355,
        "frame_ms": 4.850790977478027,
        "component_sum_ms": 4.850790977478027,
        "tick_ms": 0.1550000011920929,
        "dynamic_mesh_ms": 0.8027079701423645,
        "encode_ms": 0.7404159903526306,
        "admission_or_completion_ms": 3.1526670455932617
      },
      {
        "index": 53,
        "started_ms": 799.277083,
        "submitted_ms": 801.000916,
        "observed_completed_ms": 804.033125,
        "start_to_observed_completion_ms": 4.756042000000093,
        "submit_to_observed_completion_ms": 3.03220900000008,
        "continuous_iteration_ms": 8.467666625976562,
        "frame_ms": 4.868709087371826,
        "component_sum_ms": 4.868709087371826,
        "tick_ms": 0.14350000023841858,
        "dynamic_mesh_ms": 0.793999969959259,
        "encode_ms": 0.7852910161018372,
        "admission_or_completion_ms": 3.145918130874634
      },
      {
        "index": 54,
        "started_ms": 807.7447500000001,
        "submitted_ms": 813.296791,
        "observed_completed_ms": 816.32675,
        "start_to_observed_completion_ms": 8.58199999999988,
        "submit_to_observed_completion_ms": 3.0299589999999625,
        "continuous_iteration_ms": 8.69937515258789,
        "frame_ms": 4.825250148773193,
        "component_sum_ms": 4.825250148773193,
        "tick_ms": 0.1498750001192093,
        "dynamic_mesh_ms": 0.7921249866485596,
        "encode_ms": 0.7403750419616699,
        "admission_or_completion_ms": 3.1428751945495605
      },
      {
        "index": 55,
        "started_ms": 816.444125,
        "submitted_ms": 818.1859999999999,
        "observed_completed_ms": 821.090541,
        "start_to_observed_completion_ms": 4.646416000000045,
        "submit_to_observed_completion_ms": 2.9045410000001084,
        "continuous_iteration_ms": 8.59316635131836,
        "frame_ms": 4.756957054138184,
        "component_sum_ms": 4.756957054138184,
        "tick_ms": 0.16216599941253662,
        "dynamic_mesh_ms": 0.8442080020904541,
        "encode_ms": 0.734375,
        "admission_or_completion_ms": 3.0162081718444824
      },
      {
        "index": 56,
        "started_ms": 825.037291,
        "submitted_ms": 830.597125,
        "observed_completed_ms": 833.588625,
        "start_to_observed_completion_ms": 8.551333999999997,
        "submit_to_observed_completion_ms": 2.9914999999999736,
        "continuous_iteration_ms": 8.66720962524414,
        "frame_ms": 4.7919182777404785,
        "component_sum_ms": 4.7919182777404785,
        "tick_ms": 0.14629200100898743,
        "dynamic_mesh_ms": 0.7992089986801147,
        "encode_ms": 0.742667019367218,
        "admission_or_completion_ms": 3.103750228881836
      },
      {
        "index": 57,
        "started_ms": 833.7044999999999,
        "submitted_ms": 835.3808329999999,
        "observed_completed_ms": 838.4137499999999,
        "start_to_observed_completion_ms": 4.709249999999997,
        "submit_to_observed_completion_ms": 3.0329169999999976,
        "continuous_iteration_ms": 8.65020751953125,
        "frame_ms": 4.821792125701904,
        "component_sum_ms": 4.821792125701904,
        "tick_ms": 0.1531669944524765,
        "dynamic_mesh_ms": 0.8229579925537109,
        "encode_ms": 0.6993749737739563,
        "admission_or_completion_ms": 3.146292209625244
      },
      {
        "index": 58,
        "started_ms": 842.354708,
        "submitted_ms": 847.828833,
        "observed_completed_ms": 850.862666,
        "start_to_observed_completion_ms": 8.50795800000003,
        "submit_to_observed_completion_ms": 3.0338329999999587,
        "continuous_iteration_ms": 8.624457359313965,
        "frame_ms": 4.795916557312012,
        "component_sum_ms": 4.795916557312012,
        "tick_ms": 0.14649999141693115,
        "dynamic_mesh_ms": 0.7851669788360596,
        "encode_ms": 0.7171669602394104,
        "admission_or_completion_ms": 3.147082805633545
      },
      {
        "index": 59,
        "started_ms": 850.979166,
        "submitted_ms": 852.6398750000001,
        "observed_completed_ms": 855.674791,
        "start_to_observed_completion_ms": 4.695625000000064,
        "submit_to_observed_completion_ms": 3.034915999999953,
        "continuous_iteration_ms": 8.73595905303955,
        "frame_ms": 4.816417217254639,
        "component_sum_ms": 4.816417217254639,
        "tick_ms": 0.1439169943332672,
        "dynamic_mesh_ms": 0.7792080044746399,
        "encode_ms": 0.7367089986801147,
        "admission_or_completion_ms": 3.156583070755005
      },
      {
        "index": 60,
        "started_ms": 859.7151250000001,
        "submitted_ms": 866.238666,
        "observed_completed_ms": 869.2523749999999,
        "start_to_observed_completion_ms": 9.537249999999858,
        "submit_to_observed_completion_ms": 3.013708999999949,
        "continuous_iteration_ms": 9.702040672302246,
        "frame_ms": 5.28195858001709,
        "component_sum_ms": 5.28195858001709,
        "tick_ms": 0.3562079966068268,
        "dynamic_mesh_ms": 0.8533329963684082,
        "encode_ms": 0.9378750324249268,
        "admission_or_completion_ms": 3.134542226791382
      },
      {
        "index": 61,
        "started_ms": 869.417166,
        "submitted_ms": 871.810791,
        "observed_completed_ms": 874.889,
        "start_to_observed_completion_ms": 5.471834000000058,
        "submit_to_observed_completion_ms": 3.0782090000000153,
        "continuous_iteration_ms": 9.736624717712402,
        "frame_ms": 5.589042663574219,
        "component_sum_ms": 5.589042663574219,
        "tick_ms": 0.4935840368270874,
        "dynamic_mesh_ms": 0.833791971206665,
        "encode_ms": 1.0628750324249268,
        "admission_or_completion_ms": 3.198791742324829
      },
      {
        "index": 62,
        "started_ms": 879.1537910000001,
        "submitted_ms": 885.751291,
        "observed_completed_ms": 894.074416,
        "start_to_observed_completion_ms": 14.920624999999973,
        "submit_to_observed_completion_ms": 8.323125000000005,
        "continuous_iteration_ms": 15.04745864868164,
        "frame_ms": 10.8055419921875,
        "component_sum_ms": 10.8055419921875,
        "tick_ms": 0.5167080163955688,
        "dynamic_mesh_ms": 0.863083004951477,
        "encode_ms": 0.9828749895095825,
        "admission_or_completion_ms": 8.442875862121582
      },
      {
        "index": 63,
        "started_ms": 894.20125,
        "submitted_ms": 896.363291,
        "observed_completed_ms": 901.969666,
        "start_to_observed_completion_ms": 7.768416000000002,
        "submit_to_observed_completion_ms": 5.606374999999957,
        "continuous_iteration_ms": 13.48062515258789,
        "frame_ms": 7.882248878479004,
        "component_sum_ms": 7.882248878479004,
        "tick_ms": 0.36866700649261475,
        "dynamic_mesh_ms": 0.8477909564971924,
        "encode_ms": 0.9431659579277039,
        "admission_or_completion_ms": 5.722624778747559
      },
      {
        "index": 64,
        "started_ms": 907.681875,
        "submitted_ms": 915.20925,
        "observed_completed_ms": 918.250916,
        "start_to_observed_completion_ms": 10.56904099999997,
        "submit_to_observed_completion_ms": 3.041665999999964,
        "continuous_iteration_ms": 10.689957618713379,
        "frame_ms": 5.109582901000977,
        "component_sum_ms": 5.109582901000977,
        "tick_ms": 0.25220897793769836,
        "dynamic_mesh_ms": 0.8586249947547913,
        "encode_ms": 0.8426249623298645,
        "admission_or_completion_ms": 3.1561241149902344
      },
      {
        "index": 65,
        "started_ms": 918.371833,
        "submitted_ms": 920.220458,
        "observed_completed_ms": 924.599958,
        "start_to_observed_completion_ms": 6.228124999999977,
        "submit_to_observed_completion_ms": 4.379500000000007,
        "continuous_iteration_ms": 10.386667251586914,
        "frame_ms": 6.349292278289795,
        "component_sum_ms": 6.349292278289795,
        "tick_ms": 0.2178329974412918,
        "dynamic_mesh_ms": 0.8283340334892273,
        "encode_ms": 0.800832986831665,
        "admission_or_completion_ms": 4.502292156219482
      },
      {
        "index": 66,
        "started_ms": 928.7585,
        "submitted_ms": 934.5665,
        "observed_completed_ms": 937.5985000000001,
        "start_to_observed_completion_ms": 8.840000000000032,
        "submit_to_observed_completion_ms": 3.032000000000039,
        "continuous_iteration_ms": 8.959416389465332,
        "frame_ms": 5.024291038513184,
        "component_sum_ms": 5.024291038513184,
        "tick_ms": 0.21808300912380219,
        "dynamic_mesh_ms": 0.8506249785423279,
        "encode_ms": 0.8080419898033142,
        "admission_or_completion_ms": 3.147540807723999
      },
      {
        "index": 67,
        "started_ms": 937.717916,
        "submitted_ms": 939.528291,
        "observed_completed_ms": 942.5688749999999,
        "start_to_observed_completion_ms": 4.850958999999989,
        "submit_to_observed_completion_ms": 3.040583999999967,
        "continuous_iteration_ms": 8.908583641052246,
        "frame_ms": 4.963956832885742,
        "component_sum_ms": 4.963956832885742,
        "tick_ms": 0.21883299946784973,
        "dynamic_mesh_ms": 0.8210830092430115,
        "encode_ms": 0.7691659927368164,
        "admission_or_completion_ms": 3.1548750400543213
      },
      {
        "index": 68,
        "started_ms": 946.6265000000001,
        "submitted_ms": 950.934833,
        "observed_completed_ms": 953.967125,
        "start_to_observed_completion_ms": 7.340624999999932,
        "submit_to_observed_completion_ms": 3.032291999999984,
        "continuous_iteration_ms": 7.459540843963623,
        "frame_ms": 5.012957572937012,
        "component_sum_ms": 5.012957572937012,
        "tick_ms": 0.19683299958705902,
        "dynamic_mesh_ms": 0.8507080078125,
        "encode_ms": 0.818541944026947,
        "admission_or_completion_ms": 3.1468749046325684
      },
      {
        "index": 69,
        "started_ms": 954.086041,
        "submitted_ms": 955.976166,
        "observed_completed_ms": 959.0169579999999,
        "start_to_observed_completion_ms": 4.9309169999999085,
        "submit_to_observed_completion_ms": 3.0407919999998967,
        "continuous_iteration_ms": 9.137834548950195,
        "frame_ms": 5.042333126068115,
        "component_sum_ms": 5.042333126068115,
        "tick_ms": 0.2649580240249634,
        "dynamic_mesh_ms": 0.8519999980926514,
        "encode_ms": 0.7712080478668213,
        "admission_or_completion_ms": 3.1541669368743896
      },
      {
        "index": 70,
        "started_ms": 963.2238749999999,
        "submitted_ms": 968.994083,
        "observed_completed_ms": 972.0303329999999,
        "start_to_observed_completion_ms": 8.80645800000002,
        "submit_to_observed_completion_ms": 3.0362499999998818,
        "continuous_iteration_ms": 8.923375129699707,
        "frame_ms": 4.940583229064941,
        "component_sum_ms": 4.940583229064941,
        "tick_ms": 0.16362500190734863,
        "dynamic_mesh_ms": 0.8377910256385803,
        "encode_ms": 0.7896249890327454,
        "admission_or_completion_ms": 3.1495420932769775
      },
      {
        "index": 71,
        "started_ms": 972.14725,
        "submitted_ms": 974.140958,
        "observed_completed_ms": 977.171791,
        "start_to_observed_completion_ms": 5.024540999999999,
        "submit_to_observed_completion_ms": 3.0308330000000296,
        "continuous_iteration_ms": 8.991707801818848,
        "frame_ms": 5.136834144592285,
        "component_sum_ms": 5.136834144592285,
        "tick_ms": 0.23566700518131256,
        "dynamic_mesh_ms": 0.8234170079231262,
        "encode_ms": 0.9328330159187317,
        "admission_or_completion_ms": 3.1449170112609863
      },
      {
        "index": 72,
        "started_ms": 981.138958,
        "submitted_ms": 986.8332909999999,
        "observed_completed_ms": 989.869416,
        "start_to_observed_completion_ms": 8.730457999999999,
        "submit_to_observed_completion_ms": 3.0361250000000837,
        "continuous_iteration_ms": 8.851707458496094,
        "frame_ms": 4.899666786193848,
        "component_sum_ms": 4.899666786193848,
        "tick_ms": 0.1983329951763153,
        "dynamic_mesh_ms": 0.816582977771759,
        "encode_ms": 0.7326250076293945,
        "admission_or_completion_ms": 3.1521260738372803
      },
      {
        "index": 73,
        "started_ms": 989.9906659999999,
        "submitted_ms": 991.7894160000001,
        "observed_completed_ms": 994.824625,
        "start_to_observed_completion_ms": 4.83395900000005,
        "submit_to_observed_completion_ms": 3.0352089999998952,
        "continuous_iteration_ms": 8.839791297912598,
        "frame_ms": 4.9449591636657715,
        "component_sum_ms": 4.9449591636657715,
        "tick_ms": 0.2065420001745224,
        "dynamic_mesh_ms": 0.802416980266571,
        "encode_ms": 0.7882080078125,
        "admission_or_completion_ms": 3.147792100906372
      },
      {
        "index": 74,
        "started_ms": 998.830458,
        "submitted_ms": 1004.8529580000001,
        "observed_completed_ms": 1007.9071660000001,
        "start_to_observed_completion_ms": 9.076708000000053,
        "submit_to_observed_completion_ms": 3.054208000000017,
        "continuous_iteration_ms": 9.213666915893555,
        "frame_ms": 5.195582866668701,
        "component_sum_ms": 5.195582866668701,
        "tick_ms": 0.29695799946784973,
        "dynamic_mesh_ms": 0.789417028427124,
        "encode_ms": 0.921875,
        "admission_or_completion_ms": 3.18733286857605
      },
      {
        "index": 75,
        "started_ms": 1008.0441250000001,
        "submitted_ms": 1009.842416,
        "observed_completed_ms": 1012.884333,
        "start_to_observed_completion_ms": 4.840207999999848,
        "submit_to_observed_completion_ms": 3.041917000000012,
        "continuous_iteration_ms": 9.21875,
        "frame_ms": 5.073749542236328,
        "component_sum_ms": 5.073749542236328,
        "tick_ms": 0.14604200422763824,
        "dynamic_mesh_ms": 0.8185409903526306,
        "encode_ms": 0.8316659927368164,
        "admission_or_completion_ms": 3.277500867843628
      },
      {
        "index": 76,
        "started_ms": 1017.2628749999999,
        "submitted_ms": 1023.2291250000001,
        "observed_completed_ms": 1026.270333,
        "start_to_observed_completion_ms": 9.007458000000042,
        "submit_to_observed_completion_ms": 3.0412079999998696,
        "continuous_iteration_ms": 9.126749992370605,
        "frame_ms": 5.072166919708252,
        "component_sum_ms": 5.072166919708252,
        "tick_ms": 0.2155419886112213,
        "dynamic_mesh_ms": 0.8576250076293945,
        "encode_ms": 0.8432919979095459,
        "admission_or_completion_ms": 3.155707836151123
      },
      {
        "index": 77,
        "started_ms": 1026.389625,
        "submitted_ms": 1028.470625,
        "observed_completed_ms": 1031.5212080000001,
        "start_to_observed_completion_ms": 5.1315830000000915,
        "submit_to_observed_completion_ms": 3.050583000000188,
        "continuous_iteration_ms": 9.330958366394043,
        "frame_ms": 5.246832847595215,
        "component_sum_ms": 5.246832847595215,
        "tick_ms": 0.2563750147819519,
        "dynamic_mesh_ms": 0.8198750019073486,
        "encode_ms": 1.0025420188903809,
        "admission_or_completion_ms": 3.1680409908294678
      },
      {
        "index": 78,
        "started_ms": 1035.720583,
        "submitted_ms": 1041.569166,
        "observed_completed_ms": 1044.606125,
        "start_to_observed_completion_ms": 8.885541999999987,
        "submit_to_observed_completion_ms": 3.0369590000000244,
        "continuous_iteration_ms": 9.004708290100098,
        "frame_ms": 4.961165904998779,
        "component_sum_ms": 4.961165904998779,
        "tick_ms": 0.1448340117931366,
        "dynamic_mesh_ms": 0.8429999947547913,
        "encode_ms": 0.8219159841537476,
        "admission_or_completion_ms": 3.151416063308716
      },
      {
        "index": 79,
        "started_ms": 1044.725291,
        "submitted_ms": 1046.637166,
        "observed_completed_ms": 1049.342041,
        "start_to_observed_completion_ms": 4.616750000000138,
        "submit_to_observed_completion_ms": 2.704875000000129,
        "continuous_iteration_ms": 8.708417892456055,
        "frame_ms": 4.730706691741943,
        "component_sum_ms": 4.730706691741943,
        "tick_ms": 0.14945800602436066,
        "dynamic_mesh_ms": 0.8300829529762268,
        "encode_ms": 0.9301249980926514,
        "admission_or_completion_ms": 2.8210408687591553
      },
      {
        "index": 80,
        "started_ms": 1053.433708,
        "submitted_ms": 1059.462375,
        "observed_completed_ms": 1062.4965,
        "start_to_observed_completion_ms": 9.062791999999945,
        "submit_to_observed_completion_ms": 3.0341249999999036,
        "continuous_iteration_ms": 9.182250022888184,
        "frame_ms": 5.242791175842285,
        "component_sum_ms": 5.242791175842285,
        "tick_ms": 0.2631250023841858,
        "dynamic_mesh_ms": 0.8101250529289246,
        "encode_ms": 1.020084023475647,
        "admission_or_completion_ms": 3.1494569778442383
      },
      {
        "index": 81,
        "started_ms": 1062.615958,
        "submitted_ms": 1064.6174159999998,
        "observed_completed_ms": 1067.437958,
        "start_to_observed_completion_ms": 4.821999999999889,
        "submit_to_observed_completion_ms": 2.8205420000001595,
        "continuous_iteration_ms": 8.591875076293945,
        "frame_ms": 4.933957099914551,
        "component_sum_ms": 4.933957099914551,
        "tick_ms": 0.29054099321365356,
        "dynamic_mesh_ms": 0.8036249876022339,
        "encode_ms": 0.904790997505188,
        "admission_or_completion_ms": 2.934999942779541
      },
      {
        "index": 82,
        "started_ms": 1071.207833,
        "submitted_ms": 1077.017208,
        "observed_completed_ms": 1079.994291,
        "start_to_observed_completion_ms": 8.786458000000039,
        "submit_to_observed_completion_ms": 2.9770829999999933,
        "continuous_iteration_ms": 8.902083396911621,
        "frame_ms": 4.933292388916016,
        "component_sum_ms": 4.933292388916016,
        "tick_ms": 0.26854100823402405,
        "dynamic_mesh_ms": 0.8239169716835022,
        "encode_ms": 0.7512919902801514,
        "admission_or_completion_ms": 3.0895421504974365
      },
      {
        "index": 83,
        "started_ms": 1080.109916,
        "submitted_ms": 1081.855416,
        "observed_completed_ms": 1084.8845000000001,
        "start_to_observed_completion_ms": 4.774584000000004,
        "submit_to_observed_completion_ms": 3.0290840000000117,
        "continuous_iteration_ms": 8.735208511352539,
        "frame_ms": 4.884832382202148,
        "component_sum_ms": 4.884832382202148,
        "tick_ms": 0.13770800828933716,
        "dynamic_mesh_ms": 0.7954579591751099,
        "encode_ms": 0.8109579682350159,
        "admission_or_completion_ms": 3.1407082080841064
      },
      {
        "index": 84,
        "started_ms": 1088.845125,
        "submitted_ms": 1094.463541,
        "observed_completed_ms": 1097.495208,
        "start_to_observed_completion_ms": 8.650082999999995,
        "submit_to_observed_completion_ms": 3.0316669999999704,
        "continuous_iteration_ms": 8.765666007995605,
        "frame_ms": 4.88729190826416,
        "component_sum_ms": 4.88729190826416,
        "tick_ms": 0.2000409960746765,
        "dynamic_mesh_ms": 0.7962919473648071,
        "encode_ms": 0.746874988079071,
        "admission_or_completion_ms": 3.1440842151641846
      },
      {
        "index": 85,
        "started_ms": 1097.6107909999998,
        "submitted_ms": 1099.257875,
        "observed_completed_ms": 1102.197833,
        "start_to_observed_completion_ms": 4.58704200000011,
        "submit_to_observed_completion_ms": 2.9399579999999332,
        "continuous_iteration_ms": 8.549500465393066,
        "frame_ms": 4.6994171142578125,
        "component_sum_ms": 4.6994171142578125,
        "tick_ms": 0.1374169886112213,
        "dynamic_mesh_ms": 0.7853749990463257,
        "encode_ms": 0.723209023475647,
        "admission_or_completion_ms": 3.0534160137176514
      },
      {
        "index": 86,
        "started_ms": 1106.160291,
        "submitted_ms": 1111.731083,
        "observed_completed_ms": 1114.757416,
        "start_to_observed_completion_ms": 8.597125000000005,
        "submit_to_observed_completion_ms": 3.0263330000000224,
        "continuous_iteration_ms": 8.711999893188477,
        "frame_ms": 4.878166198730469,
        "component_sum_ms": 4.878166198730469,
        "tick_ms": 0.25166699290275574,
        "dynamic_mesh_ms": 0.7764580249786377,
        "encode_ms": 0.7114579677581787,
        "admission_or_completion_ms": 3.138582944869995
      },
      {
        "index": 87,
        "started_ms": 1114.872291,
        "submitted_ms": 1116.510416,
        "observed_completed_ms": 1119.537875,
        "start_to_observed_completion_ms": 4.665584000000081,
        "submit_to_observed_completion_ms": 3.027458999999908,
        "continuous_iteration_ms": 8.623541831970215,
        "frame_ms": 4.7773756980896,
        "component_sum_ms": 4.7773756980896,
        "tick_ms": 0.14766700565814972,
        "dynamic_mesh_ms": 0.7747499942779541,
        "encode_ms": 0.714665949344635,
        "admission_or_completion_ms": 3.1402928829193115
      },
      {
        "index": 88,
        "started_ms": 1123.495833,
        "submitted_ms": 1129.239,
        "observed_completed_ms": 1132.294791,
        "start_to_observed_completion_ms": 8.798958000000084,
        "submit_to_observed_completion_ms": 3.0557909999999993,
        "continuous_iteration_ms": 8.919833183288574,
        "frame_ms": 5.01437520980835,
        "component_sum_ms": 5.01437520980835,
        "tick_ms": 0.14454200863838196,
        "dynamic_mesh_ms": 0.7735829949378967,
        "encode_ms": 0.924875020980835,
        "admission_or_completion_ms": 3.171375036239624
      },
      {
        "index": 89,
        "started_ms": 1132.4156659999999,
        "submitted_ms": 1134.293708,
        "observed_completed_ms": 1137.334125,
        "start_to_observed_completion_ms": 4.918459000000212,
        "submit_to_observed_completion_ms": 3.0404170000001614,
        "continuous_iteration_ms": 8.643917083740234,
        "frame_ms": 5.031416893005371,
        "component_sum_ms": 5.031416893005371,
        "tick_ms": 0.16562499105930328,
        "dynamic_mesh_ms": 0.8021669983863831,
        "encode_ms": 0.9077500104904175,
        "admission_or_completion_ms": 3.1558749675750732
      },
      {
        "index": 90,
        "started_ms": 1141.0595830000002,
        "submitted_ms": 1147.226958,
        "observed_completed_ms": 1150.258458,
        "start_to_observed_completion_ms": 9.198874999999816,
        "submit_to_observed_completion_ms": 3.031500000000051,
        "continuous_iteration_ms": 9.318792343139648,
        "frame_ms": 5.3134589195251465,
        "component_sum_ms": 5.3134589195251465,
        "tick_ms": 0.4975000023841858,
        "dynamic_mesh_ms": 0.8542090058326721,
        "encode_ms": 0.8152499794960022,
        "admission_or_completion_ms": 3.1464998722076416
      },
      {
        "index": 91,
        "started_ms": 1150.378375,
        "submitted_ms": 1152.366791,
        "observed_completed_ms": 1155.408916,
        "start_to_observed_completion_ms": 5.030541000000085,
        "submit_to_observed_completion_ms": 3.042125000000169,
        "continuous_iteration_ms": 9.179040908813477,
        "frame_ms": 5.146917343139648,
        "component_sum_ms": 5.146917343139648,
        "tick_ms": 0.39191702008247375,
        "dynamic_mesh_ms": 0.8220829963684082,
        "encode_ms": 0.7730410099029541,
        "admission_or_completion_ms": 3.1598761081695557
      },
      {
        "index": 92,
        "started_ms": 1159.5574159999999,
        "submitted_ms": 1165.340166,
        "observed_completed_ms": 1168.368166,
        "start_to_observed_completion_ms": 8.810750000000098,
        "submit_to_observed_completion_ms": 3.02800000000002,
        "continuous_iteration_ms": 8.928625106811523,
        "frame_ms": 5.014501094818115,
        "component_sum_ms": 5.014501094818115,
        "tick_ms": 0.2260420024394989,
        "dynamic_mesh_ms": 0.8641249537467957,
        "encode_ms": 0.7830000519752502,
        "admission_or_completion_ms": 3.141334056854248
      },
      {
        "index": 93,
        "started_ms": 1168.486041,
        "submitted_ms": 1170.247166,
        "observed_completed_ms": 1173.287916,
        "start_to_observed_completion_ms": 4.801875000000109,
        "submit_to_observed_completion_ms": 3.040749999999889,
        "continuous_iteration_ms": 8.387542724609375,
        "frame_ms": 4.913125991821289,
        "component_sum_ms": 4.913125991821289,
        "tick_ms": 0.18062499165534973,
        "dynamic_mesh_ms": 0.8332920074462891,
        "encode_ms": 0.745415985584259,
        "admission_or_completion_ms": 3.1537928581237793
      },
      {
        "index": 94,
        "started_ms": 1176.8735829999998,
        "submitted_ms": 1182.4030830000002,
        "observed_completed_ms": 1185.090083,
        "start_to_observed_completion_ms": 8.216500000000224,
        "submit_to_observed_completion_ms": 2.686999999999898,
        "continuous_iteration_ms": 8.332249641418457,
        "frame_ms": 4.510540962219238,
        "component_sum_ms": 4.510540962219238,
        "tick_ms": 0.19170799851417542,
        "dynamic_mesh_ms": 0.7999169826507568,
        "encode_ms": 0.7187079787254333,
        "admission_or_completion_ms": 2.8002078533172607
      },
      {
        "index": 95,
        "started_ms": 1185.205833,
        "submitted_ms": 1186.861583,
        "observed_completed_ms": 1189.893,
        "start_to_observed_completion_ms": 4.687167000000045,
        "submit_to_observed_completion_ms": 3.0314169999999194,
        "continuous_iteration_ms": 8.338916778564453,
        "frame_ms": 4.800874710083008,
        "component_sum_ms": 4.800874710083008,
        "tick_ms": 0.1731249988079071,
        "dynamic_mesh_ms": 0.7842919826507568,
        "encode_ms": 0.697583019733429,
        "admission_or_completion_ms": 3.1458749771118164
      },
      {
        "index": 96,
        "started_ms": 1193.54475,
        "submitted_ms": 1199.307375,
        "observed_completed_ms": 1202.337708,
        "start_to_observed_completion_ms": 8.792957999999999,
        "submit_to_observed_completion_ms": 3.030332999999928,
        "continuous_iteration_ms": 8.907958030700684,
        "frame_ms": 4.988751411437988,
        "component_sum_ms": 4.988751411437988,
        "tick_ms": 0.2417920082807541,
        "dynamic_mesh_ms": 0.8112919926643372,
        "encode_ms": 0.793042004108429,
        "admission_or_completion_ms": 3.142625093460083
      },
      {
        "index": 97,
        "started_ms": 1202.452708,
        "submitted_ms": 1204.1935409999999,
        "observed_completed_ms": 1207.2207079999998,
        "start_to_observed_completion_ms": 4.767999999999802,
        "submit_to_observed_completion_ms": 3.027166999999963,
        "continuous_iteration_ms": 8.71500015258789,
        "frame_ms": 4.880415916442871,
        "component_sum_ms": 4.880415916442871,
        "tick_ms": 0.23158399760723114,
        "dynamic_mesh_ms": 0.7918329834938049,
        "encode_ms": 0.7160829901695251,
        "admission_or_completion_ms": 3.140916109085083
      },
      {
        "index": 98,
        "started_ms": 1211.1677080000002,
        "submitted_ms": 1216.6676249999998,
        "observed_completed_ms": 1219.703958,
        "start_to_observed_completion_ms": 8.536249999999882,
        "submit_to_observed_completion_ms": 3.0363330000002406,
        "continuous_iteration_ms": 8.653249740600586,
        "frame_ms": 4.83975076675415,
        "component_sum_ms": 4.83975076675415,
        "tick_ms": 0.13279201090335846,
        "dynamic_mesh_ms": 0.7769579887390137,
        "encode_ms": 0.7803339958190918,
        "admission_or_completion_ms": 3.1496667861938477
      },
      {
        "index": 99,
        "started_ms": 1219.820958,
        "submitted_ms": 1221.527041,
        "observed_completed_ms": 1224.294708,
        "start_to_observed_completion_ms": 4.473749999999882,
        "submit_to_observed_completion_ms": 2.7676669999998467,
        "continuous_iteration_ms": 8.603708267211914,
        "frame_ms": 4.587958812713623,
        "component_sum_ms": 4.587958812713623,
        "tick_ms": 0.1550000011920929,
        "dynamic_mesh_ms": 0.777292013168335,
        "encode_ms": 0.7723749876022339,
        "admission_or_completion_ms": 2.8832919597625732
      },
      {
        "index": 100,
        "started_ms": 1228.424666,
        "submitted_ms": 1234.1385,
        "observed_completed_ms": 1237.166416,
        "start_to_observed_completion_ms": 8.741750000000138,
        "submit_to_observed_completion_ms": 3.0279160000000047,
        "continuous_iteration_ms": 8.858708381652832,
        "frame_ms": 4.9832916259765625,
        "component_sum_ms": 4.9832916259765625,
        "tick_ms": 0.28929197788238525,
        "dynamic_mesh_ms": 0.8166669607162476,
        "encode_ms": 0.7365000247955322,
        "admission_or_completion_ms": 3.1408329010009766
      },
      {
        "index": 101,
        "started_ms": 1237.283375,
        "submitted_ms": 1238.9985829999998,
        "observed_completed_ms": 1242.027583,
        "start_to_observed_completion_ms": 4.7442080000000715,
        "submit_to_observed_completion_ms": 3.0290000000002237,
        "continuous_iteration_ms": 8.724249839782715,
        "frame_ms": 4.85479211807251,
        "component_sum_ms": 4.85479211807251,
        "tick_ms": 0.18820799887180328,
        "dynamic_mesh_ms": 0.8023340106010437,
        "encode_ms": 0.7232080101966858,
        "admission_or_completion_ms": 3.1410422325134277
      },
      {
        "index": 102,
        "started_ms": 1246.007625,
        "submitted_ms": 1251.719833,
        "observed_completed_ms": 1254.752291,
        "start_to_observed_completion_ms": 8.744666000000052,
        "submit_to_observed_completion_ms": 3.032457999999906,
        "continuous_iteration_ms": 8.860958099365234,
        "frame_ms": 4.935375213623047,
        "component_sum_ms": 4.935375213623047,
        "tick_ms": 0.1540829986333847,
        "dynamic_mesh_ms": 0.8581669926643372,
        "encode_ms": 0.7785829901695251,
        "admission_or_completion_ms": 3.1445419788360596
      },
      {
        "index": 103,
        "started_ms": 1254.868583,
        "submitted_ms": 1256.5971249999998,
        "observed_completed_ms": 1259.644041,
        "start_to_observed_completion_ms": 4.7754580000000715,
        "submit_to_observed_completion_ms": 3.0469160000002375,
        "continuous_iteration_ms": 8.80945873260498,
        "frame_ms": 4.88870906829834,
        "component_sum_ms": 4.88870906829834,
        "tick_ms": 0.16404199600219727,
        "dynamic_mesh_ms": 0.7944169640541077,
        "encode_ms": 0.7684590220451355,
        "admission_or_completion_ms": 3.1617908477783203
      },
      {
        "index": 104,
        "started_ms": 1263.678041,
        "submitted_ms": 1269.383208,
        "observed_completed_ms": 1272.413166,
        "start_to_observed_completion_ms": 8.735125000000153,
        "submit_to_observed_completion_ms": 3.0299580000000788,
        "continuous_iteration_ms": 8.855124473571777,
        "frame_ms": 4.991583824157715,
        "component_sum_ms": 4.991583824157715,
        "tick_ms": 0.29495900869369507,
        "dynamic_mesh_ms": 0.8315839767456055,
        "encode_ms": 0.7192080020904541,
        "admission_or_completion_ms": 3.1458330154418945
      },
      {
        "index": 105,
        "started_ms": 1272.5331660000002,
        "submitted_ms": 1274.3726660000002,
        "observed_completed_ms": 1277.4057910000001,
        "start_to_observed_completion_ms": 4.872624999999971,
        "submit_to_observed_completion_ms": 3.0331249999999272,
        "continuous_iteration_ms": 8.50633430480957,
        "frame_ms": 4.987208843231201,
        "component_sum_ms": 4.987208843231201,
        "tick_ms": 0.2626670002937317,
        "dynamic_mesh_ms": 0.8154579997062683,
        "encode_ms": 0.7601659893989563,
        "admission_or_completion_ms": 3.1489179134368896
      },
      {
        "index": 106,
        "started_ms": 1281.0394999999999,
        "submitted_ms": 1286.560875,
        "observed_completed_ms": 1290.774208,
        "start_to_observed_completion_ms": 9.734708000000182,
        "submit_to_observed_completion_ms": 4.213333000000148,
        "continuous_iteration_ms": 9.853333473205566,
        "frame_ms": 6.025249004364014,
        "component_sum_ms": 6.025249004364014,
        "tick_ms": 0.171875,
        "dynamic_mesh_ms": 0.8036659955978394,
        "encode_ms": 0.7217919826507568,
        "admission_or_completion_ms": 4.327916145324707
      },
      {
        "index": 107,
        "started_ms": 1290.892833,
        "submitted_ms": 1292.766625,
        "observed_completed_ms": 1297.3038749999998,
        "start_to_observed_completion_ms": 6.411041999999725,
        "submit_to_observed_completion_ms": 4.537249999999858,
        "continuous_iteration_ms": 10.441207885742188,
        "frame_ms": 6.523959159851074,
        "component_sum_ms": 6.523959159851074,
        "tick_ms": 0.27991700172424316,
        "dynamic_mesh_ms": 0.7916659712791443,
        "encode_ms": 0.8007090091705322,
        "admission_or_completion_ms": 4.65166711807251
      },
      {
        "index": 108,
        "started_ms": 1301.334041,
        "submitted_ms": 1306.6458750000002,
        "observed_completed_ms": 1309.6876659999998,
        "start_to_observed_completion_ms": 8.353624999999738,
        "submit_to_observed_completion_ms": 3.041790999999648,
        "continuous_iteration_ms": 8.472833633422852,
        "frame_ms": 4.840250015258789,
        "component_sum_ms": 4.840250015258789,
        "tick_ms": 0.14058299362659454,
        "dynamic_mesh_ms": 0.7947499752044678,
        "encode_ms": 0.7488340139389038,
        "admission_or_completion_ms": 3.15608286857605
      },
      {
        "index": 109,
        "started_ms": 1309.806875,
        "submitted_ms": 1311.640625,
        "observed_completed_ms": 1315.9368329999998,
        "start_to_observed_completion_ms": 6.12995799999976,
        "submit_to_observed_completion_ms": 4.296207999999751,
        "continuous_iteration_ms": 10.15816593170166,
        "frame_ms": 6.241583824157715,
        "component_sum_ms": 6.241583824157715,
        "tick_ms": 0.20724999904632568,
        "dynamic_mesh_ms": 0.8447089791297913,
        "encode_ms": 0.7800420522689819,
        "admission_or_completion_ms": 4.409582614898682
      },
      {
        "index": 110,
        "started_ms": 1319.9650410000002,
        "submitted_ms": 1325.565291,
        "observed_completed_ms": 1328.596708,
        "start_to_observed_completion_ms": 8.63166699999988,
        "submit_to_observed_completion_ms": 3.031417000000147,
        "continuous_iteration_ms": 8.748791694641113,
        "frame_ms": 4.900793075561523,
        "component_sum_ms": 4.900793075561523,
        "tick_ms": 0.18662498891353607,
        "dynamic_mesh_ms": 0.7839999794960022,
        "encode_ms": 0.7857499718666077,
        "admission_or_completion_ms": 3.1444180011749268
      },
      {
        "index": 111,
        "started_ms": 1328.713833,
        "submitted_ms": 1330.4136660000001,
        "observed_completed_ms": 1333.443833,
        "start_to_observed_completion_ms": 4.730000000000018,
        "submit_to_observed_completion_ms": 3.030166999999892,
        "continuous_iteration_ms": 8.696749687194824,
        "frame_ms": 4.841124057769775,
        "component_sum_ms": 4.841124057769775,
        "tick_ms": 0.14408299326896667,
        "dynamic_mesh_ms": 0.7978330254554749,
        "encode_ms": 0.7565000057220459,
        "admission_or_completion_ms": 3.1427080631256104
      },
      {
        "index": 112,
        "started_ms": 1337.410583,
        "submitted_ms": 1343.007,
        "observed_completed_ms": 1346.035291,
        "start_to_observed_completion_ms": 8.624707999999828,
        "submit_to_observed_completion_ms": 3.0282909999998537,
        "continuous_iteration_ms": 8.739624977111816,
        "frame_ms": 4.893501281738281,
        "component_sum_ms": 4.893501281738281,
        "tick_ms": 0.2291249930858612,
        "dynamic_mesh_ms": 0.78233402967453,
        "encode_ms": 0.7420840263366699,
        "admission_or_completion_ms": 3.139958143234253
      },
      {
        "index": 113,
        "started_ms": 1346.150208,
        "submitted_ms": 1347.882,
        "observed_completed_ms": 1350.821541,
        "start_to_observed_completion_ms": 4.671333000000004,
        "submit_to_observed_completion_ms": 2.939540999999963,
        "continuous_iteration_ms": 8.666625022888184,
        "frame_ms": 4.785375118255615,
        "component_sum_ms": 4.785375118255615,
        "tick_ms": 0.2071250081062317,
        "dynamic_mesh_ms": 0.7910829782485962,
        "encode_ms": 0.7326669692993164,
        "admission_or_completion_ms": 3.054500102996826
      },
      {
        "index": 114,
        "started_ms": 1354.816833,
        "submitted_ms": 1359.923833,
        "observed_completed_ms": 1362.965708,
        "start_to_observed_completion_ms": 8.148874999999862,
        "submit_to_observed_completion_ms": 3.041874999999891,
        "continuous_iteration_ms": 8.269083023071289,
        "frame_ms": 4.912541389465332,
        "component_sum_ms": 4.912541389465332,
        "tick_ms": 0.17329201102256775,
        "dynamic_mesh_ms": 0.7789580225944519,
        "encode_ms": 0.8034579753875732,
        "admission_or_completion_ms": 3.1568331718444824
      },
      {
        "index": 115,
        "started_ms": 1363.085916,
        "submitted_ms": 1365.248916,
        "observed_completed_ms": 1368.302541,
        "start_to_observed_completion_ms": 5.216625000000022,
        "submit_to_observed_completion_ms": 3.053625000000011,
        "continuous_iteration_ms": 9.298791885375977,
        "frame_ms": 5.3298749923706055,
        "component_sum_ms": 5.3298749923706055,
        "tick_ms": 0.3486250042915344,
        "dynamic_mesh_ms": 0.8485829830169678,
        "encode_ms": 0.9634159803390503,
        "admission_or_completion_ms": 3.169250965118408
      },
      {
        "index": 116,
        "started_ms": 1372.384708,
        "submitted_ms": 1378.232708,
        "observed_completed_ms": 1382.789458,
        "start_to_observed_completion_ms": 10.404749999999922,
        "submit_to_observed_completion_ms": 4.556749999999965,
        "continuous_iteration_ms": 10.528207778930664,
        "frame_ms": 6.480625152587891,
        "component_sum_ms": 6.480625152587891,
        "tick_ms": 0.13804200291633606,
        "dynamic_mesh_ms": 0.8422079682350159,
        "encode_ms": 0.8249170184135437,
        "admission_or_completion_ms": 4.6754584312438965
      },
      {
        "index": 117,
        "started_ms": 1382.912916,
        "submitted_ms": 1384.800291,
        "observed_completed_ms": 1389.2399580000001,
        "start_to_observed_completion_ms": 6.3270420000001195,
        "submit_to_observed_completion_ms": 4.4396670000000995,
        "continuous_iteration_ms": 10.140583992004395,
        "frame_ms": 6.438833236694336,
        "component_sum_ms": 6.438833236694336,
        "tick_ms": 0.1465420126914978,
        "dynamic_mesh_ms": 0.8003749847412109,
        "encode_ms": 0.9382080435752869,
        "admission_or_completion_ms": 4.553708076477051
      },
      {
        "index": 118,
        "started_ms": 1393.0535,
        "submitted_ms": 1400.073166,
        "observed_completed_ms": 1404.040333,
        "start_to_observed_completion_ms": 10.986832999999933,
        "submit_to_observed_completion_ms": 3.9671670000000177,
        "continuous_iteration_ms": 11.105500221252441,
        "frame_ms": 5.956501007080078,
        "component_sum_ms": 5.956501007080078,
        "tick_ms": 0.21929199993610382,
        "dynamic_mesh_ms": 0.8245840072631836,
        "encode_ms": 0.831250011920929,
        "admission_or_completion_ms": 4.0813751220703125
      },
      {
        "index": 119,
        "started_ms": 1404.1589999999999,
        "submitted_ms": 1406.044333,
        "observed_completed_ms": 1408.600083,
        "start_to_observed_completion_ms": 4.441083000000162,
        "submit_to_observed_completion_ms": 2.555749999999989,
        "continuous_iteration_ms": 8.444832801818848,
        "frame_ms": 4.552582740783691,
        "component_sum_ms": 4.552582740783691,
        "tick_ms": 0.209416002035141,
        "dynamic_mesh_ms": 0.7954579591751099,
        "encode_ms": 0.8781669735908508,
        "admission_or_completion_ms": 2.669542074203491
      },
      {
        "index": 120,
        "started_ms": 1412.603833,
        "submitted_ms": 1417.919416,
        "observed_completed_ms": 1420.951958,
        "start_to_observed_completion_ms": 8.34812500000021,
        "submit_to_observed_completion_ms": 3.0325420000001486,
        "continuous_iteration_ms": 1499.68115234375,
        "frame_ms": 4.951582908630371,
        "component_sum_ms": 4.951582908630371,
        "tick_ms": 0.16824999451637268,
        "dynamic_mesh_ms": 0.8484169840812683,
        "encode_ms": 0.7850410342216492,
        "admission_or_completion_ms": 3.1498749256134033
      },
      {
        "index": 121,
        "started_ms": 2912.2849579999997,
        "submitted_ms": 2914.9117909999995,
        "observed_completed_ms": 2928.079666,
        "start_to_observed_completion_ms": 15.794708000000355,
        "submit_to_observed_completion_ms": 13.16787500000055,
        "continuous_iteration_ms": 757.737548828125,
        "frame_ms": 15.916208267211914,
        "component_sum_ms": 15.916208267211914,
        "tick_ms": 0.1910410076379776,
        "dynamic_mesh_ms": 0.9062920212745667,
        "encode_ms": 1.5198750495910645,
        "admission_or_completion_ms": 13.29900074005127
      },
      {
        "index": 122,
        "started_ms": 3670.022583,
        "submitted_ms": 3679.571458,
        "observed_completed_ms": 3685.6797079999997,
        "start_to_observed_completion_ms": 15.657124999999724,
        "submit_to_observed_completion_ms": 6.108249999999771,
        "continuous_iteration_ms": 741.9216918945312,
        "frame_ms": 8.699084281921387,
        "component_sum_ms": 8.699084281921387,
        "tick_ms": 0.3865000009536743,
        "dynamic_mesh_ms": 0.8957499861717224,
        "encode_ms": 1.1851249933242798,
        "admission_or_completion_ms": 6.2317094802856445
      },
      {
        "index": 123,
        "started_ms": 4411.9442500000005,
        "submitted_ms": 4414.149041,
        "observed_completed_ms": 4421.750666,
        "start_to_observed_completion_ms": 9.806415999999444,
        "submit_to_observed_completion_ms": 7.60162500000024,
        "continuous_iteration_ms": 733.5830688476562,
        "frame_ms": 10.01270866394043,
        "component_sum_ms": 10.01270866394043,
        "tick_ms": 0.18558301031589508,
        "dynamic_mesh_ms": 0.8628750443458557,
        "encode_ms": 1.1468329429626465,
        "admission_or_completion_ms": 7.817417144775391
      },
      {
        "index": 124,
        "started_ms": 5145.527375000001,
        "submitted_ms": 5154.931333,
        "observed_completed_ms": 5163.561333,
        "start_to_observed_completion_ms": 18.033957999999075,
        "submit_to_observed_completion_ms": 8.6299999999992,
        "continuous_iteration_ms": 742.65576171875,
        "frame_ms": 10.829833984375,
        "component_sum_ms": 10.829833984375,
        "tick_ms": 0.19054201245307922,
        "dynamic_mesh_ms": 0.8561250567436218,
        "encode_ms": 1.0287920236587524,
        "admission_or_completion_ms": 8.754374504089355
      },
      {
        "index": 125,
        "started_ms": 5888.1831250000005,
        "submitted_ms": 5890.467708,
        "observed_completed_ms": 5899.559208000001,
        "start_to_observed_completion_ms": 11.376083000000108,
        "submit_to_observed_completion_ms": 9.091500000000451,
        "continuous_iteration_ms": 746.772705078125,
        "frame_ms": 11.493000030517578,
        "component_sum_ms": 11.493000030517578,
        "tick_ms": 0.1904589980840683,
        "dynamic_mesh_ms": 0.8636659979820251,
        "encode_ms": 1.2228749990463257,
        "admission_or_completion_ms": 9.215999603271484
      },
      {
        "index": 126,
        "started_ms": 6634.955833,
        "submitted_ms": 6644.197875,
        "observed_completed_ms": 6651.756833,
        "start_to_observed_completion_ms": 16.801000000000386,
        "submit_to_observed_completion_ms": 7.55895800000053,
        "continuous_iteration_ms": 736.0305786132812,
        "frame_ms": 9.656874656677246,
        "component_sum_ms": 9.656874656677246,
        "tick_ms": 0.17949999868869781,
        "dynamic_mesh_ms": 0.8607079982757568,
        "encode_ms": 0.9426249861717224,
        "admission_or_completion_ms": 7.674041748046875
      },
      {
        "index": 127,
        "started_ms": 7370.986416,
        "submitted_ms": 7373.29525,
        "observed_completed_ms": 7380.919583,
        "start_to_observed_completion_ms": 9.93316700000014,
        "submit_to_observed_completion_ms": 7.624332999999751,
        "continuous_iteration_ms": 736.7861328125,
        "frame_ms": 10.071083068847656,
        "component_sum_ms": 10.071083068847656,
        "tick_ms": 0.19437499344348907,
        "dynamic_mesh_ms": 0.8712090253829956,
        "encode_ms": 1.2358750104904175,
        "admission_or_completion_ms": 7.76962423324585
      },
      {
        "index": 128,
        "started_ms": 8107.772540999999,
        "submitted_ms": 8117.206375000001,
        "observed_completed_ms": 8126.284083,
        "start_to_observed_completion_ms": 18.51154200000019,
        "submit_to_observed_completion_ms": 9.077707999998893,
        "continuous_iteration_ms": 753.18017578125,
        "frame_ms": 11.373958587646484,
        "component_sum_ms": 11.373958587646484,
        "tick_ms": 0.18766699731349945,
        "dynamic_mesh_ms": 0.9033340215682983,
        "encode_ms": 1.0444999933242798,
        "admission_or_completion_ms": 9.238457679748535
      },
      {
        "index": 129,
        "started_ms": 8860.952749999999,
        "submitted_ms": 8863.135166,
        "observed_completed_ms": 8870.432416,
        "start_to_observed_completion_ms": 9.479666000001089,
        "submit_to_observed_completion_ms": 7.297249999999622,
        "continuous_iteration_ms": 746.349365234375,
        "frame_ms": 9.594749450683594,
        "component_sum_ms": 9.594749450683594,
        "tick_ms": 0.19270800054073334,
        "dynamic_mesh_ms": 0.8637920022010803,
        "encode_ms": 1.119083046913147,
        "admission_or_completion_ms": 7.419166088104248
      },
      {
        "index": 130,
        "started_ms": 9607.302125,
        "submitted_ms": 9616.567625,
        "observed_completed_ms": 9624.142708000001,
        "start_to_observed_completion_ms": 16.84058300000106,
        "submit_to_observed_completion_ms": 7.575083000001541,
        "continuous_iteration_ms": 755.9827270507812,
        "frame_ms": 9.67770767211914,
        "component_sum_ms": 9.67770767211914,
        "tick_ms": 0.1909160017967224,
        "dynamic_mesh_ms": 0.862125039100647,
        "encode_ms": 0.9339169859886169,
        "admission_or_completion_ms": 7.6907501220703125
      },
      {
        "index": 131,
        "started_ms": 10363.284875,
        "submitted_ms": 10365.544915999999,
        "observed_completed_ms": 10372.909625,
        "start_to_observed_completion_ms": 9.624750000000859,
        "submit_to_observed_completion_ms": 7.364709000001312,
        "continuous_iteration_ms": 744.2164306640625,
        "frame_ms": 9.743917465209961,
        "component_sum_ms": 9.743917465209961,
        "tick_ms": 0.1871669888496399,
        "dynamic_mesh_ms": 0.8712090253829956,
        "encode_ms": 1.1931660175323486,
        "admission_or_completion_ms": 7.492375373840332
      },
      {
        "index": 132,
        "started_ms": 11107.501291,
        "submitted_ms": 11116.642458,
        "observed_completed_ms": 11124.209,
        "start_to_observed_completion_ms": 16.70770900000025,
        "submit_to_observed_completion_ms": 7.5665420000004815,
        "continuous_iteration_ms": 741.544677734375,
        "frame_ms": 9.565332412719727,
        "component_sum_ms": 9.565332412719727,
        "tick_ms": 0.18975000083446503,
        "dynamic_mesh_ms": 0.8617910146713257,
        "encode_ms": 0.8301250338554382,
        "admission_or_completion_ms": 7.683666706085205
      },
      {
        "index": 133,
        "started_ms": 11849.045916,
        "submitted_ms": 11851.207583000001,
        "observed_completed_ms": 11860.295916000001,
        "start_to_observed_completion_ms": 11.250000000001819,
        "submit_to_observed_completion_ms": 9.088332999999693,
        "continuous_iteration_ms": 742.12841796875,
        "frame_ms": 11.365250587463379,
        "component_sum_ms": 11.365250587463379,
        "tick_ms": 0.19162499904632568,
        "dynamic_mesh_ms": 0.8631669878959656,
        "encode_ms": 1.0995420217514038,
        "admission_or_completion_ms": 9.210916519165039
      },
      {
        "index": 134,
        "started_ms": 12591.174374999999,
        "submitted_ms": 12602.107415999999,
        "observed_completed_ms": 12609.687375,
        "start_to_observed_completion_ms": 18.51300000000083,
        "submit_to_observed_completion_ms": 7.579959000000599,
        "continuous_iteration_ms": 743.9575805664062,
        "frame_ms": 9.830249786376953,
        "component_sum_ms": 9.830249786376953,
        "tick_ms": 0.1949160099029541,
        "dynamic_mesh_ms": 0.8627080321311951,
        "encode_ms": 1.0758329629898071,
        "admission_or_completion_ms": 7.696792125701904
      },
      {
        "index": 135,
        "started_ms": 13335.131958,
        "submitted_ms": 13337.597166,
        "observed_completed_ms": 13345.158375,
        "start_to_observed_completion_ms": 10.026417000000947,
        "submit_to_observed_completion_ms": 7.561209000001327,
        "continuous_iteration_ms": 745.193115234375,
        "frame_ms": 10.139833450317383,
        "component_sum_ms": 10.139833450317383,
        "tick_ms": 0.4980419874191284,
        "dynamic_mesh_ms": 0.8604159951210022,
        "encode_ms": 1.0994999408721924,
        "admission_or_completion_ms": 7.681875228881836
      },
      {
        "index": 136,
        "started_ms": 14080.325125,
        "submitted_ms": 14089.791708,
        "observed_completed_ms": 14097.352833,
        "start_to_observed_completion_ms": 17.02770800000144,
        "submit_to_observed_completion_ms": 7.561125000000175,
        "continuous_iteration_ms": 17.150917053222656,
        "frame_ms": 9.923832893371582,
        "component_sum_ms": 9.923832893371582,
        "tick_ms": 0.5023329854011536,
        "dynamic_mesh_ms": 0.8680840134620667,
        "encode_ms": 0.8765829801559448,
        "admission_or_completion_ms": 7.676832675933838
      },
      {
        "index": 137,
        "started_ms": 14097.476041,
        "submitted_ms": 14099.683833000001,
        "observed_completed_ms": 14107.231625,
        "start_to_observed_completion_ms": 9.755584000000454,
        "submit_to_observed_completion_ms": 7.54779199999939,
        "continuous_iteration_ms": 13.819916725158691,
        "frame_ms": 9.868375778198242,
        "component_sum_ms": 9.868375778198242,
        "tick_ms": 0.3719170093536377,
        "dynamic_mesh_ms": 0.8569999933242798,
        "encode_ms": 0.9764170050621033,
        "admission_or_completion_ms": 7.663042068481445
      },
      {
        "index": 138,
        "started_ms": 14111.295957999999,
        "submitted_ms": 14116.631791,
        "observed_completed_ms": 14119.665665999999,
        "start_to_observed_completion_ms": 8.369708000000173,
        "submit_to_observed_completion_ms": 3.0338749999991705,
        "continuous_iteration_ms": 8.486166954040527,
        "frame_ms": 4.998166084289551,
        "component_sum_ms": 4.998166084289551,
        "tick_ms": 0.2540000081062317,
        "dynamic_mesh_ms": 0.824874997138977,
        "encode_ms": 0.7733330130577087,
        "admission_or_completion_ms": 3.1459579467773438
      },
      {
        "index": 139,
        "started_ms": 14119.782125,
        "submitted_ms": 14121.583416,
        "observed_completed_ms": 14124.195500000002,
        "start_to_observed_completion_ms": 4.413375000001906,
        "submit_to_observed_completion_ms": 2.6120840000021417,
        "continuous_iteration_ms": 7.183582782745361,
        "frame_ms": 4.527251243591309,
        "component_sum_ms": 4.527251243591309,
        "tick_ms": 0.21983399987220764,
        "dynamic_mesh_ms": 0.8130000233650208,
        "encode_ms": 0.7673749923706055,
        "admission_or_completion_ms": 2.7270419597625732
      },
      {
        "index": 140,
        "started_ms": 14126.965708,
        "submitted_ms": 14132.545625,
        "observed_completed_ms": 14135.579375000001,
        "start_to_observed_completion_ms": 8.613667000001442,
        "submit_to_observed_completion_ms": 3.0337500000005093,
        "continuous_iteration_ms": 8.733208656311035,
        "frame_ms": 5.023083209991455,
        "component_sum_ms": 5.023083209991455,
        "tick_ms": 0.26158300042152405,
        "dynamic_mesh_ms": 0.8049589991569519,
        "encode_ms": 0.8091250061988831,
        "admission_or_completion_ms": 3.147416114807129
      },
      {
        "index": 141,
        "started_ms": 14135.698916000001,
        "submitted_ms": 14137.5505,
        "observed_completed_ms": 14140.585165999999,
        "start_to_observed_completion_ms": 4.8862499999977445,
        "submit_to_observed_completion_ms": 3.034665999999561,
        "continuous_iteration_ms": 8.880416870117188,
        "frame_ms": 4.996708869934082,
        "component_sum_ms": 4.996708869934082,
        "tick_ms": 0.26508399844169617,
        "dynamic_mesh_ms": 0.8510000109672546,
        "encode_ms": 0.7334169745445251,
        "admission_or_completion_ms": 3.1472079753875732
      },
      {
        "index": 142,
        "started_ms": 14144.579333,
        "submitted_ms": 14150.099791,
        "observed_completed_ms": 14152.732,
        "start_to_observed_completion_ms": 8.152667000000292,
        "submit_to_observed_completion_ms": 2.6322089999994205,
        "continuous_iteration_ms": 8.272541999816895,
        "frame_ms": 4.534791946411133,
        "component_sum_ms": 4.534791946411133,
        "tick_ms": 0.15462499856948853,
        "dynamic_mesh_ms": 0.7863750457763672,
        "encode_ms": 0.846625030040741,
        "admission_or_completion_ms": 2.7471671104431152
      },
      {
        "index": 143,
        "started_ms": 14152.851875,
        "submitted_ms": 14154.651375,
        "observed_completed_ms": 14157.686625,
        "start_to_observed_completion_ms": 4.8347499999999854,
        "submit_to_observed_completion_ms": 3.035250000000815,
        "continuous_iteration_ms": 8.856207847595215,
        "frame_ms": 4.9473748207092285,
        "component_sum_ms": 4.9473748207092285,
        "tick_ms": 0.15937501192092896,
        "dynamic_mesh_ms": 0.8317919969558716,
        "encode_ms": 0.8067499995231628,
        "admission_or_completion_ms": 3.1494579315185547
      },
      {
        "index": 144,
        "started_ms": 14161.708083000001,
        "submitted_ms": 14167.273333000001,
        "observed_completed_ms": 14170.300791000001,
        "start_to_observed_completion_ms": 8.59270800000013,
        "submit_to_observed_completion_ms": 3.027458000000479,
        "continuous_iteration_ms": 8.708749771118164,
        "frame_ms": 4.843833923339844,
        "component_sum_ms": 4.843833923339844,
        "tick_ms": 0.15108399093151093,
        "dynamic_mesh_ms": 0.8069170117378235,
        "encode_ms": 0.7459999918937683,
        "admission_or_completion_ms": 3.1398329734802246
      },
      {
        "index": 145,
        "started_ms": 14170.416833000001,
        "submitted_ms": 14172.058291000001,
        "observed_completed_ms": 14174.835916,
        "start_to_observed_completion_ms": 4.419082999998864,
        "submit_to_observed_completion_ms": 2.7776249999988067,
        "continuous_iteration_ms": 6.875458240509033,
        "frame_ms": 4.529791831970215,
        "component_sum_ms": 4.529791831970215,
        "tick_ms": 0.12737499177455902,
        "dynamic_mesh_ms": 0.7930830121040344,
        "encode_ms": 0.7197499871253967,
        "admission_or_completion_ms": 2.8895840644836426
      },
      {
        "index": 146,
        "started_ms": 14177.292291,
        "submitted_ms": 14182.950165999999,
        "observed_completed_ms": 14185.986291000001,
        "start_to_observed_completion_ms": 8.694000000001324,
        "submit_to_observed_completion_ms": 3.0361250000023574,
        "continuous_iteration_ms": 8.814709663391113,
        "frame_ms": 4.981249809265137,
        "component_sum_ms": 4.981249809265137,
        "tick_ms": 0.12629199028015137,
        "dynamic_mesh_ms": 0.7835839986801147,
        "encode_ms": 0.9197909832000732,
        "admission_or_completion_ms": 3.151582956314087
      },
      {
        "index": 147,
        "started_ms": 14186.107,
        "submitted_ms": 14187.931333,
        "observed_completed_ms": 14190.772333,
        "start_to_observed_completion_ms": 4.665333000000828,
        "submit_to_observed_completion_ms": 2.8410000000003492,
        "continuous_iteration_ms": 7.267457962036133,
        "frame_ms": 4.779375076293945,
        "component_sum_ms": 4.779375076293945,
        "tick_ms": 0.14512500166893005,
        "dynamic_mesh_ms": 0.8591659665107727,
        "encode_ms": 0.8182920217514038,
        "admission_or_completion_ms": 2.956791877746582
      },
      {
        "index": 148,
        "started_ms": 14193.374457999998,
        "submitted_ms": 14197.638832999999,
        "observed_completed_ms": 14200.669124999999,
        "start_to_observed_completion_ms": 7.294667000000118,
        "submit_to_observed_completion_ms": 3.030291999999463,
        "continuous_iteration_ms": 7.412875175476074,
        "frame_ms": 4.988251209259033,
        "component_sum_ms": 4.988251209259033,
        "tick_ms": 0.13154199719429016,
        "dynamic_mesh_ms": 0.786208987236023,
        "encode_ms": 0.9255419969558716,
        "admission_or_completion_ms": 3.144958257675171
      },
      {
        "index": 149,
        "started_ms": 14200.787332999998,
        "submitted_ms": 14202.444166,
        "observed_completed_ms": 14205.481125,
        "start_to_observed_completion_ms": 4.693792000001849,
        "submit_to_observed_completion_ms": 3.036959000000934,
        "continuous_iteration_ms": 8.75374984741211,
        "frame_ms": 4.806918144226074,
        "component_sum_ms": 4.806918144226074,
        "tick_ms": 0.1267089992761612,
        "dynamic_mesh_ms": 0.7844589948654175,
        "encode_ms": 0.7440410256385803,
        "admission_or_completion_ms": 3.1517090797424316
      },
      {
        "index": 150,
        "started_ms": 14209.541083,
        "submitted_ms": 14215.219416,
        "observed_completed_ms": 14218.250458,
        "start_to_observed_completion_ms": 8.709375000000364,
        "submit_to_observed_completion_ms": 3.031042000000525,
        "continuous_iteration_ms": 8.827207565307617,
        "frame_ms": 4.936290740966797,
        "component_sum_ms": 4.936290740966797,
        "tick_ms": 0.1384579986333847,
        "dynamic_mesh_ms": 0.859000027179718,
        "encode_ms": 0.7942080497741699,
        "admission_or_completion_ms": 3.144624948501587
      },
      {
        "index": 151,
        "started_ms": 14218.368291,
        "submitted_ms": 14220.116791,
        "observed_completed_ms": 14223.150375,
        "start_to_observed_completion_ms": 4.7820839999985765,
        "submit_to_observed_completion_ms": 3.033583999998882,
        "continuous_iteration_ms": 8.443541526794434,
        "frame_ms": 4.8932085037231445,
        "component_sum_ms": 4.8932085037231445,
        "tick_ms": 0.13712500035762787,
        "dynamic_mesh_ms": 0.8497909903526306,
        "encode_ms": 0.7600000500679016,
        "admission_or_completion_ms": 3.146292209625244
      },
      {
        "index": 152,
        "started_ms": 14226.811833,
        "submitted_ms": 14232.3775,
        "observed_completed_ms": 14235.407000000001,
        "start_to_observed_completion_ms": 8.595167000001311,
        "submit_to_observed_completion_ms": 3.029500000000553,
        "continuous_iteration_ms": 8.714208602905273,
        "frame_ms": 4.872582912445068,
        "component_sum_ms": 4.872582912445068,
        "tick_ms": 0.12429199367761612,
        "dynamic_mesh_ms": 0.7915419936180115,
        "encode_ms": 0.8130419850349426,
        "admission_or_completion_ms": 3.143706798553467
      },
      {
        "index": 153,
        "started_ms": 14235.526041,
        "submitted_ms": 14237.291625,
        "observed_completed_ms": 14240.327291,
        "start_to_observed_completion_ms": 4.801250000000437,
        "submit_to_observed_completion_ms": 3.0356659999997646,
        "continuous_iteration_ms": 8.786084175109863,
        "frame_ms": 4.9132080078125,
        "component_sum_ms": 4.9132080078125,
        "tick_ms": 0.13404199481010437,
        "dynamic_mesh_ms": 0.8361659646034241,
        "encode_ms": 0.7938750386238098,
        "admission_or_completion_ms": 3.149125099182129
      },
      {
        "index": 154,
        "started_ms": 14244.312125,
        "submitted_ms": 14249.836666000001,
        "observed_completed_ms": 14253.726166,
        "start_to_observed_completion_ms": 9.414040999999997,
        "submit_to_observed_completion_ms": 3.889499999999316,
        "continuous_iteration_ms": 9.53329086303711,
        "frame_ms": 5.68245792388916,
        "component_sum_ms": 5.68245792388916,
        "tick_ms": 0.12845800817012787,
        "dynamic_mesh_ms": 0.8088330030441284,
        "encode_ms": 0.7406250238418579,
        "admission_or_completion_ms": 4.004541873931885
      },
      {
        "index": 155,
        "started_ms": 14253.845416,
        "submitted_ms": 14255.585583,
        "observed_completed_ms": 14258.622791,
        "start_to_observed_completion_ms": 4.777374999999665,
        "submit_to_observed_completion_ms": 3.037207999999737,
        "continuous_iteration_ms": 7.3184590339660645,
        "frame_ms": 4.890833854675293,
        "component_sum_ms": 4.890833854675293,
        "tick_ms": 0.1321669965982437,
        "dynamic_mesh_ms": 0.8227919936180115,
        "encode_ms": 0.7838329672813416,
        "admission_or_completion_ms": 3.1520419120788574
      },
      {
        "index": 156,
        "started_ms": 14261.163875,
        "submitted_ms": 14265.174165999999,
        "observed_completed_ms": 14268.202708,
        "start_to_observed_completion_ms": 7.038833000000523,
        "submit_to_observed_completion_ms": 3.028542000001835,
        "continuous_iteration_ms": 7.155125141143799,
        "frame_ms": 4.80049991607666,
        "component_sum_ms": 4.80049991607666,
        "tick_ms": 0.13112498819828033,
        "dynamic_mesh_ms": 0.7911249995231628,
        "encode_ms": 0.7368749976158142,
        "admission_or_completion_ms": 3.1413750648498535
      },
      {
        "index": 157,
        "started_ms": 14268.319,
        "submitted_ms": 14269.942458,
        "observed_completed_ms": 14272.975416,
        "start_to_observed_completion_ms": 4.656415999999808,
        "submit_to_observed_completion_ms": 3.0329579999997804,
        "continuous_iteration_ms": 8.61170768737793,
        "frame_ms": 4.767416954040527,
        "component_sum_ms": 4.767416954040527,
        "tick_ms": 0.12516699731349945,
        "dynamic_mesh_ms": 0.7873330116271973,
        "encode_ms": 0.7095829844474792,
        "admission_or_completion_ms": 3.145334243774414
      },
      {
        "index": 158,
        "started_ms": 14276.930708,
        "submitted_ms": 14282.559583,
        "observed_completed_ms": 14285.589625,
        "start_to_observed_completion_ms": 8.658917000000656,
        "submit_to_observed_completion_ms": 3.0300420000003214,
        "continuous_iteration_ms": 8.77733325958252,
        "frame_ms": 4.9201250076293945,
        "component_sum_ms": 4.9201250076293945,
        "tick_ms": 0.12524999678134918,
        "dynamic_mesh_ms": 0.7962499856948853,
        "encode_ms": 0.8557500243186951,
        "admission_or_completion_ms": 3.1428749561309814
      },
      {
        "index": 159,
        "started_ms": 14285.708041,
        "submitted_ms": 14287.499,
        "observed_completed_ms": 14290.538416000001,
        "start_to_observed_completion_ms": 4.830375000001368,
        "submit_to_observed_completion_ms": 3.039416000001438,
        "continuous_iteration_ms": 8.938583374023438,
        "frame_ms": 4.942081928253174,
        "component_sum_ms": 4.942081928253174,
        "tick_ms": 0.14658300578594208,
        "dynamic_mesh_ms": 0.8605409860610962,
        "encode_ms": 0.7823749780654907,
        "admission_or_completion_ms": 3.152582883834839
      },
      {
        "index": 160,
        "started_ms": 14294.646625000001,
        "submitted_ms": 14300.206041,
        "observed_completed_ms": 14303.235875,
        "start_to_observed_completion_ms": 8.589249999999083,
        "submit_to_observed_completion_ms": 3.0298340000008466,
        "continuous_iteration_ms": 8.705290794372559,
        "frame_ms": 4.8092498779296875,
        "component_sum_ms": 4.8092498779296875,
        "tick_ms": 0.1288750022649765,
        "dynamic_mesh_ms": 0.7889170050621033,
        "encode_ms": 0.749040961265564,
        "admission_or_completion_ms": 3.1424169540405273
      },
      {
        "index": 161,
        "started_ms": 14303.351916,
        "submitted_ms": 14304.983708,
        "observed_completed_ms": 14307.519375,
        "start_to_observed_completion_ms": 4.167459000000235,
        "submit_to_observed_completion_ms": 2.535667000000103,
        "continuous_iteration_ms": 8.151208877563477,
        "frame_ms": 4.280041217803955,
        "component_sum_ms": 4.280041217803955,
        "tick_ms": 0.1260410100221634,
        "dynamic_mesh_ms": 0.7859580516815186,
        "encode_ms": 0.7187920212745667,
        "admission_or_completion_ms": 2.649250030517578
      },
      {
        "index": 162,
        "started_ms": 14311.503125,
        "submitted_ms": 14316.791125,
        "observed_completed_ms": 14319.228041,
        "start_to_observed_completion_ms": 7.724916000001031,
        "submit_to_observed_completion_ms": 2.436916000000565,
        "continuous_iteration_ms": 7.841207981109619,
        "frame_ms": 4.264334201812744,
        "component_sum_ms": 4.264334201812744,
        "tick_ms": 0.12441699951887131,
        "dynamic_mesh_ms": 0.7765840291976929,
        "encode_ms": 0.8142920136451721,
        "admission_or_completion_ms": 2.5490410327911377
      },
      {
        "index": 163,
        "started_ms": 14319.344333000001,
        "submitted_ms": 14321.035791,
        "observed_completed_ms": 14323.618208,
        "start_to_observed_completion_ms": 4.273874999998952,
        "submit_to_observed_completion_ms": 2.582416999999623,
        "continuous_iteration_ms": 8.288999557495117,
        "frame_ms": 4.384917259216309,
        "component_sum_ms": 4.384917259216309,
        "tick_ms": 0.1263750046491623,
        "dynamic_mesh_ms": 0.7934169769287109,
        "encode_ms": 0.7704580426216125,
        "admission_or_completion_ms": 2.694667100906372
      },
      {
        "index": 164,
        "started_ms": 14327.633333,
        "submitted_ms": 14333.168458,
        "observed_completed_ms": 14336.198083,
        "start_to_observed_completion_ms": 8.564749999999549,
        "submit_to_observed_completion_ms": 3.029624999999214,
        "continuous_iteration_ms": 8.680000305175781,
        "frame_ms": 4.821958065032959,
        "component_sum_ms": 4.821958065032959,
        "tick_ms": 0.1337919980287552,
        "dynamic_mesh_ms": 0.7826659679412842,
        "encode_ms": 0.7639580368995667,
        "admission_or_completion_ms": 3.1415419578552246
      },
      {
        "index": 165,
        "started_ms": 14336.313333,
        "submitted_ms": 14337.93175,
        "observed_completed_ms": 14340.969040999998,
        "start_to_observed_completion_ms": 4.655707999998413,
        "submit_to_observed_completion_ms": 3.0372909999987314,
        "continuous_iteration_ms": 8.70916748046875,
        "frame_ms": 4.772167205810547,
        "component_sum_ms": 4.772167205810547,
        "tick_ms": 0.12562499940395355,
        "dynamic_mesh_ms": 0.7718750238418579,
        "encode_ms": 0.7195000052452087,
        "admission_or_completion_ms": 3.1551671028137207
      },
      {
        "index": 166,
        "started_ms": 14345.022500000001,
        "submitted_ms": 14350.070125,
        "observed_completed_ms": 14353.098833,
        "start_to_observed_completion_ms": 8.076332999999067,
        "submit_to_observed_completion_ms": 3.028707999999824,
        "continuous_iteration_ms": 8.192749977111816,
        "frame_ms": 4.809668064117432,
        "component_sum_ms": 4.809668064117432,
        "tick_ms": 0.12470899522304535,
        "dynamic_mesh_ms": 0.7727919816970825,
        "encode_ms": 0.7708750367164612,
        "admission_or_completion_ms": 3.141292095184326
      },
      {
        "index": 167,
        "started_ms": 14353.21525,
        "submitted_ms": 14354.829291,
        "observed_completed_ms": 14357.874,
        "start_to_observed_completion_ms": 4.658750000000509,
        "submit_to_observed_completion_ms": 3.0447089999997843,
        "continuous_iteration_ms": 8.734291076660156,
        "frame_ms": 4.771040916442871,
        "component_sum_ms": 4.771040916442871,
        "tick_ms": 0.12487500160932541,
        "dynamic_mesh_ms": 0.778249979019165,
        "encode_ms": 0.7097499966621399,
        "admission_or_completion_ms": 3.1581661701202393
      },
      {
        "index": 168,
        "started_ms": 14361.949541,
        "submitted_ms": 14368.017583,
        "observed_completed_ms": 14371.056791,
        "start_to_observed_completion_ms": 9.107250000000931,
        "submit_to_observed_completion_ms": 3.0392080000001442,
        "continuous_iteration_ms": 9.224750518798828,
        "frame_ms": 5.263915061950684,
        "component_sum_ms": 5.263915061950684,
        "tick_ms": 0.13716600835323334,
        "dynamic_mesh_ms": 0.8317080140113831,
        "encode_ms": 1.1418750286102295,
        "admission_or_completion_ms": 3.153165817260742
      },
      {
        "index": 169,
        "started_ms": 14371.174291,
        "submitted_ms": 14372.913,
        "observed_completed_ms": 14375.969916,
        "start_to_observed_completion_ms": 4.795625000000655,
        "submit_to_observed_completion_ms": 3.0569159999995463,
        "continuous_iteration_ms": 8.994542121887207,
        "frame_ms": 4.910666465759277,
        "component_sum_ms": 4.910666465759277,
        "tick_ms": 0.13124999403953552,
        "dynamic_mesh_ms": 0.8142080307006836,
        "encode_ms": 0.7917919754981995,
        "admission_or_completion_ms": 3.1734161376953125
      },
      {
        "index": 170,
        "started_ms": 14380.168833000002,
        "submitted_ms": 14385.802040999999,
        "observed_completed_ms": 14390.351916,
        "start_to_observed_completion_ms": 10.183082999998078,
        "submit_to_observed_completion_ms": 4.549875000000611,
        "continuous_iteration_ms": 10.309082984924316,
        "frame_ms": 6.418208122253418,
        "component_sum_ms": 6.418208122253418,
        "tick_ms": 0.1432500034570694,
        "dynamic_mesh_ms": 0.8076249957084656,
        "encode_ms": 0.7960000038146973,
        "admission_or_completion_ms": 4.671332836151123
      },
      {
        "index": 171,
        "started_ms": 14390.477916,
        "submitted_ms": 14392.266582999999,
        "observed_completed_ms": 14396.808083,
        "start_to_observed_completion_ms": 6.330167000000074,
        "submit_to_observed_completion_ms": 4.541500000001179,
        "continuous_iteration_ms": 10.572834014892578,
        "frame_ms": 6.454416275024414,
        "component_sum_ms": 6.454416275024414,
        "tick_ms": 0.13529101014137268,
        "dynamic_mesh_ms": 0.8160830140113831,
        "encode_ms": 0.8355419635772705,
        "admission_or_completion_ms": 4.667500019073486
      },
      {
        "index": 172,
        "started_ms": 14401.05075,
        "submitted_ms": 14406.6295,
        "observed_completed_ms": 14409.667625,
        "start_to_observed_completion_ms": 8.616874999999709,
        "submit_to_observed_completion_ms": 3.038125000000946,
        "continuous_iteration_ms": 8.736374855041504,
        "frame_ms": 4.860042095184326,
        "component_sum_ms": 4.860042095184326,
        "tick_ms": 0.1368749886751175,
        "dynamic_mesh_ms": 0.8025000095367432,
        "encode_ms": 0.767084002494812,
        "admission_or_completion_ms": 3.15358304977417
      },
      {
        "index": 173,
        "started_ms": 14409.787124999999,
        "submitted_ms": 14411.542166000001,
        "observed_completed_ms": 14415.959665999999,
        "start_to_observed_completion_ms": 6.17254099999991,
        "submit_to_observed_completion_ms": 4.4174999999977445,
        "continuous_iteration_ms": 10.186665534973145,
        "frame_ms": 6.284666538238525,
        "component_sum_ms": 6.284666538238525,
        "tick_ms": 0.12920799851417542,
        "dynamic_mesh_ms": 0.8004999756813049,
        "encode_ms": 0.8237910270690918,
        "admission_or_completion_ms": 4.531167507171631
      },
      {
        "index": 174,
        "started_ms": 14419.973791,
        "submitted_ms": 14425.661666,
        "observed_completed_ms": 14428.690125,
        "start_to_observed_completion_ms": 8.716333999998824,
        "submit_to_observed_completion_ms": 3.028458999999202,
        "continuous_iteration_ms": 8.833499908447266,
        "frame_ms": 4.843583106994629,
        "component_sum_ms": 4.843583106994629,
        "tick_ms": 0.1282080113887787,
        "dynamic_mesh_ms": 0.789417028427124,
        "encode_ms": 0.7837079763412476,
        "admission_or_completion_ms": 3.1422500610351562
      },
      {
        "index": 175,
        "started_ms": 14428.807291,
        "submitted_ms": 14430.478375,
        "observed_completed_ms": 14433.516375,
        "start_to_observed_completion_ms": 4.709084000000075,
        "submit_to_observed_completion_ms": 3.0379999999986467,
        "continuous_iteration_ms": 8.763167381286621,
        "frame_ms": 4.823541641235352,
        "component_sum_ms": 4.823541641235352,
        "tick_ms": 0.12537498772144318,
        "dynamic_mesh_ms": 0.781374990940094,
        "encode_ms": 0.7631669640541077,
        "admission_or_completion_ms": 3.153625011444092
      },
      {
        "index": 176,
        "started_ms": 14437.570458,
        "submitted_ms": 14443.15825,
        "observed_completed_ms": 14446.831375,
        "start_to_observed_completion_ms": 9.260916999999608,
        "submit_to_observed_completion_ms": 3.673124999999345,
        "continuous_iteration_ms": 9.494583129882812,
        "frame_ms": 5.617460250854492,
        "component_sum_ms": 5.617460250854492,
        "tick_ms": 0.13383398950099945,
        "dynamic_mesh_ms": 0.7817919850349426,
        "encode_ms": 0.8019590377807617,
        "admission_or_completion_ms": 3.8998751640319824
      },
      {
        "index": 177,
        "started_ms": 14447.065041,
        "submitted_ms": 14448.923208,
        "observed_completed_ms": 14452.703,
        "start_to_observed_completion_ms": 5.637958999999682,
        "submit_to_observed_completion_ms": 3.779791999999361,
        "continuous_iteration_ms": 9.714375495910645,
        "frame_ms": 5.750417232513428,
        "component_sum_ms": 5.750417232513428,
        "tick_ms": 0.16620901226997375,
        "dynamic_mesh_ms": 0.8073340058326721,
        "encode_ms": 0.8827500343322754,
        "admission_or_completion_ms": 3.8941240310668945
      },
      {
        "index": 178,
        "started_ms": 14456.779416,
        "submitted_ms": 14462.448875,
        "observed_completed_ms": 14466.993708,
        "start_to_observed_completion_ms": 10.214292000000569,
        "submit_to_observed_completion_ms": 4.544832999999926,
        "continuous_iteration_ms": 10.334667205810547,
        "frame_ms": 6.363542079925537,
        "component_sum_ms": 6.363542079925537,
        "tick_ms": 0.14054200053215027,
        "dynamic_mesh_ms": 0.8241249918937683,
        "encode_ms": 0.7383750081062317,
        "admission_or_completion_ms": 4.6605000495910645
      },
      {
        "index": 179,
        "started_ms": 14467.114083,
        "submitted_ms": 14468.837833,
        "observed_completed_ms": 14473.385499999999,
        "start_to_observed_completion_ms": 6.2714169999981095,
        "submit_to_observed_completion_ms": 4.54766699999891,
        "continuous_iteration_ms": 10.378167152404785,
        "frame_ms": 6.393582344055176,
        "component_sum_ms": 6.393582344055176,
        "tick_ms": 0.13166600465774536,
        "dynamic_mesh_ms": 0.7930839657783508,
        "encode_ms": 0.7977079749107361,
        "admission_or_completion_ms": 4.671124458312988
      },
      {
        "index": 180,
        "started_ms": 14477.49225,
        "submitted_ms": 14483.211333,
        "observed_completed_ms": 14486.251291,
        "start_to_observed_completion_ms": 8.759041000001162,
        "submit_to_observed_completion_ms": 3.0399580000012065,
        "continuous_iteration_ms": 8.914374351501465,
        "frame_ms": 4.9748735427856445,
        "component_sum_ms": 4.9748735427856445,
        "tick_ms": 0.12816599011421204,
        "dynamic_mesh_ms": 0.8434579968452454,
        "encode_ms": 0.8486670255661011,
        "admission_or_completion_ms": 3.1545827388763428
      },
      {
        "index": 181,
        "started_ms": 14486.406625000001,
        "submitted_ms": 14488.214375,
        "observed_completed_ms": 14490.849916000001,
        "start_to_observed_completion_ms": 4.44329099999959,
        "submit_to_observed_completion_ms": 2.635541000001467,
        "continuous_iteration_ms": 8.487750053405762,
        "frame_ms": 4.553958892822266,
        "component_sum_ms": 4.553958892822266,
        "tick_ms": 0.13454200327396393,
        "dynamic_mesh_ms": 0.8095420002937317,
        "encode_ms": 0.861333966255188,
        "admission_or_completion_ms": 2.7485408782958984
      },
      {
        "index": 182,
        "started_ms": 14494.894375,
        "submitted_ms": 14500.924833,
        "observed_completed_ms": 14503.731915999999,
        "start_to_observed_completion_ms": 8.837540999998964,
        "submit_to_observed_completion_ms": 2.807082999999693,
        "continuous_iteration_ms": 9.079375267028809,
        "frame_ms": 4.887833118438721,
        "component_sum_ms": 4.887833118438721,
        "tick_ms": 0.13250000774860382,
        "dynamic_mesh_ms": 0.8515830039978027,
        "encode_ms": 0.8876670002937317,
        "admission_or_completion_ms": 3.016083240509033
      },
      {
        "index": 183,
        "started_ms": 14503.973750000001,
        "submitted_ms": 14505.858290999999,
        "observed_completed_ms": 14508.92375,
        "start_to_observed_completion_ms": 4.949999999998909,
        "submit_to_observed_completion_ms": 3.065459000001283,
        "continuous_iteration_ms": 9.104415893554688,
        "frame_ms": 5.07316780090332,
        "component_sum_ms": 5.07316780090332,
        "tick_ms": 0.13587500154972076,
        "dynamic_mesh_ms": 0.8378340005874634,
        "encode_ms": 0.9085410237312317,
        "admission_or_completion_ms": 3.19091796875
      },
      {
        "index": 184,
        "started_ms": 14513.078166,
        "submitted_ms": 14519.054291,
        "observed_completed_ms": 14523.601583,
        "start_to_observed_completion_ms": 10.523417000000336,
        "submit_to_observed_completion_ms": 4.547291999999288,
        "continuous_iteration_ms": 10.64525032043457,
        "frame_ms": 6.496500015258789,
        "component_sum_ms": 6.496500015258789,
        "tick_ms": 0.14925000071525574,
        "dynamic_mesh_ms": 0.8491249680519104,
        "encode_ms": 0.8331660032272339,
        "admission_or_completion_ms": 4.664958953857422
      },
      {
        "index": 185,
        "started_ms": 14523.723415999999,
        "submitted_ms": 14525.539083,
        "observed_completed_ms": 14528.571416,
        "start_to_observed_completion_ms": 4.848000000001775,
        "submit_to_observed_completion_ms": 3.0323330000010174,
        "continuous_iteration_ms": 8.85575008392334,
        "frame_ms": 4.959499835968018,
        "component_sum_ms": 4.959499835968018,
        "tick_ms": 0.13175000250339508,
        "dynamic_mesh_ms": 0.8210000395774841,
        "encode_ms": 0.8611669540405273,
        "admission_or_completion_ms": 3.145582914352417
      },
      {
        "index": 186,
        "started_ms": 14532.579166,
        "submitted_ms": 14538.41975,
        "observed_completed_ms": 14541.465708,
        "start_to_observed_completion_ms": 8.88654200000019,
        "submit_to_observed_completion_ms": 3.04595800000061,
        "continuous_iteration_ms": 9.005834579467773,
        "frame_ms": 4.926584243774414,
        "component_sum_ms": 4.926584243774414,
        "tick_ms": 0.12924998998641968,
        "dynamic_mesh_ms": 0.8034170269966125,
        "encode_ms": 0.8325420022010803,
        "admission_or_completion_ms": 3.161375045776367
      },
      {
        "index": 187,
        "started_ms": 14541.585,
        "submitted_ms": 14543.398916,
        "observed_completed_ms": 14547.946666,
        "start_to_observed_completion_ms": 6.361666000000696,
        "submit_to_observed_completion_ms": 4.5477499999997235,
        "continuous_iteration_ms": 9.949458122253418,
        "frame_ms": 6.474667549133301,
        "component_sum_ms": 6.474667549133301,
        "tick_ms": 0.1333329975605011,
        "dynamic_mesh_ms": 0.8196249604225159,
        "encode_ms": 0.8593330383300781,
        "admission_or_completion_ms": 4.662376403808594
      },
      {
        "index": 188,
        "started_ms": 14551.534458,
        "submitted_ms": 14557.118041000002,
        "observed_completed_ms": 14560.161333,
        "start_to_observed_completion_ms": 8.626874999999927,
        "submit_to_observed_completion_ms": 3.0432919999984733,
        "continuous_iteration_ms": 8.746167182922363,
        "frame_ms": 5.141793251037598,
        "component_sum_ms": 5.141793251037598,
        "tick_ms": 0.13404199481010437,
        "dynamic_mesh_ms": 0.8250830173492432,
        "encode_ms": 1.0245000123977661,
        "admission_or_completion_ms": 3.158168077468872
      },
      {
        "index": 189,
        "started_ms": 14560.280625000001,
        "submitted_ms": 14561.983916,
        "observed_completed_ms": 14566.522916,
        "start_to_observed_completion_ms": 6.242290999998659,
        "submit_to_observed_completion_ms": 4.539000000000669,
        "continuous_iteration_ms": 9.866416931152344,
        "frame_ms": 6.354498863220215,
        "component_sum_ms": 6.354498863220215,
        "tick_ms": 0.12958300113677979,
        "dynamic_mesh_ms": 0.7910410165786743,
        "encode_ms": 0.781125009059906,
        "admission_or_completion_ms": 4.652749538421631
      },
      {
        "index": 190,
        "started_ms": 14570.147041,
        "submitted_ms": 14575.796083000001,
        "observed_completed_ms": 14578.827416,
        "start_to_observed_completion_ms": 8.680374999999913,
        "submit_to_observed_completion_ms": 3.0313329999989946,
        "continuous_iteration_ms": 8.79916763305664,
        "frame_ms": 4.9251251220703125,
        "component_sum_ms": 4.9251251220703125,
        "tick_ms": 0.12549999356269836,
        "dynamic_mesh_ms": 0.7870000004768372,
        "encode_ms": 0.8667500019073486,
        "admission_or_completion_ms": 3.1458749771118164
      },
      {
        "index": 191,
        "started_ms": 14578.946208,
        "submitted_ms": 14580.611916,
        "observed_completed_ms": 14583.643541000001,
        "start_to_observed_completion_ms": 4.6973330000018905,
        "submit_to_observed_completion_ms": 3.0316250000014406,
        "continuous_iteration_ms": 8.720832824707031,
        "frame_ms": 4.8087921142578125,
        "component_sum_ms": 4.8087921142578125,
        "tick_ms": 0.12891700863838196,
        "dynamic_mesh_ms": 0.7977499961853027,
        "encode_ms": 0.7375829815864563,
        "admission_or_completion_ms": 3.1445419788360596
      },
      {
        "index": 192,
        "started_ms": 14587.667040999999,
        "submitted_ms": 14593.332541,
        "observed_completed_ms": 14596.361874999999,
        "start_to_observed_completion_ms": 8.6948339999999,
        "submit_to_observed_completion_ms": 3.0293339999989257,
        "continuous_iteration_ms": 8.81045913696289,
        "frame_ms": 4.886542797088623,
        "component_sum_ms": 4.886542797088623,
        "tick_ms": 0.14170899987220764,
        "dynamic_mesh_ms": 0.8533339500427246,
        "encode_ms": 0.7505409717559814,
        "admission_or_completion_ms": 3.1409590244293213
      },
      {
        "index": 193,
        "started_ms": 14596.4775,
        "submitted_ms": 14598.191083,
        "observed_completed_ms": 14601.237749999998,
        "start_to_observed_completion_ms": 4.760249999997541,
        "submit_to_observed_completion_ms": 3.046666999998706,
        "continuous_iteration_ms": 8.905708312988281,
        "frame_ms": 4.8762922286987305,
        "component_sum_ms": 4.8762922286987305,
        "tick_ms": 0.13124999403953552,
        "dynamic_mesh_ms": 0.8288339972496033,
        "encode_ms": 0.7522079944610596,
        "admission_or_completion_ms": 3.1640000343322754
      },
      {
        "index": 194,
        "started_ms": 14605.383208,
        "submitted_ms": 14610.957666,
        "observed_completed_ms": 14613.993083000001,
        "start_to_observed_completion_ms": 8.60987500000192,
        "submit_to_observed_completion_ms": 3.0354170000009617,
        "continuous_iteration_ms": 8.726582527160645,
        "frame_ms": 4.830623626708984,
        "component_sum_ms": 4.830623626708984,
        "tick_ms": 0.1284170001745224,
        "dynamic_mesh_ms": 0.7992910146713257,
        "encode_ms": 0.754332959651947,
        "admission_or_completion_ms": 3.148582935333252
      },
      {
        "index": 195,
        "started_ms": 14614.109791,
        "submitted_ms": 14615.738208,
        "observed_completed_ms": 14618.771875,
        "start_to_observed_completion_ms": 4.662083999999595,
        "submit_to_observed_completion_ms": 3.0336669999996957,
        "continuous_iteration_ms": 8.632999420166016,
        "frame_ms": 4.772583961486816,
        "component_sum_ms": 4.772583961486816,
        "tick_ms": 0.125,
        "dynamic_mesh_ms": 0.7762920260429382,
        "encode_ms": 0.726207971572876,
        "admission_or_completion_ms": 3.1450841426849365
      },
      {
        "index": 196,
        "started_ms": 14622.742791,
        "submitted_ms": 14628.447624999999,
        "observed_completed_ms": 14631.482041,
        "start_to_observed_completion_ms": 8.73924999999872,
        "submit_to_observed_completion_ms": 3.0344160000004194,
        "continuous_iteration_ms": 8.857916831970215,
        "frame_ms": 4.883374214172363,
        "component_sum_ms": 4.883374214172363,
        "tick_ms": 0.1313749998807907,
        "dynamic_mesh_ms": 0.8431660532951355,
        "encode_ms": 0.7600840330123901,
        "admission_or_completion_ms": 3.1487488746643066
      },
      {
        "index": 197,
        "started_ms": 14631.600708,
        "submitted_ms": 14633.366166,
        "observed_completed_ms": 14636.407833,
        "start_to_observed_completion_ms": 4.80712499999936,
        "submit_to_observed_completion_ms": 3.0416669999995065,
        "continuous_iteration_ms": 8.829292297363281,
        "frame_ms": 4.921374320983887,
        "component_sum_ms": 4.921374320983887,
        "tick_ms": 0.12983299791812897,
        "dynamic_mesh_ms": 0.8314589858055115,
        "encode_ms": 0.8027909994125366,
        "admission_or_completion_ms": 3.1572911739349365
      },
      {
        "index": 198,
        "started_ms": 14640.43,
        "submitted_ms": 14645.973958,
        "observed_completed_ms": 14649.020083,
        "start_to_observed_completion_ms": 8.59008299999914,
        "submit_to_observed_completion_ms": 3.0461249999989377,
        "continuous_iteration_ms": 8.708125114440918,
        "frame_ms": 4.828749656677246,
        "component_sum_ms": 4.828749656677246,
        "tick_ms": 0.1370840072631836,
        "dynamic_mesh_ms": 0.8160409927368164,
        "encode_ms": 0.7157080173492432,
        "admission_or_completion_ms": 3.159916877746582
      },
      {
        "index": 199,
        "started_ms": 14649.138125,
        "submitted_ms": 14650.935083,
        "observed_completed_ms": 14655.49625,
        "start_to_observed_completion_ms": 6.358125000000655,
        "submit_to_observed_completion_ms": 4.561166999999841,
        "continuous_iteration_ms": 11.512249946594238,
        "frame_ms": 6.471331596374512,
        "component_sum_ms": 6.471331596374512,
        "tick_ms": 0.13383300602436066,
        "dynamic_mesh_ms": 0.8282909989356995,
        "encode_ms": 0.8334169983863831,
        "admission_or_completion_ms": 4.675790786743164
      },
      {
        "index": 200,
        "started_ms": 14660.650375,
        "submitted_ms": 14666.638540999998,
        "observed_completed_ms": 14669.678541,
        "start_to_observed_completion_ms": 9.028166000000056,
        "submit_to_observed_completion_ms": 3.040000000000873,
        "continuous_iteration_ms": 9.145583152770996,
        "frame_ms": 5.0443339347839355,
        "component_sum_ms": 5.0443339347839355,
        "tick_ms": 0.13862499594688416,
        "dynamic_mesh_ms": 0.8445419669151306,
        "encode_ms": 0.9081659913063049,
        "admission_or_completion_ms": 3.153001070022583
      },
      {
        "index": 201,
        "started_ms": 14669.795958,
        "submitted_ms": 14671.554415999999,
        "observed_completed_ms": 14676.098041,
        "start_to_observed_completion_ms": 6.3020829999986745,
        "submit_to_observed_completion_ms": 4.543625000000247,
        "continuous_iteration_ms": 10.374042510986328,
        "frame_ms": 6.414373874664307,
        "component_sum_ms": 6.414373874664307,
        "tick_ms": 0.13441599905490875,
        "dynamic_mesh_ms": 0.8414170145988464,
        "encode_ms": 0.7811660170555115,
        "admission_or_completion_ms": 4.657374858856201
      },
      {
        "index": 202,
        "started_ms": 14680.17,
        "submitted_ms": 14685.826208,
        "observed_completed_ms": 14688.855249999999,
        "start_to_observed_completion_ms": 8.685249999998632,
        "submit_to_observed_completion_ms": 3.0290419999982987,
        "continuous_iteration_ms": 8.801165580749512,
        "frame_ms": 4.8772501945495605,
        "component_sum_ms": 4.8772501945495605,
        "tick_ms": 0.13545800745487213,
        "dynamic_mesh_ms": 0.8441669940948486,
        "encode_ms": 0.7562500238418579,
        "admission_or_completion_ms": 3.1413750648498535
      },
      {
        "index": 203,
        "started_ms": 14688.971166,
        "submitted_ms": 14690.672416,
        "observed_completed_ms": 14694.8405,
        "start_to_observed_completion_ms": 5.86933400000089,
        "submit_to_observed_completion_ms": 4.1680840000008175,
        "continuous_iteration_ms": 9.560542106628418,
        "frame_ms": 5.987042427062988,
        "component_sum_ms": 5.987042427062988,
        "tick_ms": 0.1293340027332306,
        "dynamic_mesh_ms": 0.8004170060157776,
        "encode_ms": 0.7699580192565918,
        "admission_or_completion_ms": 4.2873334884643555
      },
      {
        "index": 204,
        "started_ms": 14698.531708,
        "submitted_ms": 14704.121958,
        "observed_completed_ms": 14707.157791,
        "start_to_observed_completion_ms": 8.626082999999198,
        "submit_to_observed_completion_ms": 3.0358329999999114,
        "continuous_iteration_ms": 8.744292259216309,
        "frame_ms": 4.816041946411133,
        "component_sum_ms": 4.816041946411133,
        "tick_ms": 0.1289999932050705,
        "dynamic_mesh_ms": 0.8117079734802246,
        "encode_ms": 0.7256669998168945,
        "admission_or_completion_ms": 3.1496670246124268
      },
      {
        "index": 205,
        "started_ms": 14707.276,
        "submitted_ms": 14709.130666000001,
        "observed_completed_ms": 14713.67375,
        "start_to_observed_completion_ms": 6.397750000000087,
        "submit_to_observed_completion_ms": 4.5430839999989985,
        "continuous_iteration_ms": 10.48395824432373,
        "frame_ms": 6.510332107543945,
        "component_sum_ms": 6.510332107543945,
        "tick_ms": 0.13087500631809235,
        "dynamic_mesh_ms": 0.8160409927368164,
        "encode_ms": 0.9060410261154175,
        "admission_or_completion_ms": 4.657375335693359
      },
      {
        "index": 206,
        "started_ms": 14717.759958,
        "submitted_ms": 14723.30375,
        "observed_completed_ms": 14726.333416,
        "start_to_observed_completion_ms": 8.573457999998936,
        "submit_to_observed_completion_ms": 3.0296660000003612,
        "continuous_iteration_ms": 8.689083099365234,
        "frame_ms": 4.824707984924316,
        "component_sum_ms": 4.824707984924316,
        "tick_ms": 0.13245798647403717,
        "dynamic_mesh_ms": 0.8264579772949219,
        "encode_ms": 0.7240419983863831,
        "admission_or_completion_ms": 3.141749858856201
      },
      {
        "index": 207,
        "started_ms": 14726.449041,
        "submitted_ms": 14728.137541,
        "observed_completed_ms": 14732.680875,
        "start_to_observed_completion_ms": 6.231834000000163,
        "submit_to_observed_completion_ms": 4.543333999999959,
        "continuous_iteration_ms": 11.760250091552734,
        "frame_ms": 6.345207691192627,
        "component_sum_ms": 6.345207691192627,
        "tick_ms": 0.1290840059518814,
        "dynamic_mesh_ms": 0.8278329968452454,
        "encode_ms": 0.7304580211639404,
        "admission_or_completion_ms": 4.657832622528076
      },
      {
        "index": 208,
        "started_ms": 14738.209291000001,
        "submitted_ms": 14743.928457999998,
        "observed_completed_ms": 14746.964291,
        "start_to_observed_completion_ms": 8.7549999999992,
        "submit_to_observed_completion_ms": 3.0358330000017304,
        "continuous_iteration_ms": 8.87166690826416,
        "frame_ms": 4.869790077209473,
        "component_sum_ms": 4.869790077209473,
        "tick_ms": 0.13179101049900055,
        "dynamic_mesh_ms": 0.810916006565094,
        "encode_ms": 0.777999997138977,
        "admission_or_completion_ms": 3.149082899093628
      },
      {
        "index": 209,
        "started_ms": 14747.080958,
        "submitted_ms": 14748.967583000001,
        "observed_completed_ms": 14753.507125,
        "start_to_observed_completion_ms": 6.426166999999623,
        "submit_to_observed_completion_ms": 4.539541999998619,
        "continuous_iteration_ms": 10.462291717529297,
        "frame_ms": 6.538332939147949,
        "component_sum_ms": 6.538332939147949,
        "tick_ms": 0.12741701304912567,
        "dynamic_mesh_ms": 0.8975409865379333,
        "encode_ms": 0.859125018119812,
        "admission_or_completion_ms": 4.654249668121338
      },
      {
        "index": 210,
        "started_ms": 14757.543249999999,
        "submitted_ms": 14763.196458,
        "observed_completed_ms": 14767.342125000001,
        "start_to_observed_completion_ms": 9.798875000002226,
        "submit_to_observed_completion_ms": 4.145667000000685,
        "continuous_iteration_ms": 9.91654109954834,
        "frame_ms": 6.003789901733398,
        "component_sum_ms": 6.003789901733398,
        "tick_ms": 0.12920799851417542,
        "dynamic_mesh_ms": 0.8122909665107727,
        "encode_ms": 0.8033750057220459,
        "admission_or_completion_ms": 4.258915901184082
      },
      {
        "index": 211,
        "started_ms": 14767.459791000001,
        "submitted_ms": 14769.198875,
        "observed_completed_ms": 14773.735583,
        "start_to_observed_completion_ms": 6.275791999998546,
        "submit_to_observed_completion_ms": 4.536707999999635,
        "continuous_iteration_ms": 10.25979232788086,
        "frame_ms": 6.387208938598633,
        "component_sum_ms": 6.387208938598633,
        "tick_ms": 0.13604100048542023,
        "dynamic_mesh_ms": 0.8118339776992798,
        "encode_ms": 0.7897500395774841,
        "admission_or_completion_ms": 4.64958381652832
      },
      {
        "index": 212,
        "started_ms": 14777.719583,
        "submitted_ms": 14783.381166,
        "observed_completed_ms": 14787.916625,
        "start_to_observed_completion_ms": 10.197041999999783,
        "submit_to_observed_completion_ms": 4.535459000000628,
        "continuous_iteration_ms": 10.312666893005371,
        "frame_ms": 6.379042148590088,
        "component_sum_ms": 6.379042148590088,
        "tick_ms": 0.12741701304912567,
        "dynamic_mesh_ms": 0.8374170064926147,
        "encode_ms": 0.7662079930305481,
        "admission_or_completion_ms": 4.648000240325928
      },
      {
        "index": 213,
        "started_ms": 14788.03225,
        "submitted_ms": 14789.734083000001,
        "observed_completed_ms": 14794.287125,
        "start_to_observed_completion_ms": 6.254875000000538,
        "submit_to_observed_completion_ms": 4.55304199999955,
        "continuous_iteration_ms": 10.357000350952148,
        "frame_ms": 6.374334335327148,
        "component_sum_ms": 6.374334335327148,
        "tick_ms": 0.12491700053215027,
        "dynamic_mesh_ms": 0.7976670265197754,
        "encode_ms": 0.7782080173492432,
        "admission_or_completion_ms": 4.673542022705078
      },
      {
        "index": 214,
        "started_ms": 14798.38925,
        "submitted_ms": 14805.494958000001,
        "observed_completed_ms": 14810.033125,
        "start_to_observed_completion_ms": 11.643874999999753,
        "submit_to_observed_completion_ms": 4.5381669999987935,
        "continuous_iteration_ms": 11.763124465942383,
        "frame_ms": 6.359374046325684,
        "component_sum_ms": 6.359374046325684,
        "tick_ms": 0.12883299589157104,
        "dynamic_mesh_ms": 0.8027079701423645,
        "encode_ms": 0.77366703748703,
        "admission_or_completion_ms": 4.654165744781494
      },
      {
        "index": 215,
        "started_ms": 14810.152375,
        "submitted_ms": 14811.824333,
        "observed_completed_ms": 14816.358416,
        "start_to_observed_completion_ms": 6.206040999999459,
        "submit_to_observed_completion_ms": 4.534082999998645,
        "continuous_iteration_ms": 11.709165573120117,
        "frame_ms": 6.322457790374756,
        "component_sum_ms": 6.322457790374756,
        "tick_ms": 0.12645800411701202,
        "dynamic_mesh_ms": 0.7991250157356262,
        "encode_ms": 0.7453749775886536,
        "admission_or_completion_ms": 4.6514997482299805
      },
      {
        "index": 216,
        "started_ms": 14821.861541,
        "submitted_ms": 14829.211125,
        "observed_completed_ms": 14833.767458,
        "start_to_observed_completion_ms": 11.905917000000045,
        "submit_to_observed_completion_ms": 4.55633300000045,
        "continuous_iteration_ms": 12.031084060668945,
        "frame_ms": 6.544500350952148,
        "component_sum_ms": 6.544500350952148,
        "tick_ms": 0.14550000429153442,
        "dynamic_mesh_ms": 0.8469580411911011,
        "encode_ms": 0.8757920265197754,
        "admission_or_completion_ms": 4.676249980926514
      },
      {
        "index": 217,
        "started_ms": 14833.892625,
        "submitted_ms": 14835.689625,
        "observed_completed_ms": 14840.225999999999,
        "start_to_observed_completion_ms": 6.333374999998341,
        "submit_to_observed_completion_ms": 4.536374999997861,
        "continuous_iteration_ms": 11.858999252319336,
        "frame_ms": 6.448251247406006,
        "component_sum_ms": 6.448251247406006,
        "tick_ms": 0.13408400118350983,
        "dynamic_mesh_ms": 0.8160830140113831,
        "encode_ms": 0.8449999690055847,
        "admission_or_completion_ms": 4.6530842781066895
      },
      {
        "index": 218,
        "started_ms": 14845.751625,
        "submitted_ms": 14851.322124999999,
        "observed_completed_ms": 14855.860083,
        "start_to_observed_completion_ms": 10.108457999998791,
        "submit_to_observed_completion_ms": 4.537958000000799,
        "continuous_iteration_ms": 10.235583305358887,
        "frame_ms": 6.362791061401367,
        "component_sum_ms": 6.362791061401367,
        "tick_ms": 0.13199999928474426,
        "dynamic_mesh_ms": 0.8272500038146973,
        "encode_ms": 0.7504169940948486,
        "admission_or_completion_ms": 4.65312385559082
      },
      {
        "index": 219,
        "started_ms": 14855.987208,
        "submitted_ms": 14857.724,
        "observed_completed_ms": 14862.260750000001,
        "start_to_observed_completion_ms": 6.273542000000816,
        "submit_to_observed_completion_ms": 4.5367500000011205,
        "continuous_iteration_ms": 10.269749641418457,
        "frame_ms": 6.387001037597656,
        "component_sum_ms": 6.387001037597656,
        "tick_ms": 0.1316249966621399,
        "dynamic_mesh_ms": 0.8152090311050415,
        "encode_ms": 0.7884589433670044,
        "admission_or_completion_ms": 4.651708126068115
      },
      {
        "index": 220,
        "started_ms": 14866.256958,
        "submitted_ms": 14872.098208000001,
        "observed_completed_ms": 14876.664666,
        "start_to_observed_completion_ms": 10.407708000000639,
        "submit_to_observed_completion_ms": 4.566457999999329,
        "continuous_iteration_ms": 10.536458015441895,
        "frame_ms": 6.472290992736816,
        "component_sum_ms": 6.472290992736816,
        "tick_ms": 0.12733300030231476,
        "dynamic_mesh_ms": 0.831250011920929,
        "encode_ms": 0.8234999775886536,
        "admission_or_completion_ms": 4.6902079582214355
      },
      {
        "index": 221,
        "started_ms": 14876.793416,
        "submitted_ms": 14878.775,
        "observed_completed_ms": 14883.329291,
        "start_to_observed_completion_ms": 6.535874999999578,
        "submit_to_observed_completion_ms": 4.554291000000376,
        "continuous_iteration_ms": 12.191999435424805,
        "frame_ms": 6.661707878112793,
        "component_sum_ms": 6.661707878112793,
        "tick_ms": 0.1307079941034317,
        "dynamic_mesh_ms": 0.8233329653739929,
        "encode_ms": 1.0254169702529907,
        "admission_or_completion_ms": 4.682250022888184
      },
      {
        "index": 222,
        "started_ms": 14888.985416000001,
        "submitted_ms": 14894.793040999999,
        "observed_completed_ms": 14899.34925,
        "start_to_observed_completion_ms": 10.36383399999795,
        "submit_to_observed_completion_ms": 4.556209000000308,
        "continuous_iteration_ms": 10.486958503723145,
        "frame_ms": 6.480083465576172,
        "component_sum_ms": 6.480083465576172,
        "tick_ms": 0.13316600024700165,
        "dynamic_mesh_ms": 0.8779590129852295,
        "encode_ms": 0.7950409650802612,
        "admission_or_completion_ms": 4.673917293548584
      },
      {
        "index": 223,
        "started_ms": 14899.472375,
        "submitted_ms": 14901.413790999999,
        "observed_completed_ms": 14905.958708,
        "start_to_observed_completion_ms": 6.486333000000741,
        "submit_to_observed_completion_ms": 4.544917000001078,
        "continuous_iteration_ms": 11.689166069030762,
        "frame_ms": 6.605166435241699,
        "component_sum_ms": 6.605166435241699,
        "tick_ms": 0.13208399713039398,
        "dynamic_mesh_ms": 0.8009160161018372,
        "encode_ms": 1.006500005722046,
        "admission_or_completion_ms": 4.665666103363037
      },
      {
        "index": 224,
        "started_ms": 14911.161541,
        "submitted_ms": 14918.468666,
        "observed_completed_ms": 14924.545583000001,
        "start_to_observed_completion_ms": 13.3840420000015,
        "submit_to_observed_completion_ms": 6.076917000000321,
        "continuous_iteration_ms": 13.519500732421875,
        "frame_ms": 8.06020736694336,
        "component_sum_ms": 8.06020736694336,
        "tick_ms": 0.1409579962491989,
        "dynamic_mesh_ms": 0.8188749551773071,
        "encode_ms": 0.8927910327911377,
        "admission_or_completion_ms": 6.207582950592041
      },
      {
        "index": 225,
        "started_ms": 14924.681041,
        "submitted_ms": 14926.525541,
        "observed_completed_ms": 14932.591083,
        "start_to_observed_completion_ms": 7.910041999999521,
        "submit_to_observed_completion_ms": 6.065541999998459,
        "continuous_iteration_ms": 12.034083366394043,
        "frame_ms": 8.036081314086914,
        "component_sum_ms": 8.036081314086914,
        "tick_ms": 0.12995800375938416,
        "dynamic_mesh_ms": 0.8009580373764038,
        "encode_ms": 0.9112079739570618,
        "admission_or_completion_ms": 6.193957805633545
      },
      {
        "index": 226,
        "started_ms": 14936.715124999999,
        "submitted_ms": 14944.071083,
        "observed_completed_ms": 14950.125124999999,
        "start_to_observed_completion_ms": 13.409999999999854,
        "submit_to_observed_completion_ms": 6.054041999997935,
        "continuous_iteration_ms": 13.531457901000977,
        "frame_ms": 8.032958030700684,
        "component_sum_ms": 8.032958030700684,
        "tick_ms": 0.13862499594688416,
        "dynamic_mesh_ms": 0.8061249852180481,
        "encode_ms": 0.9169579744338989,
        "admission_or_completion_ms": 6.171249866485596
      },
      {
        "index": 227,
        "started_ms": 14950.246583,
        "submitted_ms": 14952.047791,
        "observed_completed_ms": 14957.887208,
        "start_to_observed_completion_ms": 7.640625,
        "submit_to_observed_completion_ms": 5.83941699999923,
        "continuous_iteration_ms": 13.321582794189453,
        "frame_ms": 7.768876075744629,
        "component_sum_ms": 7.768876075744629,
        "tick_ms": 0.1297919899225235,
        "dynamic_mesh_ms": 0.8322920203208923,
        "encode_ms": 0.8367500305175781,
        "admission_or_completion_ms": 5.9700422286987305
      },
      {
        "index": 228,
        "started_ms": 14963.568166,
        "submitted_ms": 14970.864916,
        "observed_completed_ms": 14976.922083,
        "start_to_observed_completion_ms": 13.353917000000365,
        "submit_to_observed_completion_ms": 6.057166999999026,
        "continuous_iteration_ms": 13.476625442504883,
        "frame_ms": 7.898375988006592,
        "component_sum_ms": 7.898375988006592,
        "tick_ms": 0.1387920081615448,
        "dynamic_mesh_ms": 0.8197919726371765,
        "encode_ms": 0.7654579877853394,
        "admission_or_completion_ms": 6.1743340492248535
      },
      {
        "index": 229,
        "started_ms": 14977.044791,
        "submitted_ms": 14978.859916,
        "observed_completed_ms": 14984.933500000001,
        "start_to_observed_completion_ms": 7.888709000000745,
        "submit_to_observed_completion_ms": 6.073584000001574,
        "continuous_iteration_ms": 15.196958541870117,
        "frame_ms": 8.006667137145996,
        "component_sum_ms": 8.006667137145996,
        "tick_ms": 0.13375000655651093,
        "dynamic_mesh_ms": 0.8270840048789978,
        "encode_ms": 0.8526659607887268,
        "admission_or_completion_ms": 6.193167209625244
      },
      {
        "index": 230,
        "started_ms": 14992.24175,
        "submitted_ms": 15001.078458,
        "observed_completed_ms": 15006.940125,
        "start_to_observed_completion_ms": 14.698374999999942,
        "submit_to_observed_completion_ms": 5.8616669999992155,
        "continuous_iteration_ms": 14.822166442871094,
        "frame_ms": 7.789583206176758,
        "component_sum_ms": 7.789583206176758,
        "tick_ms": 0.13112498819828033,
        "dynamic_mesh_ms": 0.8060420155525208,
        "encode_ms": 0.8725830316543579,
        "admission_or_completion_ms": 5.979833126068115
      },
      {
        "index": 231,
        "started_ms": 15007.063916,
        "submitted_ms": 15009.011665999999,
        "observed_completed_ms": 15015.069583,
        "start_to_observed_completion_ms": 8.005667000001267,
        "submit_to_observed_completion_ms": 6.057917000001908,
        "continuous_iteration_ms": 13.70958423614502,
        "frame_ms": 8.12137508392334,
        "component_sum_ms": 8.12137508392334,
        "tick_ms": 0.15287500619888306,
        "dynamic_mesh_ms": 0.863457977771759,
        "encode_ms": 0.928957998752594,
        "admission_or_completion_ms": 6.176084041595459
      },
      {
        "index": 232,
        "started_ms": 15020.773500000001,
        "submitted_ms": 15027.938791,
        "observed_completed_ms": 15034.00225,
        "start_to_observed_completion_ms": 13.2287499999984,
        "submit_to_observed_completion_ms": 6.063458999999057,
        "continuous_iteration_ms": 13.350541114807129,
        "frame_ms": 7.945707321166992,
        "component_sum_ms": 7.945707321166992,
        "tick_ms": 0.1337909996509552,
        "dynamic_mesh_ms": 0.8065419793128967,
        "encode_ms": 0.8249160051345825,
        "admission_or_completion_ms": 6.1804585456848145
      },
      {
        "index": 233,
        "started_ms": 15034.124041000001,
        "submitted_ms": 15035.951666,
        "observed_completed_ms": 15041.763625,
        "start_to_observed_completion_ms": 7.639583999998649,
        "submit_to_observed_completion_ms": 5.811958999998751,
        "continuous_iteration_ms": 14.838041305541992,
        "frame_ms": 7.754916667938232,
        "component_sum_ms": 7.754916667938232,
        "tick_ms": 0.12891700863838196,
        "dynamic_mesh_ms": 0.7967079877853394,
        "encode_ms": 0.8999999761581421,
        "admission_or_completion_ms": 5.929291725158691
      },
      {
        "index": 234,
        "started_ms": 15048.962082999999,
        "submitted_ms": 15057.356249999999,
        "observed_completed_ms": 15063.416041,
        "start_to_observed_completion_ms": 14.453958000001876,
        "submit_to_observed_completion_ms": 6.059791000001496,
        "continuous_iteration_ms": 14.575582504272461,
        "frame_ms": 7.969958305358887,
        "component_sum_ms": 7.969958305358887,
        "tick_ms": 0.13304099440574646,
        "dynamic_mesh_ms": 0.8151669502258301,
        "encode_ms": 0.8456670045852661,
        "admission_or_completion_ms": 6.176083087921143
      },
      {
        "index": 235,
        "started_ms": 15063.537666,
        "submitted_ms": 15065.37875,
        "observed_completed_ms": 15071.422541,
        "start_to_observed_completion_ms": 7.884874999999738,
        "submit_to_observed_completion_ms": 6.043791000000056,
        "continuous_iteration_ms": 13.458209037780762,
        "frame_ms": 8.002166748046875,
        "component_sum_ms": 8.002166748046875,
        "tick_ms": 0.13587500154972076,
        "dynamic_mesh_ms": 0.8184170126914978,
        "encode_ms": 0.8848749995231628,
        "admission_or_completion_ms": 6.163000106811523
      },
      {
        "index": 236,
        "started_ms": 15076.995875,
        "submitted_ms": 15084.212833,
        "observed_completed_ms": 15088.754291000001,
        "start_to_observed_completion_ms": 11.75841600000058,
        "submit_to_observed_completion_ms": 4.541458000001512,
        "continuous_iteration_ms": 11.875540733337402,
        "frame_ms": 6.390374183654785,
        "component_sum_ms": 6.390374183654785,
        "tick_ms": 0.1282080113887787,
        "dynamic_mesh_ms": 0.8005410432815552,
        "encode_ms": 0.806958019733429,
        "admission_or_completion_ms": 4.654666900634766
      },
      {
        "index": 237,
        "started_ms": 15088.871416,
        "submitted_ms": 15090.620625,
        "observed_completed_ms": 15095.156416,
        "start_to_observed_completion_ms": 6.2849999999998545,
        "submit_to_observed_completion_ms": 4.535791000000245,
        "continuous_iteration_ms": 10.326000213623047,
        "frame_ms": 6.445084095001221,
        "component_sum_ms": 6.445084095001221,
        "tick_ms": 0.12870799005031586,
        "dynamic_mesh_ms": 0.8012920022010803,
        "encode_ms": 0.8174590468406677,
        "admission_or_completion_ms": 4.697625160217285
      },
      {
        "index": 238,
        "started_ms": 15099.197416,
        "submitted_ms": 15106.283375,
        "observed_completed_ms": 15110.818874999999,
        "start_to_observed_completion_ms": 11.62145899999814,
        "submit_to_observed_completion_ms": 4.535499999998137,
        "continuous_iteration_ms": 11.737792015075684,
        "frame_ms": 6.3383331298828125,
        "component_sum_ms": 6.3383331298828125,
        "tick_ms": 0.13041700422763824,
        "dynamic_mesh_ms": 0.822708010673523,
        "encode_ms": 0.7372919917106628,
        "admission_or_completion_ms": 4.647915840148926
      },
      {
        "index": 239,
        "started_ms": 15110.935208,
        "submitted_ms": 15112.571666,
        "observed_completed_ms": 15117.104916,
        "start_to_observed_completion_ms": 6.169707999999446,
        "submit_to_observed_completion_ms": 4.5332500000004075,
        "continuous_iteration_ms": 11.629999160766602,
        "frame_ms": 6.280582904815674,
        "component_sum_ms": 6.280582904815674,
        "tick_ms": 0.1274999976158142,
        "dynamic_mesh_ms": 0.795166015625,
        "encode_ms": 0.7126249670982361,
        "admission_or_completion_ms": 4.645291805267334
      },
      {
        "index": 240,
        "started_ms": 15122.565208,
        "submitted_ms": 15128.385790999999,
        "observed_completed_ms": 15132.923791,
        "start_to_observed_completion_ms": 10.358582999999271,
        "submit_to_observed_completion_ms": 4.538000000000466,
        "continuous_iteration_ms": 10.515707969665527,
        "frame_ms": 6.508501052856445,
        "component_sum_ms": 6.508501052856445,
        "tick_ms": 0.14458400011062622,
        "dynamic_mesh_ms": 0.8412920236587524,
        "encode_ms": 0.8703750371932983,
        "admission_or_completion_ms": 4.652250289916992
      },
      {
        "index": 241,
        "started_ms": 15133.080916,
        "submitted_ms": 15134.796790999999,
        "observed_completed_ms": 15139.313291,
        "start_to_observed_completion_ms": 6.2323749999995925,
        "submit_to_observed_completion_ms": 4.5165000000015425,
        "continuous_iteration_ms": 11.904874801635742,
        "frame_ms": 6.347832202911377,
        "component_sum_ms": 6.347832202911377,
        "tick_ms": 0.1305829882621765,
        "dynamic_mesh_ms": 0.8101250529289246,
        "encode_ms": 0.7738330364227295,
        "admission_or_completion_ms": 4.633291244506836
      },
      {
        "index": 242,
        "started_ms": 15144.985791,
        "submitted_ms": 15150.627375,
        "observed_completed_ms": 15155.171833,
        "start_to_observed_completion_ms": 10.18604200000118,
        "submit_to_observed_completion_ms": 4.544458000000304,
        "continuous_iteration_ms": 10.30595874786377,
        "frame_ms": 6.372375965118408,
        "component_sum_ms": 6.372375965118408,
        "tick_ms": 0.1299169957637787,
        "dynamic_mesh_ms": 0.7939590215682983,
        "encode_ms": 0.7887919545173645,
        "admission_or_completion_ms": 4.659708023071289
      },
      {
        "index": 243,
        "started_ms": 15155.29175,
        "submitted_ms": 15157.059208,
        "observed_completed_ms": 15161.592375,
        "start_to_observed_completion_ms": 6.3006249999998545,
        "submit_to_observed_completion_ms": 4.533166999999594,
        "continuous_iteration_ms": 10.316874504089355,
        "frame_ms": 6.411416530609131,
        "component_sum_ms": 6.411416530609131,
        "tick_ms": 0.13154099881649017,
        "dynamic_mesh_ms": 0.824167013168335,
        "encode_ms": 0.8099579811096191,
        "admission_or_completion_ms": 4.645750522613525
      },
      {
        "index": 244,
        "started_ms": 15165.608625,
        "submitted_ms": 15172.758915999999,
        "observed_completed_ms": 15177.290833000001,
        "start_to_observed_completion_ms": 11.682208000000173,
        "submit_to_observed_completion_ms": 4.531917000002068,
        "continuous_iteration_ms": 11.80008316040039,
        "frame_ms": 6.371665000915527,
        "component_sum_ms": 6.371665000915527,
        "tick_ms": 0.1357080042362213,
        "dynamic_mesh_ms": 0.8222910165786743,
        "encode_ms": 0.7671250104904175,
        "admission_or_completion_ms": 4.646541118621826
      },
      {
        "index": 245,
        "started_ms": 15177.408707999999,
        "submitted_ms": 15179.054041000001,
        "observed_completed_ms": 15183.596958,
        "start_to_observed_completion_ms": 6.188250000001062,
        "submit_to_observed_completion_ms": 4.542916999998852,
        "continuous_iteration_ms": 11.319042205810547,
        "frame_ms": 6.299874782562256,
        "component_sum_ms": 6.299874782562256,
        "tick_ms": 0.12433300167322159,
        "dynamic_mesh_ms": 0.7887499928474426,
        "encode_ms": 0.731249988079071,
        "admission_or_completion_ms": 4.655541896820068
      },
      {
        "index": 246,
        "started_ms": 15188.72775,
        "submitted_ms": 15194.276333,
        "observed_completed_ms": 15197.310707999999,
        "start_to_observed_completion_ms": 8.582957999999053,
        "submit_to_observed_completion_ms": 3.0343749999992724,
        "continuous_iteration_ms": 8.700708389282227,
        "frame_ms": 4.899456977844238,
        "component_sum_ms": 4.899456977844238,
        "tick_ms": 0.1237499937415123,
        "dynamic_mesh_ms": 0.7953330278396606,
        "encode_ms": 0.8322499990463257,
        "admission_or_completion_ms": 3.1481239795684814
      },
      {
        "index": 247,
        "started_ms": 15197.428457999998,
        "submitted_ms": 15199.281375,
        "observed_completed_ms": 15203.782458,
        "start_to_observed_completion_ms": 6.354000000001179,
        "submit_to_observed_completion_ms": 4.501082999999198,
        "continuous_iteration_ms": 11.608333587646484,
        "frame_ms": 6.470166206359863,
        "component_sum_ms": 6.470166206359863,
        "tick_ms": 0.1255829930305481,
        "dynamic_mesh_ms": 0.8614999651908875,
        "encode_ms": 0.863959014415741,
        "admission_or_completion_ms": 4.619123935699463
      },
      {
        "index": 248,
        "started_ms": 15209.036791,
        "submitted_ms": 15214.646166,
        "observed_completed_ms": 15217.676125,
        "start_to_observed_completion_ms": 8.639333999999508,
        "submit_to_observed_completion_ms": 3.029958999999508,
        "continuous_iteration_ms": 8.757333755493164,
        "frame_ms": 4.8402910232543945,
        "component_sum_ms": 4.8402910232543945,
        "tick_ms": 0.12770800292491913,
        "dynamic_mesh_ms": 0.7887910008430481,
        "encode_ms": 0.7808330059051514,
        "admission_or_completion_ms": 3.1429591178894043
      },
      {
        "index": 249,
        "started_ms": 15217.794124999999,
        "submitted_ms": 15219.509583000001,
        "observed_completed_ms": 15224.048333,
        "start_to_observed_completion_ms": 6.254208000002109,
        "submit_to_observed_completion_ms": 4.538749999999709,
        "continuous_iteration_ms": 10.264457702636719,
        "frame_ms": 6.36583137512207,
        "component_sum_ms": 6.36583137512207,
        "tick_ms": 0.14254100620746613,
        "dynamic_mesh_ms": 0.82704097032547,
        "encode_ms": 0.7440000176429749,
        "admission_or_completion_ms": 4.652249336242676
      },
      {
        "index": 250,
        "started_ms": 15228.058583,
        "submitted_ms": 15233.363540999999,
        "observed_completed_ms": 15237.903416,
        "start_to_observed_completion_ms": 9.844832999999198,
        "submit_to_observed_completion_ms": 4.539875000000393,
        "continuous_iteration_ms": 9.964457511901855,
        "frame_ms": 6.3095831871032715,
        "component_sum_ms": 6.3095831871032715,
        "tick_ms": 0.12433300167322159,
        "dynamic_mesh_ms": 0.780750036239624,
        "encode_ms": 0.7478330135345459,
        "admission_or_completion_ms": 4.656667232513428
      },
      {
        "index": 251,
        "started_ms": 15238.023041,
        "submitted_ms": 15239.656291,
        "observed_completed_ms": 15244.187915999999,
        "start_to_observed_completion_ms": 6.164874999998574,
        "submit_to_observed_completion_ms": 4.531624999999622,
        "continuous_iteration_ms": 10.108209609985352,
        "frame_ms": 6.276457786560059,
        "component_sum_ms": 6.276457786560059,
        "tick_ms": 0.12308299541473389,
        "dynamic_mesh_ms": 0.7767499685287476,
        "encode_ms": 0.7323750257492065,
        "admission_or_completion_ms": 4.64424991607666
      },
      {
        "index": 252,
        "started_ms": 15248.13125,
        "submitted_ms": 15255.189208000002,
        "observed_completed_ms": 15258.998875,
        "start_to_observed_completion_ms": 10.867624999998952,
        "submit_to_observed_completion_ms": 3.8096669999977166,
        "continuous_iteration_ms": 10.987625122070312,
        "frame_ms": 5.6088337898254395,
        "component_sum_ms": 5.6088337898254395,
        "tick_ms": 0.12312500923871994,
        "dynamic_mesh_ms": 0.7871670126914978,
        "encode_ms": 0.7742500305175781,
        "admission_or_completion_ms": 3.9242918491363525
      },
      {
        "index": 253,
        "started_ms": 15259.118875,
        "submitted_ms": 15260.865416,
        "observed_completed_ms": 15265.404916,
        "start_to_observed_completion_ms": 6.286040999999386,
        "submit_to_observed_completion_ms": 4.539499999998952,
        "continuous_iteration_ms": 10.28012466430664,
        "frame_ms": 6.397167682647705,
        "component_sum_ms": 6.397167682647705,
        "tick_ms": 0.13462500274181366,
        "dynamic_mesh_ms": 0.8095839619636536,
        "encode_ms": 0.8005410432815552,
        "admission_or_completion_ms": 4.6524176597595215
      },
      {
        "index": 254,
        "started_ms": 15269.399,
        "submitted_ms": 15274.863875,
        "observed_completed_ms": 15279.404083,
        "start_to_observed_completion_ms": 10.005083000000013,
        "submit_to_observed_completion_ms": 4.540208000000348,
        "continuous_iteration_ms": 10.123041152954102,
        "frame_ms": 6.29625129699707,
        "component_sum_ms": 6.29625129699707,
        "tick_ms": 0.12641699612140656,
        "dynamic_mesh_ms": 0.7962919473648071,
        "encode_ms": 0.7186249494552612,
        "admission_or_completion_ms": 4.654917240142822
      },
      {
        "index": 255,
        "started_ms": 15279.522041,
        "submitted_ms": 15281.182958000001,
        "observed_completed_ms": 15285.717832999999,
        "start_to_observed_completion_ms": 6.195791999998619,
        "submit_to_observed_completion_ms": 4.534874999997555,
        "continuous_iteration_ms": 10.162084579467773,
        "frame_ms": 6.308041572570801,
        "component_sum_ms": 6.308041572570801,
        "tick_ms": 0.12425000220537186,
        "dynamic_mesh_ms": 0.779790997505188,
        "encode_ms": 0.7557920217514038,
        "admission_or_completion_ms": 4.6482086181640625
      },
      {
        "index": 256,
        "started_ms": 15289.684125000002,
        "submitted_ms": 15295.254125,
        "observed_completed_ms": 15298.300291,
        "start_to_observed_completion_ms": 8.616165999997975,
        "submit_to_observed_completion_ms": 3.0461660000000848,
        "continuous_iteration_ms": 8.740708351135254,
        "frame_ms": 4.858334064483643,
        "component_sum_ms": 4.858334064483643,
        "tick_ms": 0.12341700494289398,
        "dynamic_mesh_ms": 0.774167001247406,
        "encode_ms": 0.8002499938011169,
        "admission_or_completion_ms": 3.1605000495910645
      },
      {
        "index": 257,
        "started_ms": 15298.424833000001,
        "submitted_ms": 15300.154791,
        "observed_completed_ms": 15304.693416,
        "start_to_observed_completion_ms": 6.268582999999126,
        "submit_to_observed_completion_ms": 4.538624999999229,
        "continuous_iteration_ms": 10.288958549499512,
        "frame_ms": 6.383082866668701,
        "component_sum_ms": 6.383082866668701,
        "tick_ms": 0.125,
        "dynamic_mesh_ms": 0.7742080092430115,
        "encode_ms": 0.8294159770011902,
        "admission_or_completion_ms": 4.654458999633789
      },
      {
        "index": 258,
        "started_ms": 15308.713791,
        "submitted_ms": 15314.212916,
        "observed_completed_ms": 15317.2405,
        "start_to_observed_completion_ms": 8.526708999999755,
        "submit_to_observed_completion_ms": 3.0275839999994787,
        "continuous_iteration_ms": 8.641708374023438,
        "frame_ms": 4.779458045959473,
        "component_sum_ms": 4.779458045959473,
        "tick_ms": 0.1251250058412552,
        "dynamic_mesh_ms": 0.7872499823570251,
        "encode_ms": 0.7274160385131836,
        "admission_or_completion_ms": 3.13966703414917
      },
      {
        "index": 259,
        "started_ms": 15317.3555,
        "submitted_ms": 15318.989458,
        "observed_completed_ms": 15323.540665999999,
        "start_to_observed_completion_ms": 6.185165999999299,
        "submit_to_observed_completion_ms": 4.551207999998951,
        "continuous_iteration_ms": 10.186582565307617,
        "frame_ms": 6.2965407371521,
        "component_sum_ms": 6.2965407371521,
        "tick_ms": 0.1232910007238388,
        "dynamic_mesh_ms": 0.778499960899353,
        "encode_ms": 0.7309169769287109,
        "admission_or_completion_ms": 4.663832664489746
      },
      {
        "index": 260,
        "started_ms": 15327.542083,
        "submitted_ms": 15333.083458000001,
        "observed_completed_ms": 15337.194041,
        "start_to_observed_completion_ms": 9.651958000000377,
        "submit_to_observed_completion_ms": 4.110582999999679,
        "continuous_iteration_ms": 9.769417762756348,
        "frame_ms": 5.912043571472168,
        "component_sum_ms": 5.912043571472168,
        "tick_ms": 0.1252090036869049,
        "dynamic_mesh_ms": 0.7797920107841492,
        "encode_ms": 0.7826250195503235,
        "admission_or_completion_ms": 4.224417209625244
      },
      {
        "index": 261,
        "started_ms": 15337.3115,
        "submitted_ms": 15338.947415999999,
        "observed_completed_ms": 15343.359083,
        "start_to_observed_completion_ms": 6.047582999999577,
        "submit_to_observed_completion_ms": 4.411667000000307,
        "continuous_iteration_ms": 10.041999816894531,
        "frame_ms": 6.159541606903076,
        "component_sum_ms": 6.159541606903076,
        "tick_ms": 0.12325000762939453,
        "dynamic_mesh_ms": 0.7771669626235962,
        "encode_ms": 0.734250009059906,
        "admission_or_completion_ms": 4.524874687194824
      },
      {
        "index": 262,
        "started_ms": 15347.353500000001,
        "submitted_ms": 15352.929082999999,
        "observed_completed_ms": 15355.9655,
        "start_to_observed_completion_ms": 8.61199999999917,
        "submit_to_observed_completion_ms": 3.0364170000011654,
        "continuous_iteration_ms": 8.744291305541992,
        "frame_ms": 4.887207984924316,
        "component_sum_ms": 4.887207984924316,
        "tick_ms": 0.1285420060157776,
        "dynamic_mesh_ms": 0.7990410327911377,
        "encode_ms": 0.7947079539299011,
        "admission_or_completion_ms": 3.1649169921875
      },
      {
        "index": 263,
        "started_ms": 15356.097791,
        "submitted_ms": 15357.844791,
        "observed_completed_ms": 15362.387625,
        "start_to_observed_completion_ms": 6.289833999999246,
        "submit_to_observed_completion_ms": 4.542833999999857,
        "continuous_iteration_ms": 10.355916976928711,
        "frame_ms": 6.416749954223633,
        "component_sum_ms": 6.416749954223633,
        "tick_ms": 0.12445899844169617,
        "dynamic_mesh_ms": 0.7827500104904175,
        "encode_ms": 0.8382909893989563,
        "admission_or_completion_ms": 4.671249866485596
      },
      {
        "index": 264,
        "started_ms": 15366.453708,
        "submitted_ms": 15372.302916,
        "observed_completed_ms": 15375.364208,
        "start_to_observed_completion_ms": 8.910500000001775,
        "submit_to_observed_completion_ms": 3.0612920000003214,
        "continuous_iteration_ms": 9.03337574005127,
        "frame_ms": 4.935375213623047,
        "component_sum_ms": 4.935375213623047,
        "tick_ms": 0.14133299887180328,
        "dynamic_mesh_ms": 0.824999988079071,
        "encode_ms": 0.7920829653739929,
        "admission_or_completion_ms": 3.1769590377807617
      },
      {
        "index": 265,
        "started_ms": 15375.487083,
        "submitted_ms": 15377.29175,
        "observed_completed_ms": 15381.847958,
        "start_to_observed_completion_ms": 6.360875000000306,
        "submit_to_observed_completion_ms": 4.55620799999997,
        "continuous_iteration_ms": 10.63208293914795,
        "frame_ms": 6.474249362945557,
        "component_sum_ms": 6.474249362945557,
        "tick_ms": 0.12870799005031586,
        "dynamic_mesh_ms": 0.7985000014305115,
        "encode_ms": 0.8756250143051147,
        "admission_or_completion_ms": 4.671416282653809
      },
      {
        "index": 266,
        "started_ms": 15386.119166,
        "submitted_ms": 15392.0,
        "observed_completed_ms": 15396.539666,
        "start_to_observed_completion_ms": 10.420500000000175,
        "submit_to_observed_completion_ms": 4.5396660000005795,
        "continuous_iteration_ms": 10.629375457763672,
        "frame_ms": 6.538374900817871,
        "component_sum_ms": 6.538374900817871,
        "tick_ms": 0.13033300638198853,
        "dynamic_mesh_ms": 0.7974160313606262,
        "encode_ms": 0.8679590225219727,
        "admission_or_completion_ms": 4.742666721343994
      },
      {
        "index": 267,
        "started_ms": 15396.748541,
        "submitted_ms": 15398.633833,
        "observed_completed_ms": 15403.17725,
        "start_to_observed_completion_ms": 6.428708999999799,
        "submit_to_observed_completion_ms": 4.5434170000007725,
        "continuous_iteration_ms": 11.986833572387695,
        "frame_ms": 6.540708541870117,
        "component_sum_ms": 6.540708541870117,
        "tick_ms": 0.14491599798202515,
        "dynamic_mesh_ms": 0.8425000309944153,
        "encode_ms": 0.8960829973220825,
        "admission_or_completion_ms": 4.657209396362305
      },
      {
        "index": 268,
        "started_ms": 15408.735374999998,
        "submitted_ms": 15415.928833,
        "observed_completed_ms": 15420.462458,
        "start_to_observed_completion_ms": 11.727083000001585,
        "submit_to_observed_completion_ms": 4.533625000000029,
        "continuous_iteration_ms": 11.844457626342773,
        "frame_ms": 6.406666278839111,
        "component_sum_ms": 6.406666278839111,
        "tick_ms": 0.13187499344348907,
        "dynamic_mesh_ms": 0.8189160227775574,
        "encode_ms": 0.808667004108429,
        "admission_or_completion_ms": 4.647208213806152
      },
      {
        "index": 269,
        "started_ms": 15420.579833,
        "submitted_ms": 15422.262958,
        "observed_completed_ms": 15425.304750000001,
        "start_to_observed_completion_ms": 4.724917000001369,
        "submit_to_observed_completion_ms": 3.0417920000018057,
        "continuous_iteration_ms": 8.818416595458984,
        "frame_ms": 4.836708068847656,
        "component_sum_ms": 4.836708068847656,
        "tick_ms": 0.1276250034570694,
        "dynamic_mesh_ms": 0.7987909913063049,
        "encode_ms": 0.7551670074462891,
        "admission_or_completion_ms": 3.1551249027252197
      },
      {
        "index": 270,
        "started_ms": 15429.39825,
        "submitted_ms": 15435.169791,
        "observed_completed_ms": 15439.709083,
        "start_to_observed_completion_ms": 10.310832999999548,
        "submit_to_observed_completion_ms": 4.539291999999477,
        "continuous_iteration_ms": 10.431832313537598,
        "frame_ms": 6.497500896453857,
        "component_sum_ms": 6.497500896453857,
        "tick_ms": 0.14612500369548798,
        "dynamic_mesh_ms": 0.8561250567436218,
        "encode_ms": 0.8403750061988831,
        "admission_or_completion_ms": 4.654875755310059
      },
      {
        "index": 271,
        "started_ms": 15439.830083,
        "submitted_ms": 15441.634166,
        "observed_completed_ms": 15446.176958,
        "start_to_observed_completion_ms": 6.346874999999272,
        "submit_to_observed_completion_ms": 4.5427920000001905,
        "continuous_iteration_ms": 10.515957832336426,
        "frame_ms": 6.555041313171387,
        "component_sum_ms": 6.555041313171387,
        "tick_ms": 0.1497500091791153,
        "dynamic_mesh_ms": 0.823415994644165,
        "encode_ms": 0.8285000324249268,
        "admission_or_completion_ms": 4.753375053405762
      },
      {
        "index": 272,
        "started_ms": 15450.346040999999,
        "submitted_ms": 15457.653333,
        "observed_completed_ms": 15462.198541,
        "start_to_observed_completion_ms": 11.852500000000873,
        "submit_to_observed_completion_ms": 4.545207999999548,
        "continuous_iteration_ms": 11.970417022705078,
        "frame_ms": 6.504208087921143,
        "component_sum_ms": 6.504208087921143,
        "tick_ms": 0.13300000131130219,
        "dynamic_mesh_ms": 0.8187080025672913,
        "encode_ms": 0.8929169774055481,
        "admission_or_completion_ms": 4.65958309173584
      },
      {
        "index": 273,
        "started_ms": 15462.316458,
        "submitted_ms": 15464.129874999999,
        "observed_completed_ms": 15468.681125,
        "start_to_observed_completion_ms": 6.364666999999827,
        "submit_to_observed_completion_ms": 4.551250000000437,
        "continuous_iteration_ms": 11.981374740600586,
        "frame_ms": 6.476541519165039,
        "component_sum_ms": 6.476541519165039,
        "tick_ms": 0.13291600346565247,
        "dynamic_mesh_ms": 0.8180829882621765,
        "encode_ms": 0.8596670031547546,
        "admission_or_completion_ms": 4.665875434875488
      },
      {
        "index": 274,
        "started_ms": 15474.297832999999,
        "submitted_ms": 15480.048791,
        "observed_completed_ms": 15483.090208,
        "start_to_observed_completion_ms": 8.792375000000902,
        "submit_to_observed_completion_ms": 3.041417000000365,
        "continuous_iteration_ms": 8.909749984741211,
        "frame_ms": 4.955082893371582,
        "component_sum_ms": 4.955082893371582,
        "tick_ms": 0.13620899617671967,
        "dynamic_mesh_ms": 0.8070829510688782,
        "encode_ms": 0.8569160103797913,
        "admission_or_completion_ms": 3.154874801635742
      },
      {
        "index": 275,
        "started_ms": 15483.207583000001,
        "submitted_ms": 15484.9495,
        "observed_completed_ms": 15489.491708,
        "start_to_observed_completion_ms": 6.284124999998312,
        "submit_to_observed_completion_ms": 4.542207999998936,
        "continuous_iteration_ms": 10.50504207611084,
        "frame_ms": 6.400917053222656,
        "component_sum_ms": 6.400917053222656,
        "tick_ms": 0.1297919899225235,
        "dynamic_mesh_ms": 0.8005419969558716,
        "encode_ms": 0.8099589943885803,
        "admission_or_completion_ms": 4.660624027252197
      },
      {
        "index": 276,
        "started_ms": 15493.712625,
        "submitted_ms": 15501.066916,
        "observed_completed_ms": 15505.623583,
        "start_to_observed_completion_ms": 11.910958000000392,
        "submit_to_observed_completion_ms": 4.556667000000743,
        "continuous_iteration_ms": 12.030582427978516,
        "frame_ms": 6.626875877380371,
        "component_sum_ms": 6.626875877380371,
        "tick_ms": 0.12783300876617432,
        "dynamic_mesh_ms": 0.7964589595794678,
        "encode_ms": 1.0306249856948853,
        "admission_or_completion_ms": 4.671958923339844
      },
      {
        "index": 277,
        "started_ms": 15505.743208,
        "submitted_ms": 15507.741416,
        "observed_completed_ms": 15512.290958,
        "start_to_observed_completion_ms": 6.5477499999997235,
        "submit_to_observed_completion_ms": 4.549541999998837,
        "continuous_iteration_ms": 10.732375144958496,
        "frame_ms": 6.661957263946533,
        "component_sum_ms": 6.661957263946533,
        "tick_ms": 0.13087500631809235,
        "dynamic_mesh_ms": 0.8067079782485962,
        "encode_ms": 1.0589580535888672,
        "admission_or_completion_ms": 4.665416240692139
      },
      {
        "index": 278,
        "started_ms": 15516.475583,
        "submitted_ms": 15523.983541,
        "observed_completed_ms": 15528.522833,
        "start_to_observed_completion_ms": 12.04725000000144,
        "submit_to_observed_completion_ms": 4.539292000001296,
        "continuous_iteration_ms": 12.166500091552734,
        "frame_ms": 6.630499839782715,
        "component_sum_ms": 6.630499839782715,
        "tick_ms": 0.13087500631809235,
        "dynamic_mesh_ms": 0.8062919974327087,
        "encode_ms": 1.038957953453064,
        "admission_or_completion_ms": 4.654374599456787
      },
      {
        "index": 279,
        "started_ms": 15528.642082999999,
        "submitted_ms": 15530.403208,
        "observed_completed_ms": 15534.963625,
        "start_to_observed_completion_ms": 6.3215420000015,
        "submit_to_observed_completion_ms": 4.560417000000598,
        "continuous_iteration_ms": 12.003250122070312,
        "frame_ms": 6.436497688293457,
        "component_sum_ms": 6.436497688293457,
        "tick_ms": 0.12758299708366394,
        "dynamic_mesh_ms": 0.7901660203933716,
        "encode_ms": 0.8423749804496765,
        "admission_or_completion_ms": 4.6763739585876465
      },
      {
        "index": 280,
        "started_ms": 15540.645333,
        "submitted_ms": 15547.988083,
        "observed_completed_ms": 15552.524708,
        "start_to_observed_completion_ms": 11.879375000000437,
        "submit_to_observed_completion_ms": 4.53662500000064,
        "continuous_iteration_ms": 11.999041557312012,
        "frame_ms": 6.483665466308594,
        "component_sum_ms": 6.483665466308594,
        "tick_ms": 0.13991700112819672,
        "dynamic_mesh_ms": 0.8320410251617432,
        "encode_ms": 0.8609169721603394,
        "admission_or_completion_ms": 4.650790691375732
      },
      {
        "index": 281,
        "started_ms": 15552.644375,
        "submitted_ms": 15554.373207999999,
        "observed_completed_ms": 15558.576666,
        "start_to_observed_completion_ms": 5.932291000000987,
        "submit_to_observed_completion_ms": 4.203458000001774,
        "continuous_iteration_ms": 10.065916061401367,
        "frame_ms": 6.067249774932861,
        "component_sum_ms": 6.067249774932861,
        "tick_ms": 0.1375419944524765,
        "dynamic_mesh_ms": 0.8370839953422546,
        "encode_ms": 0.7528749704360962,
        "admission_or_completion_ms": 4.339748859405518
      },
      {
        "index": 282,
        "started_ms": 15562.710291,
        "submitted_ms": 15568.318833,
        "observed_completed_ms": 15572.854,
        "start_to_observed_completion_ms": 10.143708999999944,
        "submit_to_observed_completion_ms": 4.535167000000001,
        "continuous_iteration_ms": 10.267250061035156,
        "frame_ms": 6.391499996185303,
        "component_sum_ms": 6.391499996185303,
        "tick_ms": 0.13312499225139618,
        "dynamic_mesh_ms": 0.8115419745445251,
        "encode_ms": 0.7922080159187317,
        "admission_or_completion_ms": 4.654624938964844
      },
      {
        "index": 283,
        "started_ms": 15572.977541,
        "submitted_ms": 15574.7295,
        "observed_completed_ms": 15579.269458,
        "start_to_observed_completion_ms": 6.291917000000467,
        "submit_to_observed_completion_ms": 4.5399580000012065,
        "continuous_iteration_ms": 10.294292449951172,
        "frame_ms": 6.4027099609375,
        "component_sum_ms": 6.4027099609375,
        "tick_ms": 0.13758398592472076,
        "dynamic_mesh_ms": 0.8305839896202087,
        "encode_ms": 0.7822089791297913,
        "admission_or_completion_ms": 4.652332782745361
      },
      {
        "index": 284,
        "started_ms": 15583.271832999999,
        "submitted_ms": 15590.441958,
        "observed_completed_ms": 15594.995166,
        "start_to_observed_completion_ms": 11.72333300000173,
        "submit_to_observed_completion_ms": 4.553208000001177,
        "continuous_iteration_ms": 11.855916976928711,
        "frame_ms": 6.423791885375977,
        "component_sum_ms": 6.423791885375977,
        "tick_ms": 0.12908299267292023,
        "dynamic_mesh_ms": 0.7990840077400208,
        "encode_ms": 0.8169170022010803,
        "admission_or_completion_ms": 4.678708076477051
      },
      {
        "index": 285,
        "started_ms": 15595.12775,
        "submitted_ms": 15596.868208,
        "observed_completed_ms": 15601.415333,
        "start_to_observed_completion_ms": 6.287583000001177,
        "submit_to_observed_completion_ms": 4.54712500000096,
        "continuous_iteration_ms": 11.876290321350098,
        "frame_ms": 6.399749755859375,
        "component_sum_ms": 6.399749755859375,
        "tick_ms": 0.13791599869728088,
        "dynamic_mesh_ms": 0.7882919907569885,
        "encode_ms": 0.8129580020904541,
        "admission_or_completion_ms": 4.660583972930908
      },
      {
        "index": 286,
        "started_ms": 15607.004041,
        "submitted_ms": 15614.449166,
        "observed_completed_ms": 15618.721291,
        "start_to_observed_completion_ms": 11.717249999999694,
        "submit_to_observed_completion_ms": 4.272124999999505,
        "continuous_iteration_ms": 11.83737564086914,
        "frame_ms": 6.370458602905273,
        "component_sum_ms": 6.370458602905273,
        "tick_ms": 0.14012500643730164,
        "dynamic_mesh_ms": 0.8271249532699585,
        "encode_ms": 1.0158330202102661,
        "admission_or_completion_ms": 4.387375354766846
      },
      {
        "index": 287,
        "started_ms": 15618.841416000001,
        "submitted_ms": 15620.570916,
        "observed_completed_ms": 15625.123458,
        "start_to_observed_completion_ms": 6.28204199999891,
        "submit_to_observed_completion_ms": 4.552541999999448,
        "continuous_iteration_ms": 11.958084106445312,
        "frame_ms": 6.397460460662842,
        "component_sum_ms": 6.397460460662842,
        "tick_ms": 0.1336669921875,
        "dynamic_mesh_ms": 0.8094590306282043,
        "encode_ms": 0.784375011920929,
        "admission_or_completion_ms": 4.669959545135498
      },
      {
        "index": 288,
        "started_ms": 15630.799500000001,
        "submitted_ms": 15638.034166000001,
        "observed_completed_ms": 15642.569291000002,
        "start_to_observed_completion_ms": 11.769791000000623,
        "submit_to_observed_completion_ms": 4.535125000000335,
        "continuous_iteration_ms": 11.88779067993164,
        "frame_ms": 6.42283296585083,
        "component_sum_ms": 6.42283296585083,
        "tick_ms": 0.13141699135303497,
        "dynamic_mesh_ms": 0.8573330044746399,
        "encode_ms": 0.7855830192565918,
        "admission_or_completion_ms": 4.648499965667725
      },
      {
        "index": 289,
        "started_ms": 15642.687291,
        "submitted_ms": 15644.383375,
        "observed_completed_ms": 15648.922375,
        "start_to_observed_completion_ms": 6.235083999999915,
        "submit_to_observed_completion_ms": 4.539000000000669,
        "continuous_iteration_ms": 11.75183391571045,
        "frame_ms": 6.348166465759277,
        "component_sum_ms": 6.348166465759277,
        "tick_ms": 0.13224999606609344,
        "dynamic_mesh_ms": 0.8100420236587524,
        "encode_ms": 0.7522090077400208,
        "admission_or_completion_ms": 4.653665542602539
      },
      {
        "index": 290,
        "started_ms": 15654.439124999999,
        "submitted_ms": 15661.842290999999,
        "observed_completed_ms": 15666.380125,
        "start_to_observed_completion_ms": 11.941000000000713,
        "submit_to_observed_completion_ms": 4.537834000000657,
        "continuous_iteration_ms": 12.059666633605957,
        "frame_ms": 6.671456813812256,
        "component_sum_ms": 6.671456813812256,
        "tick_ms": 0.13587500154972076,
        "dynamic_mesh_ms": 0.8127080202102661,
        "encode_ms": 1.0708329677581787,
        "admission_or_completion_ms": 4.652040958404541
      },
      {
        "index": 291,
        "started_ms": 15666.498791,
        "submitted_ms": 15668.186291,
        "observed_completed_ms": 15672.731916,
        "start_to_observed_completion_ms": 6.233125000000655,
        "submit_to_observed_completion_ms": 4.545625000000655,
        "continuous_iteration_ms": 11.786999702453613,
        "frame_ms": 6.345250606536865,
        "component_sum_ms": 6.345250606536865,
        "tick_ms": 0.13099999725818634,
        "dynamic_mesh_ms": 0.7944169640541077,
        "encode_ms": 0.7605410218238831,
        "admission_or_completion_ms": 4.659292697906494
      },
      {
        "index": 292,
        "started_ms": 15678.285791,
        "submitted_ms": 15685.07625,
        "observed_completed_ms": 15690.662250000001,
        "start_to_observed_completion_ms": 12.376459000000978,
        "submit_to_observed_completion_ms": 5.58600000000115,
        "continuous_iteration_ms": 12.495041847229004,
        "frame_ms": 7.448332786560059,
        "component_sum_ms": 7.448332786560059,
        "tick_ms": 0.13420800864696503,
        "dynamic_mesh_ms": 0.8211669921875,
        "encode_ms": 0.7920420169830322,
        "admission_or_completion_ms": 5.700915813446045
      },
      {
        "index": 293,
        "started_ms": 15690.780833,
        "submitted_ms": 15692.53325,
        "observed_completed_ms": 15698.592165999999,
        "start_to_observed_completion_ms": 7.8113329999978305,
        "submit_to_observed_completion_ms": 6.058915999998135,
        "continuous_iteration_ms": 13.394832611083984,
        "frame_ms": 7.9244184494018555,
        "component_sum_ms": 7.9244184494018555,
        "tick_ms": 0.1282919943332672,
        "dynamic_mesh_ms": 0.8016669750213623,
        "encode_ms": 0.8208340406417847,
        "admission_or_completion_ms": 6.173625469207764
      },
      {
        "index": 294,
        "started_ms": 15704.175666,
        "submitted_ms": 15710.9935,
        "observed_completed_ms": 15716.831708000002,
        "start_to_observed_completion_ms": 12.656042000002344,
        "submit_to_observed_completion_ms": 5.838208000001032,
        "continuous_iteration_ms": 12.775124549865723,
        "frame_ms": 7.6696248054504395,
        "component_sum_ms": 7.6696248054504395,
        "tick_ms": 0.12641699612140656,
        "dynamic_mesh_ms": 0.7988749742507935,
        "encode_ms": 0.7902089953422546,
        "admission_or_completion_ms": 5.9541239738464355
      },
      {
        "index": 295,
        "started_ms": 15716.950791000001,
        "submitted_ms": 15718.656958,
        "observed_completed_ms": 15724.709916,
        "start_to_observed_completion_ms": 7.759124999998676,
        "submit_to_observed_completion_ms": 6.052958000000217,
        "continuous_iteration_ms": 14.399958610534668,
        "frame_ms": 7.871498107910156,
        "component_sum_ms": 7.871498107910156,
        "tick_ms": 0.12574999034404755,
        "dynamic_mesh_ms": 0.7897909879684448,
        "encode_ms": 0.788707971572876,
        "admission_or_completion_ms": 6.1672492027282715
      },
      {
        "index": 296,
        "started_ms": 15731.350750000001,
        "submitted_ms": 15739.94825,
        "observed_completed_ms": 15747.520541,
        "start_to_observed_completion_ms": 16.16979099999844,
        "submit_to_observed_completion_ms": 7.572291000000405,
        "continuous_iteration_ms": 16.291250228881836,
        "frame_ms": 9.37449836730957,
        "component_sum_ms": 9.37449836730957,
        "tick_ms": 0.1262499988079071,
        "dynamic_mesh_ms": 0.7846660017967224,
        "encode_ms": 0.7742089629173279,
        "admission_or_completion_ms": 7.689373970031738
      },
      {
        "index": 297,
        "started_ms": 15747.642000000002,
        "submitted_ms": 15749.525375,
        "observed_completed_ms": 15758.611708,
        "start_to_observed_completion_ms": 10.969707999998718,
        "submit_to_observed_completion_ms": 9.086333000001105,
        "continuous_iteration_ms": 18.20895767211914,
        "frame_ms": 11.087126731872559,
        "component_sum_ms": 11.087126731872559,
        "tick_ms": 0.1279579997062683,
        "dynamic_mesh_ms": 0.7859169840812683,
        "encode_ms": 0.9673340320587158,
        "admission_or_completion_ms": 9.205917358398438
      },
      {
        "index": 298,
        "started_ms": 15765.850957999999,
        "submitted_ms": 15774.597749999999,
        "observed_completed_ms": 15780.648791000001,
        "start_to_observed_completion_ms": 14.797833000002356,
        "submit_to_observed_completion_ms": 6.051041000002442,
        "continuous_iteration_ms": 14.918457984924316,
        "frame_ms": 7.946834087371826,
        "component_sum_ms": 7.946834087371826,
        "tick_ms": 0.12924998998641968,
        "dynamic_mesh_ms": 0.8378340005874634,
        "encode_ms": 0.8133339881896973,
        "admission_or_completion_ms": 6.166416168212891
      },
      {
        "index": 299,
        "started_ms": 15780.769416,
        "submitted_ms": 15782.620916000002,
        "observed_completed_ms": 15788.667207999999,
        "start_to_observed_completion_ms": 7.897791999999754,
        "submit_to_observed_completion_ms": 6.0462919999972655,
        "continuous_iteration_ms": 13.42691707611084,
        "frame_ms": 8.009331703186035,
        "component_sum_ms": 8.009331703186035,
        "tick_ms": 0.1441659927368164,
        "dynamic_mesh_ms": 0.859125018119812,
        "encode_ms": 0.8464580178260803,
        "admission_or_completion_ms": 6.159582614898682
      },
      {
        "index": 300,
        "started_ms": 15794.196333,
        "submitted_ms": 15803.0715,
        "observed_completed_ms": 15809.131875000001,
        "start_to_observed_completion_ms": 14.935542000001078,
        "submit_to_observed_completion_ms": 6.060375000000931,
        "continuous_iteration_ms": 15.093667030334473,
        "frame_ms": 8.068208694458008,
        "component_sum_ms": 8.068208694458008,
        "tick_ms": 0.12987500429153442,
        "dynamic_mesh_ms": 0.8200419545173645,
        "encode_ms": 0.9426670074462891,
        "admission_or_completion_ms": 6.175624847412109
      },
      {
        "index": 301,
        "started_ms": 15809.29,
        "submitted_ms": 15811.270958,
        "observed_completed_ms": 15816.993124999999,
        "start_to_observed_completion_ms": 7.703124999998181,
        "submit_to_observed_completion_ms": 5.722166999999899,
        "continuous_iteration_ms": 13.336791038513184,
        "frame_ms": 7.8164167404174805,
        "component_sum_ms": 7.8164167404174805,
        "tick_ms": 0.13737499713897705,
        "dynamic_mesh_ms": 0.8358330130577087,
        "encode_ms": 1.0057919025421143,
        "admission_or_completion_ms": 5.837417125701904
      },
      {
        "index": 302,
        "started_ms": 15822.626790999999,
        "submitted_ms": 15830.005249999998,
        "observed_completed_ms": 15834.562249999999,
        "start_to_observed_completion_ms": 11.935459000000264,
        "submit_to_observed_completion_ms": 4.5570000000006985,
        "continuous_iteration_ms": 12.057708740234375,
        "frame_ms": 6.558291912078857,
        "component_sum_ms": 6.558291912078857,
        "tick_ms": 0.14958299696445465,
        "dynamic_mesh_ms": 0.8369170427322388,
        "encode_ms": 0.8976670503616333,
        "admission_or_completion_ms": 4.674124717712402
      },
      {
        "index": 303,
        "started_ms": 15834.6845,
        "submitted_ms": 15836.905208,
        "observed_completed_ms": 15840.980333,
        "start_to_observed_completion_ms": 6.29583300000013,
        "submit_to_observed_completion_ms": 4.075124999999389,
        "continuous_iteration_ms": 10.388458251953125,
        "frame_ms": 6.41054105758667,
        "component_sum_ms": 6.41054105758667,
        "tick_ms": 0.13774999976158142,
        "dynamic_mesh_ms": 0.8364580273628235,
        "encode_ms": 1.2444580793380737,
        "admission_or_completion_ms": 4.191874980926514
      },
      {
        "index": 304,
        "started_ms": 15845.072957999999,
        "submitted_ms": 15850.868666,
        "observed_completed_ms": 15855.188625,
        "start_to_observed_completion_ms": 10.11566700000185,
        "submit_to_observed_completion_ms": 4.319959000000381,
        "continuous_iteration_ms": 10.318624496459961,
        "frame_ms": 6.334375381469727,
        "component_sum_ms": 6.334375381469727,
        "tick_ms": 0.14237500727176666,
        "dynamic_mesh_ms": 0.8455420136451721,
        "encode_ms": 0.8288330435752869,
        "admission_or_completion_ms": 4.517625331878662
      },
      {
        "index": 305,
        "started_ms": 15855.391582999999,
        "submitted_ms": 15857.416625000002,
        "observed_completed_ms": 15861.970082999998,
        "start_to_observed_completion_ms": 6.578499999999622,
        "submit_to_observed_completion_ms": 4.553457999996681,
        "continuous_iteration_ms": 10.720916748046875,
        "frame_ms": 6.706042289733887,
        "component_sum_ms": 6.706042289733887,
        "tick_ms": 0.13220900297164917,
        "dynamic_mesh_ms": 0.8130830526351929,
        "encode_ms": 1.0776249170303345,
        "admission_or_completion_ms": 4.683125019073486
      },
      {
        "index": 306,
        "started_ms": 15866.1125,
        "submitted_ms": 15871.829791,
        "observed_completed_ms": 15874.887416,
        "start_to_observed_completion_ms": 8.774916000000303,
        "submit_to_observed_completion_ms": 3.0576249999994616,
        "continuous_iteration_ms": 8.897832870483398,
        "frame_ms": 4.888208866119385,
        "component_sum_ms": 4.888208866119385,
        "tick_ms": 0.13416700065135956,
        "dynamic_mesh_ms": 0.8179590106010437,
        "encode_ms": 0.7610830068588257,
        "admission_or_completion_ms": 3.174999952316284
      },
      {
        "index": 307,
        "started_ms": 15875.010333,
        "submitted_ms": 15876.935082999998,
        "observed_completed_ms": 15881.486833,
        "start_to_observed_completion_ms": 6.476500000000669,
        "submit_to_observed_completion_ms": 4.551750000002357,
        "continuous_iteration_ms": 10.68762493133545,
        "frame_ms": 6.589208602905273,
        "component_sum_ms": 6.589208602905273,
        "tick_ms": 0.14054200053215027,
        "dynamic_mesh_ms": 0.836667001247406,
        "encode_ms": 0.9451249837875366,
        "admission_or_completion_ms": 4.666874885559082
      },
      {
        "index": 308,
        "started_ms": 15885.697957999999,
        "submitted_ms": 15891.590583,
        "observed_completed_ms": 15894.622625,
        "start_to_observed_completion_ms": 8.924667000001136,
        "submit_to_observed_completion_ms": 3.032042000000729,
        "continuous_iteration_ms": 9.04204273223877,
        "frame_ms": 5.022916793823242,
        "component_sum_ms": 5.022916793823242,
        "tick_ms": 0.15220899879932404,
        "dynamic_mesh_ms": 0.8223749995231628,
        "encode_ms": 0.902417004108429,
        "admission_or_completion_ms": 3.145915985107422
      },
      {
        "index": 309,
        "started_ms": 15894.74,
        "submitted_ms": 15896.492708,
        "observed_completed_ms": 15899.535,
        "start_to_observed_completion_ms": 4.795000000000073,
        "submit_to_observed_completion_ms": 3.0422920000000886,
        "continuous_iteration_ms": 8.899582862854004,
        "frame_ms": 4.908123016357422,
        "component_sum_ms": 4.908123016357422,
        "tick_ms": 0.1308329999446869,
        "dynamic_mesh_ms": 0.7969160079956055,
        "encode_ms": 0.8233749866485596,
        "admission_or_completion_ms": 3.156999111175537
      },
      {
        "index": 310,
        "started_ms": 15903.639583,
        "submitted_ms": 15909.426791,
        "observed_completed_ms": 15912.460291000001,
        "start_to_observed_completion_ms": 8.820708000001105,
        "submit_to_observed_completion_ms": 3.033500000001368,
        "continuous_iteration_ms": 8.948624610900879,
        "frame_ms": 4.955456733703613,
        "component_sum_ms": 4.955456733703613,
        "tick_ms": 0.13029100000858307,
        "dynamic_mesh_ms": 0.7946250438690186,
        "encode_ms": 0.8740000128746033,
        "admission_or_completion_ms": 3.156540870666504
      },
      {
        "index": 311,
        "started_ms": 15912.588208000001,
        "submitted_ms": 15914.357125,
        "observed_completed_ms": 15917.341791,
        "start_to_observed_completion_ms": 4.753582999999708,
        "submit_to_observed_completion_ms": 2.9846660000002885,
        "continuous_iteration_ms": 8.936958312988281,
        "frame_ms": 4.867708206176758,
        "component_sum_ms": 4.867708206176758,
        "tick_ms": 0.14966699481010437,
        "dynamic_mesh_ms": 0.8302499651908875,
        "encode_ms": 0.7867500185966492,
        "admission_or_completion_ms": 3.101041078567505
      },
      {
        "index": 312,
        "started_ms": 15921.525166,
        "submitted_ms": 15927.439958,
        "observed_completed_ms": 15931.98675,
        "start_to_observed_completion_ms": 10.461584000000585,
        "submit_to_observed_completion_ms": 4.546791999999186,
        "continuous_iteration_ms": 10.579999923706055,
        "frame_ms": 6.4847517013549805,
        "component_sum_ms": 6.4847517013549805,
        "tick_ms": 0.1473339945077896,
        "dynamic_mesh_ms": 0.8725419640541077,
        "encode_ms": 0.8029170036315918,
        "admission_or_completion_ms": 4.661958694458008
      },
      {
        "index": 313,
        "started_ms": 15932.105166,
        "submitted_ms": 15933.987833,
        "observed_completed_ms": 15937.019166,
        "start_to_observed_completion_ms": 4.914000000000669,
        "submit_to_observed_completion_ms": 3.0313330000008136,
        "continuous_iteration_ms": 8.921916961669922,
        "frame_ms": 5.025332927703857,
        "component_sum_ms": 5.025332927703857,
        "tick_ms": 0.12816700339317322,
        "dynamic_mesh_ms": 0.8336660265922546,
        "encode_ms": 0.918166995048523,
        "admission_or_completion_ms": 3.1453328132629395
      },
      {
        "index": 314,
        "started_ms": 15941.027082999999,
        "submitted_ms": 15946.782166,
        "observed_completed_ms": 15949.837708000001,
        "start_to_observed_completion_ms": 8.810625000001892,
        "submit_to_observed_completion_ms": 3.0555420000000595,
        "continuous_iteration_ms": 8.941542625427246,
        "frame_ms": 4.999667167663574,
        "component_sum_ms": 4.999667167663574,
        "tick_ms": 0.12700000405311584,
        "dynamic_mesh_ms": 0.7806249856948853,
        "encode_ms": 0.9110000133514404,
        "admission_or_completion_ms": 3.181041955947876
      },
      {
        "index": 315,
        "started_ms": 15949.968625,
        "submitted_ms": 15951.854540999999,
        "observed_completed_ms": 15956.402125,
        "start_to_observed_completion_ms": 6.433500000001004,
        "submit_to_observed_completion_ms": 4.547584000001734,
        "continuous_iteration_ms": 10.52500057220459,
        "frame_ms": 6.549623966217041,
        "component_sum_ms": 6.549623966217041,
        "tick_ms": 0.13541600108146667,
        "dynamic_mesh_ms": 0.8303750157356262,
        "encode_ms": 0.9180409908294678,
        "admission_or_completion_ms": 4.665791988372803
      },
      {
        "index": 316,
        "started_ms": 15960.493625,
        "submitted_ms": 15967.415958,
        "observed_completed_ms": 15970.471666,
        "start_to_observed_completion_ms": 9.978041000000303,
        "submit_to_observed_completion_ms": 3.0557079999998678,
        "continuous_iteration_ms": 10.098750114440918,
        "frame_ms": 5.0074567794799805,
        "component_sum_ms": 5.0074567794799805,
        "tick_ms": 0.12704099714756012,
        "dynamic_mesh_ms": 0.8000829815864563,
        "encode_ms": 0.9101249575614929,
        "admission_or_completion_ms": 3.170207977294922
      },
      {
        "index": 317,
        "started_ms": 15970.592375,
        "submitted_ms": 15972.545415999999,
        "observed_completed_ms": 15975.166791,
        "start_to_observed_completion_ms": 4.574415999999474,
        "submit_to_observed_completion_ms": 2.6213750000006257,
        "continuous_iteration_ms": 8.685957908630371,
        "frame_ms": 4.685915946960449,
        "component_sum_ms": 4.685915946960449,
        "tick_ms": 0.14229200780391693,
        "dynamic_mesh_ms": 0.8502079844474792,
        "encode_ms": 0.9577080011367798,
        "admission_or_completion_ms": 2.735707998275757
      },
      {
        "index": 318,
        "started_ms": 15979.278333,
        "submitted_ms": 15985.012958000001,
        "observed_completed_ms": 15988.045790999999,
        "start_to_observed_completion_ms": 8.767457999998442,
        "submit_to_observed_completion_ms": 3.0328329999974812,
        "continuous_iteration_ms": 8.923666954040527,
        "frame_ms": 4.970582962036133,
        "component_sum_ms": 4.970582962036133,
        "tick_ms": 0.13420800864696503,
        "dynamic_mesh_ms": 0.8215410113334656,
        "encode_ms": 0.8310419917106628,
        "admission_or_completion_ms": 3.1837921142578125
      },
      {
        "index": 319,
        "started_ms": 15988.202,
        "submitted_ms": 15989.988583,
        "observed_completed_ms": 15993.030499999999,
        "start_to_observed_completion_ms": 4.828499999999622,
        "submit_to_observed_completion_ms": 3.041916999998648,
        "continuous_iteration_ms": 8.901958465576172,
        "frame_ms": 4.940625190734863,
        "component_sum_ms": 4.940625190734863,
        "tick_ms": 0.13837499916553497,
        "dynamic_mesh_ms": 0.7972919940948486,
        "encode_ms": 0.8495830297470093,
        "admission_or_completion_ms": 3.1553750038146973
      },
      {
        "index": 320,
        "started_ms": 15997.103958,
        "submitted_ms": 16002.700665999999,
        "observed_completed_ms": 16007.254833,
        "start_to_observed_completion_ms": 10.150875000001179,
        "submit_to_observed_completion_ms": 4.554167000002053,
        "continuous_iteration_ms": 10.297708511352539,
        "frame_ms": 6.533373832702637,
        "component_sum_ms": 6.533373832702637,
        "tick_ms": 0.1507919877767563,
        "dynamic_mesh_ms": 0.8540410399436951,
        "encode_ms": 0.8346660137176514,
        "admission_or_completion_ms": 4.693874835968018
      },
      {
        "index": 321,
        "started_ms": 16007.401666,
        "submitted_ms": 16009.269166,
        "observed_completed_ms": 16012.302208000001,
        "start_to_observed_completion_ms": 4.900542000001224,
        "submit_to_observed_completion_ms": 3.0330420000009326,
        "continuous_iteration_ms": 8.967791557312012,
        "frame_ms": 5.013250350952148,
        "component_sum_ms": 5.013250350952148,
        "tick_ms": 0.1437089890241623,
        "dynamic_mesh_ms": 0.8418329954147339,
        "encode_ms": 0.8794159889221191,
        "admission_or_completion_ms": 3.148292064666748
      },
      {
        "index": 322,
        "started_ms": 16016.369458,
        "submitted_ms": 16022.223166,
        "observed_completed_ms": 16025.260500000002,
        "start_to_observed_completion_ms": 8.891042000002926,
        "submit_to_observed_completion_ms": 3.0373340000023745,
        "continuous_iteration_ms": 9.0114164352417,
        "frame_ms": 4.9681267738342285,
        "component_sum_ms": 4.9681267738342285,
        "tick_ms": 0.1358339935541153,
        "dynamic_mesh_ms": 0.8002089858055115,
        "encode_ms": 0.8796249628067017,
        "admission_or_completion_ms": 3.152458906173706
      },
      {
        "index": 323,
        "started_ms": 16025.380874999999,
        "submitted_ms": 16027.089791000002,
        "observed_completed_ms": 16031.633124999998,
        "start_to_observed_completion_ms": 6.252249999999549,
        "submit_to_observed_completion_ms": 4.543333999996321,
        "continuous_iteration_ms": 10.42924976348877,
        "frame_ms": 6.367415904998779,
        "component_sum_ms": 6.367415904998779,
        "tick_ms": 0.1299160122871399,
        "dynamic_mesh_ms": 0.7952499985694885,
        "encode_ms": 0.7822079658508301,
        "admission_or_completion_ms": 4.660041809082031
      },
      {
        "index": 324,
        "started_ms": 16035.810125000002,
        "submitted_ms": 16042.955290999998,
        "observed_completed_ms": 16045.992583000001,
        "start_to_observed_completion_ms": 10.182457999999315,
        "submit_to_observed_completion_ms": 3.037292000002708,
        "continuous_iteration_ms": 10.398540496826172,
        "frame_ms": 4.967456817626953,
        "component_sum_ms": 4.967456817626953,
        "tick_ms": 0.12745800614356995,
        "dynamic_mesh_ms": 0.8015829920768738,
        "encode_ms": 0.7899580001831055,
        "admission_or_completion_ms": 3.248457908630371
      },
      {
        "index": 325,
        "started_ms": 16046.208665999999,
        "submitted_ms": 16047.957,
        "observed_completed_ms": 16050.990375000001,
        "start_to_observed_completion_ms": 4.781709000002593,
        "submit_to_observed_completion_ms": 3.0333750000008877,
        "continuous_iteration_ms": 8.80916690826416,
        "frame_ms": 4.894124984741211,
        "component_sum_ms": 4.894124984741211,
        "tick_ms": 0.13645899295806885,
        "dynamic_mesh_ms": 0.8244999647140503,
        "encode_ms": 0.7855839729309082,
        "admission_or_completion_ms": 3.1475818157196045
      },
      {
        "index": 326,
        "started_ms": 16055.017833000002,
        "submitted_ms": 16060.582416,
        "observed_completed_ms": 16064.771583,
        "start_to_observed_completion_ms": 9.753749999998035,
        "submit_to_observed_completion_ms": 4.189167000000452,
        "continuous_iteration_ms": 9.87370777130127,
        "frame_ms": 5.968583106994629,
        "component_sum_ms": 5.968583106994629,
        "tick_ms": 0.12891700863838196,
        "dynamic_mesh_ms": 0.8093750476837158,
        "encode_ms": 0.7247080206871033,
        "admission_or_completion_ms": 4.3055830001831055
      },
      {
        "index": 327,
        "started_ms": 16064.891541,
        "submitted_ms": 16066.681041,
        "observed_completed_ms": 16069.714041000001,
        "start_to_observed_completion_ms": 4.822500000000218,
        "submit_to_observed_completion_ms": 3.033000000001266,
        "continuous_iteration_ms": 8.792792320251465,
        "frame_ms": 4.933293342590332,
        "component_sum_ms": 4.933293342590332,
        "tick_ms": 0.1271670013666153,
        "dynamic_mesh_ms": 0.7935000061988831,
        "encode_ms": 0.8673750162124634,
        "admission_or_completion_ms": 3.1452512741088867
      },
      {
        "index": 328,
        "started_ms": 16073.684333,
        "submitted_ms": 16079.156083000002,
        "observed_completed_ms": 16082.198041000001,
        "start_to_observed_completion_ms": 8.513708000002225,
        "submit_to_observed_completion_ms": 3.041957999999795,
        "continuous_iteration_ms": 8.647042274475098,
        "frame_ms": 4.791583061218262,
        "component_sum_ms": 4.791583061218262,
        "tick_ms": 0.12641599774360657,
        "dynamic_mesh_ms": 0.7822500467300415,
        "encode_ms": 0.711292028427124,
        "admission_or_completion_ms": 3.1716248989105225
      },
      {
        "index": 329,
        "started_ms": 16082.331375,
        "submitted_ms": 16084.067957999998,
        "observed_completed_ms": 16087.099125000002,
        "start_to_observed_completion_ms": 4.767750000002707,
        "submit_to_observed_completion_ms": 3.0311670000046433,
        "continuous_iteration_ms": 8.638957977294922,
        "frame_ms": 4.880083084106445,
        "component_sum_ms": 4.880083084106445,
        "tick_ms": 0.126459002494812,
        "dynamic_mesh_ms": 0.792041003704071,
        "encode_ms": 0.8165000081062317,
        "admission_or_completion_ms": 3.145082950592041
      },
      {
        "index": 330,
        "started_ms": 16090.970333000001,
        "submitted_ms": 16096.935666,
        "observed_completed_ms": 16099.986791,
        "start_to_observed_completion_ms": 9.016457999998238,
        "submit_to_observed_completion_ms": 3.0511249999999563,
        "continuous_iteration_ms": 9.136082649230957,
        "frame_ms": 5.019625186920166,
        "component_sum_ms": 5.019625186920166,
        "tick_ms": 0.14558300375938416,
        "dynamic_mesh_ms": 0.8730409741401672,
        "encode_ms": 0.8346250057220459,
        "admission_or_completion_ms": 3.1663761138916016
      },
      {
        "index": 331,
        "started_ms": 16100.106415999999,
        "submitted_ms": 16101.889125,
        "observed_completed_ms": 16105.822750000001,
        "start_to_observed_completion_ms": 5.716334000002462,
        "submit_to_observed_completion_ms": 3.9336250000014843,
        "continuous_iteration_ms": 9.772209167480469,
        "frame_ms": 5.841875076293945,
        "component_sum_ms": 5.841875076293945,
        "tick_ms": 0.1389169991016388,
        "dynamic_mesh_ms": 0.8260830044746399,
        "encode_ms": 0.8160420060157776,
        "admission_or_completion_ms": 4.060832977294922
      },
      {
        "index": 332,
        "started_ms": 16109.878625000001,
        "submitted_ms": 16115.486375,
        "observed_completed_ms": 16118.515791,
        "start_to_observed_completion_ms": 8.637165999998615,
        "submit_to_observed_completion_ms": 3.029415999999401,
        "continuous_iteration_ms": 8.75362491607666,
        "frame_ms": 4.890750885009766,
        "component_sum_ms": 4.890750885009766,
        "tick_ms": 0.13774999976158142,
        "dynamic_mesh_ms": 0.8409169912338257,
        "encode_ms": 0.769959032535553,
        "admission_or_completion_ms": 3.142125129699707
      },
      {
        "index": 333,
        "started_ms": 16118.63225,
        "submitted_ms": 16120.308333,
        "observed_completed_ms": 16123.348958,
        "start_to_observed_completion_ms": 4.716707999999926,
        "submit_to_observed_completion_ms": 3.040624999999636,
        "continuous_iteration_ms": 8.784082412719727,
        "frame_ms": 4.830501079559326,
        "component_sum_ms": 4.830501079559326,
        "tick_ms": 0.1322920024394989,
        "dynamic_mesh_ms": 0.8180000185966492,
        "encode_ms": 0.7245829701423645,
        "admission_or_completion_ms": 3.155626058578491
      },
      {
        "index": 334,
        "started_ms": 16127.416333,
        "submitted_ms": 16133.1545,
        "observed_completed_ms": 16136.182708,
        "start_to_observed_completion_ms": 8.766375000001062,
        "submit_to_observed_completion_ms": 3.0282079999997222,
        "continuous_iteration_ms": 8.886124610900879,
        "frame_ms": 4.884040832519531,
        "component_sum_ms": 4.884040832519531,
        "tick_ms": 0.13029199838638306,
        "dynamic_mesh_ms": 0.8155410289764404,
        "encode_ms": 0.7940419912338257,
        "admission_or_completion_ms": 3.1441659927368164
      },
      {
        "index": 335,
        "started_ms": 16136.302458,
        "submitted_ms": 16137.966833,
        "observed_completed_ms": 16142.341208000002,
        "start_to_observed_completion_ms": 6.038750000001528,
        "submit_to_observed_completion_ms": 4.374375000001237,
        "continuous_iteration_ms": 10.185750007629395,
        "frame_ms": 6.151250839233398,
        "component_sum_ms": 6.151250839233398,
        "tick_ms": 0.13250000774860382,
        "dynamic_mesh_ms": 0.8155419826507568,
        "encode_ms": 0.7151670455932617,
        "admission_or_completion_ms": 4.488041877746582
      },
      {
        "index": 336,
        "started_ms": 16146.488208,
        "submitted_ms": 16152.203166,
        "observed_completed_ms": 16155.231083,
        "start_to_observed_completion_ms": 8.742874999999913,
        "submit_to_observed_completion_ms": 3.0279170000012527,
        "continuous_iteration_ms": 8.858458518981934,
        "frame_ms": 4.980415344238281,
        "component_sum_ms": 4.980415344238281,
        "tick_ms": 0.13745799660682678,
        "dynamic_mesh_ms": 0.8110830187797546,
        "encode_ms": 0.8912079930305481,
        "admission_or_completion_ms": 3.1406660079956055
      },
      {
        "index": 337,
        "started_ms": 16155.346666,
        "submitted_ms": 16157.023916,
        "observed_completed_ms": 16160.066125,
        "start_to_observed_completion_ms": 4.719458999999915,
        "submit_to_observed_completion_ms": 3.042208999999275,
        "continuous_iteration_ms": 8.731208801269531,
        "frame_ms": 4.83174991607666,
        "component_sum_ms": 4.83174991607666,
        "tick_ms": 0.125791996717453,
        "dynamic_mesh_ms": 0.7992079854011536,
        "encode_ms": 0.7512080073356628,
        "admission_or_completion_ms": 3.1555418968200684
      },
      {
        "index": 338,
        "started_ms": 16164.077875,
        "submitted_ms": 16169.775791,
        "observed_completed_ms": 16174.327541,
        "start_to_observed_completion_ms": 10.249665999999706,
        "submit_to_observed_completion_ms": 4.551750000000538,
        "continuous_iteration_ms": 10.36995792388916,
        "frame_ms": 6.424167633056641,
        "component_sum_ms": 6.424167633056641,
        "tick_ms": 0.12641699612140656,
        "dynamic_mesh_ms": 0.7928749918937683,
        "encode_ms": 0.8380829691886902,
        "admission_or_completion_ms": 4.666792392730713
      },
      {
        "index": 339,
        "started_ms": 16174.447832999998,
        "submitted_ms": 16176.272083,
        "observed_completed_ms": 16179.305833,
        "start_to_observed_completion_ms": 4.858000000001994,
        "submit_to_observed_completion_ms": 3.0337500000005093,
        "continuous_iteration_ms": 8.382832527160645,
        "frame_ms": 4.971124649047852,
        "component_sum_ms": 4.971124649047852,
        "tick_ms": 0.13329198956489563,
        "dynamic_mesh_ms": 0.8417500257492065,
        "encode_ms": 0.8476669788360596,
        "admission_or_completion_ms": 3.1484158039093018
      },
      {
        "index": 340,
        "started_ms": 16182.830666000002,
        "submitted_ms": 16188.579208000001,
        "observed_completed_ms": 16191.6195,
        "start_to_observed_completion_ms": 8.788833999999042,
        "submit_to_observed_completion_ms": 3.040291999999681,
        "continuous_iteration_ms": 8.906708717346191,
        "frame_ms": 4.939876079559326,
        "component_sum_ms": 4.939876079559326,
        "tick_ms": 0.13208399713039398,
        "dynamic_mesh_ms": 0.8155419826507568,
        "encode_ms": 0.8378750085830688,
        "admission_or_completion_ms": 3.1543750762939453
      },
      {
        "index": 341,
        "started_ms": 16191.737374999999,
        "submitted_ms": 16193.449291,
        "observed_completed_ms": 16196.487707999999,
        "start_to_observed_completion_ms": 4.750332999999955,
        "submit_to_observed_completion_ms": 3.038416999997935,
        "continuous_iteration_ms": 8.871582984924316,
        "frame_ms": 4.922248840332031,
        "component_sum_ms": 4.922248840332031,
        "tick_ms": 0.12520799040794373,
        "dynamic_mesh_ms": 0.7830830216407776,
        "encode_ms": 0.8021659851074219,
        "admission_or_completion_ms": 3.2117919921875
      },
      {
        "index": 342,
        "started_ms": 16200.608958,
        "submitted_ms": 16206.265875,
        "observed_completed_ms": 16209.311541000001,
        "start_to_observed_completion_ms": 8.702583000000232,
        "submit_to_observed_completion_ms": 3.045666000001802,
        "continuous_iteration_ms": 8.822208404541016,
        "frame_ms": 4.899458885192871,
        "component_sum_ms": 4.899458885192871,
        "tick_ms": 0.14183300733566284,
        "dynamic_mesh_ms": 0.8503339886665344,
        "encode_ms": 0.7463339567184448,
        "admission_or_completion_ms": 3.1609578132629395
      },
      {
        "index": 343,
        "started_ms": 16209.431166000002,
        "submitted_ms": 16211.199665999999,
        "observed_completed_ms": 16215.649207999999,
        "start_to_observed_completion_ms": 6.218041999996785,
        "submit_to_observed_completion_ms": 4.449542000000292,
        "continuous_iteration_ms": 10.2717924118042,
        "frame_ms": 6.332667350769043,
        "component_sum_ms": 6.332667350769043,
        "tick_ms": 0.13020899891853333,
        "dynamic_mesh_ms": 0.8019160032272339,
        "encode_ms": 0.834958016872406,
        "admission_or_completion_ms": 4.565584182739258
      },
      {
        "index": 344,
        "started_ms": 16219.702958,
        "submitted_ms": 16225.44725,
        "observed_completed_ms": 16228.47925,
        "start_to_observed_completion_ms": 8.776292000000467,
        "submit_to_observed_completion_ms": 3.0320000000010623,
        "continuous_iteration_ms": 8.893875122070312,
        "frame_ms": 4.953958034515381,
        "component_sum_ms": 4.953958034515381,
        "tick_ms": 0.13450001180171967,
        "dynamic_mesh_ms": 0.8272079825401306,
        "encode_ms": 0.8467499613761902,
        "admission_or_completion_ms": 3.1454999446868896
      },
      {
        "index": 345,
        "started_ms": 16228.596833000001,
        "submitted_ms": 16230.375666,
        "observed_completed_ms": 16233.409458,
        "start_to_observed_completion_ms": 4.812624999998661,
        "submit_to_observed_completion_ms": 3.033792000000176,
        "continuous_iteration_ms": 8.805042266845703,
        "frame_ms": 4.9262919425964355,
        "component_sum_ms": 4.9262919425964355,
        "tick_ms": 0.13774999976158142,
        "dynamic_mesh_ms": 0.8370000123977661,
        "encode_ms": 0.8025409579277039,
        "admission_or_completion_ms": 3.149000883102417
      },
      {
        "index": 346,
        "started_ms": 16237.401875,
        "submitted_ms": 16242.930041000001,
        "observed_completed_ms": 16245.957832999999,
        "start_to_observed_completion_ms": 8.55595799999901,
        "submit_to_observed_completion_ms": 3.0277919999971346,
        "continuous_iteration_ms": 8.674124717712402,
        "frame_ms": 4.824832916259766,
        "component_sum_ms": 4.824832916259766,
        "tick_ms": 0.1286659985780716,
        "dynamic_mesh_ms": 0.8091250061988831,
        "encode_ms": 0.745166003704071,
        "admission_or_completion_ms": 3.141876220703125
      },
      {
        "index": 347,
        "started_ms": 16246.076,
        "submitted_ms": 16247.728040999998,
        "observed_completed_ms": 16252.245250000002,
        "start_to_observed_completion_ms": 6.1692500000026484,
        "submit_to_observed_completion_ms": 4.517209000003277,
        "continuous_iteration_ms": 10.473541259765625,
        "frame_ms": 6.290498733520508,
        "component_sum_ms": 6.290498733520508,
        "tick_ms": 0.12708300352096558,
        "dynamic_mesh_ms": 0.7989159822463989,
        "encode_ms": 0.7248330116271973,
        "admission_or_completion_ms": 4.63966703414917
      },
      {
        "index": 348,
        "started_ms": 16256.549540999998,
        "submitted_ms": 16262.285750000001,
        "observed_completed_ms": 16265.337416000002,
        "start_to_observed_completion_ms": 8.787875000003623,
        "submit_to_observed_completion_ms": 3.0516660000012052,
        "continuous_iteration_ms": 8.908209800720215,
        "frame_ms": 4.867833137512207,
        "component_sum_ms": 4.867833137512207,
        "tick_ms": 0.12966600060462952,
        "dynamic_mesh_ms": 0.8066670298576355,
        "encode_ms": 0.764333963394165,
        "admission_or_completion_ms": 3.167165994644165
      },
      {
        "index": 349,
        "started_ms": 16265.45775,
        "submitted_ms": 16267.294583000003,
        "observed_completed_ms": 16271.844041000002,
        "start_to_observed_completion_ms": 6.3862910000025295,
        "submit_to_observed_completion_ms": 4.549457999999504,
        "continuous_iteration_ms": 10.447875022888184,
        "frame_ms": 6.499917030334473,
        "component_sum_ms": 6.499917030334473,
        "tick_ms": 0.1386670023202896,
        "dynamic_mesh_ms": 0.8382499814033508,
        "encode_ms": 0.8577919602394104,
        "admission_or_completion_ms": 4.665207862854004
      },
      {
        "index": 350,
        "started_ms": 16275.905625,
        "submitted_ms": 16281.553625,
        "observed_completed_ms": 16284.583125000001,
        "start_to_observed_completion_ms": 8.6775000000016,
        "submit_to_observed_completion_ms": 3.029500000000553,
        "continuous_iteration_ms": 8.793915748596191,
        "frame_ms": 4.97304105758667,
        "component_sum_ms": 4.97304105758667,
        "tick_ms": 0.12691599130630493,
        "dynamic_mesh_ms": 0.7830830216407776,
        "encode_ms": 0.9203749895095825,
        "admission_or_completion_ms": 3.142667055130005
      },
      {
        "index": 351,
        "started_ms": 16284.699540999998,
        "submitted_ms": 16286.332916,
        "observed_completed_ms": 16290.884666,
        "start_to_observed_completion_ms": 6.18512500000179,
        "submit_to_observed_completion_ms": 4.551750000000538,
        "continuous_iteration_ms": 11.772459030151367,
        "frame_ms": 6.299916744232178,
        "component_sum_ms": 6.299916744232178,
        "tick_ms": 0.12679199874401093,
        "dynamic_mesh_ms": 0.7777079939842224,
        "encode_ms": 0.7275829911231995,
        "admission_or_completion_ms": 4.6678338050842285
      },
      {
        "index": 352,
        "started_ms": 16296.472000000002,
        "submitted_ms": 16303.396374999998,
        "observed_completed_ms": 16307.956457999999,
        "start_to_observed_completion_ms": 11.484457999997176,
        "submit_to_observed_completion_ms": 4.560083000000304,
        "continuous_iteration_ms": 11.614458084106445,
        "frame_ms": 6.602582931518555,
        "component_sum_ms": 6.602582931518555,
        "tick_ms": 0.13041700422763824,
        "dynamic_mesh_ms": 0.8031249642372131,
        "encode_ms": 0.984375,
        "admission_or_completion_ms": 4.684665679931641
      },
      {
        "index": 353,
        "started_ms": 16308.086457999998,
        "submitted_ms": 16310.024040999999,
        "observed_completed_ms": 16316.071083,
        "start_to_observed_completion_ms": 7.984625000002779,
        "submit_to_observed_completion_ms": 6.047042000001966,
        "continuous_iteration_ms": 13.585707664489746,
        "frame_ms": 8.096250534057617,
        "component_sum_ms": 8.096250534057617,
        "tick_ms": 0.14262498915195465,
        "dynamic_mesh_ms": 0.8455840349197388,
        "encode_ms": 0.9470409750938416,
        "admission_or_completion_ms": 6.161000728607178
      },
      {
        "index": 354,
        "started_ms": 16321.672165999998,
        "submitted_ms": 16327.270208000002,
        "observed_completed_ms": 16331.810957999998,
        "start_to_observed_completion_ms": 10.13879199999974,
        "submit_to_observed_completion_ms": 4.540749999996478,
        "continuous_iteration_ms": 10.25754165649414,
        "frame_ms": 6.364165782928467,
        "component_sum_ms": 6.364165782928467,
        "tick_ms": 0.1337909996509552,
        "dynamic_mesh_ms": 0.8249170184135437,
        "encode_ms": 0.7494579553604126,
        "admission_or_completion_ms": 4.655999660491943
      },
      {
        "index": 355,
        "started_ms": 16331.929708,
        "submitted_ms": 16333.759832999998,
        "observed_completed_ms": 16337.988166,
        "start_to_observed_completion_ms": 6.0584579999995185,
        "submit_to_observed_completion_ms": 4.22833300000093,
        "continuous_iteration_ms": 10.189582824707031,
        "frame_ms": 6.198001384735107,
        "component_sum_ms": 6.198001384735107,
        "tick_ms": 0.12654200196266174,
        "dynamic_mesh_ms": 0.8062909841537476,
        "encode_ms": 0.8955419659614563,
        "admission_or_completion_ms": 4.369626522064209
      },
      {
        "index": 356,
        "started_ms": 16342.119290999999,
        "submitted_ms": 16348.865875000001,
        "observed_completed_ms": 16353.407540999999,
        "start_to_observed_completion_ms": 11.288249999999607,
        "submit_to_observed_completion_ms": 4.541665999997349,
        "continuous_iteration_ms": 11.406208992004395,
        "frame_ms": 6.462249755859375,
        "component_sum_ms": 6.462249755859375,
        "tick_ms": 0.13112498819828033,
        "dynamic_mesh_ms": 0.8059579730033875,
        "encode_ms": 0.8696669936180115,
        "admission_or_completion_ms": 4.6554999351501465
      },
      {
        "index": 357,
        "started_ms": 16353.5255,
        "submitted_ms": 16355.341083,
        "observed_completed_ms": 16358.386583000001,
        "start_to_observed_completion_ms": 4.861083000001599,
        "submit_to_observed_completion_ms": 3.0455000000019936,
        "continuous_iteration_ms": 8.986958503723145,
        "frame_ms": 4.976207733154297,
        "component_sum_ms": 4.976207733154297,
        "tick_ms": 0.13191598653793335,
        "dynamic_mesh_ms": 0.8125419616699219,
        "encode_ms": 0.8697499632835388,
        "admission_or_completion_ms": 3.1619999408721924
      },
      {
        "index": 358,
        "started_ms": 16362.512458000001,
        "submitted_ms": 16369.830457999999,
        "observed_completed_ms": 16374.386208,
        "start_to_observed_completion_ms": 11.873749999998836,
        "submit_to_observed_completion_ms": 4.555750000001353,
        "continuous_iteration_ms": 11.997958183288574,
        "frame_ms": 6.607457160949707,
        "component_sum_ms": 6.607457160949707,
        "tick_ms": 0.13250000774860382,
        "dynamic_mesh_ms": 0.7979159951210022,
        "encode_ms": 1.0018750429153442,
        "admission_or_completion_ms": 4.675166130065918
      },
      {
        "index": 359,
        "started_ms": 16374.510416,
        "submitted_ms": 16376.399040999999,
        "observed_completed_ms": 16380.950833,
        "start_to_observed_completion_ms": 6.4404170000016165,
        "submit_to_observed_completion_ms": 4.551792000002024,
        "continuous_iteration_ms": 12.075709342956543,
        "frame_ms": 6.554416179656982,
        "component_sum_ms": 6.554416179656982,
        "tick_ms": 0.1352500021457672,
        "dynamic_mesh_ms": 0.8727499842643738,
        "encode_ms": 0.8784580230712891,
        "admission_or_completion_ms": 4.6679582595825195
      },
      {
        "index": 360,
        "started_ms": 16386.586125,
        "submitted_ms": 16392.137208,
        "observed_completed_ms": 16396.693124999998,
        "start_to_observed_completion_ms": 10.106999999996333,
        "submit_to_observed_completion_ms": 4.555916999997862,
        "continuous_iteration_ms": 10.262083053588867,
        "frame_ms": 6.469459056854248,
        "component_sum_ms": 6.469459056854248,
        "tick_ms": 0.13204199075698853,
        "dynamic_mesh_ms": 0.8098750114440918,
        "encode_ms": 0.8565829992294312,
        "admission_or_completion_ms": 4.670958995819092
      },
      {
        "index": 361,
        "started_ms": 16396.848208000003,
        "submitted_ms": 16398.730166,
        "observed_completed_ms": 16403.271291,
        "start_to_observed_completion_ms": 6.42308299999786,
        "submit_to_observed_completion_ms": 4.541124999999738,
        "continuous_iteration_ms": 11.973583221435547,
        "frame_ms": 6.535083293914795,
        "component_sum_ms": 6.535083293914795,
        "tick_ms": 0.13020800054073334,
        "dynamic_mesh_ms": 0.8127500414848328,
        "encode_ms": 0.9369580149650574,
        "admission_or_completion_ms": 4.655167102813721
      },
      {
        "index": 362,
        "started_ms": 16408.821791000002,
        "submitted_ms": 16415.739666,
        "observed_completed_ms": 16420.286333,
        "start_to_observed_completion_ms": 11.464541999997891,
        "submit_to_observed_completion_ms": 4.546666999998706,
        "continuous_iteration_ms": 11.582542419433594,
        "frame_ms": 6.467875003814697,
        "component_sum_ms": 6.467875003814697,
        "tick_ms": 0.12962499260902405,
        "dynamic_mesh_ms": 0.797834038734436,
        "encode_ms": 0.8798329830169678,
        "admission_or_completion_ms": 4.660583019256592
      },
      {
        "index": 363,
        "started_ms": 16420.404333000002,
        "submitted_ms": 16422.137166,
        "observed_completed_ms": 16425.173958,
        "start_to_observed_completion_ms": 4.769624999997177,
        "submit_to_observed_completion_ms": 3.036791999998968,
        "continuous_iteration_ms": 8.802874565124512,
        "frame_ms": 4.883042335510254,
        "component_sum_ms": 4.883042335510254,
        "tick_ms": 0.13079200685024261,
        "dynamic_mesh_ms": 0.8012499809265137,
        "encode_ms": 0.7997910380363464,
        "admission_or_completion_ms": 3.1512091159820557
      },
      {
        "index": 364,
        "started_ms": 16429.207208,
        "submitted_ms": 16434.850875,
        "observed_completed_ms": 16439.033666,
        "start_to_observed_completion_ms": 9.826457999999548,
        "submit_to_observed_completion_ms": 4.18279099999927,
        "continuous_iteration_ms": 9.947458267211914,
        "frame_ms": 6.073041915893555,
        "component_sum_ms": 6.073041915893555,
        "tick_ms": 0.13112498819828033,
        "dynamic_mesh_ms": 0.7986670136451721,
        "encode_ms": 0.8449999690055847,
        "admission_or_completion_ms": 4.2982497215271
      },
      {
        "index": 365,
        "started_ms": 16439.154666,
        "submitted_ms": 16441.099707999998,
        "observed_completed_ms": 16445.64025,
        "start_to_observed_completion_ms": 6.485584000001836,
        "submit_to_observed_completion_ms": 4.5405420000024606,
        "continuous_iteration_ms": 10.629792213439941,
        "frame_ms": 6.599292278289795,
        "component_sum_ms": 6.599292278289795,
        "tick_ms": 0.14750000834465027,
        "dynamic_mesh_ms": 0.8682079911231995,
        "encode_ms": 0.9269579648971558,
        "admission_or_completion_ms": 4.656626224517822
      },
      {
        "index": 366,
        "started_ms": 16449.784458,
        "submitted_ms": 16457.141916,
        "observed_completed_ms": 16461.680583,
        "start_to_observed_completion_ms": 11.89612500000294,
        "submit_to_observed_completion_ms": 4.538667000000714,
        "continuous_iteration_ms": 12.015999794006348,
        "frame_ms": 6.574583053588867,
        "component_sum_ms": 6.574583053588867,
        "tick_ms": 0.12999999523162842,
        "dynamic_mesh_ms": 0.8007920384407043,
        "encode_ms": 0.9891659617424011,
        "admission_or_completion_ms": 4.654624938964844
      },
      {
        "index": 367,
        "started_ms": 16461.800457999998,
        "submitted_ms": 16463.509208000003,
        "observed_completed_ms": 16468.054583,
        "start_to_observed_completion_ms": 6.254125000003114,
        "submit_to_observed_completion_ms": 4.545374999997875,
        "continuous_iteration_ms": 11.951457977294922,
        "frame_ms": 6.368664741516113,
        "component_sum_ms": 6.368664741516113,
        "tick_ms": 0.12895800173282623,
        "dynamic_mesh_ms": 0.7874159812927246,
        "encode_ms": 0.791208028793335,
        "admission_or_completion_ms": 4.661082744598389
      },
      {
        "index": 368,
        "started_ms": 16473.751916,
        "submitted_ms": 16481.030333,
        "observed_completed_ms": 16484.066291000003,
        "start_to_observed_completion_ms": 10.314375000001746,
        "submit_to_observed_completion_ms": 3.0359580000040296,
        "continuous_iteration_ms": 10.43375015258789,
        "frame_ms": 4.918083190917969,
        "component_sum_ms": 4.918083190917969,
        "tick_ms": 0.13854199647903442,
        "dynamic_mesh_ms": 0.8428330421447754,
        "encode_ms": 0.7857080101966858,
        "admission_or_completion_ms": 3.1510000228881836
      },
      {
        "index": 369,
        "started_ms": 16484.185665999998,
        "submitted_ms": 16485.957291,
        "observed_completed_ms": 16490.497832999998,
        "start_to_observed_completion_ms": 6.312167000000045,
        "submit_to_observed_completion_ms": 4.540541999998823,
        "continuous_iteration_ms": 10.336417198181152,
        "frame_ms": 6.431293487548828,
        "component_sum_ms": 6.431293487548828,
        "tick_ms": 0.1319589912891388,
        "dynamic_mesh_ms": 0.8234590291976929,
        "encode_ms": 0.8145409822463989,
        "admission_or_completion_ms": 4.66133451461792
      },
      {
        "index": 370,
        "started_ms": 16494.522083,
        "submitted_ms": 16500.263291,
        "observed_completed_ms": 16504.824416000003,
        "start_to_observed_completion_ms": 10.302333000003273,
        "submit_to_observed_completion_ms": 4.561125000003813,
        "continuous_iteration_ms": 10.515832901000977,
        "frame_ms": 6.6007080078125,
        "component_sum_ms": 6.6007080078125,
        "tick_ms": 0.12837500870227814,
        "dynamic_mesh_ms": 0.8017500042915344,
        "encode_ms": 0.9040409922599792,
        "admission_or_completion_ms": 4.766541957855225
      },
      {
        "index": 371,
        "started_ms": 16505.037915999997,
        "submitted_ms": 16507.023541,
        "observed_completed_ms": 16511.567583,
        "start_to_observed_completion_ms": 6.529667000002519,
        "submit_to_observed_completion_ms": 4.544042000001355,
        "continuous_iteration_ms": 12.112166404724121,
        "frame_ms": 6.64137601852417,
        "component_sum_ms": 6.64137601852417,
        "tick_ms": 0.15866699814796448,
        "dynamic_mesh_ms": 0.8443329930305481,
        "encode_ms": 0.9785000085830688,
        "admission_or_completion_ms": 4.659875869750977
      },
      {
        "index": 372,
        "started_ms": 16517.150083,
        "submitted_ms": 16524.522915999998,
        "observed_completed_ms": 16529.072207999998,
        "start_to_observed_completion_ms": 11.922124999997322,
        "submit_to_observed_completion_ms": 4.549291999999696,
        "continuous_iteration_ms": 12.0426664352417,
        "frame_ms": 6.479207992553711,
        "component_sum_ms": 6.479207992553711,
        "tick_ms": 0.13499999046325684,
        "dynamic_mesh_ms": 0.804207980632782,
        "encode_ms": 0.8746659755706787,
        "admission_or_completion_ms": 4.665334224700928
      },
      {
        "index": 373,
        "started_ms": 16529.19275,
        "submitted_ms": 16530.943874999997,
        "observed_completed_ms": 16535.505083,
        "start_to_observed_completion_ms": 6.312333000001672,
        "submit_to_observed_completion_ms": 4.561208000002807,
        "continuous_iteration_ms": 11.772250175476074,
        "frame_ms": 6.42549991607666,
        "component_sum_ms": 6.42549991607666,
        "tick_ms": 0.12849999964237213,
        "dynamic_mesh_ms": 0.7856250405311584,
        "encode_ms": 0.8354170322418213,
        "admission_or_completion_ms": 4.675958156585693
      },
      {
        "index": 374,
        "started_ms": 16540.965,
        "submitted_ms": 16548.072125000002,
        "observed_completed_ms": 16552.201,
        "start_to_observed_completion_ms": 11.236000000000786,
        "submit_to_observed_completion_ms": 4.128874999998516,
        "continuous_iteration_ms": 11.35633373260498,
        "frame_ms": 6.010458946228027,
        "component_sum_ms": 6.010458946228027,
        "tick_ms": 0.1297910064458847,
        "dynamic_mesh_ms": 0.7954590320587158,
        "encode_ms": 0.8400840163230896,
        "admission_or_completion_ms": 4.245124816894531
      },
      {
        "index": 375,
        "started_ms": 16552.321333,
        "submitted_ms": 16554.018708,
        "observed_completed_ms": 16558.561583,
        "start_to_observed_completion_ms": 6.240249999998923,
        "submit_to_observed_completion_ms": 4.542874999999185,
        "continuous_iteration_ms": 11.791208267211914,
        "frame_ms": 6.352665901184082,
        "component_sum_ms": 6.352665901184082,
        "tick_ms": 0.12858299911022186,
        "dynamic_mesh_ms": 0.7915419936180115,
        "encode_ms": 0.7760419845581055,
        "admission_or_completion_ms": 4.656498908996582
      },
      {
        "index": 376,
        "started_ms": 16564.112541,
        "submitted_ms": 16571.349791,
        "observed_completed_ms": 16575.887208,
        "start_to_observed_completion_ms": 11.7746670000015,
        "submit_to_observed_completion_ms": 4.53741699999955,
        "continuous_iteration_ms": 11.892958641052246,
        "frame_ms": 6.326000213623047,
        "component_sum_ms": 6.326000213623047,
        "tick_ms": 0.12741701304912567,
        "dynamic_mesh_ms": 0.7958749532699585,
        "encode_ms": 0.7515830397605896,
        "admission_or_completion_ms": 4.651124954223633
      },
      {
        "index": 377,
        "started_ms": 16576.0055,
        "submitted_ms": 16577.685166,
        "observed_completed_ms": 16582.235333,
        "start_to_observed_completion_ms": 6.229833000001236,
        "submit_to_observed_completion_ms": 4.550167000001238,
        "continuous_iteration_ms": 10.328125,
        "frame_ms": 6.35504150390625,
        "component_sum_ms": 6.35504150390625,
        "tick_ms": 0.12708300352096558,
        "dynamic_mesh_ms": 0.7826250195503235,
        "encode_ms": 0.7685829997062683,
        "admission_or_completion_ms": 4.676750659942627
      },
      {
        "index": 378,
        "started_ms": 16586.333625000003,
        "submitted_ms": 16591.813041,
        "observed_completed_ms": 16596.363833000003,
        "start_to_observed_completion_ms": 10.03020800000013,
        "submit_to_observed_completion_ms": 4.55079200000182,
        "continuous_iteration_ms": 10.152583122253418,
        "frame_ms": 6.522790908813477,
        "component_sum_ms": 6.522790908813477,
        "tick_ms": 0.14220799505710602,
        "dynamic_mesh_ms": 0.8518330454826355,
        "encode_ms": 0.8600829839706421,
        "admission_or_completion_ms": 4.668666839599609
      },
      {
        "index": 379,
        "started_ms": 16596.486208000002,
        "submitted_ms": 16598.401208,
        "observed_completed_ms": 16602.617458,
        "start_to_observed_completion_ms": 6.131249999998545,
        "submit_to_observed_completion_ms": 4.21625000000131,
        "continuous_iteration_ms": 10.220625877380371,
        "frame_ms": 6.243207931518555,
        "component_sum_ms": 6.243207931518555,
        "tick_ms": 0.13774999976158142,
        "dynamic_mesh_ms": 0.875374972820282,
        "encode_ms": 0.8993750214576721,
        "admission_or_completion_ms": 4.330708026885986
      },
      {
        "index": 380,
        "started_ms": 16606.706833,
        "submitted_ms": 16613.829166,
        "observed_completed_ms": 16618.368375,
        "start_to_observed_completion_ms": 11.661541999998008,
        "submit_to_observed_completion_ms": 4.539208999998664,
        "continuous_iteration_ms": 11.779791831970215,
        "frame_ms": 6.399125576019287,
        "component_sum_ms": 6.399125576019287,
        "tick_ms": 0.12404199689626694,
        "dynamic_mesh_ms": 0.7775410413742065,
        "encode_ms": 0.8448749780654907,
        "admission_or_completion_ms": 4.65266752243042
      },
      {
        "index": 381,
        "started_ms": 16618.486624999998,
        "submitted_ms": 16620.300875,
        "observed_completed_ms": 16624.852083,
        "start_to_observed_completion_ms": 6.365458000003855,
        "submit_to_observed_completion_ms": 4.55120800000077,
        "continuous_iteration_ms": 11.993707656860352,
        "frame_ms": 6.491750717163086,
        "component_sum_ms": 6.491750717163086,
        "tick_ms": 0.13658399879932404,
        "dynamic_mesh_ms": 0.8509170413017273,
        "encode_ms": 0.8250420093536377,
        "admission_or_completion_ms": 4.679207801818848
      },
      {
        "index": 382,
        "started_ms": 16630.480333,
        "submitted_ms": 16637.5805,
        "observed_completed_ms": 16642.125958,
        "start_to_observed_completion_ms": 11.645625000001019,
        "submit_to_observed_completion_ms": 4.545458000000508,
        "continuous_iteration_ms": 11.763708114624023,
        "frame_ms": 6.367584228515625,
        "component_sum_ms": 6.367584228515625,
        "tick_ms": 0.12908299267292023,
        "dynamic_mesh_ms": 0.8062500357627869,
        "encode_ms": 0.7728340029716492,
        "admission_or_completion_ms": 4.659417152404785
      },
      {
        "index": 383,
        "started_ms": 16642.244041,
        "submitted_ms": 16643.961708,
        "observed_completed_ms": 16648.499041,
        "start_to_observed_completion_ms": 6.254999999997381,
        "submit_to_observed_completion_ms": 4.537333000000217,
        "continuous_iteration_ms": 11.713292121887207,
        "frame_ms": 6.365874767303467,
        "component_sum_ms": 6.365874767303467,
        "tick_ms": 0.1340000033378601,
        "dynamic_mesh_ms": 0.8257079720497131,
        "encode_ms": 0.7564579844474792,
        "admission_or_completion_ms": 4.6497087478637695
      },
      {
        "index": 384,
        "started_ms": 16653.957333000002,
        "submitted_ms": 16659.492374999998,
        "observed_completed_ms": 16664.02675,
        "start_to_observed_completion_ms": 10.069416999998793,
        "submit_to_observed_completion_ms": 4.53437500000291,
        "continuous_iteration_ms": 10.184749603271484,
        "frame_ms": 6.307208061218262,
        "component_sum_ms": 6.307208061218262,
        "tick_ms": 0.12529200315475464,
        "dynamic_mesh_ms": 0.7833329439163208,
        "encode_ms": 0.7522500157356262,
        "admission_or_completion_ms": 4.64633321762085
      },
      {
        "index": 385,
        "started_ms": 16664.142083000002,
        "submitted_ms": 16665.855083,
        "observed_completed_ms": 16670.39175,
        "start_to_observed_completion_ms": 6.249666999996407,
        "submit_to_observed_completion_ms": 4.536667000000307,
        "continuous_iteration_ms": 11.706916809082031,
        "frame_ms": 6.362083911895752,
        "component_sum_ms": 6.362083911895752,
        "tick_ms": 0.125,
        "dynamic_mesh_ms": 0.7815420031547546,
        "encode_ms": 0.8053749799728394,
        "admission_or_completion_ms": 4.650166988372803
      },
      {
        "index": 386,
        "started_ms": 16675.849,
        "submitted_ms": 16681.328665999998,
        "observed_completed_ms": 16685.863125,
        "start_to_observed_completion_ms": 10.014125000001513,
        "submit_to_observed_completion_ms": 4.534459000002244,
        "continuous_iteration_ms": 10.131375312805176,
        "frame_ms": 6.280040740966797,
        "component_sum_ms": 6.280040740966797,
        "tick_ms": 0.12337499111890793,
        "dynamic_mesh_ms": 0.7739999890327454,
        "encode_ms": 0.7341249585151672,
        "admission_or_completion_ms": 4.64854097366333
      },
      {
        "index": 387,
        "started_ms": 16685.980375,
        "submitted_ms": 16687.58775,
        "observed_completed_ms": 16692.128624999998,
        "start_to_observed_completion_ms": 6.14824999999837,
        "submit_to_observed_completion_ms": 4.540874999998778,
        "continuous_iteration_ms": 11.297499656677246,
        "frame_ms": 6.259791374206543,
        "component_sum_ms": 6.259791374206543,
        "tick_ms": 0.12316600233316422,
        "dynamic_mesh_ms": 0.7700420022010803,
        "encode_ms": 0.7131670117378235,
        "admission_or_completion_ms": 4.653416156768799
      },
      {
        "index": 388,
        "started_ms": 16697.277875,
        "submitted_ms": 16703.109625,
        "observed_completed_ms": 16707.655082999998,
        "start_to_observed_completion_ms": 10.377207999998063,
        "submit_to_observed_completion_ms": 4.54545799999687,
        "continuous_iteration_ms": 10.496582984924316,
        "frame_ms": 6.535749912261963,
        "component_sum_ms": 6.535749912261963,
        "tick_ms": 0.1337909996509552,
        "dynamic_mesh_ms": 0.8275420069694519,
        "encode_ms": 0.9135839939117432,
        "admission_or_completion_ms": 4.66083288192749
      },
      {
        "index": 389,
        "started_ms": 16707.774458,
        "submitted_ms": 16709.525415999997,
        "observed_completed_ms": 16714.064125,
        "start_to_observed_completion_ms": 6.289667000000918,
        "submit_to_observed_completion_ms": 4.538709000004019,
        "continuous_iteration_ms": 10.284332275390625,
        "frame_ms": 6.401373863220215,
        "component_sum_ms": 6.401373863220215,
        "tick_ms": 0.13308300077915192,
        "dynamic_mesh_ms": 0.8075829744338989,
        "encode_ms": 0.8086250424385071,
        "admission_or_completion_ms": 4.652082920074463
      },
      {
        "index": 390,
        "started_ms": 16718.058791,
        "submitted_ms": 16725.151083,
        "observed_completed_ms": 16729.297625,
        "start_to_observed_completion_ms": 11.23883399999977,
        "submit_to_observed_completion_ms": 4.14654199999859,
        "continuous_iteration_ms": 11.356792449951172,
        "frame_ms": 6.082831859588623,
        "component_sum_ms": 6.082831859588623,
        "tick_ms": 0.12974999845027924,
        "dynamic_mesh_ms": 0.8059159517288208,
        "encode_ms": 0.8862500190734863,
        "admission_or_completion_ms": 4.260915756225586
      },
      {
        "index": 391,
        "started_ms": 16729.415583,
        "submitted_ms": 16731.064,
        "observed_completed_ms": 16735.507708,
        "start_to_observed_completion_ms": 6.092124999999214,
        "submit_to_observed_completion_ms": 4.443708000002516,
        "continuous_iteration_ms": 11.446416854858398,
        "frame_ms": 6.215083122253418,
        "component_sum_ms": 6.215083122253418,
        "tick_ms": 0.12654098868370056,
        "dynamic_mesh_ms": 0.7906249761581421,
        "encode_ms": 0.7303749918937683,
        "admission_or_completion_ms": 4.56754207611084
      },
      {
        "index": 392,
        "started_ms": 16740.862,
        "submitted_ms": 16748.132416,
        "observed_completed_ms": 16752.690583,
        "start_to_observed_completion_ms": 11.828582999998616,
        "submit_to_observed_completion_ms": 4.55816699999923,
        "continuous_iteration_ms": 11.94950008392334,
        "frame_ms": 6.487792015075684,
        "component_sum_ms": 6.487792015075684,
        "tick_ms": 0.12891700863838196,
        "dynamic_mesh_ms": 0.8133330345153809,
        "encode_ms": 0.8715000152587891,
        "admission_or_completion_ms": 4.674042224884033
      },
      {
        "index": 393,
        "started_ms": 16752.8115,
        "submitted_ms": 16754.614625,
        "observed_completed_ms": 16759.181958,
        "start_to_observed_completion_ms": 6.370458000001236,
        "submit_to_observed_completion_ms": 4.567333000002691,
        "continuous_iteration_ms": 12.111457824707031,
        "frame_ms": 6.496124744415283,
        "component_sum_ms": 6.496124744415283,
        "tick_ms": 0.12974999845027924,
        "dynamic_mesh_ms": 0.7948750257492065,
        "encode_ms": 0.876459002494812,
        "admission_or_completion_ms": 4.695040702819824
      },
      {
        "index": 394,
        "started_ms": 16764.922958,
        "submitted_ms": 16772.207541,
        "observed_completed_ms": 16776.742333000002,
        "start_to_observed_completion_ms": 11.819375000002765,
        "submit_to_observed_completion_ms": 4.534792000002199,
        "continuous_iteration_ms": 11.937792778015137,
        "frame_ms": 6.434292793273926,
        "component_sum_ms": 6.434292793273926,
        "tick_ms": 0.1313749998807907,
        "dynamic_mesh_ms": 0.8016669750213623,
        "encode_ms": 0.8526250123977661,
        "admission_or_completion_ms": 4.64862585067749
      },
      {
        "index": 395,
        "started_ms": 16776.86075,
        "submitted_ms": 16778.556708,
        "observed_completed_ms": 16783.095166,
        "start_to_observed_completion_ms": 6.234415999999328,
        "submit_to_observed_completion_ms": 4.538457999999082,
        "continuous_iteration_ms": 11.7162504196167,
        "frame_ms": 6.346873760223389,
        "component_sum_ms": 6.346873760223389,
        "tick_ms": 0.13316600024700165,
        "dynamic_mesh_ms": 0.8183749914169312,
        "encode_ms": 0.7432079911231995,
        "admission_or_completion_ms": 4.652124881744385
      },
      {
        "index": 396,
        "started_ms": 16788.577,
        "submitted_ms": 16795.582666000002,
        "observed_completed_ms": 16800.120916,
        "start_to_observed_completion_ms": 11.543915999998717,
        "submit_to_observed_completion_ms": 4.538249999997788,
        "continuous_iteration_ms": 11.661749839782715,
        "frame_ms": 6.291416168212891,
        "component_sum_ms": 6.291416168212891,
        "tick_ms": 0.1251250058412552,
        "dynamic_mesh_ms": 0.7837499976158142,
        "encode_ms": 0.7313329577445984,
        "admission_or_completion_ms": 4.65120792388916
      },
      {
        "index": 397,
        "started_ms": 16800.238749999997,
        "submitted_ms": 16801.937625000002,
        "observed_completed_ms": 16807.982875,
        "start_to_observed_completion_ms": 7.744125000004715,
        "submit_to_observed_completion_ms": 6.045249999999214,
        "continuous_iteration_ms": 13.216500282287598,
        "frame_ms": 7.856332778930664,
        "component_sum_ms": 7.856332778930664,
        "tick_ms": 0.12583400309085846,
        "dynamic_mesh_ms": 0.7887499928474426,
        "encode_ms": 0.7832500338554382,
        "admission_or_completion_ms": 6.158498764038086
      },
      {
        "index": 398,
        "started_ms": 16813.45525,
        "submitted_ms": 16820.486083,
        "observed_completed_ms": 16826.536208,
        "start_to_observed_completion_ms": 13.080958000002283,
        "submit_to_observed_completion_ms": 6.050125000001572,
        "continuous_iteration_ms": 13.220749855041504,
        "frame_ms": 7.805334091186523,
        "component_sum_ms": 7.805334091186523,
        "tick_ms": 0.12337499111890793,
        "dynamic_mesh_ms": 0.7772089838981628,
        "encode_ms": 0.718999981880188,
        "admission_or_completion_ms": 6.1857500076293945
      },
      {
        "index": 399,
        "started_ms": 16826.676,
        "submitted_ms": 16828.447874999998,
        "observed_completed_ms": 16832.986125000003,
        "start_to_observed_completion_ms": 6.310125000003609,
        "submit_to_observed_completion_ms": 4.538250000005064,
        "continuous_iteration_ms": 11.847708702087402,
        "frame_ms": 6.421833038330078,
        "component_sum_ms": 6.421833038330078,
        "tick_ms": 0.12766699492931366,
        "dynamic_mesh_ms": 0.78125,
        "encode_ms": 0.8612499833106995,
        "admission_or_completion_ms": 4.651666164398193
      },
      {
        "index": 400,
        "started_ms": 16838.523708,
        "submitted_ms": 16845.542416,
        "observed_completed_ms": 16850.083875,
        "start_to_observed_completion_ms": 11.560166999999637,
        "submit_to_observed_completion_ms": 4.541459000000032,
        "continuous_iteration_ms": 11.679041862487793,
        "frame_ms": 6.296541213989258,
        "component_sum_ms": 6.296541213989258,
        "tick_ms": 0.12879200279712677,
        "dynamic_mesh_ms": 0.7828330397605896,
        "encode_ms": 0.7282500267028809,
        "admission_or_completion_ms": 4.656666278839111
      },
      {
        "index": 401,
        "started_ms": 16850.20275,
        "submitted_ms": 16851.893625,
        "observed_completed_ms": 16857.485125,
        "start_to_observed_completion_ms": 7.282374999998865,
        "submit_to_observed_completion_ms": 5.591499999998632,
        "continuous_iteration_ms": 12.780290603637695,
        "frame_ms": 7.395791053771973,
        "component_sum_ms": 7.395791053771973,
        "tick_ms": 0.12304099649190903,
        "dynamic_mesh_ms": 0.7730000019073486,
        "encode_ms": 0.7939170002937317,
        "admission_or_completion_ms": 5.7058329582214355
      },
      {
        "index": 402,
        "started_ms": 16862.983041,
        "submitted_ms": 16870.106333,
        "observed_completed_ms": 16875.690958,
        "start_to_observed_completion_ms": 12.707916999999725,
        "submit_to_observed_completion_ms": 5.584624999999505,
        "continuous_iteration_ms": 12.8496675491333,
        "frame_ms": 7.449373722076416,
        "component_sum_ms": 7.449373722076416,
        "tick_ms": 0.1255829930305481,
        "dynamic_mesh_ms": 0.7934580445289612,
        "encode_ms": 0.8102920055389404,
        "admission_or_completion_ms": 5.720040798187256
      },
      {
        "index": 403,
        "started_ms": 16875.832708,
        "submitted_ms": 16877.811916,
        "observed_completed_ms": 16883.874291,
        "start_to_observed_completion_ms": 8.041582999998354,
        "submit_to_observed_completion_ms": 6.062375000001339,
        "continuous_iteration_ms": 14.956957817077637,
        "frame_ms": 8.155376434326172,
        "component_sum_ms": 8.155376434326172,
        "tick_ms": 0.14937500655651093,
        "dynamic_mesh_ms": 0.8571670055389404,
        "encode_ms": 0.9701250195503235,
        "admission_or_completion_ms": 6.178709030151367
      },
      {
        "index": 404,
        "started_ms": 16890.789666,
        "submitted_ms": 16899.767915999997,
        "observed_completed_ms": 16905.832166,
        "start_to_observed_completion_ms": 15.042499999999563,
        "submit_to_observed_completion_ms": 6.064250000003085,
        "continuous_iteration_ms": 15.178583145141602,
        "frame_ms": 8.10112476348877,
        "component_sum_ms": 8.10112476348877,
        "tick_ms": 0.132082998752594,
        "dynamic_mesh_ms": 0.8112500309944153,
        "encode_ms": 0.9644160270690918,
        "admission_or_completion_ms": 6.193376064300537
      },
      {
        "index": 405,
        "started_ms": 16905.96825,
        "submitted_ms": 16908.015207999997,
        "observed_completed_ms": 16914.064916,
        "start_to_observed_completion_ms": 8.09666599999764,
        "submit_to_observed_completion_ms": 6.049708000002283,
        "continuous_iteration_ms": 13.791666030883789,
        "frame_ms": 8.222874641418457,
        "component_sum_ms": 8.222874641418457,
        "tick_ms": 0.14824999868869781,
        "dynamic_mesh_ms": 0.8673750162124634,
        "encode_ms": 1.028291940689087,
        "admission_or_completion_ms": 6.178957939147949
      },
      {
        "index": 406,
        "started_ms": 16919.759916,
        "submitted_ms": 16926.623249999997,
        "observed_completed_ms": 16932.669125,
        "start_to_observed_completion_ms": 12.909209000001283,
        "submit_to_observed_completion_ms": 6.045875000003434,
        "continuous_iteration_ms": 13.041958808898926,
        "frame_ms": 7.976583480834961,
        "component_sum_ms": 7.976583480834961,
        "tick_ms": 0.13874998688697815,
        "dynamic_mesh_ms": 0.8195000290870667,
        "encode_ms": 0.8443340063095093,
        "admission_or_completion_ms": 6.173999309539795
      },
      {
        "index": 407,
        "started_ms": 16932.801874999997,
        "submitted_ms": 16934.566583,
        "observed_completed_ms": 16940.621041,
        "start_to_observed_completion_ms": 7.8191660000011325,
        "submit_to_observed_completion_ms": 6.054457999998704,
        "continuous_iteration_ms": 13.445290565490723,
        "frame_ms": 7.942541122436523,
        "component_sum_ms": 7.942541122436523,
        "tick_ms": 0.1279579997062683,
        "dynamic_mesh_ms": 0.7926660180091858,
        "encode_ms": 0.8427919745445251,
        "admission_or_completion_ms": 6.17912483215332
      },
      {
        "index": 408,
        "started_ms": 16946.247165999997,
        "submitted_ms": 16953.700875,
        "observed_completed_ms": 16959.814707999998,
        "start_to_observed_completion_ms": 13.567542000000685,
        "submit_to_observed_completion_ms": 6.113832999999431,
        "continuous_iteration_ms": 13.690458297729492,
        "frame_ms": 8.194500923156738,
        "component_sum_ms": 8.194500923156738,
        "tick_ms": 0.15154200792312622,
        "dynamic_mesh_ms": 0.8026250004768372,
        "encode_ms": 1.0107089281082153,
        "admission_or_completion_ms": 6.2296247482299805
      },
      {
        "index": 409,
        "started_ms": 16959.937625,
        "submitted_ms": 16961.937958,
        "observed_completed_ms": 16966.519083000003,
        "start_to_observed_completion_ms": 6.581458000004204,
        "submit_to_observed_completion_ms": 4.581125000004249,
        "continuous_iteration_ms": 12.40191650390625,
        "frame_ms": 6.696041107177734,
        "component_sum_ms": 6.696041107177734,
        "tick_ms": 0.1472499966621399,
        "dynamic_mesh_ms": 0.8533329963684082,
        "encode_ms": 0.9966250658035278,
        "admission_or_completion_ms": 4.698832988739014
      },
      {
        "index": 410,
        "started_ms": 16972.339541,
        "submitted_ms": 16980.649625000002,
        "observed_completed_ms": 16985.208958000003,
        "start_to_observed_completion_ms": 12.869417000001704,
        "submit_to_observed_completion_ms": 4.559333000001061,
        "continuous_iteration_ms": 12.994625091552734,
        "frame_ms": 6.974749565124512,
        "component_sum_ms": 6.974749565124512,
        "tick_ms": 0.1875,
        "dynamic_mesh_ms": 0.9022090435028076,
        "encode_ms": 1.2065420150756836,
        "admission_or_completion_ms": 4.6784987449646
      },
      {
        "index": 411,
        "started_ms": 16985.334166,
        "submitted_ms": 16987.27675,
        "observed_completed_ms": 16991.829375,
        "start_to_observed_completion_ms": 6.495209000000614,
        "submit_to_observed_completion_ms": 4.552625000000262,
        "continuous_iteration_ms": 10.718417167663574,
        "frame_ms": 6.612374782562256,
        "component_sum_ms": 6.612374782562256,
        "tick_ms": 0.14629200100898743,
        "dynamic_mesh_ms": 0.8605409860610962,
        "encode_ms": 0.9335419535636902,
        "admission_or_completion_ms": 4.671999931335449
      },
      {
        "index": 412,
        "started_ms": 16996.052583,
        "submitted_ms": 17003.47675,
        "observed_completed_ms": 17006.527083,
        "start_to_observed_completion_ms": 10.474500000000262,
        "submit_to_observed_completion_ms": 3.0503329999992275,
        "continuous_iteration_ms": 10.630916595458984,
        "frame_ms": 5.307582855224609,
        "component_sum_ms": 5.307582855224609,
        "tick_ms": 0.14212501049041748,
        "dynamic_mesh_ms": 0.8401659727096558,
        "encode_ms": 1.1251249313354492,
        "admission_or_completion_ms": 3.200166940689087
      },
      {
        "index": 413,
        "started_ms": 17006.683500000003,
        "submitted_ms": 17008.739541,
        "observed_completed_ms": 17013.030166,
        "start_to_observed_completion_ms": 6.34666599999764,
        "submit_to_observed_completion_ms": 4.290625000001455,
        "continuous_iteration_ms": 10.47804069519043,
        "frame_ms": 6.461333751678467,
        "component_sum_ms": 6.461333751678467,
        "tick_ms": 0.17275001108646393,
        "dynamic_mesh_ms": 0.8539170026779175,
        "encode_ms": 1.025583028793335,
        "admission_or_completion_ms": 4.409083843231201
      },
      {
        "index": 414,
        "started_ms": 17017.161541,
        "submitted_ms": 17024.615125,
        "observed_completed_ms": 17027.647375,
        "start_to_observed_completion_ms": 10.485833999999159,
        "submit_to_observed_completion_ms": 3.0322500000002037,
        "continuous_iteration_ms": 10.605667114257812,
        "frame_ms": 5.039959907531738,
        "component_sum_ms": 5.039959907531738,
        "tick_ms": 0.1458750069141388,
        "dynamic_mesh_ms": 0.8547090291976929,
        "encode_ms": 0.8924590349197388,
        "admission_or_completion_ms": 3.1469171047210693
      },
      {
        "index": 415,
        "started_ms": 17027.767208,
        "submitted_ms": 17029.534875,
        "observed_completed_ms": 17033.997625,
        "start_to_observed_completion_ms": 6.230416999998852,
        "submit_to_observed_completion_ms": 4.462749999998778,
        "continuous_iteration_ms": 11.936708450317383,
        "frame_ms": 6.344457626342773,
        "component_sum_ms": 6.344457626342773,
        "tick_ms": 0.1358330100774765,
        "dynamic_mesh_ms": 0.8451250195503235,
        "encode_ms": 0.7849169969558716,
        "admission_or_completion_ms": 4.578582763671875
      },
      {
        "index": 416,
        "started_ms": 17039.703916000002,
        "submitted_ms": 17045.566041000002,
        "observed_completed_ms": 17050.126500000002,
        "start_to_observed_completion_ms": 10.422583999999915,
        "submit_to_observed_completion_ms": 4.5604590000002645,
        "continuous_iteration_ms": 10.545709609985352,
        "frame_ms": 6.523500919342041,
        "component_sum_ms": 6.523500919342041,
        "tick_ms": 0.14508400857448578,
        "dynamic_mesh_ms": 0.8666670322418213,
        "encode_ms": 0.8347079753875732,
        "admission_or_completion_ms": 4.677042007446289
      },
      {
        "index": 417,
        "started_ms": 17050.249625,
        "submitted_ms": 17052.231583,
        "observed_completed_ms": 17056.78925,
        "start_to_observed_completion_ms": 6.5396250000012515,
        "submit_to_observed_completion_ms": 4.557667000000947,
        "continuous_iteration_ms": 10.644000053405762,
        "frame_ms": 6.671042442321777,
        "component_sum_ms": 6.671042442321777,
        "tick_ms": 0.14979100227355957,
        "dynamic_mesh_ms": 0.8577089905738831,
        "encode_ms": 0.9722920060157776,
        "admission_or_completion_ms": 4.691250801086426
      },
      {
        "index": 418,
        "started_ms": 17060.893624999997,
        "submitted_ms": 17068.160375000003,
        "observed_completed_ms": 17072.651166,
        "start_to_observed_completion_ms": 11.757541000002675,
        "submit_to_observed_completion_ms": 4.490790999996534,
        "continuous_iteration_ms": 11.88904094696045,
        "frame_ms": 6.479042053222656,
        "component_sum_ms": 6.479042053222656,
        "tick_ms": 0.14170899987220764,
        "dynamic_mesh_ms": 0.8531249761581421,
        "encode_ms": 0.867667019367218,
        "admission_or_completion_ms": 4.616540908813477
      },
      {
        "index": 419,
        "started_ms": 17072.782666,
        "submitted_ms": 17074.602958,
        "observed_completed_ms": 17079.142083000002,
        "start_to_observed_completion_ms": 6.359417000003305,
        "submit_to_observed_completion_ms": 4.539125000002969,
        "continuous_iteration_ms": 10.166749954223633,
        "frame_ms": 6.475917339324951,
        "component_sum_ms": 6.475917339324951,
        "tick_ms": 0.13791599869728088,
        "dynamic_mesh_ms": 0.8355000019073486,
        "encode_ms": 0.8450419902801514,
        "admission_or_completion_ms": 4.657459259033203
      },
      {
        "index": 420,
        "started_ms": 17082.949416000003,
        "submitted_ms": 17088.786375000003,
        "observed_completed_ms": 17091.837832999998,
        "start_to_observed_completion_ms": 8.88841699999466,
        "submit_to_observed_completion_ms": 3.0514579999944544,
        "continuous_iteration_ms": 725.9036865234375,
        "frame_ms": 4.976126194000244,
        "component_sum_ms": 4.976126194000244,
        "tick_ms": 0.133542001247406,
        "dynamic_mesh_ms": 0.815625011920929,
        "encode_ms": 0.860334038734436,
        "admission_or_completion_ms": 3.1666250228881836
      },
      {
        "index": 421,
        "started_ms": 17808.853082999998,
        "submitted_ms": 17810.962,
        "observed_completed_ms": 17820.073708,
        "start_to_observed_completion_ms": 11.220625000001746,
        "submit_to_observed_completion_ms": 9.111708000000363,
        "continuous_iteration_ms": 15.5250825881958,
        "frame_ms": 11.334959030151367,
        "component_sum_ms": 11.334959030151367,
        "tick_ms": 0.15129199624061584,
        "dynamic_mesh_ms": 0.8650839924812317,
        "encode_ms": 1.0852919816970825,
        "admission_or_completion_ms": 9.233290672302246
      },
      {
        "index": 422,
        "started_ms": 17824.378166,
        "submitted_ms": 17830.579416,
        "observed_completed_ms": 17833.626333,
        "start_to_observed_completion_ms": 9.248167000001558,
        "submit_to_observed_completion_ms": 3.0469169999996666,
        "continuous_iteration_ms": 9.369791984558105,
        "frame_ms": 5.124792098999023,
        "component_sum_ms": 5.124792098999023,
        "tick_ms": 0.15162500739097595,
        "dynamic_mesh_ms": 0.8680419921875,
        "encode_ms": 0.9413749575614929,
        "admission_or_completion_ms": 3.163749933242798
      },
      {
        "index": 423,
        "started_ms": 17833.747958,
        "submitted_ms": 17835.652,
        "observed_completed_ms": 17838.717708,
        "start_to_observed_completion_ms": 4.969750000000204,
        "submit_to_observed_completion_ms": 3.065708000001905,
        "continuous_iteration_ms": 9.345791816711426,
        "frame_ms": 5.084124565124512,
        "component_sum_ms": 5.084124565124512,
        "tick_ms": 0.13929200172424316,
        "dynamic_mesh_ms": 0.8557500243186951,
        "encode_ms": 0.9063340425491333,
        "admission_or_completion_ms": 3.182748794555664
      },
      {
        "index": 424,
        "started_ms": 17843.09375,
        "submitted_ms": 17849.297666,
        "observed_completed_ms": 17852.34525,
        "start_to_observed_completion_ms": 9.251499999998487,
        "submit_to_observed_completion_ms": 3.0475839999999152,
        "continuous_iteration_ms": 9.374000549316406,
        "frame_ms": 5.264917850494385,
        "component_sum_ms": 5.264917850494385,
        "tick_ms": 0.1557919979095459,
        "dynamic_mesh_ms": 0.8589589595794678,
        "encode_ms": 1.0866249799728394,
        "admission_or_completion_ms": 3.163541793823242
      },
      {
        "index": 425,
        "started_ms": 17852.46775,
        "submitted_ms": 17854.475625,
        "observed_completed_ms": 17857.531625,
        "start_to_observed_completion_ms": 5.063874999999825,
        "submit_to_observed_completion_ms": 3.0560000000004948,
        "continuous_iteration_ms": 9.2128324508667,
        "frame_ms": 5.177456855773926,
        "component_sum_ms": 5.177456855773926,
        "tick_ms": 0.14862500131130219,
        "dynamic_mesh_ms": 0.8609159588813782,
        "encode_ms": 0.9962089657783508,
        "admission_or_completion_ms": 3.1717069149017334
      },
      {
        "index": 426,
        "started_ms": 17861.680583,
        "submitted_ms": 17867.802791,
        "observed_completed_ms": 17872.354125,
        "start_to_observed_completion_ms": 10.673542000000452,
        "submit_to_observed_completion_ms": 4.551334000003408,
        "continuous_iteration_ms": 10.794750213623047,
        "frame_ms": 6.58841609954834,
        "component_sum_ms": 6.58841609954834,
        "tick_ms": 0.13716699182987213,
        "dynamic_mesh_ms": 0.8598750233650208,
        "encode_ms": 0.9250829815864563,
        "admission_or_completion_ms": 4.666291236877441
      },
      {
        "index": 427,
        "started_ms": 17872.475333000002,
        "submitted_ms": 17874.612416,
        "observed_completed_ms": 17877.662166000002,
        "start_to_observed_completion_ms": 5.186832999999751,
        "submit_to_observed_completion_ms": 3.04975000000195,
        "continuous_iteration_ms": 9.358749389648438,
        "frame_ms": 5.3022918701171875,
        "component_sum_ms": 5.3022918701171875,
        "tick_ms": 0.149167001247406,
        "dynamic_mesh_ms": 0.876209020614624,
        "encode_ms": 1.1080410480499268,
        "admission_or_completion_ms": 3.168874979019165
      },
      {
        "index": 428,
        "started_ms": 17881.834083,
        "submitted_ms": 17886.150208,
        "observed_completed_ms": 17889.193625,
        "start_to_observed_completion_ms": 7.359541999998328,
        "submit_to_observed_completion_ms": 3.0434170000007725,
        "continuous_iteration_ms": 7.480416774749756,
        "frame_ms": 4.959582805633545,
        "component_sum_ms": 4.959582805633545,
        "tick_ms": 0.1378750056028366,
        "dynamic_mesh_ms": 0.8575829863548279,
        "encode_ms": 0.8046669960021973,
        "admission_or_completion_ms": 3.1594579219818115
      },
      {
        "index": 429,
        "started_ms": 17889.3145,
        "submitted_ms": 17891.342333,
        "observed_completed_ms": 17894.383916,
        "start_to_observed_completion_ms": 5.069415999998455,
        "submit_to_observed_completion_ms": 3.0415829999983544,
        "continuous_iteration_ms": 9.128915786743164,
        "frame_ms": 5.182208061218262,
        "component_sum_ms": 5.182208061218262,
        "tick_ms": 0.1420000046491623,
        "dynamic_mesh_ms": 0.8903329968452454,
        "encode_ms": 0.9920830130577087,
        "admission_or_completion_ms": 3.15779185295105
      },
      {
        "index": 430,
        "started_ms": 17898.443416,
        "submitted_ms": 17904.421916,
        "observed_completed_ms": 17907.170458,
        "start_to_observed_completion_ms": 8.727042000002257,
        "submit_to_observed_completion_ms": 2.74854200000118,
        "continuous_iteration_ms": 8.86199951171875,
        "frame_ms": 4.7837090492248535,
        "component_sum_ms": 4.7837090492248535,
        "tick_ms": 0.13495899736881256,
        "dynamic_mesh_ms": 0.8351249694824219,
        "encode_ms": 0.9456250071525574,
        "admission_or_completion_ms": 2.868000030517578
      },
      {
        "index": 431,
        "started_ms": 17907.305416,
        "submitted_ms": 17909.327041,
        "observed_completed_ms": 17912.37125,
        "start_to_observed_completion_ms": 5.065834000000905,
        "submit_to_observed_completion_ms": 3.0442089999996824,
        "continuous_iteration_ms": 7.694458961486816,
        "frame_ms": 5.178335189819336,
        "component_sum_ms": 5.178335189819336,
        "tick_ms": 0.15720899403095245,
        "dynamic_mesh_ms": 0.8838340044021606,
        "encode_ms": 0.9777910113334656,
        "admission_or_completion_ms": 3.15950083732605
      },
      {
        "index": 432,
        "started_ms": 17914.999874999998,
        "submitted_ms": 17921.10225,
        "observed_completed_ms": 17924.171791,
        "start_to_observed_completion_ms": 9.171916000002966,
        "submit_to_observed_completion_ms": 3.069541000000754,
        "continuous_iteration_ms": 9.357458114624023,
        "frame_ms": 5.373167037963867,
        "component_sum_ms": 5.373167037963867,
        "tick_ms": 0.1444999873638153,
        "dynamic_mesh_ms": 0.8145409822463989,
        "encode_ms": 1.1655839681625366,
        "admission_or_completion_ms": 3.248542070388794
      },
      {
        "index": 433,
        "started_ms": 17924.357333,
        "submitted_ms": 17926.234625,
        "observed_completed_ms": 17929.274916000002,
        "start_to_observed_completion_ms": 4.917583000002196,
        "submit_to_observed_completion_ms": 3.0402910000011616,
        "continuous_iteration_ms": 7.589625358581543,
        "frame_ms": 5.1118340492248535,
        "component_sum_ms": 5.1118340492248535,
        "tick_ms": 0.1440420001745224,
        "dynamic_mesh_ms": 0.8038340210914612,
        "encode_ms": 0.927291989326477,
        "admission_or_completion_ms": 3.236665964126587
      },
      {
        "index": 434,
        "started_ms": 17931.946958,
        "submitted_ms": 17937.898875,
        "observed_completed_ms": 17940.822041,
        "start_to_observed_completion_ms": 8.875082999998995,
        "submit_to_observed_completion_ms": 2.923166000000492,
        "continuous_iteration_ms": 8.994832992553711,
        "frame_ms": 4.818376541137695,
        "component_sum_ms": 4.818376541137695,
        "tick_ms": 0.1494159996509552,
        "dynamic_mesh_ms": 0.8698340058326721,
        "encode_ms": 0.7614589929580688,
        "admission_or_completion_ms": 3.0376672744750977
      },
      {
        "index": 435,
        "started_ms": 17940.941791,
        "submitted_ms": 17942.815958,
        "observed_completed_ms": 17945.846833,
        "start_to_observed_completion_ms": 4.905041999998502,
        "submit_to_observed_completion_ms": 3.0308750000003783,
        "continuous_iteration_ms": 9.051167488098145,
        "frame_ms": 5.01704216003418,
        "component_sum_ms": 5.01704216003418,
        "tick_ms": 0.1374169886112213,
        "dynamic_mesh_ms": 0.844584047794342,
        "encode_ms": 0.8903329968452454,
        "admission_or_completion_ms": 3.1447081565856934
      },
      {
        "index": 436,
        "started_ms": 17949.992958,
        "submitted_ms": 17955.85425,
        "observed_completed_ms": 17958.90025,
        "start_to_observed_completion_ms": 8.90729199999987,
        "submit_to_observed_completion_ms": 3.0459999999984575,
        "continuous_iteration_ms": 9.027582168579102,
        "frame_ms": 4.996457576751709,
        "component_sum_ms": 4.996457576751709,
        "tick_ms": 0.14654099941253662,
        "dynamic_mesh_ms": 0.8697499632835388,
        "encode_ms": 0.8183749914169312,
        "admission_or_completion_ms": 3.1617918014526367
      },
      {
        "index": 437,
        "started_ms": 17959.020541,
        "submitted_ms": 17960.845333,
        "observed_completed_ms": 17965.392458,
        "start_to_observed_completion_ms": 6.371916999996756,
        "submit_to_observed_completion_ms": 4.5471249999973224,
        "continuous_iteration_ms": 10.448416709899902,
        "frame_ms": 6.496666431427002,
        "component_sum_ms": 6.496666431427002,
        "tick_ms": 0.13420800864696503,
        "dynamic_mesh_ms": 0.8306660056114197,
        "encode_ms": 0.8582080006599426,
        "admission_or_completion_ms": 4.673584461212158
      },
      {
        "index": 438,
        "started_ms": 17969.468958,
        "submitted_ms": 17975.1725,
        "observed_completed_ms": 17978.210457999998,
        "start_to_observed_completion_ms": 8.74149999999645,
        "submit_to_observed_completion_ms": 3.037957999997161,
        "continuous_iteration_ms": 8.860374450683594,
        "frame_ms": 4.955749034881592,
        "component_sum_ms": 4.955749034881592,
        "tick_ms": 0.13133299350738525,
        "dynamic_mesh_ms": 0.8091250061988831,
        "encode_ms": 0.8632500171661377,
        "admission_or_completion_ms": 3.152040958404541
      },
      {
        "index": 439,
        "started_ms": 17978.329333,
        "submitted_ms": 17980.092833,
        "observed_completed_ms": 17983.135749999998,
        "start_to_observed_completion_ms": 4.806416999996145,
        "submit_to_observed_completion_ms": 3.0429169999988517,
        "continuous_iteration_ms": 8.775833129882812,
        "frame_ms": 4.920417785644531,
        "component_sum_ms": 4.920417785644531,
        "tick_ms": 0.13633400201797485,
        "dynamic_mesh_ms": 0.8111249804496765,
        "encode_ms": 0.8142080307006836,
        "admission_or_completion_ms": 3.1587510108947754
      },
      {
        "index": 440,
        "started_ms": 17987.105165999998,
        "submitted_ms": 17992.901083,
        "observed_completed_ms": 17995.935458,
        "start_to_observed_completion_ms": 8.830292000002373,
        "submit_to_observed_completion_ms": 3.0343749999992724,
        "continuous_iteration_ms": 8.970749855041504,
        "frame_ms": 5.017917156219482,
        "component_sum_ms": 5.017917156219482,
        "tick_ms": 0.13683299720287323,
        "dynamic_mesh_ms": 0.8628339767456055,
        "encode_ms": 0.8547919988632202,
        "admission_or_completion_ms": 3.1634581089019775
      },
      {
        "index": 441,
        "started_ms": 17996.075915999998,
        "submitted_ms": 17998.275374999997,
        "observed_completed_ms": 17999.907666,
        "start_to_observed_completion_ms": 3.8317500000011933,
        "submit_to_observed_completion_ms": 1.6322910000017146,
        "continuous_iteration_ms": 8.119959831237793,
        "frame_ms": 3.9515419006347656,
        "component_sum_ms": 3.9515419006347656,
        "tick_ms": 0.15904200077056885,
        "dynamic_mesh_ms": 0.866083025932312,
        "encode_ms": 1.1719589233398438,
        "admission_or_completion_ms": 1.754457950592041
      },
      {
        "index": 442,
        "started_ms": 18004.195875,
        "submitted_ms": 18010.168791,
        "observed_completed_ms": 18013.214958,
        "start_to_observed_completion_ms": 9.019082999999227,
        "submit_to_observed_completion_ms": 3.0461670000004233,
        "continuous_iteration_ms": 9.232125282287598,
        "frame_ms": 5.204292297363281,
        "component_sum_ms": 5.204292297363281,
        "tick_ms": 0.13641700148582458,
        "dynamic_mesh_ms": 0.8782920241355896,
        "encode_ms": 0.9406249523162842,
        "admission_or_completion_ms": 3.248958110809326
      },
      {
        "index": 443,
        "started_ms": 18013.428,
        "submitted_ms": 18015.441875,
        "observed_completed_ms": 18018.502,
        "start_to_observed_completion_ms": 5.074000000000524,
        "submit_to_observed_completion_ms": 3.060124999999971,
        "continuous_iteration_ms": 9.341291427612305,
        "frame_ms": 5.186790943145752,
        "component_sum_ms": 5.186790943145752,
        "tick_ms": 0.1553329974412918,
        "dynamic_mesh_ms": 0.8765829801559448,
        "encode_ms": 0.9788749814033508,
        "admission_or_completion_ms": 3.175999879837036
      },
      {
        "index": 444,
        "started_ms": 18022.769291,
        "submitted_ms": 18028.967833,
        "observed_completed_ms": 18032.079875,
        "start_to_observed_completion_ms": 9.310583999998926,
        "submit_to_observed_completion_ms": 3.112042000000656,
        "continuous_iteration_ms": 9.451499938964844,
        "frame_ms": 5.339541912078857,
        "component_sum_ms": 5.339541912078857,
        "tick_ms": 0.1379999965429306,
        "dynamic_mesh_ms": 0.8417090177536011,
        "encode_ms": 1.1122499704360962,
        "admission_or_completion_ms": 3.2475829124450684
      },
      {
        "index": 445,
        "started_ms": 18032.220791,
        "submitted_ms": 18034.779208,
        "observed_completed_ms": 18039.35975,
        "start_to_observed_completion_ms": 7.138958999999886,
        "submit_to_observed_completion_ms": 4.580541999999696,
        "continuous_iteration_ms": 11.2229585647583,
        "frame_ms": 7.255290985107422,
        "component_sum_ms": 7.255290985107422,
        "tick_ms": 0.1819159984588623,
        "dynamic_mesh_ms": 0.8186249732971191,
        "encode_ms": 1.5537919998168945,
        "admission_or_completion_ms": 4.700957775115967
      },
      {
        "index": 446,
        "started_ms": 18043.443750000002,
        "submitted_ms": 18049.862208,
        "observed_completed_ms": 18052.950083,
        "start_to_observed_completion_ms": 9.50633299999754,
        "submit_to_observed_completion_ms": 3.087875000001077,
        "continuous_iteration_ms": 9.63208293914795,
        "frame_ms": 5.295000076293945,
        "component_sum_ms": 5.295000076293945,
        "tick_ms": 0.1505419909954071,
        "dynamic_mesh_ms": 0.8714169859886169,
        "encode_ms": 1.0655829906463623,
        "admission_or_completion_ms": 3.207458257675171
      },
      {
        "index": 447,
        "started_ms": 18053.075833000003,
        "submitted_ms": 18055.096791,
        "observed_completed_ms": 18058.163791,
        "start_to_observed_completion_ms": 5.0879579999964335,
        "submit_to_observed_completion_ms": 3.066999999999098,
        "continuous_iteration_ms": 9.270416259765625,
        "frame_ms": 5.201042175292969,
        "component_sum_ms": 5.201042175292969,
        "tick_ms": 0.14116699993610382,
        "dynamic_mesh_ms": 0.8479170203208923,
        "encode_ms": 1.0292079448699951,
        "admission_or_completion_ms": 3.1827499866485596
      },
      {
        "index": 448,
        "started_ms": 18062.346250000002,
        "submitted_ms": 18068.093458,
        "observed_completed_ms": 18071.140083,
        "start_to_observed_completion_ms": 8.793832999996084,
        "submit_to_observed_completion_ms": 3.0466249999990396,
        "continuous_iteration_ms": 9.001124382019043,
        "frame_ms": 5.093166828155518,
        "component_sum_ms": 5.093166828155518,
        "tick_ms": 0.13433299958705902,
        "dynamic_mesh_ms": 0.8224999904632568,
        "encode_ms": 0.8888330459594727,
        "admission_or_completion_ms": 3.2475008964538574
      },
      {
        "index": 449,
        "started_ms": 18071.347374999998,
        "submitted_ms": 18073.558833,
        "observed_completed_ms": 18076.603583,
        "start_to_observed_completion_ms": 5.256208000002516,
        "submit_to_observed_completion_ms": 3.0447500000009313,
        "continuous_iteration_ms": 9.317208290100098,
        "frame_ms": 5.369208335876465,
        "component_sum_ms": 5.369208335876465,
        "tick_ms": 0.14366699755191803,
        "dynamic_mesh_ms": 0.8398750424385071,
        "encode_ms": 1.2259169816970825,
        "admission_or_completion_ms": 3.1597490310668945
      },
      {
        "index": 450,
        "started_ms": 18080.664583,
        "submitted_ms": 18086.452541,
        "observed_completed_ms": 18089.486708,
        "start_to_observed_completion_ms": 8.822124999998778,
        "submit_to_observed_completion_ms": 3.0341670000016165,
        "continuous_iteration_ms": 8.943458557128906,
        "frame_ms": 4.988585472106934,
        "component_sum_ms": 4.988585472106934,
        "tick_ms": 0.149958997964859,
        "dynamic_mesh_ms": 0.9288340210914612,
        "encode_ms": 0.759833037853241,
        "admission_or_completion_ms": 3.149959087371826
      },
      {
        "index": 451,
        "started_ms": 18089.608041000003,
        "submitted_ms": 18091.603375,
        "observed_completed_ms": 18094.6475,
        "start_to_observed_completion_ms": 5.039458999995986,
        "submit_to_observed_completion_ms": 3.0441250000003492,
        "continuous_iteration_ms": 9.284791946411133,
        "frame_ms": 5.153666973114014,
        "component_sum_ms": 5.153666973114014,
        "tick_ms": 0.1334580034017563,
        "dynamic_mesh_ms": 0.8380420207977295,
        "encode_ms": 1.0214999914169312,
        "admission_or_completion_ms": 3.1606669425964355
      },
      {
        "index": 452,
        "started_ms": 18098.892833,
        "submitted_ms": 18104.794666,
        "observed_completed_ms": 18107.842041,
        "start_to_observed_completion_ms": 8.94920799999818,
        "submit_to_observed_completion_ms": 3.047374999998283,
        "continuous_iteration_ms": 9.07087516784668,
        "frame_ms": 5.06391716003418,
        "component_sum_ms": 5.06391716003418,
        "tick_ms": 0.14037500321865082,
        "dynamic_mesh_ms": 0.8420000076293945,
        "encode_ms": 0.9166250228881836,
        "admission_or_completion_ms": 3.1649169921875
      },
      {
        "index": 453,
        "started_ms": 18107.963708,
        "submitted_ms": 18109.762916,
        "observed_completed_ms": 18114.0625,
        "start_to_observed_completion_ms": 6.098792000000685,
        "submit_to_observed_completion_ms": 4.299584000000323,
        "continuous_iteration_ms": 10.309625625610352,
        "frame_ms": 6.224334239959717,
        "component_sum_ms": 6.224334239959717,
        "tick_ms": 0.1319580078125,
        "dynamic_mesh_ms": 0.8136249780654907,
        "encode_ms": 0.8516249656677246,
        "admission_or_completion_ms": 4.427126407623291
      },
      {
        "index": 454,
        "started_ms": 18118.273333,
        "submitted_ms": 18124.304666,
        "observed_completed_ms": 18127.361624999998,
        "start_to_observed_completion_ms": 9.088291999996727,
        "submit_to_observed_completion_ms": 3.0569589999977325,
        "continuous_iteration_ms": 9.210208892822266,
        "frame_ms": 5.181667327880859,
        "component_sum_ms": 5.181667327880859,
        "tick_ms": 0.1389169991016388,
        "dynamic_mesh_ms": 0.836667001247406,
        "encode_ms": 1.0329160690307617,
        "admission_or_completion_ms": 3.1731669902801514
      },
      {
        "index": 455,
        "started_ms": 18127.483541,
        "submitted_ms": 18129.478249999996,
        "observed_completed_ms": 18132.535666,
        "start_to_observed_completion_ms": 5.052124999998341,
        "submit_to_observed_completion_ms": 3.057416000003286,
        "continuous_iteration_ms": 9.361374855041504,
        "frame_ms": 5.164709091186523,
        "component_sum_ms": 5.164709091186523,
        "tick_ms": 0.14333300292491913,
        "dynamic_mesh_ms": 0.9319170117378235,
        "encode_ms": 0.9167090058326721,
        "admission_or_completion_ms": 3.1727499961853027
      },
      {
        "index": 456,
        "started_ms": 18136.844916000002,
        "submitted_ms": 18142.914125,
        "observed_completed_ms": 18147.482582999997,
        "start_to_observed_completion_ms": 10.637666999995417,
        "submit_to_observed_completion_ms": 4.568457999997918,
        "continuous_iteration_ms": 10.763500213623047,
        "frame_ms": 6.651332855224609,
        "component_sum_ms": 6.651332855224609,
        "tick_ms": 0.1415420025587082,
        "dynamic_mesh_ms": 0.8381669521331787,
        "encode_ms": 0.984000027179718,
        "admission_or_completion_ms": 4.687623977661133
      },
      {
        "index": 457,
        "started_ms": 18147.608416,
        "submitted_ms": 18149.785,
        "observed_completed_ms": 18152.852958,
        "start_to_observed_completion_ms": 5.244542000000365,
        "submit_to_observed_completion_ms": 3.067957999999635,
        "continuous_iteration_ms": 9.556375503540039,
        "frame_ms": 5.358041286468506,
        "component_sum_ms": 5.358041286468506,
        "tick_ms": 0.20554199814796448,
        "dynamic_mesh_ms": 0.9491659998893738,
        "encode_ms": 1.016917109489441,
        "admission_or_completion_ms": 3.1864161491394043
      },
      {
        "index": 458,
        "started_ms": 18157.164791,
        "submitted_ms": 18163.246125,
        "observed_completed_ms": 18166.301583,
        "start_to_observed_completion_ms": 9.13679200000115,
        "submit_to_observed_completion_ms": 3.0554579999989073,
        "continuous_iteration_ms": 9.259291648864746,
        "frame_ms": 5.171667098999023,
        "component_sum_ms": 5.171667098999023,
        "tick_ms": 0.14104199409484863,
        "dynamic_mesh_ms": 0.8483330011367798,
        "encode_ms": 1.0105839967727661,
        "admission_or_completion_ms": 3.171708106994629
      },
      {
        "index": 459,
        "started_ms": 18166.424082999998,
        "submitted_ms": 18168.411500000002,
        "observed_completed_ms": 18172.981125,
        "start_to_observed_completion_ms": 6.557042000000365,
        "submit_to_observed_completion_ms": 4.569624999996449,
        "continuous_iteration_ms": 10.328291893005371,
        "frame_ms": 6.728456974029541,
        "component_sum_ms": 6.728456974029541,
        "tick_ms": 0.14762499928474426,
        "dynamic_mesh_ms": 0.8642909526824951,
        "encode_ms": 0.9723340272903442,
        "admission_or_completion_ms": 4.74420690536499
      },
      {
        "index": 460,
        "started_ms": 18176.752375,
        "submitted_ms": 18182.856333,
        "observed_completed_ms": 18185.487125000003,
        "start_to_observed_completion_ms": 8.73475000000326,
        "submit_to_observed_completion_ms": 2.6307920000035665,
        "continuous_iteration_ms": 8.856332778930664,
        "frame_ms": 4.706832408905029,
        "component_sum_ms": 4.706832408905029,
        "tick_ms": 0.1456250101327896,
        "dynamic_mesh_ms": 0.8776659965515137,
        "encode_ms": 0.9362080097198486,
        "admission_or_completion_ms": 2.747333288192749
      },
      {
        "index": 461,
        "started_ms": 18185.608708,
        "submitted_ms": 18187.637875,
        "observed_completed_ms": 18190.702333,
        "start_to_observed_completion_ms": 5.093625000001339,
        "submit_to_observed_completion_ms": 3.064458000000741,
        "continuous_iteration_ms": 8.91170883178711,
        "frame_ms": 5.208958148956299,
        "component_sum_ms": 5.208958148956299,
        "tick_ms": 0.14995799958705902,
        "dynamic_mesh_ms": 0.9236670136451721,
        "encode_ms": 0.9522500038146973,
        "admission_or_completion_ms": 3.1830830574035645
      },
      {
        "index": 462,
        "started_ms": 18194.520416,
        "submitted_ms": 18200.334166,
        "observed_completed_ms": 18203.366916,
        "start_to_observed_completion_ms": 8.84649999999965,
        "submit_to_observed_completion_ms": 3.0327499999984866,
        "continuous_iteration_ms": 8.96541690826416,
        "frame_ms": 4.954998970031738,
        "component_sum_ms": 4.954998970031738,
        "tick_ms": 0.1381250023841858,
        "dynamic_mesh_ms": 0.8136659860610962,
        "encode_ms": 0.8551250100135803,
        "admission_or_completion_ms": 3.148082971572876
      },
      {
        "index": 463,
        "started_ms": 18203.485833,
        "submitted_ms": 18205.306540999998,
        "observed_completed_ms": 18208.359083000003,
        "start_to_observed_completion_ms": 4.873250000004191,
        "submit_to_observed_completion_ms": 3.0525420000049053,
        "continuous_iteration_ms": 9.052749633789062,
        "frame_ms": 4.989332675933838,
        "component_sum_ms": 4.989332675933838,
        "tick_ms": 0.12958300113677979,
        "dynamic_mesh_ms": 0.8072499632835388,
        "encode_ms": 0.8815410137176514,
        "admission_or_completion_ms": 3.1709587574005127
      },
      {
        "index": 464,
        "started_ms": 18212.538583,
        "submitted_ms": 18216.90375,
        "observed_completed_ms": 18219.951999999997,
        "start_to_observed_completion_ms": 7.413416999996116,
        "submit_to_observed_completion_ms": 3.0482499999961874,
        "continuous_iteration_ms": 7.535917282104492,
        "frame_ms": 5.012166976928711,
        "component_sum_ms": 5.012166976928711,
        "tick_ms": 0.14454099535942078,
        "dynamic_mesh_ms": 0.8406250476837158,
        "encode_ms": 0.860834002494812,
        "admission_or_completion_ms": 3.1661667823791504
      },
      {
        "index": 465,
        "started_ms": 18220.0745,
        "submitted_ms": 18221.940958000003,
        "observed_completed_ms": 18224.983666,
        "start_to_observed_completion_ms": 4.909166000001278,
        "submit_to_observed_completion_ms": 3.0427079999972193,
        "continuous_iteration_ms": 9.094457626342773,
        "frame_ms": 5.022582054138184,
        "component_sum_ms": 5.022582054138184,
        "tick_ms": 0.1314999908208847,
        "dynamic_mesh_ms": 0.8616659641265869,
        "encode_ms": 0.8709999918937683,
        "admission_or_completion_ms": 3.158416271209717
      },
      {
        "index": 466,
        "started_ms": 18229.168958,
        "submitted_ms": 18234.41625,
        "observed_completed_ms": 18237.467708,
        "start_to_observed_completion_ms": 8.298750000001746,
        "submit_to_observed_completion_ms": 3.0514580000017304,
        "continuous_iteration_ms": 8.421542167663574,
        "frame_ms": 4.990584373474121,
        "component_sum_ms": 4.990584373474121,
        "tick_ms": 0.14558300375938416,
        "dynamic_mesh_ms": 0.8356670141220093,
        "encode_ms": 0.8406670093536377,
        "admission_or_completion_ms": 3.1686670780181885
      },
      {
        "index": 467,
        "started_ms": 18237.5905,
        "submitted_ms": 18239.509541,
        "observed_completed_ms": 18242.321791,
        "start_to_observed_completion_ms": 4.731291000000056,
        "submit_to_observed_completion_ms": 2.8122499999990396,
        "continuous_iteration_ms": 8.354707717895508,
        "frame_ms": 4.844790935516357,
        "component_sum_ms": 4.844790935516357,
        "tick_ms": 0.13950000703334808,
        "dynamic_mesh_ms": 0.831375002861023,
        "encode_ms": 0.9460410475730896,
        "admission_or_completion_ms": 2.927874803543091
      },
      {
        "index": 468,
        "started_ms": 18245.945207999997,
        "submitted_ms": 18251.739458,
        "observed_completed_ms": 18254.785208,
        "start_to_observed_completion_ms": 8.840000000003783,
        "submit_to_observed_completion_ms": 3.045750000001135,
        "continuous_iteration_ms": 8.973833084106445,
        "frame_ms": 5.107583999633789,
        "component_sum_ms": 5.107583999633789,
        "tick_ms": 0.16566701233386993,
        "dynamic_mesh_ms": 0.8526250123977661,
        "encode_ms": 0.915041983127594,
        "admission_or_completion_ms": 3.1742501258850098
      },
      {
        "index": 469,
        "started_ms": 18254.919041,
        "submitted_ms": 18256.889458,
        "observed_completed_ms": 18259.927916,
        "start_to_observed_completion_ms": 5.008874999999534,
        "submit_to_observed_completion_ms": 3.038457999999082,
        "continuous_iteration_ms": 9.070084571838379,
        "frame_ms": 5.1210832595825195,
        "component_sum_ms": 5.1210832595825195,
        "tick_ms": 0.14362500607967377,
        "dynamic_mesh_ms": 0.8331250548362732,
        "encode_ms": 0.9912919402122498,
        "admission_or_completion_ms": 3.153041124343872
      },
      {
        "index": 470,
        "started_ms": 18263.989125,
        "submitted_ms": 18268.437625000002,
        "observed_completed_ms": 18271.0615,
        "start_to_observed_completion_ms": 7.072374999999738,
        "submit_to_observed_completion_ms": 2.623874999997497,
        "continuous_iteration_ms": 7.1907501220703125,
        "frame_ms": 4.62958288192749,
        "component_sum_ms": 4.62958288192749,
        "tick_ms": 0.13612499833106995,
        "dynamic_mesh_ms": 0.8332499861717224,
        "encode_ms": 0.9222919940948486,
        "admission_or_completion_ms": 2.7379159927368164
      },
      {
        "index": 471,
        "started_ms": 18271.179875,
        "submitted_ms": 18272.932708,
        "observed_completed_ms": 18275.983708,
        "start_to_observed_completion_ms": 4.8038329999981215,
        "submit_to_observed_completion_ms": 3.050999999999476,
        "continuous_iteration_ms": 9.026415824890137,
        "frame_ms": 4.920374870300293,
        "component_sum_ms": 4.920374870300293,
        "tick_ms": 0.12999999523162842,
        "dynamic_mesh_ms": 0.7996659874916077,
        "encode_ms": 0.8217920064926147,
        "admission_or_completion_ms": 3.168916940689087
      },
      {
        "index": 472,
        "started_ms": 18280.206291,
        "submitted_ms": 18284.714625,
        "observed_completed_ms": 18287.669625,
        "start_to_observed_completion_ms": 7.463334000000032,
        "submit_to_observed_completion_ms": 2.9549999999981083,
        "continuous_iteration_ms": 7.746500015258789,
        "frame_ms": 5.081542015075684,
        "component_sum_ms": 5.081542015075684,
        "tick_ms": 0.1404999941587448,
        "dynamic_mesh_ms": 0.8346250057220459,
        "encode_ms": 0.8821670413017273,
        "admission_or_completion_ms": 3.224250078201294
      },
      {
        "index": 473,
        "started_ms": 18287.952791,
        "submitted_ms": 18290.126375,
        "observed_completed_ms": 18293.180125,
        "start_to_observed_completion_ms": 5.227333999999246,
        "submit_to_observed_completion_ms": 3.053749999999127,
        "continuous_iteration_ms": 10.963417053222656,
        "frame_ms": 5.339459419250488,
        "component_sum_ms": 5.339459419250488,
        "tick_ms": 0.1605830043554306,
        "dynamic_mesh_ms": 0.9117089509963989,
        "encode_ms": 1.097209095954895,
        "admission_or_completion_ms": 3.1699581146240234
      },
      {
        "index": 474,
        "started_ms": 18298.916208000002,
        "submitted_ms": 18304.68125,
        "observed_completed_ms": 18307.74075,
        "start_to_observed_completion_ms": 8.824541999998473,
        "submit_to_observed_completion_ms": 3.059499999999389,
        "continuous_iteration_ms": 8.947542190551758,
        "frame_ms": 5.025667190551758,
        "component_sum_ms": 5.025667190551758,
        "tick_ms": 0.13941699266433716,
        "dynamic_mesh_ms": 0.8477080464363098,
        "encode_ms": 0.8612920045852661,
        "admission_or_completion_ms": 3.1772499084472656
      },
      {
        "index": 475,
        "started_ms": 18307.86375,
        "submitted_ms": 18309.724708,
        "observed_completed_ms": 18314.275333,
        "start_to_observed_completion_ms": 6.411583000000974,
        "submit_to_observed_completion_ms": 4.5506249999998545,
        "continuous_iteration_ms": 10.751416206359863,
        "frame_ms": 6.535625457763672,
        "component_sum_ms": 6.535625457763672,
        "tick_ms": 0.13758300244808197,
        "dynamic_mesh_ms": 0.8195000290870667,
        "encode_ms": 0.9019169807434082,
        "admission_or_completion_ms": 4.6766252517700195
      },
      {
        "index": 476,
        "started_ms": 18318.615166,
        "submitted_ms": 18324.464583,
        "observed_completed_ms": 18327.50175,
        "start_to_observed_completion_ms": 8.886583999999857,
        "submit_to_observed_completion_ms": 3.0371669999985897,
        "continuous_iteration_ms": 9.006208419799805,
        "frame_ms": 5.031124114990234,
        "component_sum_ms": 5.031124114990234,
        "tick_ms": 0.14658300578594208,
        "dynamic_mesh_ms": 0.8595829606056213,
        "encode_ms": 0.8734999895095825,
        "admission_or_completion_ms": 3.1514580249786377
      },
      {
        "index": 477,
        "started_ms": 18327.621375,
        "submitted_ms": 18329.587457999998,
        "observed_completed_ms": 18332.651208000003,
        "start_to_observed_completion_ms": 5.029833000004146,
        "submit_to_observed_completion_ms": 3.063750000004802,
        "continuous_iteration_ms": 9.27479076385498,
        "frame_ms": 5.154665946960449,
        "component_sum_ms": 5.154665946960449,
        "tick_ms": 0.1414160132408142,
        "dynamic_mesh_ms": 0.8535420298576355,
        "encode_ms": 0.9692080020904541,
        "admission_or_completion_ms": 3.190500020980835
      },
      {
        "index": 478,
        "started_ms": 18336.896166,
        "submitted_ms": 18342.516458,
        "observed_completed_ms": 18345.655166,
        "start_to_observed_completion_ms": 8.759000000001834,
        "submit_to_observed_completion_ms": 3.138708000002225,
        "continuous_iteration_ms": 9.029791831970215,
        "frame_ms": 5.794249057769775,
        "component_sum_ms": 5.794249057769775,
        "tick_ms": 0.13899999856948853,
        "dynamic_mesh_ms": 0.9180409908294678,
        "encode_ms": 1.3392080068588257,
        "admission_or_completion_ms": 3.3980002403259277
      },
      {
        "index": 479,
        "started_ms": 18345.925958,
        "submitted_ms": 18348.275291,
        "observed_completed_ms": 18351.3675,
        "start_to_observed_completion_ms": 5.4415420000004815,
        "submit_to_observed_completion_ms": 3.0922089999985474,
        "continuous_iteration_ms": 9.995457649230957,
        "frame_ms": 5.573666572570801,
        "component_sum_ms": 5.573666572570801,
        "tick_ms": 0.164000004529953,
        "dynamic_mesh_ms": 0.8813750147819519,
        "encode_ms": 1.2999159097671509,
        "admission_or_completion_ms": 3.2283759117126465
      }
    ],
    "frame_ms_method": "Historical serial tick plus dynamic mesh plus encode/submit plus current completion sum. Continuous iteration intervals additionally retain camera, telemetry, PNG/video/log work and diagnostic comparison renders; those appear separately. No frame is filtered.",
    "completion_method": "One callback per primary submission records the host observation after GPU completion. Callbacks can be delayed until submit/poll; observed latency is an upper bound, not GPU duration. Submitted and completed frame indices must match exactly. All frames submit once; no presentation, vsync, compositor, or dropped-frame behavior is simulated. Native surface latency 2 is a backend hint; this offscreen run explicitly caps pending primary submissions at 2."
  },
  "pixel_readback": {
    "policy": "all_frames_temporal_comparison",
    "primary_readback_count": 480,
    "primary_readback_frame_indices": [
      0,
      1,
      2,
      3,
      4,
      5,
      6,
      7,
      8,
      9,
      10,
      11,
      12,
      13,
      14,
      15,
      16,
      17,
      18,
      19,
      20,
      21,
      22,
      23,
      24,
      25,
      26,
      27,
      28,
      29,
      30,
      31,
      32,
      33,
      34,
      35,
      36,
      37,
      38,
      39,
      40,
      41,
      42,
      43,
      44,
      45,
      46,
      47,
      48,
      49,
      50,
      51,
      52,
      53,
      54,
      55,
      56,
      57,
      58,
      59,
      60,
      61,
      62,
      63,
      64,
      65,
      66,
      67,
      68,
      69,
      70,
      71,
      72,
      73,
      74,
      75,
      76,
      77,
      78,
      79,
      80,
      81,
      82,
      83,
      84,
      85,
      86,
      87,
      88,
      89,
      90,
      91,
      92,
      93,
      94,
      95,
      96,
      97,
      98,
      99,
      100,
      101,
      102,
      103,
      104,
      105,
      106,
      107,
      108,
      109,
      110,
      111,
      112,
      113,
      114,
      115,
      116,
      117,
      118,
      119,
      120,
      121,
      122,
      123,
      124,
      125,
      126,
      127,
      128,
      129,
      130,
      131,
      132,
      133,
      134,
      135,
      136,
      137,
      138,
      139,
      140,
      141,
      142,
      143,
      144,
      145,
      146,
      147,
      148,
      149,
      150,
      151,
      152,
      153,
      154,
      155,
      156,
      157,
      158,
      159,
      160,
      161,
      162,
      163,
      164,
      165,
      166,
      167,
      168,
      169,
      170,
      171,
      172,
      173,
      174,
      175,
      176,
      177,
      178,
      179,
      180,
      181,
      182,
      183,
      184,
      185,
      186,
      187,
      188,
      189,
      190,
      191,
      192,
      193,
      194,
      195,
      196,
      197,
      198,
      199,
      200,
      201,
      202,
      203,
      204,
      205,
      206,
      207,
      208,
      209,
      210,
      211,
      212,
      213,
      214,
      215,
      216,
      217,
      218,
      219,
      220,
      221,
      222,
      223,
      224,
      225,
      226,
      227,
      228,
      229,
      230,
      231,
      232,
      233,
      234,
      235,
      236,
      237,
      238,
      239,
      240,
      241,
      242,
      243,
      244,
      245,
      246,
      247,
      248,
      249,
      250,
      251,
      252,
      253,
      254,
      255,
      256,
      257,
      258,
      259,
      260,
      261,
      262,
      263,
      264,
      265,
      266,
      267,
      268,
      269,
      270,
      271,
      272,
      273,
      274,
      275,
      276,
      277,
      278,
      279,
      280,
      281,
      282,
      283,
      284,
      285,
      286,
      287,
      288,
      289,
      290,
      291,
      292,
      293,
      294,
      295,
      296,
      297,
      298,
      299,
      300,
      301,
      302,
      303,
      304,
      305,
      306,
      307,
      308,
      309,
      310,
      311,
      312,
      313,
      314,
      315,
      316,
      317,
      318,
      319,
      320,
      321,
      322,
      323,
      324,
      325,
      326,
      327,
      328,
      329,
      330,
      331,
      332,
      333,
      334,
      335,
      336,
      337,
      338,
      339,
      340,
      341,
      342,
      343,
      344,
      345,
      346,
      347,
      348,
      349,
      350,
      351,
      352,
      353,
      354,
      355,
      356,
      357,
      358,
      359,
      360,
      361,
      362,
      363,
      364,
      365,
      366,
      367,
      368,
      369,
      370,
      371,
      372,
      373,
      374,
      375,
      376,
      377,
      378,
      379,
      380,
      381,
      382,
      383,
      384,
      385,
      386,
      387,
      388,
      389,
      390,
      391,
      392,
      393,
      394,
      395,
      396,
      397,
      398,
      399,
      400,
      401,
      402,
      403,
      404,
      405,
      406,
      407,
      408,
      409,
      410,
      411,
      412,
      413,
      414,
      415,
      416,
      417,
      418,
      419,
      420,
      421,
      422,
      423,
      424,
      425,
      426,
      427,
      428,
      429,
      430,
      431,
      432,
      433,
      434,
      435,
      436,
      437,
      438,
      439,
      440,
      441,
      442,
      443,
      444,
      445,
      446,
      447,
      448,
      449,
      450,
      451,
      452,
      453,
      454,
      455,
      456,
      457,
      458,
      459,
      460,
      461,
      462,
      463,
      464,
      465,
      466,
      467,
      468,
      469,
      470,
      471,
      472,
      473,
      474,
      475,
      476,
      477,
      478,
      479
    ],
    "completion_only_count": 0,
    "completion_only_frame_indices": [],
    "temporal_baseline_readback_count": 480,
    "temporal_baseline_readback_frame_indices": [
      0,
      1,
      2,
      3,
      4,
      5,
      6,
      7,
      8,
      9,
      10,
      11,
      12,
      13,
      14,
      15,
      16,
      17,
      18,
      19,
      20,
      21,
      22,
      23,
      24,
      25,
      26,
      27,
      28,
      29,
      30,
      31,
      32,
      33,
      34,
      35,
      36,
      37,
      38,
      39,
      40,
      41,
      42,
      43,
      44,
      45,
      46,
      47,
      48,
      49,
      50,
      51,
      52,
      53,
      54,
      55,
      56,
      57,
      58,
      59,
      60,
      61,
      62,
      63,
      64,
      65,
      66,
      67,
      68,
      69,
      70,
      71,
      72,
      73,
      74,
      75,
      76,
      77,
      78,
      79,
      80,
      81,
      82,
      83,
      84,
      85,
      86,
      87,
      88,
      89,
      90,
      91,
      92,
      93,
      94,
      95,
      96,
      97,
      98,
      99,
      100,
      101,
      102,
      103,
      104,
      105,
      106,
      107,
      108,
      109,
      110,
      111,
      112,
      113,
      114,
      115,
      116,
      117,
      118,
      119,
      120,
      121,
      122,
      123,
      124,
      125,
      126,
      127,
      128,
      129,
      130,
      131,
      132,
      133,
      134,
      135,
      136,
      137,
      138,
      139,
      140,
      141,
      142,
      143,
      144,
      145,
      146,
      147,
      148,
      149,
      150,
      151,
      152,
      153,
      154,
      155,
      156,
      157,
      158,
      159,
      160,
      161,
      162,
      163,
      164,
      165,
      166,
      167,
      168,
      169,
      170,
      171,
      172,
      173,
      174,
      175,
      176,
      177,
      178,
      179,
      180,
      181,
      182,
      183,
      184,
      185,
      186,
      187,
      188,
      189,
      190,
      191,
      192,
      193,
      194,
      195,
      196,
      197,
      198,
      199,
      200,
      201,
      202,
      203,
      204,
      205,
      206,
      207,
      208,
      209,
      210,
      211,
      212,
      213,
      214,
      215,
      216,
      217,
      218,
      219,
      220,
      221,
      222,
      223,
      224,
      225,
      226,
      227,
      228,
      229,
      230,
      231,
      232,
      233,
      234,
      235,
      236,
      237,
      238,
      239,
      240,
      241,
      242,
      243,
      244,
      245,
      246,
      247,
      248,
      249,
      250,
      251,
      252,
      253,
      254,
      255,
      256,
      257,
      258,
      259,
      260,
      261,
      262,
      263,
      264,
      265,
      266,
      267,
      268,
      269,
      270,
      271,
      272,
      273,
      274,
      275,
      276,
      277,
      278,
      279,
      280,
      281,
      282,
      283,
      284,
      285,
      286,
      287,
      288,
      289,
      290,
      291,
      292,
      293,
      294,
      295,
      296,
      297,
      298,
      299,
      300,
      301,
      302,
      303,
      304,
      305,
      306,
      307,
      308,
      309,
      310,
      311,
      312,
      313,
      314,
      315,
      316,
      317,
      318,
      319,
      320,
      321,
      322,
      323,
      324,
      325,
      326,
      327,
      328,
      329,
      330,
      331,
      332,
      333,
      334,
      335,
      336,
      337,
      338,
      339,
      340,
      341,
      342,
      343,
      344,
      345,
      346,
      347,
      348,
      349,
      350,
      351,
      352,
      353,
      354,
      355,
      356,
      357,
      358,
      359,
      360,
      361,
      362,
      363,
      364,
      365,
      366,
      367,
      368,
      369,
      370,
      371,
      372,
      373,
      374,
      375,
      376,
      377,
      378,
      379,
      380,
      381,
      382,
      383,
      384,
      385,
      386,
      387,
      388,
      389,
      390,
      391,
      392,
      393,
      394,
      395,
      396,
      397,
      398,
      399,
      400,
      401,
      402,
      403,
      404,
      405,
      406,
      407,
      408,
      409,
      410,
      411,
      412,
      413,
      414,
      415,
      416,
      417,
      418,
      419,
      420,
      421,
      422,
      423,
      424,
      425,
      426,
      427,
      428,
      429,
      430,
      431,
      432,
      433,
      434,
      435,
      436,
      437,
      438,
      439,
      440,
      441,
      442,
      443,
      444,
      445,
      446,
      447,
      448,
      449,
      450,
      451,
      452,
      453,
      454,
      455,
      456,
      457,
      458,
      459,
      460,
      461,
      462,
      463,
      464,
      465,
      466,
      467,
      468,
      469,
      470,
      471,
      472,
      473,
      474,
      475,
      476,
      477,
      478,
      479
    ],
    "additional_artifact_readback_count": 0,
    "additional_artifact_readback_frame_indices": [],
    "timing_scope": "Every simulation frame calls the primary renderer once, advances history and exposure, and enters phase statistics without outlier filtering. Any initial exposure warm-up submissions drain before primary frame 0; their count and timing policy appear in submission_timing. Encode timing includes validation, fitting, uploads, encoding, submission, and optional diagnostics. The wait column includes oldest-submission admission in bounded mode, current completion in serial mode, and selected pixel copy/mapping/extraction. Unselected frames omit pixel operations. Pipelined PNG writes and progress logs occur after final drain; serial captures retain their historical writes. Repeated comparisons and extra readbacks are excluded from the historical component sum but retained in continuous iteration timing. Temporal comparisons remain serial and preserve all-frame pixel readback and warmed paired intervals."
  },
  "width": 1920,
  "height": 1080,
  "fps": 60.0,
  "steps_per_frame": 1,
  "quality": "high",
  "effective_quality": "high",
  "particle_budget": 2048,
  "frame_budget_ms": 16.66666603088379,
  "impact_layers": [
    "flash",
    "stretched_sparks_one_bounce",
    "cooling_fireball",
    "ground_dust_ring",
    "projected_scorch",
    "smolder",
    "distance_shake"
  ],
  "trail": "Connected camera-facing ribbon widening and cooling behind the rock, with retained smoke and embers.",
  "adapter": {
    "name": "Apple M5 Max",
    "vendor": 0,
    "device": 0,
    "backend": "Metal",
    "device_type": "IntegratedGpu"
  },
  "light_settled_before_capture": true,
  "destruction_relighting_enabled": true,
  "rebuild_capture": null,
  "gpu_timestamp_features_supported": true,
  "gpu_timestamps_flag": false,
  "gpu_timestamps_requested": true,
  "gpu_timestamp_diagnostics_enabled": true,
  "gpu_timestamp_diagnostics_method": "Ordinary captures omit both timestamp marker draws, counter resolve/copy, and query mapping/readback. --gpu-timestamps and every comparison mode request diagnostics; unsupported devices omit them. Rendering, history, exposure, serial queue submission, and the existing completion wait remain unchanged. Enabled diagnostics use two one-pixel marker draws and four queries; invalid durations remain null. --readback-every-frame plus --gpu-timestamps reproduces the original pixel and timer workload.",
  "gpu_timestamps_available": false,
  "flash_lights_enabled": true,
  "impact_frame": null,
  "smoke_frame": null,
  "particle_lighting_enabled": true,
  "soft_particles_enabled": true,
  "temporal_aa_available": true,
  "temporal_aa_enabled": true,
  "temporal_comparison": {
    "warmup_frames": 8,
    "history_method": "Separate on/off renderers retain their own history and exposure, advance once per identical simulation frame, and alternate order. Each has its own baked-light delivery slot; runtime light and lamp deliveries are forwarded identically before either render. Deliveries arriving mid-pair wait until the next frame. No repeated snapshot renders or temporal toggle resets enter the sample.",
    "gpu_method": "Render-pass boundary timestamps bracket scene commands with two real one-pixel marker draws. The ending marker reads scene output, so it depends on completed output work. Both variants include the same marker work; query resolve, overlay, and pixel readback follow the measured span. Four raw ticks retain before/after marker boundaries. Zero, error-sentinel, decreasing, nonpositive, or unsupported results remain null.",
    "wall_method": "Signed paired wall render-completion increments include CPU encode, submission, mapping, pixel readback, and polling. Every warmed frame enters the mean and spread. The approximate 95% mean interval uses contiguous, balanced batches of about one capture second and Student t bounds, retaining nearby-frame noise together; fewer than two batches yield no interval. Separate order counts and means expose order bias. The upper mean bound tests the 1 ms frame-time budget. These completion measurements do not measure GPU time.",
    "acceptance_frame_time_increment_ms": 1.0,
    "phases": {
      "before": {
        "frames": 472,
        "valid_gpu_frames": 0,
        "invalid_gpu_frames": 472,
        "gpu_increment_ms": null,
        "mean_gpu_increment_ms": null,
        "wall_render_completion_increment_ms": {
          "p50": 0.1410830020904541,
          "p99": 4.772124290466309,
          "max": 7.529709815979004
        },
        "mean_wall_render_completion_increment_ms": 0.5980195999145508,
        "wall_render_completion_mean_95pct_ci_ms": {
          "mean": 0.5980196920997005,
          "lower": 0.49202535746855863,
          "upper": 0.7040140267308423,
          "samples": 472,
          "blocks": 8,
          "nominal_block_frames": 60
        },
        "wall_mean_upper_95pct_under_1ms": true,
        "off_first_frames": 236,
        "on_first_frames": 236,
        "off_first_mean_wall_increment_ms": 0.44615793228149414,
        "on_first_mean_wall_increment_ms": 0.7498812675476074,
        "encode_increment_ms": {
          "p50": 0.032124996185302734,
          "p99": 0.37620896100997925,
          "max": 0.4470829963684082
        },
        "cpu_gpu_increment_ms": null,
        "gpu_increment_under_1ms_p99": null,
        "all_gpu_increments_under_1ms": null,
        "frame_results": [
          {
            "frame": 8,
            "off_gpu_ms": null,
            "on_gpu_ms": null,
            "gpu_increment_ms": null,
            "off_gpu_ticks": [
              83738754866958,
              83738754879000,
              83738755142166,
              83738751516958
            ],
            "on_gpu_ticks": [
              83738758579000,
              83738758590375,
              83738761356500,
              83738746231916
            ],
            "wall_render_completion_increment_ms": 1.3979158401489258
          },
          {
            "frame": 9,
            "off_gpu_ms": null,
            "on_gpu_ms": null,
            "gpu_increment_ms": null,
            "off_gpu_ticks": [
              83738768981000,
              83738769211000,
              83738769499041,
              83738756964916
            ],
            "on_gpu_ticks": [
              83738765930250,
              83738765938708,
              83738766225458,
              83738761696375
            ],
            "wall_render_completion_increment_ms": -0.4260838031768799
          },
          {
            "frame": 10,
            "off_gpu_ms": null,
            "on_gpu_ms": null,
            "gpu_increment_ms": null,
            "off_gpu_ticks": [
              83738774909458,
              83738774918000,
              83738775134291,
              83738770405250
            ],
            "on_gpu_ticks": [
              83738778486000,
              83738778493541,
              83738778906041,
              83738767352416
            ],
            "wall_render_completion_increment_ms": -0.4429171085357666
          },
          {
            "frame": 11,
            "off_gpu_ms": null,
            "on_gpu_ms": null,
            "gpu_increment_ms": null,
            "off_gpu_ticks": [
              83738787751708,
              83738787759375,
              83738788152125,
              83738776059250
            ],
            "on_gpu_ticks": [
              83738784111666,
              83738784119916,
              83738784423625,
              83738779964625
            ],
            "wall_render_completion_increment_ms": 1.614625096321106
          },
          {
            "frame": 12,
            "off_gpu_ms": null,
            "on_gpu_ms": null,
            "gpu_increment_ms": null,
            "off_gpu_ticks": [
              83738792219166,
              83738792227875,
              83738792441458,
              83738788913250
            ],
            "on_gpu_ticks": [
              83738796231708,
              83738796240333,
              83738796537750,
              83738786036125
            ],
            "wall_render_completion_increment_ms": -0.13245701789855957
          },
          {
            "frame": 13,
            "off_gpu_ms": null,
            "on_gpu_ms": null,
            "gpu_increment_ms": null,
            "off_gpu_ticks": [
              83738806281208,
              83738806289125,
              83738806623291,
              83738793362583
            ],
            "on_gpu_ticks": [
              83738801393166,
              83738801402583,
              83738802819833,
              83738797733500
            ],
            "wall_render_completion_increment_ms": 1.2504594326019287
          },
          {
            "frame": 14,
            "off_gpu_ms": null,
            "on_gpu_ms": null,
            "gpu_increment_ms": null,
            "off_gpu_ticks": [
              83738811613166,
              83738811622875,
              83738812741750,
              83738807686916
            ],
            "on_gpu_ticks": [
              83738814345958,
              83738814354291,
              83738816546666,
              83738803531958
            ],
            "wall_render_completion_increment_ms": 1.3348747491836548
          },
          {
            "frame": 15,
            "off_gpu_ms": null,
            "on_gpu_ms": null,
            "gpu_increment_ms": null,
            "off_gpu_ticks": [
              83738824972750,
              83738824983250,
              83738826734541,
              83738812914750
            ],
            "on_gpu_ticks": [
              83738819621833,
              83738819632583,
              83738820088750,
              83738816777083
            ],
            "wall_render_completion_increment_ms": -0.21591567993164062
          },
          {
            "frame": 16,
            "off_gpu_ms": null,
            "on_gpu_ms": null,
            "gpu_increment_ms": null,
            "off_gpu_ticks": [
              83738831753458,
              83738831764500,
              83738832123833,
              83738827222583
            ],
            "on_gpu_ticks": [
              83738836134958,
              83738836144208,
              83738836897541,
              83738822076166
            ],
            "wall_render_completion_increment_ms": 0.20337462425231934
          },
          {
            "frame": 17,
            "off_gpu_ms": null,
            "on_gpu_ms": null,
            "gpu_increment_ms": null,
            "off_gpu_ticks": [
              83738847284000,
              83738847293083,
              83738847695708,
              83738833390916
            ],
            "on_gpu_ticks": [
              83738842069416,
              83738842079750,
              83738842488625,
              83738838521166
            ],
            "wall_render_completion_increment_ms": 1.675748586654663
          },
          {
            "frame": 18,
            "off_gpu_ms": null,
            "on_gpu_ms": null,
            "gpu_increment_ms": null,
            "off_gpu_ticks": [
              83738852603375,
              83738852871375,
              83738853118500,
              83738848740625
            ],
            "on_gpu_ticks": [
              83738856331458,
              83738856339125,
              83738857769958,
              83738844685625
            ],
            "wall_render_completion_increment_ms": 0.4330000877380371
          },
          {
            "frame": 19,
            "off_gpu_ms": null,
            "on_gpu_ms": null,
            "gpu_increment_ms": null,
            "off_gpu_ticks": [
              83738866190250,
              83738866203458,
              83738866530750,
              83738854082791
            ],
            "on_gpu_ticks": [
              83738861785125,
              83738861793958,
              83738862294333,
              83738857938083
            ],
            "wall_render_completion_increment_ms": -0.216416597366333
          },
          {
            "frame": 20,
            "off_gpu_ms": null,
            "on_gpu_ms": null,
            "gpu_increment_ms": null,
            "off_gpu_ticks": [
              83738871210791,
              83738871220541,
              83738871632000,
              83738868173666
            ],
            "on_gpu_ticks": [
              83738875643041,
              83738875655541,
              83738876086958,
              83738863424750
            ],
            "wall_render_completion_increment_ms": 1.5089168548583984
          },
          {
            "frame": 21,
            "off_gpu_ms": null,
            "on_gpu_ms": null,
            "gpu_increment_ms": null,
            "off_gpu_ticks": [
              83738887900958,
              83738887911541,
              83738889581958,
              83738872992625
            ],
            "on_gpu_ticks": [
              83738882464750,
              83738882477875,
              83738882934958,
              83738878595041
            ],
            "wall_render_completion_increment_ms": 1.4783332347869873
          },
          {
            "frame": 22,
            "off_gpu_ms": null,
            "on_gpu_ms": null,
            "gpu_increment_ms": null,
            "off_gpu_ticks": [
              83738893609208,
              83738893631458,
              83738894502541,
              83738889762208
            ],
            "on_gpu_ticks": [
              83738896826250,
              83738896833708,
              83738897196166,
              83738884916500
            ],
            "wall_render_completion_increment_ms": -0.0835421085357666
          },
          {
            "frame": 23,
            "off_gpu_ms": null,
            "on_gpu_ms": null,
            "gpu_increment_ms": null,
            "off_gpu_ticks": [
              83738905743708,
              83738905751208,
              83738906075333,
              83738895437375
            ],
            "on_gpu_ticks": [
              83738902258833,
              83738902267541,
              83738904135791,
              83738898351958
            ],
            "wall_render_completion_increment_ms": 1.5238758325576782
          },
          {
            "frame": 24,
            "off_gpu_ms": null,
            "on_gpu_ms": null,
            "gpu_increment_ms": null,
            "off_gpu_ticks": [
              83738909827916,
              83738909836750,
              83738911409583,
              83738907023875
            ],
            "on_gpu_ticks": [
              83738913289583,
              83738913296875,
              83738913661958,
              83738904298875
            ],
            "wall_render_completion_increment_ms": 0.046124935150146484
          },
          {
            "frame": 25,
            "off_gpu_ms": null,
            "on_gpu_ms": null,
            "gpu_increment_ms": null,
            "off_gpu_ticks": [
              83738922406041,
              83738922414041,
              83738922700625,
              83738911571958
            ],
            "on_gpu_ticks": [
              83738918916625,
              83738918925291,
              83738919247000,
              83738914811375
            ],
            "wall_render_completion_increment_ms": 1.4751261472702026
          },
          {
            "frame": 26,
            "off_gpu_ms": null,
            "on_gpu_ms": null,
            "gpu_increment_ms": null,
            "off_gpu_ticks": [
              83738926391083,
              83738926399708,
              83738926611000,
              83738923684750
            ],
            "on_gpu_ticks": [
              83738929836000,
              83738929843958,
              83738931179083,
              83738920451625
            ],
            "wall_render_completion_increment_ms": 0.08020949363708496
          },
          {
            "frame": 27,
            "off_gpu_ms": null,
            "on_gpu_ms": null,
            "gpu_increment_ms": null,
            "off_gpu_ticks": [
              83738939226041,
              83738939254875,
              83738939559375,
              83738928161416
            ],
            "on_gpu_ticks": [
              83738935528583,
              83738935537166,
              83738935854625,
              83738931351791
            ],
            "wall_render_completion_increment_ms": 0.07549905776977539
          },
          {
            "frame": 28,
            "off_gpu_ms": null,
            "on_gpu_ms": null,
            "gpu_increment_ms": null,
            "off_gpu_ticks": [
              83738943934041,
              83738943962500,
              83738944289833,
              83738940630041
            ],
            "on_gpu_ticks": [
              83738947890083,
              83738947897708,
              83738948291833,
              83738937050916
            ],
            "wall_render_completion_increment_ms": 0.21429085731506348
          },
          {
            "frame": 29,
            "off_gpu_ms": null,
            "on_gpu_ms": null,
            "gpu_increment_ms": null,
            "off_gpu_ticks": [
              83738956993000,
              83738957001041,
              83738958128916,
              83738945330291
            ],
            "on_gpu_ticks": [
              83738952881750,
              83738952970125,
              83738953316208,
              83738949496541
            ],
            "wall_render_completion_increment_ms": 1.4756250381469727
          },
          {
            "frame": 30,
            "off_gpu_ms": null,
            "on_gpu_ms": null,
            "gpu_increment_ms": null,
            "off_gpu_ticks": [
              83738960921791,
              83738960931083,
              83738961166000,
              83738958301666
            ],
            "on_gpu_ticks": [
              83738964124166,
              83738964131750,
              83738964596625,
              83738954491041
            ],
            "wall_render_completion_increment_ms": 0.6067075729370117
          },
          {
            "frame": 31,
            "off_gpu_ms": null,
            "on_gpu_ms": null,
            "gpu_increment_ms": null,
            "off_gpu_ticks": [
              83738973686458,
              83738973705333,
              83738974003458,
              83738962292416
            ],
            "on_gpu_ticks": [
              83738969397333,
              83738969480666,
              83738970128416,
              83738965707208
            ],
            "wall_render_completion_increment_ms": 0.0683753490447998
          },
          {
            "frame": 32,
            "off_gpu_ms": null,
            "on_gpu_ms": null,
            "gpu_increment_ms": null,
            "off_gpu_ticks": [
              83738978489708,
              83738978517583,
              83738980015083,
              83738975496583
            ],
            "on_gpu_ticks": [
              83738982649166,
              83738982661125,
              83738983073583,
              83738971413166
            ],
            "wall_render_completion_increment_ms": 0.10066509246826172
          },
          {
            "frame": 33,
            "off_gpu_ms": null,
            "on_gpu_ms": null,
            "gpu_increment_ms": null,
            "off_gpu_ticks": [
              83738991172833,
              83738991180625,
              83738991461541,
              83738980222750
            ],
            "on_gpu_ticks": [
              83738987471458,
              83738987482541,
              83738987909833,
              83738984846583
            ],
            "wall_render_completion_increment_ms": -0.15891695022583008
          },
          {
            "frame": 34,
            "off_gpu_ms": null,
            "on_gpu_ms": null,
            "gpu_increment_ms": null,
            "off_gpu_ticks": [
              83738996536166,
              83738996564541,
              83738996963875,
              83738992474500
            ],
            "on_gpu_ticks": [
              83739000570708,
              83739000580791,
              83739000888750,
              83738989565291
            ],
            "wall_render_completion_increment_ms": -0.04983401298522949
          },
          {
            "frame": 35,
            "off_gpu_ms": null,
            "on_gpu_ms": null,
            "gpu_increment_ms": null,
            "off_gpu_ticks": [
              83739009232291,
              83739009240291,
              83739009577291,
              83738997988000
            ],
            "on_gpu_ticks": [
              83739005865333,
              83739005874375,
              83739006209416,
              83739002181041
            ],
            "wall_render_completion_increment_ms": 1.6472914218902588
          },
          {
            "frame": 36,
            "off_gpu_ms": null,
            "on_gpu_ms": null,
            "gpu_increment_ms": null,
            "off_gpu_ticks": [
              83739013506125,
              83739013515416,
              83739013749083,
              83739010573583
            ],
            "on_gpu_ticks": [
              83739017449375,
              83739017459666,
              83739017780291,
              83739007578750
            ],
            "wall_render_completion_increment_ms": -0.5387928485870361
          },
          {
            "frame": 37,
            "off_gpu_ms": null,
            "on_gpu_ms": null,
            "gpu_increment_ms": null,
            "off_gpu_ticks": [
              83739025931958,
              83739025942083,
              83739027158708,
              83739014840083
            ],
            "on_gpu_ticks": [
              83739021711125,
              83739021735041,
              83739023392541,
              83739019100458
            ],
            "wall_render_completion_increment_ms": 0.12583327293395996
          },
          {
            "frame": 38,
            "off_gpu_ms": null,
            "on_gpu_ms": null,
            "gpu_increment_ms": null,
            "off_gpu_ticks": [
              83739030942166,
              83739030951583,
              83739031214708,
              83739027360375
            ],
            "on_gpu_ticks": [
              83739033816500,
              83739033824625,
              83739034195208,
              83739023569583
            ],
            "wall_render_completion_increment_ms": 0.4569997787475586
          },
          {
            "frame": 39,
            "off_gpu_ms": null,
            "on_gpu_ms": null,
            "gpu_increment_ms": null,
            "off_gpu_ticks": [
              83739042742041,
              83739042750208,
              83739043055833,
              83739032313541
            ],
            "on_gpu_ticks": [
              83739039385166,
              83739039394333,
              83739039748333,
              83739035545625
            ],
            "wall_render_completion_increment_ms": 0.017792940139770508
          },
          {
            "frame": 40,
            "off_gpu_ms": null,
            "on_gpu_ms": null,
            "gpu_increment_ms": null,
            "off_gpu_ticks": [
              83739047809333,
              83739047836500,
              83739049208125,
              83739044133375
            ],
            "on_gpu_ticks": [
              83739051963958,
              83739051974125,
              83739053517333,
              83739041118083
            ],
            "wall_render_completion_increment_ms": 0.04858279228210449
          },
          {
            "frame": 41,
            "off_gpu_ms": null,
            "on_gpu_ms": null,
            "gpu_increment_ms": null,
            "off_gpu_ticks": [
              83739060175291,
              83739060183625,
              83739060472750,
              83739049389833
            ],
            "on_gpu_ticks": [
              83739056582625,
              83739056610666,
              83739057109541,
              83739053697208
            ],
            "wall_render_completion_increment_ms": 0.07729101181030273
          },
          {
            "frame": 42,
            "off_gpu_ms": null,
            "on_gpu_ms": null,
            "gpu_increment_ms": null,
            "off_gpu_ticks": [
              83739065639041,
              83739065649041,
              83739065902125,
              83739061572541
            ],
            "on_gpu_ticks": [
              83739069298583,
              83739069317500,
              83739069687916,
              83739058514708
            ],
            "wall_render_completion_increment_ms": 0.08966588973999023
          },
          {
            "frame": 43,
            "off_gpu_ms": null,
            "on_gpu_ms": null,
            "gpu_increment_ms": null,
            "off_gpu_ticks": [
              83739077733666,
              83739077741958,
              83739078037458,
              83739067066416
            ],
            "on_gpu_ticks": [
              83739074485958,
              83739074495791,
              83739074866875,
              83739071073375
            ],
            "wall_render_completion_increment_ms": 0.06862616539001465
          },
          {
            "frame": 44,
            "off_gpu_ms": null,
            "on_gpu_ms": null,
            "gpu_increment_ms": null,
            "off_gpu_ticks": [
              83739083200416,
              83739083210666,
              83739083471541,
              83739079137375
            ],
            "on_gpu_ticks": [
              83739086457916,
              83739086465833,
              83739086816250,
              83739076334000
            ],
            "wall_render_completion_increment_ms": 0.014791727066040039
          },
          {
            "frame": 45,
            "off_gpu_ms": null,
            "on_gpu_ms": null,
            "gpu_increment_ms": null,
            "off_gpu_ticks": [
              83739095264333,
              83739095272041,
              83739096484083,
              83739084698541
            ],
            "on_gpu_ticks": [
              83739091925750,
              83739091970000,
              83739093735541,
              83739088189291
            ],
            "wall_render_completion_increment_ms": 0.10912537574768066
          },
          {
            "frame": 46,
            "off_gpu_ms": null,
            "on_gpu_ms": null,
            "gpu_increment_ms": null,
            "off_gpu_ticks": [
              83739100738000,
              83739100748125,
              83739101000833,
              83739096666000
            ],
            "on_gpu_ticks": [
              83739104803916,
              83739104813791,
              83739105156458,
              83739093939750
            ],
            "wall_render_completion_increment_ms": 0.17395925521850586
          },
          {
            "frame": 47,
            "off_gpu_ms": null,
            "on_gpu_ms": null,
            "gpu_increment_ms": null,
            "off_gpu_ticks": [
              83739113992500,
              83739114003250,
              83739114235625,
              83739102260625
            ],
            "on_gpu_ticks": [
              83739109462000,
              83739109470458,
              83739109897916,
              83739106553833
            ],
            "wall_render_completion_increment_ms": 0.12087368965148926
          },
          {
            "frame": 48,
            "off_gpu_ms": null,
            "on_gpu_ms": null,
            "gpu_increment_ms": null,
            "off_gpu_ticks": [
              83739118885000,
              83739118894041,
              83739120704333,
              83739115455458
            ],
            "on_gpu_ticks": [
              83739122533458,
              83739122541708,
              83739124756041,
              83739111343333
            ],
            "wall_render_completion_increment_ms": 0.24216604232788086
          },
          {
            "frame": 49,
            "off_gpu_ms": null,
            "on_gpu_ms": null,
            "gpu_increment_ms": null,
            "off_gpu_ticks": [
              83739133135708,
              83739133148166,
              83739133469875,
              83739120897083
            ],
            "on_gpu_ticks": [
              83739127737208,
              83739127765125,
              83739128263125,
              83739125012250
            ],
            "wall_render_completion_increment_ms": 1.2043733596801758
          },
          {
            "frame": 50,
            "off_gpu_ms": null,
            "on_gpu_ms": null,
            "gpu_increment_ms": null,
            "off_gpu_ticks": [
              83739137597375,
              83739137608666,
              83739138011416,
              83739135099541
            ],
            "on_gpu_ticks": [
              83739141776583,
              83739141804166,
              83739142312750,
              83739130227958
            ],
            "wall_render_completion_increment_ms": 1.14920973777771
          },
          {
            "frame": 51,
            "off_gpu_ms": null,
            "on_gpu_ms": null,
            "gpu_increment_ms": null,
            "off_gpu_ticks": [
              83739151719416,
              83739151728166,
              83739152033916,
              83739139578208
            ],
            "on_gpu_ticks": [
              83739148325416,
              83739148335916,
              83739148709291,
              83739144294666
            ],
            "wall_render_completion_increment_ms": 0.17920756340026855
          },
          {
            "frame": 52,
            "off_gpu_ms": null,
            "on_gpu_ms": null,
            "gpu_increment_ms": null,
            "off_gpu_ticks": [
              83739156844291,
              83739156872208,
              83739157249625,
              83739153222125
            ],
            "on_gpu_ticks": [
              83739160742208,
              83739160761375,
              83739161161708,
              83739150238166
            ],
            "wall_render_completion_increment_ms": 0.04029107093811035
          },
          {
            "frame": 53,
            "off_gpu_ms": null,
            "on_gpu_ms": null,
            "gpu_increment_ms": null,
            "off_gpu_ticks": [
              83739169156166,
              83739169164791,
              83739170455583,
              83739158530041
            ],
            "on_gpu_ticks": [
              83739165733583,
              83739165743833,
              83739166120666,
              83739162646083
            ],
            "wall_render_completion_increment_ms": 0.3372926712036133
          },
          {
            "frame": 54,
            "off_gpu_ms": null,
            "on_gpu_ms": null,
            "gpu_increment_ms": null,
            "off_gpu_ticks": [
              83739174223750,
              83739174234666,
              83739174546500,
              83739170650958
            ],
            "on_gpu_ticks": [
              83739177597750,
              83739177606625,
              83739178004208,
              83739167898500
            ],
            "wall_render_completion_increment_ms": 0.015208244323730469
          },
          {
            "frame": 55,
            "off_gpu_ms": null,
            "on_gpu_ms": null,
            "gpu_increment_ms": null,
            "off_gpu_ticks": [
              83739186179375,
              83739186188125,
              83739186499958,
              83739175860166
            ],
            "on_gpu_ticks": [
              83739183006833,
              83739183017333,
              83739183398916,
              83739179470625
            ],
            "wall_render_completion_increment_ms": -0.08037590980529785
          },
          {
            "frame": 56,
            "off_gpu_ms": null,
            "on_gpu_ms": null,
            "gpu_increment_ms": null,
            "off_gpu_ticks": [
              83739191590250,
              83739191601125,
              83739193128125,
              83739187687000
            ],
            "on_gpu_ticks": [
              83739194892208,
              83739194900208,
              83739195269541,
              83739185016791
            ],
            "wall_render_completion_increment_ms": -0.023416996002197266
          },
          {
            "frame": 57,
            "off_gpu_ms": null,
            "on_gpu_ms": null,
            "gpu_increment_ms": null,
            "off_gpu_ticks": [
              83739203506375,
              83739203515375,
              83739203824708,
              83739193336625
            ],
            "on_gpu_ticks": [
              83739200136500,
              83739200147000,
              83739200532500,
              83739196756541
            ],
            "wall_render_completion_increment_ms": 0.02137589454650879
          },
          {
            "frame": 58,
            "off_gpu_ms": null,
            "on_gpu_ms": null,
            "gpu_increment_ms": null,
            "off_gpu_ticks": [
              83739208532875,
              83739208560958,
              83739208881500,
              83739205064583
            ],
            "on_gpu_ticks": [
              83739212436000,
              83739212455208,
              83739212865833,
              83739202152375
            ],
            "wall_render_completion_increment_ms": 0.04045891761779785
          },
          {
            "frame": 59,
            "off_gpu_ms": null,
            "on_gpu_ms": null,
            "gpu_increment_ms": null,
            "off_gpu_ticks": [
              83739220849458,
              83739220858250,
              83739221190875,
              83739210254458
            ],
            "on_gpu_ticks": [
              83739217372500,
              83739217382958,
              83739217759916,
              83739214357791
            ],
            "wall_render_completion_increment_ms": -0.019082069396972656
          },
          {
            "frame": 60,
            "off_gpu_ms": null,
            "on_gpu_ms": null,
            "gpu_increment_ms": null,
            "off_gpu_ticks": [
              83739226529000,
              83739226539875,
              83739226814625,
              83739222476958
            ],
            "on_gpu_ticks": [
              83739230609916,
              83739230635666,
              83739232682500,
              83739219388583
            ],
            "wall_render_completion_increment_ms": -0.30037355422973633
          },
          {
            "frame": 61,
            "off_gpu_ms": null,
            "on_gpu_ms": null,
            "gpu_increment_ms": null,
            "off_gpu_ticks": [
              83739240223958,
              83739240233041,
              83739241642208,
              83739228184458
            ],
            "on_gpu_ticks": [
              83739236416166,
              83739236426458,
              83739238263000,
              83739232889583
            ],
            "wall_render_completion_increment_ms": 0.1243746280670166
          },
          {
            "frame": 62,
            "off_gpu_ms": null,
            "on_gpu_ms": null,
            "gpu_increment_ms": null,
            "off_gpu_ticks": [
              83739246328125,
              83739246338750,
              83739246647541,
              83739241851583
            ],
            "on_gpu_ticks": [
              83739250372458,
              83739250400041,
              83739251534625,
              83739238470166
            ],
            "wall_render_completion_increment_ms": 5.195042133331299
          },
          {
            "frame": 63,
            "off_gpu_ms": null,
            "on_gpu_ms": null,
            "gpu_increment_ms": null,
            "off_gpu_ticks": [
              83739267326625,
              83739267338625,
              83739267796625,
              83739248157375
            ],
            "on_gpu_ticks": [
              83739260682083,
              83739260708833,
              83739263279291,
              83739257334166
            ],
            "wall_render_completion_increment_ms": 1.076124668121338
          },
          {
            "frame": 64,
            "off_gpu_ms": null,
            "on_gpu_ms": null,
            "gpu_increment_ms": null,
            "off_gpu_ticks": [
              83739274554250,
              83739274568583,
              83739276510333,
              83739270313375
            ],
            "on_gpu_ticks": [
              83739279835375,
              83739279849125,
              83739280416166,
              83739265837333
            ],
            "wall_render_completion_increment_ms": -1.571376085281372
          },
          {
            "frame": 65,
            "off_gpu_ms": null,
            "on_gpu_ms": null,
            "gpu_increment_ms": null,
            "off_gpu_ticks": [
              83739290324833,
              83739290337416,
              83739290619375,
              83739276816166
            ],
            "on_gpu_ticks": [
              83739284993875,
              83739285004541,
              83739286534458,
              83739282363708
            ],
            "wall_render_completion_increment_ms": 1.2729175090789795
          },
          {
            "frame": 66,
            "off_gpu_ms": null,
            "on_gpu_ms": null,
            "gpu_increment_ms": null,
            "off_gpu_ticks": [
              83739294910708,
              83739294920583,
              83739295330083,
              83739292109208
            ],
            "on_gpu_ticks": [
              83739299436291,
              83739299445750,
              83739299776625,
              83739287836500
            ],
            "wall_render_completion_increment_ms": 0.02791571617126465
          },
          {
            "frame": 67,
            "off_gpu_ms": null,
            "on_gpu_ms": null,
            "gpu_increment_ms": null,
            "off_gpu_ticks": [
              83739308303708,
              83739308313375,
              83739308512583,
              83739296763916
            ],
            "on_gpu_ticks": [
              83739303830791,
              83739303838916,
              83739304179625,
              83739301060666
            ],
            "wall_render_completion_increment_ms": -0.013666629791259766
          },
          {
            "frame": 68,
            "off_gpu_ms": null,
            "on_gpu_ms": null,
            "gpu_increment_ms": null,
            "off_gpu_ticks": [
              83739312757375,
              83739312765375,
              83739313061833,
              83739309585250
            ],
            "on_gpu_ticks": [
              83739315230791,
              83739315238666,
              83739316712291,
              83739305474375
            ],
            "wall_render_completion_increment_ms": 1.526708960533142
          },
          {
            "frame": 69,
            "off_gpu_ms": null,
            "on_gpu_ms": null,
            "gpu_increment_ms": null,
            "off_gpu_ticks": [
              83739324763541,
              83739324773791,
              83739325913500,
              83739314056208
            ],
            "on_gpu_ticks": [
              83739320266208,
              83739320274041,
              83739321758000,
              83739316944666
            ],
            "wall_render_completion_increment_ms": -0.16037583351135254
          },
          {
            "frame": 70,
            "off_gpu_ms": null,
            "on_gpu_ms": null,
            "gpu_increment_ms": null,
            "off_gpu_ticks": [
              83739329370708,
              83739329379041,
              83739329709333,
              83739326085833
            ],
            "on_gpu_ticks": [
              83739333825041,
              83739333835166,
              83739334226125,
              83739321966291
            ],
            "wall_render_completion_increment_ms": -0.03762388229370117
          },
          {
            "frame": 71,
            "off_gpu_ms": null,
            "on_gpu_ms": null,
            "gpu_increment_ms": null,
            "off_gpu_ticks": [
              83739342819541,
              83739342829916,
              83739343052583,
              83739330712083
            ],
            "on_gpu_ticks": [
              83739338462916,
              83739338471250,
              83739338815500,
              83739336132458
            ],
            "wall_render_completion_increment_ms": 0.22933340072631836
          },
          {
            "frame": 72,
            "off_gpu_ms": null,
            "on_gpu_ms": null,
            "gpu_increment_ms": null,
            "off_gpu_ticks": [
              83739347264000,
              83739347271833,
              83739348454208,
              83739344704791
            ],
            "on_gpu_ticks": [
              83739351702250,
              83739351713333,
              83739352993875,
              83739340103166
            ],
            "wall_render_completion_increment_ms": -0.05928969383239746
          },
          {
            "frame": 73,
            "off_gpu_ms": null,
            "on_gpu_ms": null,
            "gpu_increment_ms": null,
            "off_gpu_ticks": [
              83739360235833,
              83739360280500,
              83739361744416,
              83739348632375
            ],
            "on_gpu_ticks": [
              83739356101083,
              83739356108500,
              83739356465583,
              83739353959416
            ],
            "wall_render_completion_increment_ms": 0.04712510108947754
          },
          {
            "frame": 74,
            "off_gpu_ms": null,
            "on_gpu_ms": null,
            "gpu_increment_ms": null,
            "off_gpu_ticks": [
              83739365622625,
              83739365632041,
              83739365870625,
              83739362284916
            ],
            "on_gpu_ticks": [
              83739369127000,
              83739369254083,
              83739370776750,
              83739357812375
            ],
            "wall_render_completion_increment_ms": 0.09845829010009766
          },
          {
            "frame": 75,
            "off_gpu_ms": null,
            "on_gpu_ms": null,
            "gpu_increment_ms": null,
            "off_gpu_ticks": [
              83739378375125,
              83739378383500,
              83739378781875,
              83739367027416
            ],
            "on_gpu_ticks": [
              83739374651083,
              83739374660208,
              83739374989666,
              83739370957375
            ],
            "wall_render_completion_increment_ms": -0.028415679931640625
          },
          {
            "frame": 76,
            "off_gpu_ms": null,
            "on_gpu_ms": null,
            "gpu_increment_ms": null,
            "off_gpu_ticks": [
              83739384060291,
              83739384070125,
              83739384319750,
              83739379763541
            ],
            "on_gpu_ticks": [
              83739387544625,
              83739387552875,
              83739387961000,
              83739376374583
            ],
            "wall_render_completion_increment_ms": -0.04749941825866699
          },
          {
            "frame": 77,
            "off_gpu_ms": null,
            "on_gpu_ms": null,
            "gpu_increment_ms": null,
            "off_gpu_ticks": [
              83739396960500,
              83739396968916,
              83739398187500,
              83739386043333
            ],
            "on_gpu_ticks": [
              83739392910583,
              83739392919250,
              83739393245666,
              83739389338083
            ],
            "wall_render_completion_increment_ms": 0.09404110908508301
          },
          {
            "frame": 78,
            "off_gpu_ms": null,
            "on_gpu_ms": null,
            "gpu_increment_ms": null,
            "off_gpu_ticks": [
              83739401859083,
              83739402016541,
              83739402298000,
              83739398378750
            ],
            "on_gpu_ticks": [
              83739405857791,
              83739405866291,
              83739406212958,
              83739394628916
            ],
            "wall_render_completion_increment_ms": -0.06258416175842285
          },
          {
            "frame": 79,
            "off_gpu_ms": null,
            "on_gpu_ms": null,
            "gpu_increment_ms": null,
            "off_gpu_ticks": [
              83739415065666,
              83739415076125,
              83739415324458,
              83739403411250
            ],
            "on_gpu_ticks": [
              83739410935125,
              83739410944625,
              83739411284041,
              83739407688250
            ],
            "wall_render_completion_increment_ms": -0.2124173641204834
          },
          {
            "frame": 80,
            "off_gpu_ms": null,
            "on_gpu_ms": null,
            "gpu_increment_ms": null,
            "off_gpu_ticks": [
              83739420108958,
              83739420118750,
              83739421318500,
              83739416553125
            ],
            "on_gpu_ticks": [
              83739423766916,
              83739423775500,
              83739424128708,
              83739412666041
            ],
            "wall_render_completion_increment_ms": 0.23658156394958496
          },
          {
            "frame": 81,
            "off_gpu_ms": null,
            "on_gpu_ms": null,
            "gpu_increment_ms": null,
            "off_gpu_ticks": [
              83739432743875,
              83739432752083,
              83739433048291,
              83739421499500
            ],
            "on_gpu_ticks": [
              83739429348166,
              83739429356833,
              83739429683458,
              83739425631791
            ],
            "wall_render_completion_increment_ms": 0.18974947929382324
          },
          {
            "frame": 82,
            "off_gpu_ms": null,
            "on_gpu_ms": null,
            "gpu_increment_ms": null,
            "off_gpu_ticks": [
              83739437530500,
              83739437538500,
              83739437840250,
              83739434237500
            ],
            "on_gpu_ticks": [
              83739441845541,
              83739441856750,
              83739443523041,
              83739431060291
            ],
            "wall_render_completion_increment_ms": -0.1220407485961914
          },
          {
            "frame": 83,
            "off_gpu_ms": null,
            "on_gpu_ms": null,
            "gpu_increment_ms": null,
            "off_gpu_ticks": [
              83739449984125,
              83739449992583,
              83739450330583,
              83739438942166
            ],
            "on_gpu_ticks": [
              83739446357291,
              83739446385750,
              83739448082250,
              83739443718208
            ],
            "wall_render_completion_increment_ms": 0.10662388801574707
          },
          {
            "frame": 84,
            "off_gpu_ms": null,
            "on_gpu_ms": null,
            "gpu_increment_ms": null,
            "off_gpu_ticks": [
              83739454994833,
              83739455004958,
              83739455277208,
              83739451469916
            ],
            "on_gpu_ticks": [
              83739459294166,
              83739459340125,
              83739459831208,
              83739448271041
            ],
            "wall_render_completion_increment_ms": 0.01758432388305664
          },
          {
            "frame": 85,
            "off_gpu_ms": null,
            "on_gpu_ms": null,
            "gpu_increment_ms": null,
            "off_gpu_ticks": [
              83739467318708,
              83739467327291,
              83739468621750,
              83739456518166
            ],
            "on_gpu_ticks": [
              83739464062750,
              83739464072500,
              83739464425250,
              83739461324208
            ],
            "wall_render_completion_increment_ms": -0.06829047203063965
          },
          {
            "frame": 86,
            "off_gpu_ms": null,
            "on_gpu_ms": null,
            "gpu_increment_ms": null,
            "off_gpu_ticks": [
              83739472721958,
              83739472732083,
              83739472997833,
              83739468817750
            ],
            "on_gpu_ticks": [
              83739476012791,
              83739476021916,
              83739476448625,
              83739466003208
            ],
            "wall_render_completion_increment_ms": 0.020581722259521484
          },
          {
            "frame": 87,
            "off_gpu_ms": null,
            "on_gpu_ms": null,
            "gpu_increment_ms": null,
            "off_gpu_ticks": [
              83739484614000,
              83739484623458,
              83739484994708,
              83739474347416
            ],
            "on_gpu_ticks": [
              83739481076333,
              83739481104791,
              83739481600000,
              83739478030208
            ],
            "wall_render_completion_increment_ms": 0.013416767120361328
          },
          {
            "frame": 88,
            "off_gpu_ms": null,
            "on_gpu_ms": null,
            "gpu_increment_ms": null,
            "off_gpu_ticks": [
              83739490033166,
              83739490044625,
              83739491462500,
              83739486222458
            ],
            "on_gpu_ticks": [
              83739493933291,
              83739493945083,
              83739494349458,
              83739483221250
            ],
            "wall_render_completion_increment_ms": 0.1981658935546875
          },
          {
            "frame": 89,
            "off_gpu_ms": null,
            "on_gpu_ms": null,
            "gpu_increment_ms": null,
            "off_gpu_ticks": [
              83739502546375,
              83739502555791,
              83739502915666,
              83739491671000
            ],
            "on_gpu_ticks": [
              83739499081541,
              83739499092166,
              83739499463500,
              83739495918166
            ],
            "wall_render_completion_increment_ms": 0.4588339328765869
          },
          {
            "frame": 90,
            "off_gpu_ms": null,
            "on_gpu_ms": null,
            "gpu_increment_ms": null,
            "off_gpu_ticks": [
              83739508096833,
              83739508107958,
              83739508396375,
              83739504125250
            ],
            "on_gpu_ticks": [
              83739511897583,
              83739511916833,
              83739512348291,
              83739501211750
            ],
            "wall_render_completion_increment_ms": -0.03554248809814453
          },
          {
            "frame": 91,
            "off_gpu_ms": null,
            "on_gpu_ms": null,
            "gpu_increment_ms": null,
            "off_gpu_ticks": [
              83739520684250,
              83739520693375,
              83739521011458,
              83739509735500
            ],
            "on_gpu_ticks": [
              83739517116791,
              83739517127250,
              83739518516750,
              83739513826958
            ],
            "wall_render_completion_increment_ms": -0.09174990653991699
          },
          {
            "frame": 92,
            "off_gpu_ms": null,
            "on_gpu_ms": null,
            "gpu_increment_ms": null,
            "off_gpu_ticks": [
              83739526167875,
              83739526179125,
              83739526492750,
              83739522186166
            ],
            "on_gpu_ticks": [
              83739529646000,
              83739529655291,
              83739530036333,
              83739519126750
            ],
            "wall_render_completion_increment_ms": 0.017375946044921875
          },
          {
            "frame": 93,
            "off_gpu_ms": null,
            "on_gpu_ms": null,
            "gpu_increment_ms": null,
            "off_gpu_ticks": [
              83739538759416,
              83739538778750,
              83739540156000,
              83739527802750
            ],
            "on_gpu_ticks": [
              83739534570000,
              83739534580291,
              83739534980916,
              83739531551458
            ],
            "wall_render_completion_increment_ms": 0.43012571334838867
          },
          {
            "frame": 94,
            "off_gpu_ms": null,
            "on_gpu_ms": null,
            "gpu_increment_ms": null,
            "off_gpu_ticks": [
              83739543327500,
              83739543338541,
              83739543622916,
              83739540360666
            ],
            "on_gpu_ticks": [
              83739546693541,
              83739546702500,
              83739547146833,
              83739536597333
            ],
            "wall_render_completion_increment_ms": -0.2987501621246338
          },
          {
            "frame": 95,
            "off_gpu_ms": null,
            "on_gpu_ms": null,
            "gpu_increment_ms": null,
            "off_gpu_ticks": [
              83739555052708,
              83739555062041,
              83739555401166,
              83739544968000
            ],
            "on_gpu_ticks": [
              83739551642250,
              83739551652625,
              83739552019625,
              83739548741083
            ],
            "wall_render_completion_increment_ms": 0.3112502098083496
          },
          {
            "frame": 96,
            "off_gpu_ms": null,
            "on_gpu_ms": null,
            "gpu_increment_ms": null,
            "off_gpu_ticks": [
              83739559666541,
              83739559677208,
              83739561102375,
              83739556705291
            ],
            "on_gpu_ticks": [
              83739564048875,
              83739564060958,
              83739566005333,
              83739553641208
            ],
            "wall_render_completion_increment_ms": 0.02137589454650879
          },
          {
            "frame": 97,
            "off_gpu_ms": null,
            "on_gpu_ms": null,
            "gpu_increment_ms": null,
            "off_gpu_ticks": [
              83739572339041,
              83739572347958,
              83739572687666,
              83739561310833
            ],
            "on_gpu_ticks": [
              83739568728833,
              83739568756083,
              83739570586958,
              83739566223666
            ],
            "wall_render_completion_increment_ms": 0.027457237243652344
          },
          {
            "frame": 98,
            "off_gpu_ms": null,
            "on_gpu_ms": null,
            "gpu_increment_ms": null,
            "off_gpu_ticks": [
              83739577269250,
              83739577296958,
              83739577621958,
              83739574065125
            ],
            "on_gpu_ticks": [
              83739581392875,
              83739581404833,
              83739581815750,
              83739570793875
            ],
            "wall_render_completion_increment_ms": 0.12179279327392578
          },
          {
            "frame": 99,
            "off_gpu_ms": null,
            "on_gpu_ms": null,
            "gpu_increment_ms": null,
            "off_gpu_ticks": [
              83739589646791,
              83739589656250,
              83739589993791,
              83739578990916
            ],
            "on_gpu_ticks": [
              83739586073041,
              83739586100041,
              83739586566208,
              83739583601916
            ],
            "wall_render_completion_increment_ms": -0.35391736030578613
          },
          {
            "frame": 100,
            "off_gpu_ms": null,
            "on_gpu_ms": null,
            "gpu_increment_ms": null,
            "off_gpu_ticks": [
              83739594796125,
              83739594823375,
              83739595162250,
              83739591425750
            ],
            "on_gpu_ticks": [
              83739598856375,
              83739598868875,
              83739599290666,
              83739588181458
            ],
            "wall_render_completion_increment_ms": 0.008374929428100586
          },
          {
            "frame": 101,
            "off_gpu_ms": null,
            "on_gpu_ms": null,
            "gpu_increment_ms": null,
            "off_gpu_ticks": [
              83739607145083,
              83739607154333,
              83739608689541,
              83739596496000
            ],
            "on_gpu_ticks": [
              83739603555416,
              83739603584666,
              83739604005000,
              83739601067875
            ],
            "wall_render_completion_increment_ms": 0.0010013580322265625
          },
          {
            "frame": 102,
            "off_gpu_ms": null,
            "on_gpu_ms": null,
            "gpu_increment_ms": null,
            "off_gpu_ticks": [
              83739612547083,
              83739612557958,
              83739612849083,
              83739608916666
            ],
            "on_gpu_ticks": [
              83739616441916,
              83739616454000,
              83739616880791,
              83739605628375
            ],
            "wall_render_completion_increment_ms": 0.0036249160766601562
          },
          {
            "frame": 103,
            "off_gpu_ms": null,
            "on_gpu_ms": null,
            "gpu_increment_ms": null,
            "off_gpu_ticks": [
              83739624831416,
              83739624840833,
              83739625183541,
              83739614200666
            ],
            "on_gpu_ticks": [
              83739621296916,
              83739621308125,
              83739621718166,
              83739618653666
            ],
            "wall_render_completion_increment_ms": 0.016707897186279297
          },
          {
            "frame": 104,
            "off_gpu_ms": null,
            "on_gpu_ms": null,
            "gpu_increment_ms": null,
            "off_gpu_ticks": [
              83739630319583,
              83739630330583,
              83739631801125,
              83739626791833
            ],
            "on_gpu_ticks": [
              83739633672625,
              83739633681833,
              83739635699666,
              83739623353125
            ],
            "wall_render_completion_increment_ms": 0.008250236511230469
          },
          {
            "frame": 105,
            "off_gpu_ms": null,
            "on_gpu_ms": null,
            "gpu_increment_ms": null,
            "off_gpu_ticks": [
              83739642554041,
              83739642563458,
              83739642959875,
              83739632021000
            ],
            "on_gpu_ticks": [
              83739639143416,
              83739639153916,
              83739641052875,
              83739635940583
            ],
            "wall_render_completion_increment_ms": 0.39549994468688965
          },
          {
            "frame": 106,
            "off_gpu_ms": null,
            "on_gpu_ms": null,
            "gpu_increment_ms": null,
            "off_gpu_ticks": [
              83739647225166,
              83739647252625,
              83739647575875,
              83739644344083
            ],
            "on_gpu_ticks": [
              83739651143875,
              83739651171416,
              83739651636708,
              83739641275291
            ],
            "wall_render_completion_increment_ms": 1.2275421619415283
          },
          {
            "frame": 107,
            "off_gpu_ms": null,
            "on_gpu_ms": null,
            "gpu_increment_ms": null,
            "off_gpu_ticks": [
              83739662906333,
              83739662918416,
              83739663197750,
              83739649088041
            ],
            "on_gpu_ticks": [
              83739657605541,
              83739657616666,
              83739658019583,
              83739653416875
            ],
            "wall_render_completion_increment_ms": 1.5414602756500244
          },
          {
            "frame": 108,
            "off_gpu_ms": null,
            "on_gpu_ms": null,
            "gpu_increment_ms": null,
            "off_gpu_ticks": [
              83739667678375,
              83739667689750,
              83739668006833,
              83739664694375
            ],
            "on_gpu_ticks": [
              83739670959541,
              83739670969041,
              83739671412250,
              83739659969125
            ],
            "wall_render_completion_increment_ms": 0.27933382987976074
          },
          {
            "frame": 109,
            "off_gpu_ms": null,
            "on_gpu_ms": null,
            "gpu_increment_ms": null,
            "off_gpu_ticks": [
              83739681611208,
              83739681624416,
              83739683342458,
              83739669464375
            ],
            "on_gpu_ticks": [
              83739676375375,
              83739676387125,
              83739676812708,
              83739673215541
            ],
            "wall_render_completion_increment_ms": 1.2797088623046875
          },
          {
            "frame": 110,
            "off_gpu_ms": null,
            "on_gpu_ms": null,
            "gpu_increment_ms": null,
            "off_gpu_ticks": [
              83739686358000,
              83739686370208,
              83739686689125,
              83739683590958
            ],
            "on_gpu_ticks": [
              83739689861416,
              83739689871458,
              83739690322666,
              83739678588416
            ],
            "wall_render_completion_increment_ms": 0.08820986747741699
          },
          {
            "frame": 111,
            "off_gpu_ms": null,
            "on_gpu_ms": null,
            "gpu_increment_ms": null,
            "off_gpu_ticks": [
              83739698572208,
              83739698582375,
              83739698975375,
              83739688150291
            ],
            "on_gpu_ticks": [
              83739695146166,
              83739695157541,
              83739695565333,
              83739692436791
            ],
            "wall_render_completion_increment_ms": 0.04908394813537598
          },
          {
            "frame": 112,
            "off_gpu_ms": null,
            "on_gpu_ms": null,
            "gpu_increment_ms": null,
            "off_gpu_ticks": [
              83739703677875,
              83739703706333,
              83739705301625,
              83739700528791
            ],
            "on_gpu_ticks": [
              83739707322500,
              83739707331958,
              83739707788041,
              83739697346625
            ],
            "wall_render_completion_increment_ms": 0.040708065032958984
          },
          {
            "frame": 113,
            "off_gpu_ms": null,
            "on_gpu_ms": null,
            "gpu_increment_ms": null,
            "off_gpu_ticks": [
              83739715935583,
              83739715945583,
              83739716391750,
              83739705526000
            ],
            "on_gpu_ticks": [
              83739712413416,
              83739712443041,
              83739712931208,
              83739709765250
            ],
            "wall_render_completion_increment_ms": -0.08920788764953613
          },
          {
            "frame": 114,
            "off_gpu_ms": null,
            "on_gpu_ms": null,
            "gpu_increment_ms": null,
            "off_gpu_ticks": [
              83739721184416,
              83739721195625,
              83739721510916,
              83739717905916
            ],
            "on_gpu_ticks": [
              83739724221958,
              83739724232000,
              83739724713125,
              83739714675458
            ],
            "wall_render_completion_increment_ms": 0.6109580993652344
          },
          {
            "frame": 115,
            "off_gpu_ms": null,
            "on_gpu_ms": null,
            "gpu_increment_ms": null,
            "off_gpu_ticks": [
              83739733529333,
              83739733539833,
              83739733922708,
              83739722994500
            ],
            "on_gpu_ticks": [
              83739729941625,
              83739729953125,
              83739730369250,
              83739726838000
            ],
            "wall_render_completion_increment_ms": 0.171875
          },
          {
            "frame": 116,
            "off_gpu_ms": null,
            "on_gpu_ms": null,
            "gpu_increment_ms": null,
            "off_gpu_ticks": [
              83739738985458,
              83739738996875,
              83739739281916,
              83739735507291
            ],
            "on_gpu_ticks": [
              83739742529375,
              83739742539708,
              83739743003666,
              83739732354333
            ],
            "wall_render_completion_increment_ms": 1.4612083435058594
          },
          {
            "frame": 117,
            "off_gpu_ms": null,
            "on_gpu_ms": null,
            "gpu_increment_ms": null,
            "off_gpu_ticks": [
              83739754628125,
              83739754655916,
              83739756249208,
              83739741043458
            ],
            "on_gpu_ticks": [
              83739749107125,
              83739749116875,
              83739749570791,
              83739745632625
            ],
            "wall_render_completion_increment_ms": 1.7980830669403076
          },
          {
            "frame": 118,
            "off_gpu_ms": null,
            "on_gpu_ms": null,
            "gpu_increment_ms": null,
            "off_gpu_ticks": [
              83739759562208,
              83739759575333,
              83739760253958,
              83739756491291
            ],
            "on_gpu_ticks": [
              83739764703458,
              83739764731083,
              83739766954000,
              83739752185500
            ],
            "wall_render_completion_increment_ms": -0.22929048538208008
          },
          {
            "frame": 119,
            "off_gpu_ms": null,
            "on_gpu_ms": null,
            "gpu_increment_ms": null,
            "off_gpu_ticks": [
              83739773769791,
              83739773779750,
              83739774179791,
              83739762267458
            ],
            "on_gpu_ticks": [
              83739770336375,
              83739770346583,
              83739772295458,
              83739767198875
            ],
            "wall_render_completion_increment_ms": -0.3372068405151367
          },
          {
            "frame": 120,
            "off_gpu_ms": null,
            "on_gpu_ms": null,
            "gpu_increment_ms": null,
            "off_gpu_ticks": [
              83739778626041,
              83739778636541,
              83739780467500,
              83739775712291
            ],
            "on_gpu_ticks": [
              83739782215500,
              83739782225000,
              83739782708708,
              83739772519583
            ],
            "wall_render_completion_increment_ms": 0.4235827922821045
          },
          {
            "frame": 121,
            "off_gpu_ms": null,
            "on_gpu_ms": null,
            "gpu_increment_ms": null,
            "off_gpu_ticks": [
              83741294269500,
              83741294346708,
              83741297011500,
              83739780692541
            ],
            "on_gpu_ticks": [
              83741284645375,
              83741285174333,
              83741289070625,
              83739784684541
            ],
            "wall_render_completion_increment_ms": 7.529709815979004
          },
          {
            "frame": 122,
            "off_gpu_ms": null,
            "on_gpu_ms": null,
            "gpu_increment_ms": null,
            "off_gpu_ticks": [
              83742037141708,
              83742037169625,
              83742037969208,
              83741298157750
            ],
            "on_gpu_ticks": [
              83742044194125,
              83742044221750,
              83742045280833,
              83741292065708
            ],
            "wall_render_completion_increment_ms": 0.3401675224304199
          },
          {
            "frame": 123,
            "off_gpu_ms": null,
            "on_gpu_ms": null,
            "gpu_increment_ms": null,
            "off_gpu_ticks": [
              83742787417708,
              83742787430708,
              83742787887000,
              83742042183291
            ],
            "on_gpu_ticks": [
              83742778428166,
              83742778979916,
              83742780053958,
              83742049679083
            ],
            "wall_render_completion_increment_ms": 4.652917861938477
          },
          {
            "frame": 124,
            "off_gpu_ms": null,
            "on_gpu_ms": null,
            "gpu_increment_ms": null,
            "off_gpu_ticks": [
              83743512404333,
              83743512432500,
              83743513192583,
              83742789622583
            ],
            "on_gpu_ticks": [
              83743519561041,
              83743519590041,
              83743520630333,
              83742785392416
            ],
            "wall_render_completion_increment_ms": 2.4591245651245117
          },
          {
            "frame": 125,
            "off_gpu_ms": null,
            "on_gpu_ms": null,
            "gpu_increment_ms": null,
            "off_gpu_ticks": [
              83744265395750,
              83744265425375,
              83744265838791,
              83743517454916
            ],
            "on_gpu_ticks": [
              83744254780041,
              83744254860916,
              83744255975666,
              83743525872458
            ],
            "wall_render_completion_increment_ms": 6.2131242752075195
          },
          {
            "frame": 126,
            "off_gpu_ms": null,
            "on_gpu_ms": null,
            "gpu_increment_ms": null,
            "off_gpu_ticks": [
              83745001812125,
              83745001840416,
              83745002598125,
              83744267719166
            ],
            "on_gpu_ticks": [
              83745008795666,
              83745008823666,
              83745014438625,
              83744262677375
            ],
            "wall_render_completion_increment_ms": 1.361541748046875
          },
          {
            "frame": 127,
            "off_gpu_ms": null,
            "on_gpu_ms": 6.500041961669922,
            "gpu_increment_ms": null,
            "off_gpu_ticks": [
              83745746433750,
              83745746446375,
              83745746971750,
              83745006850000
            ],
            "on_gpu_ticks": [
              83745737596958,
              83745737625083,
              83745743197375,
              83745744097000
            ],
            "wall_render_completion_increment_ms": 4.772124290466309
          },
          {
            "frame": 128,
            "off_gpu_ms": null,
            "on_gpu_ms": null,
            "gpu_increment_ms": null,
            "off_gpu_ticks": [
              83746474633500,
              83746474661541,
              83746475347958,
              83745748739666
            ],
            "on_gpu_ticks": [
              83746481832833,
              83746481860708,
              83746482943583,
              83745744097000
            ],
            "wall_render_completion_increment_ms": 2.9905409812927246
          },
          {
            "frame": 129,
            "off_gpu_ms": null,
            "on_gpu_ms": null,
            "gpu_increment_ms": null,
            "off_gpu_ticks": [
              83747236318666,
              83747236345875,
              83747241175000,
              83746479884208
            ],
            "on_gpu_ticks": [
              83747227754958,
              83747227782541,
              83747228874708,
              83746489866833
            ],
            "wall_render_completion_increment_ms": -1.8210020065307617
          },
          {
            "frame": 130,
            "off_gpu_ms": null,
            "on_gpu_ms": null,
            "gpu_increment_ms": null,
            "off_gpu_ticks": [
              83747974145791,
              83747974174666,
              83747974812583,
              83747241830000
            ],
            "on_gpu_ticks": [
              83747981190583,
              83747981218541,
              83747982271666,
              83747234348958
            ],
            "wall_render_completion_increment_ms": 1.3502922058105469
          },
          {
            "frame": 131,
            "off_gpu_ms": 5.199416160583496,
            "on_gpu_ms": null,
            "gpu_increment_ms": null,
            "off_gpu_ticks": [
              83748738744500,
              83748738772750,
              83748739649625,
              83748743943916
            ],
            "on_gpu_ticks": [
              83748730215625,
              83748730243708,
              83748731347958,
              83747987354291
            ],
            "wall_render_completion_increment_ms": -0.34133434295654297
          },
          {
            "frame": 132,
            "off_gpu_ms": null,
            "on_gpu_ms": null,
            "gpu_increment_ms": null,
            "off_gpu_ticks": [
              83749474275541,
              83749474304125,
              83749475007541,
              83748743943916
            ],
            "on_gpu_ticks": [
              83749481285791,
              83749481314208,
              83749482379541,
              83748736670250
            ],
            "wall_render_completion_increment_ms": 1.2586674690246582
          },
          {
            "frame": 133,
            "off_gpu_ms": null,
            "on_gpu_ms": null,
            "gpu_increment_ms": null,
            "off_gpu_ticks": [
              83750225757041,
              83750225934833,
              83750226381708,
              83749479316416
            ],
            "on_gpu_ticks": [
              83750215858000,
              83750215885583,
              83750223309250,
              83749487565791
            ],
            "wall_render_completion_increment_ms": 6.1000823974609375
          },
          {
            "frame": 134,
            "off_gpu_ms": null,
            "on_gpu_ms": null,
            "gpu_increment_ms": null,
            "off_gpu_ticks": [
              83750957993375,
              83750958022083,
              83750963392916,
              83750228134208
            ],
            "on_gpu_ticks": [
              83750966743083,
              83750966771250,
              83750967801666,
              83750223913375
            ],
            "wall_render_completion_increment_ms": -0.02287578582763672
          },
          {
            "frame": 135,
            "off_gpu_ms": null,
            "on_gpu_ms": null,
            "gpu_increment_ms": null,
            "off_gpu_ticks": [
              83751710711416,
              83751710738958,
              83751711502208,
              83750964820583
            ],
            "on_gpu_ticks": [
              83751702284666,
              83751702313416,
              83751703421750,
              83750972927458
            ],
            "wall_render_completion_increment_ms": 1.7982492446899414
          },
          {
            "frame": 136,
            "off_gpu_ms": null,
            "on_gpu_ms": null,
            "gpu_increment_ms": null,
            "off_gpu_ticks": [
              83752447372750,
              83752447400333,
              83752448184250,
              83751715775208
            ],
            "on_gpu_ticks": [
              83752454374208,
              83752454402250,
              83752455497291,
              83751708598500
            ],
            "wall_render_completion_increment_ms": 1.3381247520446777
          },
          {
            "frame": 137,
            "off_gpu_ms": null,
            "on_gpu_ms": null,
            "gpu_increment_ms": null,
            "off_gpu_ticks": [
              83752472804958,
              83752472833083,
              83752473937583,
              83752452500208
            ],
            "on_gpu_ticks": [
              83752464309625,
              83752464337583,
              83752465439916,
              83752461086208
            ],
            "wall_render_completion_increment_ms": 4.695874214172363
          },
          {
            "frame": 138,
            "off_gpu_ms": null,
            "on_gpu_ms": null,
            "gpu_increment_ms": null,
            "off_gpu_ticks": [
              83752477736833,
              83752477764708,
              83752478082208,
              83752474091041
            ],
            "on_gpu_ticks": [
              83752481183083,
              83752481211833,
              83752481605166,
              83752470623666
            ],
            "wall_render_completion_increment_ms": 0.43799901008605957
          },
          {
            "frame": 139,
            "off_gpu_ms": null,
            "on_gpu_ms": null,
            "gpu_increment_ms": null,
            "off_gpu_ticks": [
              83752489554375,
              83752489562250,
              83752489903000,
              83752478989416
            ],
            "on_gpu_ticks": [
              83752486209916,
              83752486237166,
              83752486649875,
              83752482736916
            ],
            "wall_render_completion_increment_ms": 0.8479999303817749
          },
          {
            "frame": 140,
            "off_gpu_ms": null,
            "on_gpu_ms": null,
            "gpu_increment_ms": null,
            "off_gpu_ticks": [
              83752493744833,
              83752493753708,
              83752493938375,
              83752490771916
            ],
            "on_gpu_ticks": [
              83752497305916,
              83752497315458,
              83752498612708,
              83752487752208
            ],
            "wall_render_completion_increment_ms": 0.25566601753234863
          },
          {
            "frame": 141,
            "off_gpu_ms": null,
            "on_gpu_ms": null,
            "gpu_increment_ms": null,
            "off_gpu_ticks": [
              83752506051750,
              83752506079458,
              83752506370666,
              83752494895791
            ],
            "on_gpu_ticks": [
              83752502453041,
              83752502461583,
              83752503736541,
              83752498772750
            ],
            "wall_render_completion_increment_ms": 0.003665924072265625
          },
          {
            "frame": 142,
            "off_gpu_ms": null,
            "on_gpu_ms": null,
            "gpu_increment_ms": null,
            "off_gpu_ticks": [
              83752510754041,
              83752510782375,
              83752511099166,
              83752507372416
            ],
            "on_gpu_ticks": [
              83752514975750,
              83752514984708,
              83752515278708,
              83752503890500
            ],
            "wall_render_completion_increment_ms": -0.13687467575073242
          },
          {
            "frame": 143,
            "off_gpu_ms": null,
            "on_gpu_ms": null,
            "gpu_increment_ms": null,
            "off_gpu_ticks": [
              83752523145125,
              83752523173250,
              83752523532291,
              83752512023666
            ],
            "on_gpu_ticks": [
              83752519520000,
              83752519528750,
              83752519811958,
              83752516484208
            ],
            "wall_render_completion_increment_ms": 0.05424976348876953
          },
          {
            "frame": 144,
            "off_gpu_ms": null,
            "on_gpu_ms": null,
            "gpu_increment_ms": null,
            "off_gpu_ticks": [
              83752528235208,
              83752528244166,
              83752528452708,
              83752524520666
            ],
            "on_gpu_ticks": [
              83752532005500,
              83752532014958,
              83752532309291,
              83752520944416
            ],
            "wall_render_completion_increment_ms": 0.026542186737060547
          },
          {
            "frame": 145,
            "off_gpu_ms": null,
            "on_gpu_ms": null,
            "gpu_increment_ms": null,
            "off_gpu_ticks": [
              83752539955625,
              83752539963625,
              83752541019875,
              83752529377958
            ],
            "on_gpu_ticks": [
              83752536938541,
              83752536947000,
              83752537243791,
              83752533517291
            ],
            "wall_render_completion_increment_ms": 1.2685431241989136
          },
          {
            "frame": 146,
            "off_gpu_ms": null,
            "on_gpu_ms": null,
            "gpu_increment_ms": null,
            "off_gpu_ticks": [
              83752543603458,
              83752543612416,
              83752543801166,
              83752541178416
            ],
            "on_gpu_ticks": [
              83752547496916,
              83752547525833,
              83752547926291,
              83752538366166
            ],
            "wall_render_completion_increment_ms": 0.24483180046081543
          },
          {
            "frame": 147,
            "off_gpu_ms": null,
            "on_gpu_ms": null,
            "gpu_increment_ms": null,
            "off_gpu_ticks": [
              83752556052541,
              83752556060333,
              83752556417250,
              83752544821125
            ],
            "on_gpu_ticks": [
              83752552501916,
              83752552530416,
              83752552939541,
              83752549124166
            ],
            "wall_render_completion_increment_ms": 1.2931671142578125
          },
          {
            "frame": 148,
            "off_gpu_ms": null,
            "on_gpu_ms": null,
            "gpu_increment_ms": null,
            "off_gpu_ticks": [
              83752559366708,
              83752559374333,
              83752559645291,
              83752557325958
            ],
            "on_gpu_ticks": [
              83752561949875,
              83752561957666,
              83752563274666,
              83752554149916
            ],
            "wall_render_completion_increment_ms": 1.6517083644866943
          },
          {
            "frame": 149,
            "off_gpu_ms": null,
            "on_gpu_ms": null,
            "gpu_increment_ms": null,
            "off_gpu_ticks": [
              83752571072375,
              83752571089875,
              83752571345916,
              83752560578416
            ],
            "on_gpu_ticks": [
              83752567307666,
              83752567316708,
              83752567878000,
              83752563454541
            ],
            "wall_render_completion_increment_ms": -0.04304194450378418
          },
          {
            "frame": 150,
            "off_gpu_ms": null,
            "on_gpu_ms": null,
            "gpu_increment_ms": null,
            "off_gpu_ticks": [
              83752576131083,
              83752576139791,
              83752576348458,
              83752572339416
            ],
            "on_gpu_ticks": [
              83752580086750,
              83752580096125,
              83752580381708,
              83752568830166
            ],
            "wall_render_completion_increment_ms": 0.05495786666870117
          },
          {
            "frame": 151,
            "off_gpu_ms": null,
            "on_gpu_ms": null,
            "gpu_increment_ms": null,
            "off_gpu_ticks": [
              83752588457208,
              83752588485041,
              83752588795750,
              83752577360458
            ],
            "on_gpu_ticks": [
              83752584682875,
              83752584711000,
              83752585124166,
              83752581617458
            ],
            "wall_render_completion_increment_ms": 0.3614170551300049
          },
          {
            "frame": 152,
            "off_gpu_ms": null,
            "on_gpu_ms": null,
            "gpu_increment_ms": null,
            "off_gpu_ticks": [
              83752593150041,
              83752593158916,
              83752593343125,
              83752589831958
            ],
            "on_gpu_ticks": [
              83752596734166,
              83752596752708,
              83752597102708,
              83752586321875
            ],
            "wall_render_completion_increment_ms": 0.12191557884216309
          },
          {
            "frame": 153,
            "off_gpu_ms": null,
            "on_gpu_ms": null,
            "gpu_increment_ms": null,
            "off_gpu_ticks": [
              83752605975666,
              83752605985541,
              83752607116750,
              83752594373000
            ],
            "on_gpu_ticks": [
              83752601589250,
              83752601598458,
              83752601903750,
              83752598299125
            ],
            "wall_render_completion_increment_ms": 0.075958251953125
          },
          {
            "frame": 154,
            "off_gpu_ms": null,
            "on_gpu_ms": null,
            "gpu_increment_ms": null,
            "off_gpu_ticks": [
              83752610777958,
              83752610786666,
              83752610984750,
              83752607284375
            ],
            "on_gpu_ticks": [
              83752614748791,
              83752614758625,
              83752615075083,
              83752603153750
            ],
            "wall_render_completion_increment_ms": 0.9008338451385498
          },
          {
            "frame": 155,
            "off_gpu_ms": null,
            "on_gpu_ms": null,
            "gpu_increment_ms": null,
            "off_gpu_ticks": [
              83752623811041,
              83752623819291,
              83752624130791,
              83752611992458
            ],
            "on_gpu_ticks": [
              83752620454833,
              83752620464083,
              83752621904750,
              83752616359666
            ],
            "wall_render_completion_increment_ms": 1.514374852180481
          },
          {
            "frame": 156,
            "off_gpu_ms": null,
            "on_gpu_ms": null,
            "gpu_increment_ms": null,
            "off_gpu_ticks": [
              83752627069375,
              83752627077208,
              83752627376708,
              83752625102208
            ],
            "on_gpu_ticks": [
              83752629476833,
              83752629484958,
              83752629823291,
              83752622075500
            ],
            "wall_render_completion_increment_ms": 1.5292091369628906
          },
          {
            "frame": 157,
            "off_gpu_ms": null,
            "on_gpu_ms": null,
            "gpu_increment_ms": null,
            "off_gpu_ticks": [
              83752638112375,
              83752638121166,
              83752638450083,
              83752628383166
            ],
            "on_gpu_ticks": [
              83752634724541,
              83752634734625,
              83752635101916,
              83752631080416
            ],
            "wall_render_completion_increment_ms": 0.015958070755004883
          },
          {
            "frame": 158,
            "off_gpu_ms": null,
            "on_gpu_ms": null,
            "gpu_increment_ms": null,
            "off_gpu_ticks": [
              83752643350500,
              83752643360708,
              83752643621208,
              83752639602958
            ],
            "on_gpu_ticks": [
              83752647350583,
              83752647361416,
              83752647712708,
              83752636588541
            ],
            "wall_render_completion_increment_ms": 0.14920783042907715
          },
          {
            "frame": 159,
            "off_gpu_ms": null,
            "on_gpu_ms": null,
            "gpu_increment_ms": null,
            "off_gpu_ticks": [
              83752655760000,
              83752655768583,
              83752656070750,
              83752644852833
            ],
            "on_gpu_ticks": [
              83752652333125,
              83752652342500,
              83752652665208,
              83752649090791
            ],
            "wall_render_completion_increment_ms": -0.05450010299682617
          },
          {
            "frame": 160,
            "off_gpu_ms": null,
            "on_gpu_ms": null,
            "gpu_increment_ms": null,
            "off_gpu_ticks": [
              83752660980375,
              83752660997666,
              83752661292083,
              83752657137958
            ],
            "on_gpu_ticks": [
              83752665061833,
              83752665071708,
              83752665401750,
              83752653952708
            ],
            "wall_render_completion_increment_ms": 0.0011250972747802734
          },
          {
            "frame": 161,
            "off_gpu_ms": null,
            "on_gpu_ms": null,
            "gpu_increment_ms": null,
            "off_gpu_ticks": [
              83752672653250,
              83752672661208,
              83752673873041,
              83752662367958
            ],
            "on_gpu_ticks": [
              83752669871708,
              83752669881625,
              83752670261166,
              83752666781041
            ],
            "wall_render_completion_increment_ms": -0.497999906539917
          },
          {
            "frame": 162,
            "off_gpu_ms": null,
            "on_gpu_ms": null,
            "gpu_increment_ms": null,
            "off_gpu_ticks": [
              83752677982250,
              83752677992125,
              83752678202583,
              83752674050500
            ],
            "on_gpu_ticks": [
              83752681426583,
              83752681455000,
              83752683079125,
              83752671560166
            ],
            "wall_render_completion_increment_ms": -0.20775103569030762
          },
          {
            "frame": 163,
            "off_gpu_ms": null,
            "on_gpu_ms": null,
            "gpu_increment_ms": null,
            "off_gpu_ticks": [
              83752688773708,
              83752688781625,
              83752689209875,
              83752679349916
            ],
            "on_gpu_ticks": [
              83752685819500,
              83752685829291,
              83752687374166,
              83752683259666
            ],
            "wall_render_completion_increment_ms": -0.43291592597961426
          },
          {
            "frame": 164,
            "off_gpu_ms": null,
            "on_gpu_ms": null,
            "gpu_increment_ms": null,
            "off_gpu_ticks": [
              83752693590750,
              83752693598791,
              83752693896000,
              83752690259166
            ],
            "on_gpu_ticks": [
              83752697995250,
              83752698005125,
              83752698359125,
              83752687558833
            ],
            "wall_render_completion_increment_ms": 0.052500009536743164
          },
          {
            "frame": 165,
            "off_gpu_ms": null,
            "on_gpu_ms": null,
            "gpu_increment_ms": null,
            "off_gpu_ticks": [
              83752706182625,
              83752706190583,
              83752706517875,
              83752694969000
            ],
            "on_gpu_ticks": [
              83752702723708,
              83752702733416,
              83752703070458,
              83752699819500
            ],
            "wall_render_completion_increment_ms": -0.05683279037475586
          },
          {
            "frame": 166,
            "off_gpu_ms": null,
            "on_gpu_ms": null,
            "gpu_increment_ms": null,
            "off_gpu_ticks": [
              83752711450708,
              83752711460750,
              83752711654166,
              83752707683708
            ],
            "on_gpu_ticks": [
              83752714385041,
              83752714393375,
              83752714745208,
              83752704452416
            ],
            "wall_render_completion_increment_ms": 0.5352089405059814
          },
          {
            "frame": 167,
            "off_gpu_ms": null,
            "on_gpu_ms": null,
            "gpu_increment_ms": null,
            "off_gpu_ticks": [
              83752723100958,
              83752723109500,
              83752723417750,
              83752712835041
            ],
            "on_gpu_ticks": [
              83752719371875,
              83752719399708,
              83752719838833,
              83752716218666
            ],
            "wall_render_completion_increment_ms": -0.08825016021728516
          },
          {
            "frame": 168,
            "off_gpu_ms": null,
            "on_gpu_ms": null,
            "gpu_increment_ms": null,
            "off_gpu_ticks": [
              83752728517208,
              83752728527041,
              83752728871458,
              83752724601416
            ],
            "on_gpu_ticks": [
              83752732301208,
              83752732309833,
              83752732758916,
              83752721215666
            ],
            "wall_render_completion_increment_ms": 0.3414161205291748
          },
          {
            "frame": 169,
            "off_gpu_ms": null,
            "on_gpu_ms": null,
            "gpu_increment_ms": null,
            "off_gpu_ticks": [
              83752741306833,
              83752741315708,
              83752742620875,
              83752729908875
            ],
            "on_gpu_ticks": [
              83752737708000,
              83752737717750,
              83752738078791,
              83752734185958
            ],
            "wall_render_completion_increment_ms": -0.11083388328552246
          },
          {
            "frame": 170,
            "off_gpu_ms": null,
            "on_gpu_ms": null,
            "gpu_increment_ms": null,
            "off_gpu_ticks": [
              83752746538291,
              83752746555875,
              83752746804500,
              83752742813166
            ],
            "on_gpu_ticks": [
              83752750349666,
              83752750378250,
              83752753146000,
              83752739473375
            ],
            "wall_render_completion_increment_ms": 1.584040641784668
          },
          {
            "frame": 171,
            "off_gpu_ms": null,
            "on_gpu_ms": null,
            "gpu_increment_ms": null,
            "off_gpu_ticks": [
              83752762197916,
              83752762208583,
              83752762651958,
              83752748114541
            ],
            "on_gpu_ticks": [
              83752757064666,
              83752757078625,
              83752757583833,
              83752753477875
            ],
            "wall_render_completion_increment_ms": 1.3915431499481201
          },
          {
            "frame": 172,
            "off_gpu_ms": null,
            "on_gpu_ms": null,
            "gpu_increment_ms": null,
            "off_gpu_ticks": [
              83752767525166,
              83752767535333,
              83752767778250,
              83752764174916
            ],
            "on_gpu_ticks": [
              83752771042458,
              83752771050541,
              83752771511000,
              83752759612958
            ],
            "wall_render_completion_increment_ms": 0.050666093826293945
          },
          {
            "frame": 173,
            "off_gpu_ms": null,
            "on_gpu_ms": null,
            "gpu_increment_ms": null,
            "off_gpu_ticks": [
              83752781622666,
              83752781633916,
              83752781925083,
              83752769610291
            ],
            "on_gpu_ticks": [
              83752776383041,
              83752776392375,
              83752777848791,
              83752772886458
            ],
            "wall_render_completion_increment_ms": 1.4594595432281494
          },
          {
            "frame": 174,
            "off_gpu_ms": null,
            "on_gpu_ms": null,
            "gpu_increment_ms": null,
            "off_gpu_ticks": [
              83752786023541,
              83752786032666,
              83752786377333,
              83752783274000
            ],
            "on_gpu_ticks": [
              83752790426083,
              83752790437000,
              83752790821625,
              83752778804416
            ],
            "wall_render_completion_increment_ms": -0.05829191207885742
          },
          {
            "frame": 175,
            "off_gpu_ms": null,
            "on_gpu_ms": null,
            "gpu_increment_ms": null,
            "off_gpu_ticks": [
              83752799208000,
              83752799218666,
              83752799493625,
              83752787521625
            ],
            "on_gpu_ticks": [
              83752794789166,
              83752794798375,
              83752795170958,
              83752792441791
            ],
            "wall_render_completion_increment_ms": -0.016874074935913086
          },
          {
            "frame": 176,
            "off_gpu_ms": null,
            "on_gpu_ms": null,
            "gpu_increment_ms": null,
            "off_gpu_ticks": [
              83752803628333,
              83752803637166,
              83752804048958,
              83752800871583
            ],
            "on_gpu_ticks": [
              83752807925750,
              83752807937083,
              83752809724000,
              83752796719291
            ],
            "wall_render_completion_increment_ms": 0.8341262340545654
          },
          {
            "frame": 177,
            "off_gpu_ms": null,
            "on_gpu_ms": null,
            "gpu_increment_ms": null,
            "off_gpu_ticks": [
              83752818390416,
              83752818399833,
              83752820327500,
              83752805190375
            ],
            "on_gpu_ticks": [
              83752813463250,
              83752813490666,
              83752815329291,
              83752809934833
            ],
            "wall_render_completion_increment_ms": 0.8192503452301025
          },
          {
            "frame": 178,
            "off_gpu_ms": null,
            "on_gpu_ms": null,
            "gpu_increment_ms": null,
            "off_gpu_ticks": [
              83752822878375,
              83752822887208,
              83752823228666,
              83752820520916
            ],
            "on_gpu_ticks": [
              83752827161916,
              83752827171625,
              83752828363916,
              83752815531833
            ],
            "wall_render_completion_increment_ms": 1.4351251125335693
          },
          {
            "frame": 179,
            "off_gpu_ms": null,
            "on_gpu_ms": null,
            "gpu_increment_ms": null,
            "off_gpu_ticks": [
              83752838643500,
              83752838652291,
              83752839001541,
              83752824489166
            ],
            "on_gpu_ticks": [
              83752833615916,
              83752833627125,
              83752834018458,
              83752829761125
            ],
            "wall_render_completion_increment_ms": 1.4907076358795166
          },
          {
            "frame": 180,
            "off_gpu_ms": null,
            "on_gpu_ms": null,
            "gpu_increment_ms": null,
            "off_gpu_ticks": [
              83752843833958,
              83752843844083,
              83752845039208,
              83752840277791
            ],
            "on_gpu_ticks": [
              83752847513375,
              83752847522750,
              83752847920166,
              83752836219916
            ],
            "wall_render_completion_increment_ms": 0.10704159736633301
          },
          {
            "frame": 181,
            "off_gpu_ms": null,
            "on_gpu_ms": null,
            "gpu_increment_ms": null,
            "off_gpu_ticks": [
              83752856039125,
              83752856048625,
              83752856461541,
              83752846071416
            ],
            "on_gpu_ticks": [
              83752852513000,
              83752852522916,
              83752852941250,
              83752849659333
            ],
            "wall_render_completion_increment_ms": -0.31704139709472656
          },
          {
            "frame": 182,
            "off_gpu_ms": null,
            "on_gpu_ms": null,
            "gpu_increment_ms": null,
            "off_gpu_ticks": [
              83752861172625,
              83752861183750,
              83752861485958,
              83752857822083
            ],
            "on_gpu_ticks": [
              83752865294916,
              83752865304833,
              83752865725291,
              83752854598916
            ],
            "wall_render_completion_increment_ms": -0.2515838146209717
          },
          {
            "frame": 183,
            "off_gpu_ms": null,
            "on_gpu_ms": null,
            "gpu_increment_ms": null,
            "off_gpu_ticks": [
              83752874239750,
              83752874249541,
              83752874696958,
              83752862819291
            ],
            "on_gpu_ticks": [
              83752870161125,
              83752870170541,
              83752870573208,
              83752867500833
            ],
            "wall_render_completion_increment_ms": 0.07558417320251465
          },
          {
            "frame": 184,
            "off_gpu_ms": null,
            "on_gpu_ms": null,
            "gpu_increment_ms": null,
            "off_gpu_ticks": [
              83752879806833,
              83752879817541,
              83752880126750,
              83752876041875
            ],
            "on_gpu_ticks": [
              83752883768416,
              83752883780333,
              83752886330125,
              83752872250458
            ],
            "wall_render_completion_increment_ms": 1.3562920093536377
          },
          {
            "frame": 185,
            "off_gpu_ms": null,
            "on_gpu_ms": null,
            "gpu_increment_ms": null,
            "off_gpu_ticks": [
              83752893741500,
              83752893941125,
              83752895855750,
              83752881508041
            ],
            "on_gpu_ticks": [
              83752889831125,
              83752889840166,
              83752891757250,
              83752886537750
            ],
            "wall_render_completion_increment_ms": 0.11795902252197266
          },
          {
            "frame": 186,
            "off_gpu_ms": null,
            "on_gpu_ms": null,
            "gpu_increment_ms": null,
            "off_gpu_ticks": [
              83752899093000,
              83752899104583,
              83752899387416,
              83752896119583
            ],
            "on_gpu_ticks": [
              83752902714458,
              83752902724583,
              83752903115458,
              83752892031375
            ],
            "wall_render_completion_increment_ms": -0.07862472534179688
          },
          {
            "frame": 187,
            "off_gpu_ms": null,
            "on_gpu_ms": null,
            "gpu_increment_ms": null,
            "off_gpu_ticks": [
              83752913637125,
              83752913648458,
              83752913938958,
              83752900895958
            ],
            "on_gpu_ticks": [
              83752908137875,
              83752908149541,
              83752908582041,
              83752904861125
            ],
            "wall_render_completion_increment_ms": 2.054126501083374
          },
          {
            "frame": 188,
            "off_gpu_ms": null,
            "on_gpu_ms": null,
            "gpu_increment_ms": null,
            "off_gpu_ticks": [
              83752917990625,
              83752918002333,
              83752918262166,
              83752915358500
            ],
            "on_gpu_ticks": [
              83752921438750,
              83752921447541,
              83752921822208,
              83752910984083
            ],
            "wall_render_completion_increment_ms": 0.5851683616638184
          },
          {
            "frame": 189,
            "off_gpu_ms": null,
            "on_gpu_ms": null,
            "gpu_increment_ms": null,
            "off_gpu_ticks": [
              83752932095000,
              83752932107291,
              83752932421083,
              83752919765750
            ],
            "on_gpu_ticks": [
              83752926542791,
              83752926570708,
              83752927073041,
              83752923617416
            ],
            "wall_render_completion_increment_ms": 1.928832769393921
          },
          {
            "frame": 190,
            "off_gpu_ms": null,
            "on_gpu_ms": null,
            "gpu_increment_ms": null,
            "off_gpu_ticks": [
              83752936505166,
              83752936516875,
              83752936787291,
              83752933879833
            ],
            "on_gpu_ticks": [
              83752940098500,
              83752940108458,
              83752940525750,
              83752929461833
            ],
            "wall_render_completion_increment_ms": 0.14499950408935547
          },
          {
            "frame": 191,
            "off_gpu_ms": null,
            "on_gpu_ms": null,
            "gpu_increment_ms": null,
            "off_gpu_ticks": [
              83752948818000,
              83752948827375,
              83752949202458,
              83752938290041
            ],
            "on_gpu_ticks": [
              83752945164541,
              83752945192500,
              83752945664458,
              83752942301791
            ],
            "wall_render_completion_increment_ms": -0.022042274475097656
          },
          {
            "frame": 192,
            "off_gpu_ms": null,
            "on_gpu_ms": null,
            "gpu_increment_ms": null,
            "off_gpu_ticks": [
              83752954210708,
              83752954221833,
              83752954468458,
              83752950591958
            ],
            "on_gpu_ticks": [
              83752957630458,
              83752957640708,
              83752958498166,
              83752947438958
            ],
            "wall_render_completion_increment_ms": -0.026249170303344727
          },
          {
            "frame": 193,
            "off_gpu_ms": null,
            "on_gpu_ms": null,
            "gpu_increment_ms": null,
            "off_gpu_ticks": [
              83752966522000,
              83752966531833,
              83752968137708,
              83752955993666
            ],
            "on_gpu_ticks": [
              83752962972916,
              83752962983458,
              83752963400750,
              83752959834291
            ],
            "wall_render_completion_increment_ms": -0.10562515258789062
          },
          {
            "frame": 194,
            "off_gpu_ms": null,
            "on_gpu_ms": null,
            "gpu_increment_ms": null,
            "off_gpu_ticks": [
              83752971617000,
              83752971645583,
              83752971962583,
              83752968361500
            ],
            "on_gpu_ticks": [
              83752975269333,
              83752975279458,
              83752975735125,
              83752965248666
            ],
            "wall_render_completion_increment_ms": 0.012958049774169922
          },
          {
            "frame": 195,
            "off_gpu_ms": null,
            "on_gpu_ms": null,
            "gpu_increment_ms": null,
            "off_gpu_ticks": [
              83752983871041,
              83752983881333,
              83752984300208,
              83752973523666
            ],
            "on_gpu_ticks": [
              83752980449333,
              83752980460791,
              83752980879458,
              83752977552791
            ],
            "wall_render_completion_increment_ms": 0.017792701721191406
          },
          {
            "frame": 196,
            "off_gpu_ms": null,
            "on_gpu_ms": null,
            "gpu_increment_ms": null,
            "off_gpu_ticks": [
              83752989079500,
              83752989108250,
              83752989460458,
              83752985724541
            ],
            "on_gpu_ticks": [
              83752992752791,
              83752992763041,
              83752993176125,
              83752982780125
            ],
            "wall_render_completion_increment_ms": -0.05916595458984375
          },
          {
            "frame": 197,
            "off_gpu_ms": null,
            "on_gpu_ms": null,
            "gpu_increment_ms": null,
            "off_gpu_ticks": [
              83753001579500,
              83753001590083,
              83753002038416,
              83752991060500
            ],
            "on_gpu_ticks": [
              83752997664125,
              83752997673416,
              83752998164333,
              83752994955416
            ],
            "wall_render_completion_increment_ms": 0.05924797058105469
          },
          {
            "frame": 198,
            "off_gpu_ms": null,
            "on_gpu_ms": null,
            "gpu_increment_ms": null,
            "off_gpu_ticks": [
              83753006897583,
              83753006910583,
              83753007209041,
              83753003392375
            ],
            "on_gpu_ticks": [
              83753010353083,
              83753010362458,
              83753012314125,
              83753000263416
            ],
            "wall_render_completion_increment_ms": 0.002457857131958008
          },
          {
            "frame": 199,
            "off_gpu_ms": null,
            "on_gpu_ms": null,
            "gpu_increment_ms": null,
            "off_gpu_ticks": [
              83753021343125,
              83753021353083,
              83753021647375,
              83753008851750
            ],
            "on_gpu_ticks": [
              83753015686416,
              83753015699333,
              83753017883041,
              83753012535083
            ],
            "wall_render_completion_increment_ms": 0.4763326644897461
          },
          {
            "frame": 200,
            "off_gpu_ms": null,
            "on_gpu_ms": null,
            "gpu_increment_ms": null,
            "off_gpu_ticks": [
              83753027306125,
              83753027318833,
              83753027625500,
              83753023154833
            ],
            "on_gpu_ticks": [
              83753031292208,
              83753031311208,
              83753031783000,
              83753018126333
            ],
            "wall_render_completion_increment_ms": -0.03274965286254883
          },
          {
            "frame": 201,
            "off_gpu_ms": null,
            "on_gpu_ms": null,
            "gpu_increment_ms": null,
            "off_gpu_ticks": [
              83753041738958,
              83753041752250,
              83753043480833,
              83753029176291
            ],
            "on_gpu_ticks": [
              83753036262541,
              83753036275333,
              83753036730916,
              83753033753791
            ],
            "wall_render_completion_increment_ms": 1.486624002456665
          },
          {
            "frame": 202,
            "off_gpu_ms": null,
            "on_gpu_ms": null,
            "gpu_increment_ms": null,
            "off_gpu_ticks": [
              83753046616166,
              83753046629166,
              83753046924875,
              83753043726458
            ],
            "on_gpu_ticks": [
              83753050114125,
              83753050124000,
              83753050554583,
              83753038706416
            ],
            "wall_render_completion_increment_ms": -0.020167112350463867
          },
          {
            "frame": 203,
            "off_gpu_ms": null,
            "on_gpu_ms": null,
            "gpu_increment_ms": null,
            "off_gpu_ticks": [
              83753060459291,
              83753060472958,
              83753060830500,
              83753048577125
            ],
            "on_gpu_ticks": [
              83753054974625,
              83753054984250,
              83753055442958,
              83753052534541
            ],
            "wall_render_completion_increment_ms": 1.4913325309753418
          },
          {
            "frame": 204,
            "off_gpu_ms": null,
            "on_gpu_ms": null,
            "gpu_increment_ms": null,
            "off_gpu_ticks": [
              83753065046291,
              83753065059541,
              83753065374875,
              83753062436041
            ],
            "on_gpu_ticks": [
              83753068426166,
              83753068436583,
              83753068876333,
              83753057549458
            ],
            "wall_render_completion_increment_ms": -0.04637503623962402
          },
          {
            "frame": 205,
            "off_gpu_ms": null,
            "on_gpu_ms": null,
            "gpu_increment_ms": null,
            "off_gpu_ticks": [
              83753079398250,
              83753079410958,
              83753079766250,
              83753067229291
            ],
            "on_gpu_ticks": [
              83753073938500,
              83753073951750,
              83753074572708,
              83753070845666
            ],
            "wall_render_completion_increment_ms": 1.5967915058135986
          },
          {
            "frame": 206,
            "off_gpu_ms": null,
            "on_gpu_ms": null,
            "gpu_increment_ms": null,
            "off_gpu_ticks": [
              83753084163583,
              83753084177583,
              83753084461750,
              83753081477250
            ],
            "on_gpu_ticks": [
              83753087590750,
              83753087601041,
              83753089790416,
              83753076618333
            ],
            "wall_render_completion_increment_ms": 0.006958961486816406
          },
          {
            "frame": 207,
            "off_gpu_ms": null,
            "on_gpu_ms": null,
            "gpu_increment_ms": null,
            "off_gpu_ticks": [
              83753098348416,
              83753098362291,
              83753098727291,
              83753086111083
            ],
            "on_gpu_ticks": [
              83753092871791,
              83753092884458,
              83753093402125,
              83753090056625
            ],
            "wall_render_completion_increment_ms": -0.020167827606201172
          },
          {
            "frame": 208,
            "off_gpu_ms": null,
            "on_gpu_ms": null,
            "gpu_increment_ms": null,
            "off_gpu_ticks": [
              83753104720833,
              83753104733958,
              83753105025208,
              83753100758625
            ],
            "on_gpu_ticks": [
              83753108239541,
              83753108250500,
              83753108783791,
              83753095307166
            ],
            "wall_render_completion_increment_ms": -0.06891679763793945
          },
          {
            "frame": 209,
            "off_gpu_ms": null,
            "on_gpu_ms": null,
            "gpu_increment_ms": null,
            "off_gpu_ticks": [
              83753118924083,
              83753118953166,
              83753120887291,
              83753106739791
            ],
            "on_gpu_ticks": [
              83753113662416,
              83753113675333,
              83753114122750,
              83753110895000
            ],
            "wall_render_completion_increment_ms": 1.596874713897705
          },
          {
            "frame": 210,
            "off_gpu_ms": null,
            "on_gpu_ms": null,
            "gpu_increment_ms": null,
            "off_gpu_ticks": [
              83753123973875,
              83753123986625,
              83753125073791,
              83753121140583
            ],
            "on_gpu_ticks": [
              83753127500333,
              83753127512041,
              83753128005208,
              83753116264375
            ],
            "wall_render_completion_increment_ms": 1.1561663150787354
          },
          {
            "frame": 211,
            "off_gpu_ms": null,
            "on_gpu_ms": null,
            "gpu_increment_ms": null,
            "off_gpu_ticks": [
              83753139327333,
              83753139340000,
              83753139688000,
              83753126319208
            ],
            "on_gpu_ticks": [
              83753133935416,
              83753133949083,
              83753134443416,
              83753130111750
            ],
            "wall_render_completion_increment_ms": 1.5729179382324219
          },
          {
            "frame": 212,
            "off_gpu_ms": null,
            "on_gpu_ms": null,
            "gpu_increment_ms": null,
            "off_gpu_ticks": [
              83753144249041,
              83753144262958,
              83753144575250,
              83753141515125
            ],
            "on_gpu_ticks": [
              83753147673250,
              83753147684250,
              83753148262833,
              83753136644833
            ],
            "wall_render_completion_increment_ms": 1.4854581356048584
          },
          {
            "frame": 213,
            "off_gpu_ms": null,
            "on_gpu_ms": null,
            "gpu_increment_ms": null,
            "off_gpu_ticks": [
              83753159839958,
              83753159860041,
              83753160225000,
              83753146425208
            ],
            "on_gpu_ticks": [
              83753154469541,
              83753154482500,
              83753157070750,
              83753150518375
            ],
            "wall_render_completion_increment_ms": 1.4755001068115234
          },
          {
            "frame": 214,
            "off_gpu_ms": null,
            "on_gpu_ms": null,
            "gpu_increment_ms": null,
            "off_gpu_ticks": [
              83753164878708,
              83753164894875,
              83753165302791,
              83753162050458
            ],
            "on_gpu_ticks": [
              83753170207833,
              83753170222041,
              83753170702166,
              83753157337458
            ],
            "wall_render_completion_increment_ms": 0.030083656311035156
          },
          {
            "frame": 215,
            "off_gpu_ms": null,
            "on_gpu_ms": null,
            "gpu_increment_ms": null,
            "off_gpu_ticks": [
              83753181980416,
              83753181996458,
              83753182424708,
              83753167369000
            ],
            "on_gpu_ticks": [
              83753176549541,
              83753176563291,
              83753177067583,
              83753172918500
            ],
            "wall_render_completion_increment_ms": 0.017083168029785156
          },
          {
            "frame": 216,
            "off_gpu_ms": null,
            "on_gpu_ms": null,
            "gpu_increment_ms": null,
            "off_gpu_ticks": [
              83753188369750,
              83753188383333,
              83753188688333,
              83753184709875
            ],
            "on_gpu_ticks": [
              83753193995375,
              83753194009375,
              83753194502250,
              83753179273291
            ],
            "wall_render_completion_increment_ms": 0.07354211807250977
          },
          {
            "frame": 217,
            "off_gpu_ms": null,
            "on_gpu_ms": null,
            "gpu_increment_ms": null,
            "off_gpu_ticks": [
              83753205827958,
              83753205841875,
              83753208173541,
              83753190822791
            ],
            "on_gpu_ticks": [
              83753200398583,
              83753200414833,
              83753201010541,
              83753196704208
            ],
            "wall_render_completion_increment_ms": 0.09375
          },
          {
            "frame": 218,
            "off_gpu_ms": null,
            "on_gpu_ms": null,
            "gpu_increment_ms": null,
            "off_gpu_ticks": [
              83753212205041,
              83753212219125,
              83753212570250,
              83753208507916
            ],
            "on_gpu_ticks": [
              83753215631750,
              83753215644208,
              83753216237875,
              83753203351958
            ],
            "wall_render_completion_increment_ms": 1.5444576740264893
          },
          {
            "frame": 219,
            "off_gpu_ms": null,
            "on_gpu_ms": null,
            "gpu_increment_ms": null,
            "off_gpu_ticks": [
              83753227388708,
              83753227402916,
              83753227965416,
              83753214388500
            ],
            "on_gpu_ticks": [
              83753222449791,
              83753222463000,
              83753222991875,
              83753218980000
            ],
            "wall_render_completion_increment_ms": 1.5637500286102295
          },
          {
            "frame": 220,
            "off_gpu_ms": null,
            "on_gpu_ms": null,
            "gpu_increment_ms": null,
            "off_gpu_ticks": [
              83753232415083,
              83753232427916,
              83753232926833,
              83753229906208
            ],
            "on_gpu_ticks": [
              83753236397625,
              83753236412541,
              83753239070458,
              83753225725666
            ],
            "wall_render_completion_increment_ms": 1.457458257675171
          },
          {
            "frame": 221,
            "off_gpu_ms": null,
            "on_gpu_ms": null,
            "gpu_increment_ms": null,
            "off_gpu_ticks": [
              83753248611083,
              83753248624041,
              83753249212041,
              83753235114000
            ],
            "on_gpu_ticks": [
              83753243150166,
              83753243167041,
              83753246152833,
              83753239357833
            ],
            "wall_render_completion_increment_ms": 0.1847081184387207
          },
          {
            "frame": 222,
            "off_gpu_ms": null,
            "on_gpu_ms": null,
            "gpu_increment_ms": null,
            "off_gpu_ticks": [
              83753255160291,
              83753255174166,
              83753255517083,
              83753252190250
            ],
            "on_gpu_ticks": [
              83753259103500,
              83753259117833,
              83753259711791,
              83753246491125
            ],
            "wall_render_completion_increment_ms": 1.470250129699707
          },
          {
            "frame": 223,
            "off_gpu_ms": null,
            "on_gpu_ms": null,
            "gpu_increment_ms": null,
            "off_gpu_ticks": [
              83753271634500,
              83753271651208,
              83753272064750,
              83753257623875
            ],
            "on_gpu_ticks": [
              83753265721791,
              83753265735416,
              83753266366083,
              83753263416375
            ],
            "wall_render_completion_increment_ms": 0.5958747863769531
          },
          {
            "frame": 224,
            "off_gpu_ms": null,
            "on_gpu_ms": null,
            "gpu_increment_ms": null,
            "off_gpu_ticks": [
              83753277198458,
              83753277225083,
              83753279472250,
              83753274075833
            ],
            "on_gpu_ticks": [
              83753283205875,
              83753283229208,
              83753285484375,
              83753269067416
            ],
            "wall_render_completion_increment_ms": 1.6485834121704102
          },
          {
            "frame": 225,
            "off_gpu_ms": null,
            "on_gpu_ms": null,
            "gpu_increment_ms": null,
            "off_gpu_ticks": [
              83753297871375,
              83753297887791,
              83753300336333,
              83753280798625
            ],
            "on_gpu_ticks": [
              83753291196000,
              83753291211958,
              83753291831500,
              83753287336708
            ],
            "wall_render_completion_increment_ms": 3.1147079467773438
          },
          {
            "frame": 226,
            "off_gpu_ms": null,
            "on_gpu_ms": null,
            "gpu_increment_ms": null,
            "off_gpu_ticks": [
              83753302797541,
              83753302811583,
              83753303564333,
              83753300670500
            ],
            "on_gpu_ticks": [
              83753308824166,
              83753308840291,
              83753309426416,
              83753295470583
            ],
            "wall_render_completion_increment_ms": 1.5966248512268066
          },
          {
            "frame": 227,
            "off_gpu_ms": null,
            "on_gpu_ms": null,
            "gpu_increment_ms": null,
            "off_gpu_ticks": [
              83753323563291,
              83753323583291,
              83753324120833,
              83753305770083
            ],
            "on_gpu_ticks": [
              83753316759708,
              83753316776333,
              83753317386125,
              83753313156875
            ],
            "wall_render_completion_increment_ms": 1.2634177207946777
          },
          {
            "frame": 228,
            "off_gpu_ms": null,
            "on_gpu_ms": null,
            "gpu_increment_ms": null,
            "off_gpu_ticks": [
              83753329772208,
              83753329786750,
              83753330332666,
              83753326596291
            ],
            "on_gpu_ticks": [
              83753335576750,
              83753335599958,
              83753339541416,
              83753320973958
            ],
            "wall_render_completion_increment_ms": 1.3695001602172852
          },
          {
            "frame": 229,
            "off_gpu_ms": null,
            "on_gpu_ms": null,
            "gpu_increment_ms": null,
            "off_gpu_ticks": [
              83753350759416,
              83753350780791,
              83753351264791,
              83753332888750
            ],
            "on_gpu_ticks": [
              83753343595291,
              83753343613541,
              83753345739875,
              83753339981916
            ],
            "wall_render_completion_increment_ms": -0.1369166374206543
          },
          {
            "frame": 230,
            "off_gpu_ms": null,
            "on_gpu_ms": null,
            "gpu_increment_ms": null,
            "off_gpu_ticks": [
              83753358735250,
              83753358756166,
              83753359357166,
              83753354689291
            ],
            "on_gpu_ticks": [
              83753365373000,
              83753365389166,
              83753366139625,
              83753347887500
            ],
            "wall_render_completion_increment_ms": -0.1711258888244629
          },
          {
            "frame": 231,
            "off_gpu_ms": null,
            "on_gpu_ms": null,
            "gpu_increment_ms": null,
            "off_gpu_ticks": [
              83753380415708,
              83753380430250,
              83753381029125,
              83753362871458
            ],
            "on_gpu_ticks": [
              83753373322541,
              83753373338958,
              83753374217000,
              83753370505666
            ],
            "wall_render_completion_increment_ms": 1.5247502326965332
          },
          {
            "frame": 232,
            "off_gpu_ms": null,
            "on_gpu_ms": null,
            "gpu_increment_ms": null,
            "off_gpu_ticks": [
              83753386769208,
              83753386784083,
              83753387403791,
              83753383745000
            ],
            "on_gpu_ticks": [
              83753392663916,
              83753392684583,
              83753393458000,
              83753378013875
            ],
            "wall_render_completion_increment_ms": 1.6084985733032227
          },
          {
            "frame": 233,
            "off_gpu_ms": null,
            "on_gpu_ms": null,
            "gpu_increment_ms": null,
            "off_gpu_ticks": [
              83753407120583,
              83753407137333,
              83753407791416,
              83753389631000
            ],
            "on_gpu_ticks": [
              83753400695416,
              83753400715958,
              83753404126000,
              83753397481958
            ],
            "wall_render_completion_increment_ms": -0.24591588973999023
          },
          {
            "frame": 234,
            "off_gpu_ms": null,
            "on_gpu_ms": null,
            "gpu_increment_ms": null,
            "off_gpu_ticks": [
              83753415582083,
              83753415603000,
              83753418694333,
              83753411745791
            ],
            "on_gpu_ticks": [
              83753422149166,
              83753422166041,
              83753422787208,
              83753405540500
            ],
            "wall_render_completion_increment_ms": 0.42395782470703125
          },
          {
            "frame": 235,
            "off_gpu_ms": null,
            "on_gpu_ms": null,
            "gpu_increment_ms": null,
            "off_gpu_ticks": [
              83753436630041,
              83753436974250,
              83753437640791,
              83753419129208
            ],
            "on_gpu_ticks": [
              83753430158291,
              83753430175041,
              83753433820750,
              83753426424583
            ],
            "wall_render_completion_increment_ms": 1.598459243774414
          },
          {
            "frame": 236,
            "off_gpu_ms": null,
            "on_gpu_ms": null,
            "gpu_increment_ms": null,
            "off_gpu_ticks": [
              83753443484000,
              83753443500333,
              83753444004791,
              83753440081333
            ],
            "on_gpu_ticks": [
              83753448513375,
              83753448529291,
              83753449283458,
              83753434240125
            ],
            "wall_render_completion_increment_ms": -0.01745891571044922
          },
          {
            "frame": 237,
            "off_gpu_ms": null,
            "on_gpu_ms": null,
            "gpu_increment_ms": null,
            "off_gpu_ticks": [
              83753460365333,
              83753460378958,
              83753460921666,
              83753446201125
            ],
            "on_gpu_ticks": [
              83753454971750,
              83753454987583,
              83753455594041,
              83753452042250
            ],
            "wall_render_completion_increment_ms": 1.6408765316009521
          },
          {
            "frame": 238,
            "off_gpu_ms": null,
            "on_gpu_ms": null,
            "gpu_increment_ms": null,
            "off_gpu_ticks": [
              83753465649250,
              83753465665416,
              83753466097166,
              83753463097875
            ],
            "on_gpu_ticks": [
              83753470998333,
              83753471014416,
              83753471573375,
              83753458334125
            ],
            "wall_render_completion_increment_ms": -0.008792400360107422
          },
          {
            "frame": 239,
            "off_gpu_ms": null,
            "on_gpu_ms": null,
            "gpu_increment_ms": null,
            "off_gpu_ticks": [
              83753482568333,
              83753482585166,
              83753483013250,
              83753468369083
            ],
            "on_gpu_ticks": [
              83753477319166,
              83753477334958,
              83753477938791,
              83753473993750
            ],
            "wall_render_completion_increment_ms": 0.013833045959472656
          },
          {
            "frame": 240,
            "off_gpu_ms": null,
            "on_gpu_ms": null,
            "gpu_increment_ms": null,
            "off_gpu_ticks": [
              83753488669208,
              83753488683250,
              83753489037416,
              83753485297625
            ],
            "on_gpu_ticks": [
              83753492674750,
              83753492689291,
              83753493278625,
              83753480359250
            ],
            "wall_render_completion_increment_ms": 1.5607504844665527
          },
          {
            "frame": 241,
            "off_gpu_ms": null,
            "on_gpu_ms": null,
            "gpu_increment_ms": null,
            "off_gpu_ticks": [
              83753505048583,
              83753505062541,
              83753505402958,
              83753491178416
            ],
            "on_gpu_ticks": [
              83753499360833,
              83753499389000,
              83753500017500,
              83753495547083
            ],
            "wall_render_completion_increment_ms": -0.14245843887329102
          },
          {
            "frame": 242,
            "off_gpu_ms": null,
            "on_gpu_ms": null,
            "gpu_increment_ms": null,
            "off_gpu_ticks": [
              83753511461333,
              83753511475041,
              83753513393041,
              83753507485000
            ],
            "on_gpu_ticks": [
              83753514937583,
              83753514949416,
              83753517684375,
              83753502499125
            ],
            "wall_render_completion_increment_ms": 1.5217502117156982
          },
          {
            "frame": 243,
            "off_gpu_ms": null,
            "on_gpu_ms": null,
            "gpu_increment_ms": null,
            "off_gpu_ticks": [
              83753527154416,
              83753527168291,
              83753527529375,
              83753513672083
            ],
            "on_gpu_ticks": [
              83753521850125,
              83753521863791,
              83753524551875,
              83753517954500
            ],
            "wall_render_completion_increment_ms": 1.5574166774749756
          },
          {
            "frame": 244,
            "off_gpu_ms": null,
            "on_gpu_ms": null,
            "gpu_increment_ms": null,
            "off_gpu_ticks": [
              83753532038375,
              83753532055083,
              83753532494125,
              83753529359708
            ],
            "on_gpu_ticks": [
              83753537524958,
              83753537538416,
              83753538024666,
              83753524886208
            ],
            "wall_render_completion_increment_ms": -0.009125709533691406
          },
          {
            "frame": 245,
            "off_gpu_ms": null,
            "on_gpu_ms": null,
            "gpu_increment_ms": null,
            "off_gpu_ticks": [
              83753549208166,
              83753549222000,
              83753549528166,
              83753534543875
            ],
            "on_gpu_ticks": [
              83753543773833,
              83753543787833,
              83753544274791,
              83753540369666
            ],
            "wall_render_completion_increment_ms": 0.3729996681213379
          },
          {
            "frame": 246,
            "off_gpu_ms": null,
            "on_gpu_ms": null,
            "gpu_increment_ms": null,
            "off_gpu_ticks": [
              83753554810375,
              83753554824041,
              83753555191666,
              83753551391916
            ],
            "on_gpu_ticks": [
              83753558576041,
              83753558587208,
              83753559583875,
              83753546471541
            ],
            "wall_render_completion_increment_ms": 0.18541598320007324
          },
          {
            "frame": 247,
            "off_gpu_ms": null,
            "on_gpu_ms": null,
            "gpu_increment_ms": null,
            "off_gpu_ticks": [
              83753569524166,
              83753569538291,
              83753569991708,
              83753557153250
            ],
            "on_gpu_ticks": [
              83753564027250,
              83753564040791,
              83753564610041,
              83753561389375
            ],
            "wall_render_completion_increment_ms": 0.35091686248779297
          },
          {
            "frame": 248,
            "off_gpu_ms": null,
            "on_gpu_ms": null,
            "gpu_increment_ms": null,
            "off_gpu_ticks": [
              83753575498666,
              83753575513041,
              83753575850375,
              83753571723791
            ],
            "on_gpu_ticks": [
              83753578953708,
              83753578964958,
              83753579439916,
              83753566928500
            ],
            "wall_render_completion_increment_ms": 0.013959169387817383
          },
          {
            "frame": 249,
            "off_gpu_ms": null,
            "on_gpu_ms": null,
            "gpu_increment_ms": null,
            "off_gpu_ticks": [
              83753589192208,
              83753589203166,
              83753589656541,
              83753577711458
            ],
            "on_gpu_ticks": [
              83753584214500,
              83753584228666,
              83753586648916,
              83753581761166
            ],
            "wall_render_completion_increment_ms": 1.503582239151001
          },
          {
            "frame": 250,
            "off_gpu_ms": null,
            "on_gpu_ms": null,
            "gpu_increment_ms": null,
            "off_gpu_ticks": [
              83753594322958,
              83753594343500,
              83753596232958,
              83753591669666
            ],
            "on_gpu_ticks": [
              83753597654291,
              83753597665083,
              83753600286250,
              83753586920541
            ],
            "wall_render_completion_increment_ms": 1.7543749809265137
          },
          {
            "frame": 251,
            "off_gpu_ms": null,
            "on_gpu_ms": null,
            "gpu_increment_ms": null,
            "off_gpu_ticks": [
              83753609634791,
              83753609648625,
              83753609938625,
              83753596526750
            ],
            "on_gpu_ticks": [
              83753604437083,
              83753604451000,
              83753604949708,
              83753600663041
            ],
            "wall_render_completion_increment_ms": 1.5497913360595703
          },
          {
            "frame": 252,
            "off_gpu_ms": null,
            "on_gpu_ms": null,
            "gpu_increment_ms": null,
            "off_gpu_ticks": [
              83753614595625,
              83753614611875,
              83753615021625,
              83753611825416
            ],
            "on_gpu_ticks": [
              83753619924750,
              83753619938916,
              83753620420500,
              83753607386500
            ],
            "wall_render_completion_increment_ms": -0.6728334426879883
          },
          {
            "frame": 253,
            "off_gpu_ms": null,
            "on_gpu_ms": null,
            "gpu_increment_ms": null,
            "off_gpu_ticks": [
              83753630804625,
              83753630832875,
              83753631178041,
              83753617095250
            ],
            "on_gpu_ticks": [
              83753625605833,
              83753625652250,
              83753626312000,
              83753622624291
            ],
            "wall_render_completion_increment_ms": 1.5763335227966309
          },
          {
            "frame": 254,
            "off_gpu_ms": null,
            "on_gpu_ms": null,
            "gpu_increment_ms": null,
            "off_gpu_ticks": [
              83753635613875,
              83753635634083,
              83753636019458,
              83753633342625
            ],
            "on_gpu_ticks": [
              83753639149666,
              83753639161791,
              83753639676041,
              83753628509333
            ],
            "wall_render_completion_increment_ms": 1.5514180660247803
          },
          {
            "frame": 255,
            "off_gpu_ms": null,
            "on_gpu_ms": null,
            "gpu_increment_ms": null,
            "off_gpu_ticks": [
              83753651301333,
              83753651315333,
              83753651620083,
              83753637840333
            ],
            "on_gpu_ticks": [
              83753645730875,
              83753645760000,
              83753646299625,
              83753642143583
            ],
            "wall_render_completion_increment_ms": 1.5558760166168213
          },
          {
            "frame": 256,
            "off_gpu_ms": null,
            "on_gpu_ms": null,
            "gpu_increment_ms": null,
            "off_gpu_ticks": [
              83753655598416,
              83753655609166,
              83753656036250,
              83753653484416
            ],
            "on_gpu_ticks": [
              83753659557750,
              83753659569166,
              83753662010458,
              83753648654208
            ],
            "wall_render_completion_increment_ms": 0.0922091007232666
          },
          {
            "frame": 257,
            "off_gpu_ms": null,
            "on_gpu_ms": null,
            "gpu_increment_ms": null,
            "off_gpu_ticks": [
              83753670316000,
              83753670330041,
              83753670618958,
              83753658075625
            ],
            "on_gpu_ticks": [
              83753664957000,
              83753664972958,
              83753667601416,
              83753662284000
            ],
            "wall_render_completion_increment_ms": 1.5844171047210693
          },
          {
            "frame": 258,
            "off_gpu_ms": null,
            "on_gpu_ms": null,
            "gpu_increment_ms": null,
            "off_gpu_ticks": [
              83753675055416,
              83753675068625,
              83753676957416,
              83753672492666
            ],
            "on_gpu_ticks": [
              83753678508125,
              83753678520291,
              83753679000125,
              83753667870875
            ],
            "wall_render_completion_increment_ms": 0.009500265121459961
          },
          {
            "frame": 259,
            "off_gpu_ms": null,
            "on_gpu_ms": null,
            "gpu_increment_ms": null,
            "off_gpu_ticks": [
              83753688699458,
              83753688711166,
              83753689166541,
              83753677249291
            ],
            "on_gpu_ticks": [
              83753683694625,
              83753683708458,
              83753684200500,
              83753681205083
            ],
            "wall_render_completion_increment_ms": 1.5104997158050537
          },
          {
            "frame": 260,
            "off_gpu_ms": null,
            "on_gpu_ms": null,
            "gpu_increment_ms": null,
            "off_gpu_ticks": [
              83753693453291,
              83753693464875,
              83753693972750,
              83753691189125
            ],
            "on_gpu_ticks": [
              83753697386458,
              83753697397958,
              83753697880708,
              83753686412791
            ],
            "wall_render_completion_increment_ms": 1.1555845737457275
          },
          {
            "frame": 261,
            "off_gpu_ms": null,
            "on_gpu_ms": null,
            "gpu_increment_ms": null,
            "off_gpu_ticks": [
              83753708952666,
              83753708966875,
              83753709303541,
              83753695652875
            ],
            "on_gpu_ticks": [
              83753703503166,
              83753703530250,
              83753704077083,
              83753700356625
            ],
            "wall_render_completion_increment_ms": 1.3820819854736328
          },
          {
            "frame": 262,
            "off_gpu_ms": null,
            "on_gpu_ms": null,
            "gpu_increment_ms": null,
            "off_gpu_ticks": [
              83753713558791,
              83753713586750,
              83753714014041,
              83753711111750
            ],
            "on_gpu_ticks": [
              83753717226500,
              83753717237708,
              83753717727708,
              83753706306833
            ],
            "wall_render_completion_increment_ms": 0.10825014114379883
          },
          {
            "frame": 263,
            "off_gpu_ms": null,
            "on_gpu_ms": null,
            "gpu_increment_ms": null,
            "off_gpu_ticks": [
              83753727949333,
              83753727962750,
              83753728319208,
              83753716092541
            ],
            "on_gpu_ticks": [
              83753722134583,
              83753722145833,
              83753722660708,
              83753719922000
            ],
            "wall_render_completion_increment_ms": 1.5796239376068115
          },
          {
            "frame": 264,
            "off_gpu_ms": null,
            "on_gpu_ms": null,
            "gpu_increment_ms": null,
            "off_gpu_ticks": [
              83753732680166,
              83753732691791,
              83753733171083,
              83753730117833
            ],
            "on_gpu_ticks": [
              83753736598208,
              83753736609666,
              83753739091875,
              83753725125000
            ],
            "wall_render_completion_increment_ms": -0.11845803260803223
          },
          {
            "frame": 265,
            "off_gpu_ms": null,
            "on_gpu_ms": null,
            "gpu_increment_ms": null,
            "off_gpu_ticks": [
              83753747148791,
              83753747160458,
              83753747829208,
              83753734860750
            ],
            "on_gpu_ticks": [
              83753741999291,
              83753742012708,
              83753743060125,
              83753739377916
            ],
            "wall_render_completion_increment_ms": 1.3965835571289062
          },
          {
            "frame": 266,
            "off_gpu_ms": null,
            "on_gpu_ms": null,
            "gpu_increment_ms": null,
            "off_gpu_ticks": [
              83753752287500,
              83753752298750,
              83753752905416,
              83753749829083
            ],
            "on_gpu_ticks": [
              83753756328000,
              83753756341416,
              83753757323833,
              83753745410625
            ],
            "wall_render_completion_increment_ms": 1.5286259651184082
          },
          {
            "frame": 267,
            "off_gpu_ms": null,
            "on_gpu_ms": null,
            "gpu_increment_ms": null,
            "off_gpu_ticks": [
              83753768826958,
              83753768838500,
              83753771473583,
              83753754559208
            ],
            "on_gpu_ticks": [
              83753762925750,
              83753762937708,
              83753763515416,
              83753759269166
            ],
            "wall_render_completion_increment_ms": 0.11441707611083984
          },
          {
            "frame": 268,
            "off_gpu_ms": null,
            "on_gpu_ms": null,
            "gpu_increment_ms": null,
            "off_gpu_ticks": [
              83753775212333,
              83753775226083,
              83753775545291,
              83753771806333
            ],
            "on_gpu_ticks": [
              83753780229875,
              83753780242291,
              83753780738208,
              83753765897708
            ],
            "wall_render_completion_increment_ms": 0.02408313751220703
          },
          {
            "frame": 269,
            "off_gpu_ms": null,
            "on_gpu_ms": null,
            "gpu_increment_ms": null,
            "off_gpu_ticks": [
              83753790559541,
              83753790573416,
              83753791146791,
              83753778137833
            ],
            "on_gpu_ticks": [
              83753786561875,
              83753786574208,
              83753787102291,
              83753783309541
            ],
            "wall_render_completion_increment_ms": -0.06366610527038574
          },
          {
            "frame": 270,
            "off_gpu_ms": null,
            "on_gpu_ms": null,
            "gpu_increment_ms": null,
            "off_gpu_ticks": [
              83753795531208,
              83753795543375,
              83753796013583,
              83753793081750
            ],
            "on_gpu_ticks": [
              83753799471625,
              83753799484125,
              83753800090166,
              83753789379041
            ],
            "wall_render_completion_increment_ms": 1.5690007209777832
          },
          {
            "frame": 271,
            "off_gpu_ms": null,
            "on_gpu_ms": null,
            "gpu_increment_ms": null,
            "off_gpu_ticks": [
              83753811536458,
              83753811548416,
              83753812157083,
              83753797782583
            ],
            "on_gpu_ticks": [
              83753805922291,
              83753805934791,
              83753808952458,
              83753803157791
            ],
            "wall_render_completion_increment_ms": 1.6277918815612793
          },
          {
            "frame": 272,
            "off_gpu_ms": null,
            "on_gpu_ms": null,
            "gpu_increment_ms": null,
            "off_gpu_ticks": [
              83753816781833,
              83753816795083,
              83753817127958,
              83753813868083
            ],
            "on_gpu_ticks": [
              83753821957833,
              83753821970333,
              83753823073708,
              83753809280375
            ],
            "wall_render_completion_increment_ms": 0.09337520599365234
          },
          {
            "frame": 273,
            "off_gpu_ms": null,
            "on_gpu_ms": null,
            "gpu_increment_ms": null,
            "off_gpu_ticks": [
              83753834348333,
              83753834363125,
              83753834740375,
              83753819697541
            ],
            "on_gpu_ticks": [
              83753828451583,
              83753828463958,
              83753829041583,
              83753825068125
            ],
            "wall_render_completion_increment_ms": 0.02916717529296875
          },
          {
            "frame": 274,
            "off_gpu_ms": null,
            "on_gpu_ms": null,
            "gpu_increment_ms": null,
            "off_gpu_ticks": [
              83753840624333,
              83753840651916,
              83753841066291,
              83753837504416
            ],
            "on_gpu_ticks": [
              83753844326250,
              83753844338125,
              83753844844791,
              83753831284500
            ],
            "wall_render_completion_increment_ms": 0.06329083442687988
          },
          {
            "frame": 275,
            "off_gpu_ms": null,
            "on_gpu_ms": null,
            "gpu_increment_ms": null,
            "off_gpu_ticks": [
              83753854858250,
              83753854870916,
              83753856867000,
              83753843029416
            ],
            "on_gpu_ticks": [
              83753849723250,
              83753849739916,
              83753850246791,
              83753847085208
            ],
            "wall_render_completion_increment_ms": 1.3733751773834229
          },
          {
            "frame": 276,
            "off_gpu_ms": null,
            "on_gpu_ms": null,
            "gpu_increment_ms": null,
            "off_gpu_ticks": [
              83753860118791,
              83753860138208,
              83753862075958,
              83753857254875
            ],
            "on_gpu_ticks": [
              83753865820541,
              83753865837625,
              83753866415458,
              83753853193958
            ],
            "wall_render_completion_increment_ms": 0.305666446685791
          },
          {
            "frame": 277,
            "off_gpu_ms": null,
            "on_gpu_ms": null,
            "gpu_increment_ms": null,
            "off_gpu_ticks": [
              83753877590458,
              83753877807041,
              83753878349958,
              83753863043500
            ],
            "on_gpu_ticks": [
              83753872036666,
              83753872049000,
              83753872853708,
              83753869386875
            ],
            "wall_render_completion_increment_ms": 1.6614160537719727
          },
          {
            "frame": 278,
            "off_gpu_ms": null,
            "on_gpu_ms": null,
            "gpu_increment_ms": null,
            "off_gpu_ticks": [
              83753883062125,
              83753883089166,
              83753885315833,
              83753880051625
            ],
            "on_gpu_ticks": [
              83753888296041,
              83753888307166,
              83753891051875,
              83753875197083
            ],
            "wall_render_completion_increment_ms": 0.16454172134399414
          },
          {
            "frame": 279,
            "off_gpu_ms": null,
            "on_gpu_ms": null,
            "gpu_increment_ms": null,
            "off_gpu_ticks": [
              83753900743916,
              83753900757958,
              83753901126041,
              83753885953916
            ],
            "on_gpu_ticks": [
              83753894833583,
              83753894848708,
              83753897359625,
              83753891374291
            ],
            "wall_render_completion_increment_ms": -0.03908395767211914
          },
          {
            "frame": 280,
            "off_gpu_ms": null,
            "on_gpu_ms": null,
            "gpu_increment_ms": null,
            "off_gpu_ticks": [
              83753907255791,
              83753907272833,
              83753907605750,
              83753903761958
            ],
            "on_gpu_ticks": [
              83753912648666,
              83753912662333,
              83753913157958,
              83753897651875
            ],
            "wall_render_completion_increment_ms": 0.004583835601806641
          },
          {
            "frame": 281,
            "off_gpu_ms": null,
            "on_gpu_ms": null,
            "gpu_increment_ms": null,
            "off_gpu_ticks": [
              83753923871041,
              83753923884583,
              83753924454041,
              83753909990291
            ],
            "on_gpu_ticks": [
              83753919099291,
              83753919112666,
              83753919624250,
              83753915557125
            ],
            "wall_render_completion_increment_ms": 1.101247787475586
          },
          {
            "frame": 282,
            "off_gpu_ms": null,
            "on_gpu_ms": null,
            "gpu_increment_ms": null,
            "off_gpu_ticks": [
              83753928921583,
              83753928949500,
              83753929285458,
              83753926589833
            ],
            "on_gpu_ticks": [
              83753932634916,
              83753932648375,
              83753933226000,
              83753921828125
            ],
            "wall_render_completion_increment_ms": 1.5772502422332764
          },
          {
            "frame": 283,
            "off_gpu_ms": null,
            "on_gpu_ms": null,
            "gpu_increment_ms": null,
            "off_gpu_ticks": [
              83753944424125,
              83753944436000,
              83753946302500,
              83753931195458
            ],
            "on_gpu_ticks": [
              83753939286750,
              83753939314875,
              83753939985041,
              83753936136625
            ],
            "wall_render_completion_increment_ms": 1.5504577159881592
          },
          {
            "frame": 284,
            "off_gpu_ms": null,
            "on_gpu_ms": null,
            "gpu_increment_ms": null,
            "off_gpu_ticks": [
              83753949739875,
              83753949755750,
              83753950178291,
              83753946634541
            ],
            "on_gpu_ticks": [
              83753955180333,
              83753955194083,
              83753955698583,
              83753942738333
            ],
            "wall_render_completion_increment_ms": 0.07258415222167969
          },
          {
            "frame": 285,
            "off_gpu_ms": null,
            "on_gpu_ms": null,
            "gpu_increment_ms": null,
            "off_gpu_ticks": [
              83753967043541,
              83753967060916,
              83753967477250,
              83753952489000
            ],
            "on_gpu_ticks": [
              83753961170416,
              83753961184541,
              83753961801666,
              83753958506875
            ],
            "wall_render_completion_increment_ms": 0.005167484283447266
          },
          {
            "frame": 286,
            "off_gpu_ms": null,
            "on_gpu_ms": null,
            "gpu_increment_ms": null,
            "off_gpu_ticks": [
              83753973581791,
              83753973598083,
              83753974020708,
              83753969776625
            ],
            "on_gpu_ticks": [
              83753978749458,
              83753978764041,
              83753981617166,
              83753964014333
            ],
            "wall_render_completion_increment_ms": -0.056458473205566406
          },
          {
            "frame": 287,
            "off_gpu_ms": null,
            "on_gpu_ms": null,
            "gpu_increment_ms": null,
            "off_gpu_ticks": [
              83753990463583,
              83753990478541,
              83753992043125,
              83753976278583
            ],
            "on_gpu_ticks": [
              83753985289875,
              83753985306125,
              83753985920708,
              83753981937083
            ],
            "wall_render_completion_increment_ms": -0.0989990234375
          },
          {
            "frame": 288,
            "off_gpu_ms": null,
            "on_gpu_ms": null,
            "gpu_increment_ms": null,
            "off_gpu_ticks": [
              83753997362708,
              83753997379333,
              83753997837875,
              83753993368083
            ],
            "on_gpu_ticks": [
              83754002609541,
              83754002638833,
              83754003263958,
              83753988661791
            ],
            "wall_render_completion_increment_ms": -0.023708820343017578
          },
          {
            "frame": 289,
            "off_gpu_ms": null,
            "on_gpu_ms": null,
            "gpu_increment_ms": null,
            "off_gpu_ticks": [
              83754014088291,
              83754014102083,
              83754014729541,
              83754000548750
            ],
            "on_gpu_ticks": [
              83754009104458,
              83754009120666,
              83754009727000,
              83754006005291
            ],
            "wall_render_completion_increment_ms": 0.008666038513183594
          },
          {
            "frame": 290,
            "off_gpu_ms": null,
            "on_gpu_ms": null,
            "gpu_increment_ms": null,
            "off_gpu_ticks": [
              83754020811250,
              83754020827750,
              83754021234416,
              83754017286375
            ],
            "on_gpu_ticks": [
              83754026139708,
              83754026154291,
              83754026741375,
              83754012476458
            ],
            "wall_render_completion_increment_ms": 0.34162425994873047
          },
          {
            "frame": 291,
            "off_gpu_ms": null,
            "on_gpu_ms": null,
            "gpu_increment_ms": null,
            "off_gpu_ticks": [
              83754037917250,
              83754037931625,
              83754040471208,
              83754023668791
            ],
            "on_gpu_ticks": [
              83754032872166,
              83754032892916,
              83754033657666,
              83754029495166
            ],
            "wall_render_completion_increment_ms": -0.015084266662597656
          },
          {
            "frame": 292,
            "off_gpu_ms": null,
            "on_gpu_ms": null,
            "gpu_increment_ms": null,
            "off_gpu_ticks": [
              83754044575916,
              83754044605000,
              83754045856166,
              83754040967458
            ],
            "on_gpu_ticks": [
              83754049724791,
              83754049745458,
              83754051359041,
              83754036672708
            ],
            "wall_render_completion_increment_ms": 1.4522504806518555
          },
          {
            "frame": 293,
            "off_gpu_ms": null,
            "on_gpu_ms": null,
            "gpu_increment_ms": null,
            "off_gpu_ticks": [
              83754064218458,
              83754064234625,
              83754064739083,
              83754047327125
            ],
            "on_gpu_ticks": [
              83754057267375,
              83754057287666,
              83754061477791,
              83754053769500
            ],
            "wall_render_completion_increment_ms": 1.5297942161560059
          },
          {
            "frame": 294,
            "off_gpu_ms": null,
            "on_gpu_ms": null,
            "gpu_increment_ms": null,
            "off_gpu_ticks": [
              83754070530416,
              83754070550833,
              83754071062958,
              83754067695000
            ],
            "on_gpu_ticks": [
              83754075281833,
              83754075298333,
              83754076073583,
              83754061875291
            ],
            "wall_render_completion_increment_ms": 1.6442923545837402
          },
          {
            "frame": 295,
            "off_gpu_ms": null,
            "on_gpu_ms": null,
            "gpu_increment_ms": null,
            "off_gpu_ticks": [
              83754090234458,
              83754090262208,
              83754092849375,
              83754073605458
            ],
            "on_gpu_ticks": [
              83754083231083,
              83754083260000,
              83754084014375,
              83754079647375
            ],
            "wall_render_completion_increment_ms": 0.43449831008911133
          },
          {
            "frame": 296,
            "off_gpu_ms": null,
            "on_gpu_ms": null,
            "gpu_increment_ms": null,
            "off_gpu_ticks": [
              83754097662875,
              83754097690958,
              83754098475500,
              83754094293833
            ],
            "on_gpu_ticks": [
              83754104558208,
              83754104586500,
              83754105355833,
              83754087600916
            ],
            "wall_render_completion_increment_ms": 1.5533323287963867
          },
          {
            "frame": 297,
            "off_gpu_ms": null,
            "on_gpu_ms": null,
            "gpu_increment_ms": null,
            "off_gpu_ticks": [
              83754124312625,
              83754124339541,
              83754125535083,
              83754102167958
            ],
            "on_gpu_ticks": [
              83754114171416,
              83754114199250,
              83754115311125,
              83754110474708
            ],
            "wall_render_completion_increment_ms": 3.058959484100342
          },
          {
            "frame": 298,
            "off_gpu_ms": null,
            "on_gpu_ms": null,
            "gpu_increment_ms": null,
            "off_gpu_ticks": [
              83754132260375,
              83754132288583,
              83754132945458,
              83754128400083
            ],
            "on_gpu_ticks": [
              83754138918500,
              83754138936500,
              83754139770625,
              83754121608750
            ],
            "wall_render_completion_increment_ms": 0.015874385833740234
          },
          {
            "frame": 299,
            "off_gpu_ms": null,
            "on_gpu_ms": null,
            "gpu_increment_ms": null,
            "off_gpu_ticks": [
              83754153832000,
              83754153849458,
              83754154658208,
              83754137134583
            ],
            "on_gpu_ticks": [
              83754147249833,
              83754147277208,
              83754148129250,
              83754143567875
            ],
            "wall_render_completion_increment_ms": 1.5957489013671875
          },
          {
            "frame": 300,
            "off_gpu_ms": null,
            "on_gpu_ms": null,
            "gpu_increment_ms": null,
            "off_gpu_ticks": [
              83754160590083,
              83754160609375,
              83754163647625,
              83754157479166
            ],
            "on_gpu_ticks": [
              83754167735375,
              83754167755708,
              83754171392625,
              83754152180208
            ],
            "wall_render_completion_increment_ms": 0.13808298110961914
          },
          {
            "frame": 301,
            "off_gpu_ms": null,
            "on_gpu_ms": null,
            "gpu_increment_ms": null,
            "off_gpu_ticks": [
              83754182663125,
              83754182683791,
              83754183253875,
              83754164622583
            ],
            "on_gpu_ticks": [
              83754175517916,
              83754175714250,
              83754179283541,
              83754171720875
            ],
            "wall_render_completion_increment_ms": 1.3312501907348633
          },
          {
            "frame": 302,
            "off_gpu_ms": null,
            "on_gpu_ms": null,
            "gpu_increment_ms": null,
            "off_gpu_ticks": [
              83754188760958,
              83754188776208,
              83754189272666,
              83754186168791
            ],
            "on_gpu_ticks": [
              83754194314208,
              83754194332250,
              83754194942583,
              83754180304916
            ],
            "wall_render_completion_increment_ms": 0.08104133605957031
          },
          {
            "frame": 303,
            "off_gpu_ms": null,
            "on_gpu_ms": null,
            "gpu_increment_ms": null,
            "off_gpu_ticks": [
              83754206214583,
              83754206228250,
              83754206734833,
              83754192961000
            ],
            "on_gpu_ticks": [
              83754201199916,
              83754201407750,
              83754201984541,
              83754197849708
            ],
            "wall_render_completion_increment_ms": 1.4664583206176758
          },
          {
            "frame": 304,
            "off_gpu_ms": null,
            "on_gpu_ms": null,
            "gpu_increment_ms": null,
            "off_gpu_ticks": [
              83754211577500,
              83754211593250,
              83754211949833,
              83754208920291
            ],
            "on_gpu_ticks": [
              83754215177916,
              83754215191125,
              83754215765916,
              83754204727625
            ],
            "wall_render_completion_increment_ms": 1.3702497482299805
          },
          {
            "frame": 305,
            "off_gpu_ms": null,
            "on_gpu_ms": null,
            "gpu_increment_ms": null,
            "off_gpu_ticks": [
              83754227247625,
              83754227259208,
              83754227740333,
              83754213865166
            ],
            "on_gpu_ticks": [
              83754221726166,
              83754221737666,
              83754222237000,
              83754218523083
            ],
            "wall_render_completion_increment_ms": 1.754124641418457
          },
          {
            "frame": 306,
            "off_gpu_ms": null,
            "on_gpu_ms": null,
            "gpu_increment_ms": null,
            "off_gpu_ticks": [
              83754232224208,
              83754232237708,
              83754232764666,
              83754229442791
            ],
            "on_gpu_ticks": [
              83754236116666,
              83754236128625,
              83754236626625,
              83754224811375
            ],
            "wall_render_completion_increment_ms": -0.06537532806396484
          },
          {
            "frame": 307,
            "off_gpu_ms": null,
            "on_gpu_ms": null,
            "gpu_increment_ms": null,
            "off_gpu_ticks": [
              83754246802708,
              83754246814333,
              83754247333250,
              83754234475500
            ],
            "on_gpu_ticks": [
              83754241664250,
              83754241677708,
              83754244372083,
              83754238901625
            ],
            "wall_render_completion_increment_ms": 1.5280003547668457
          },
          {
            "frame": 308,
            "off_gpu_ms": null,
            "on_gpu_ms": null,
            "gpu_increment_ms": null,
            "off_gpu_ticks": [
              83754251795833,
              83754251808416,
              83754252269583,
              83754249157750
            ],
            "on_gpu_ticks": [
              83754255896416,
              83754255907250,
              83754258260833,
              83754245130125
            ],
            "wall_render_completion_increment_ms": 0.036540985107421875
          },
          {
            "frame": 309,
            "off_gpu_ms": null,
            "on_gpu_ms": null,
            "gpu_increment_ms": null,
            "off_gpu_ticks": [
              83754264804916,
              83754264815750,
              83754265320666,
              83754253972458
            ],
            "on_gpu_ticks": [
              83754260776166,
              83754260986958,
              83754261485500,
              83754258559541
            ],
            "wall_render_completion_increment_ms": -0.0036258697509765625
          },
          {
            "frame": 310,
            "off_gpu_ms": null,
            "on_gpu_ms": null,
            "gpu_increment_ms": null,
            "off_gpu_ticks": [
              83754270108625,
              83754270121500,
              83754270411583,
              83754267129958
            ],
            "on_gpu_ticks": [
              83754273742666,
              83754273753625,
              83754274195583,
              83754263406416
            ],
            "wall_render_completion_increment_ms": 0.044748783111572266
          },
          {
            "frame": 311,
            "off_gpu_ms": null,
            "on_gpu_ms": null,
            "gpu_increment_ms": null,
            "off_gpu_ticks": [
              83754282638291,
              83754282649708,
              83754283150333,
              83754272140250
            ],
            "on_gpu_ticks": [
              83754278639833,
              83754278650666,
              83754279146458,
              83754276172208
            ],
            "wall_render_completion_increment_ms": -0.17104172706604004
          },
          {
            "frame": 312,
            "off_gpu_ms": null,
            "on_gpu_ms": null,
            "gpu_increment_ms": null,
            "off_gpu_ticks": [
              83754287794833,
              83754287805333,
              83754288206166,
              83754285234916
            ],
            "on_gpu_ticks": [
              83754291984583,
              83754292011875,
              83754292489708,
              83754281193875
            ],
            "wall_render_completion_increment_ms": 1.3761677742004395
          },
          {
            "frame": 313,
            "off_gpu_ms": null,
            "on_gpu_ms": null,
            "gpu_increment_ms": null,
            "off_gpu_ticks": [
              83754302162291,
              83754302173333,
              83754302678458,
              83754289670333
            ],
            "on_gpu_ticks": [
              83754298316291,
              83754298328375,
              83754298770750,
              83754295114125
            ],
            "wall_render_completion_increment_ms": 0.17350101470947266
          },
          {
            "frame": 314,
            "off_gpu_ms": null,
            "on_gpu_ms": null,
            "gpu_increment_ms": null,
            "off_gpu_ticks": [
              83754307506291,
              83754307519750,
              83754307843041,
              83754304052666
            ],
            "on_gpu_ticks": [
              83754311089083,
              83754311099166,
              83754311502541,
              83754300738458
            ],
            "wall_render_completion_increment_ms": 0.15804219245910645
          },
          {
            "frame": 315,
            "off_gpu_ms": null,
            "on_gpu_ms": null,
            "gpu_increment_ms": null,
            "off_gpu_ticks": [
              83754321689916,
              83754321699541,
              83754322118208,
              83754309482083
            ],
            "on_gpu_ticks": [
              83754316614750,
              83754316627791,
              83754319321750,
              83754313284666
            ],
            "wall_render_completion_increment_ms": 1.614999771118164
          },
          {
            "frame": 316,
            "off_gpu_ms": null,
            "on_gpu_ms": null,
            "gpu_increment_ms": null,
            "off_gpu_ticks": [
              83754326874458,
              83754326884750,
              83754328502125,
              83754323534166
            ],
            "on_gpu_ticks": [
              83754332133166,
              83754332146291,
              83754332592666,
              83754319569458
            ],
            "wall_render_completion_increment_ms": -1.0020828247070312
          },
          {
            "frame": 317,
            "off_gpu_ms": null,
            "on_gpu_ms": null,
            "gpu_increment_ms": null,
            "off_gpu_ticks": [
              83754340450250,
              83754340461250,
              83754340946625,
              83754329202791
            ],
            "on_gpu_ticks": [
              83754336856833,
              83754336867041,
              83754337294708,
              83754334559708
            ],
            "wall_render_completion_increment_ms": -0.2969999313354492
          },
          {
            "frame": 318,
            "off_gpu_ms": null,
            "on_gpu_ms": null,
            "gpu_increment_ms": null,
            "off_gpu_ticks": [
              83754345321375,
              83754345331375,
              83754345698708,
              83754342338125
            ],
            "on_gpu_ticks": [
              83754349727458,
              83754349739708,
              83754350143166,
              83754339120500
            ],
            "wall_render_completion_increment_ms": 0.06925082206726074
          },
          {
            "frame": 319,
            "off_gpu_ms": null,
            "on_gpu_ms": null,
            "gpu_increment_ms": null,
            "off_gpu_ticks": [
              83754358227000,
              83754358236458,
              83754358611625,
              83754347172458
            ],
            "on_gpu_ticks": [
              83754354250500,
              83754354260083,
              83754354815625,
              83754351952625
            ],
            "wall_render_completion_increment_ms": 0.0521240234375
          },
          {
            "frame": 320,
            "off_gpu_ms": null,
            "on_gpu_ms": null,
            "gpu_increment_ms": null,
            "off_gpu_ticks": [
              83754363234333,
              83754363244375,
              83754363644208,
              83754360043083
            ],
            "on_gpu_ticks": [
              83754367001208,
              83754367010833,
              83754367460333,
              83754356629166
            ],
            "wall_render_completion_increment_ms": 1.7747910022735596
          },
          {
            "frame": 321,
            "off_gpu_ms": null,
            "on_gpu_ms": null,
            "gpu_increment_ms": null,
            "off_gpu_ticks": [
              83754377489541,
              83754377531541,
              83754378327875,
              83754365059375
            ],
            "on_gpu_ticks": [
              83754373572041,
              83754373582250,
              83754375654333,
              83754369850666
            ],
            "wall_render_completion_increment_ms": 0.08162498474121094
          },
          {
            "frame": 322,
            "off_gpu_ms": null,
            "on_gpu_ms": null,
            "gpu_increment_ms": null,
            "off_gpu_ticks": [
              83754382823250,
              83754382835916,
              83754383122166,
              83754379698958
            ],
            "on_gpu_ticks": [
              83754386527375,
              83754386537416,
              83754386974791,
              83754375878125
            ],
            "wall_render_completion_increment_ms": -0.003874063491821289
          },
          {
            "frame": 323,
            "off_gpu_ms": null,
            "on_gpu_ms": null,
            "gpu_increment_ms": null,
            "off_gpu_ticks": [
              83754396966666,
              83754396976333,
              83754397396041,
              83754384617166
            ],
            "on_gpu_ticks": [
              83754391865250,
              83754391876625,
              83754392276791,
              83754388739583
            ],
            "wall_render_completion_increment_ms": 1.3872919082641602
          },
          {
            "frame": 324,
            "off_gpu_ms": null,
            "on_gpu_ms": null,
            "gpu_increment_ms": null,
            "off_gpu_ticks": [
              83754402176625,
              83754402187000,
              83754403686416,
              83754398847458
            ],
            "on_gpu_ticks": [
              83754407685166,
              83754407698291,
              83754408146125,
              83754394683916
            ],
            "wall_render_completion_increment_ms": -1.3850843906402588
          },
          {
            "frame": 325,
            "off_gpu_ms": null,
            "on_gpu_ms": null,
            "gpu_increment_ms": null,
            "off_gpu_ticks": [
              83754416177250,
              83754416187583,
              83754416566333,
              83754404666958
            ],
            "on_gpu_ticks": [
              83754412243458,
              83754412253500,
              83754412676458,
              83754409928583
            ],
            "wall_render_completion_increment_ms": 0.024248838424682617
          },
          {
            "frame": 326,
            "off_gpu_ms": null,
            "on_gpu_ms": null,
            "gpu_increment_ms": null,
            "off_gpu_ticks": [
              83754421019416,
              83754421031416,
              83754421312375,
              83754417992375
            ],
            "on_gpu_ticks": [
              83754425134625,
              83754425162666,
              83754425632208,
              83754414452208
            ],
            "wall_render_completion_increment_ms": 1.1307921409606934
          },
          {
            "frame": 327,
            "off_gpu_ms": null,
            "on_gpu_ms": null,
            "gpu_increment_ms": null,
            "off_gpu_ticks": [
              83754434845333,
              83754434854833,
              83754435273416,
              83754422800208
            ],
            "on_gpu_ticks": [
              83754430982000,
              83754430991958,
              83754431425875,
              83754428025458
            ],
            "wall_render_completion_increment_ms": 0.15912604331970215
          },
          {
            "frame": 328,
            "off_gpu_ms": null,
            "on_gpu_ms": null,
            "gpu_increment_ms": null,
            "off_gpu_ticks": [
              83754440152875,
              83754440165875,
              83754440457416,
              83754437287000
            ],
            "on_gpu_ticks": [
              83754443431166,
              83754443440916,
              83754443898208,
              83754433383583
            ],
            "wall_render_completion_increment_ms": 0.033041954040527344
          },
          {
            "frame": 329,
            "off_gpu_ms": null,
            "on_gpu_ms": null,
            "gpu_increment_ms": null,
            "off_gpu_ticks": [
              83754452209125,
              83754452218750,
              83754454190666,
              83754442070375
            ],
            "on_gpu_ticks": [
              83754448368041,
              83754448378333,
              83754450410875,
              83754445673958
            ],
            "wall_render_completion_increment_ms": 0.20966601371765137
          },
          {
            "frame": 330,
            "off_gpu_ms": null,
            "on_gpu_ms": null,
            "gpu_increment_ms": null,
            "off_gpu_ticks": [
              83754457655583,
              83754457667791,
              83754457961625,
              83754454581875
            ],
            "on_gpu_ticks": [
              83754461239041,
              83754461249208,
              83754463210166,
              83754450684750
            ],
            "wall_render_completion_increment_ms": -0.10783147811889648
          },
          {
            "frame": 331,
            "off_gpu_ms": null,
            "on_gpu_ms": null,
            "gpu_increment_ms": null,
            "off_gpu_ticks": [
              83754471039416,
              83754471049666,
              83754471472708,
              83754460083583
            ],
            "on_gpu_ticks": [
              83754466255666,
              83754466265750,
              83754466712500,
              83754463550041
            ],
            "wall_render_completion_increment_ms": 0.9537079334259033
          },
          {
            "frame": 332,
            "off_gpu_ms": null,
            "on_gpu_ms": null,
            "gpu_increment_ms": null,
            "off_gpu_ticks": [
              83754476290208,
              83754476301958,
              83754476554125,
              83754472825375
            ],
            "on_gpu_ticks": [
              83754479779416,
              83754479789791,
              83754480211458,
              83754468454166
            ],
            "wall_render_completion_increment_ms": 0.055542945861816406
          },
          {
            "frame": 333,
            "off_gpu_ms": null,
            "on_gpu_ms": null,
            "gpu_increment_ms": null,
            "off_gpu_ticks": [
              83754488548083,
              83754488557708,
              83754488915500,
              83754478058208
            ],
            "on_gpu_ticks": [
              83754485015666,
              83754485027125,
              83754485425041,
              83754482079500
            ],
            "wall_render_completion_increment_ms": -0.06570696830749512
          },
          {
            "frame": 334,
            "off_gpu_ms": null,
            "on_gpu_ms": null,
            "gpu_increment_ms": null,
            "off_gpu_ticks": [
              83754493958875,
              83754493970291,
              83754494238541,
              83754490480583
            ],
            "on_gpu_ticks": [
              83754497487791,
              83754497497625,
              83754497934625,
              83754487207208
            ],
            "wall_render_completion_increment_ms": -0.05762505531311035
          },
          {
            "frame": 335,
            "off_gpu_ms": null,
            "on_gpu_ms": null,
            "gpu_increment_ms": null,
            "off_gpu_ticks": [
              83754507921791,
              83754507934750,
              83754508240958,
              83754495726791
            ],
            "on_gpu_ticks": [
              83754502500541,
              83754502511125,
              83754503932750,
              83754499902375
            ],
            "wall_render_completion_increment_ms": 1.1766247749328613
          },
          {
            "frame": 336,
            "off_gpu_ms": null,
            "on_gpu_ms": null,
            "gpu_increment_ms": null,
            "off_gpu_ticks": [
              83754512456166,
              83754512466500,
              83754512789166,
              83754509722083
            ],
            "on_gpu_ticks": [
              83754516901625,
              83754516913875,
              83754517335375,
              83754505353458
            ],
            "wall_render_completion_increment_ms": 0.15924930572509766
          },
          {
            "frame": 337,
            "off_gpu_ms": null,
            "on_gpu_ms": null,
            "gpu_increment_ms": null,
            "off_gpu_ticks": [
              83754525221916,
              83754525231958,
              83754525616666,
              83754514216583
            ],
            "on_gpu_ticks": [
              83754521395750,
              83754521420750,
              83754521958125,
              83754519106416
            ],
            "wall_render_completion_increment_ms": 0.012833118438720703
          },
          {
            "frame": 338,
            "off_gpu_ms": null,
            "on_gpu_ms": null,
            "gpu_increment_ms": null,
            "off_gpu_ticks": [
              83754530217041,
              83754530226708,
              83754530560375,
              83754526997083
            ],
            "on_gpu_ticks": [
              83754534474333,
              83754534486958,
              83754537027625,
              83754523867250
            ],
            "wall_render_completion_increment_ms": 1.5667083263397217
          },
          {
            "frame": 339,
            "off_gpu_ms": null,
            "on_gpu_ms": null,
            "gpu_increment_ms": null,
            "off_gpu_ticks": [
              83754544431291,
              83754544441083,
              83754544927791,
              83754532064666
            ],
            "on_gpu_ticks": [
              83754541120041,
              83754541132291,
              83754541569708,
              83754537273708
            ],
            "wall_render_completion_increment_ms": 0.59120774269104
          },
          {
            "frame": 340,
            "off_gpu_ms": null,
            "on_gpu_ms": null,
            "gpu_increment_ms": null,
            "off_gpu_ticks": [
              83754549314958,
              83754549327083,
              83754549632583,
              83754546317833
            ],
            "on_gpu_ticks": [
              83754552944750,
              83754552954958,
              83754553382208,
              83754543340125
            ],
            "wall_render_completion_increment_ms": 0.031291961669921875
          },
          {
            "frame": 341,
            "off_gpu_ms": null,
            "on_gpu_ms": null,
            "gpu_increment_ms": null,
            "off_gpu_ticks": [
              83754561759875,
              83754561769666,
              83754562186416,
              83754551142958
            ],
            "on_gpu_ticks": [
              83754558167208,
              83754558179791,
              83754558615625,
              83754555262041
            ],
            "wall_render_completion_increment_ms": 0.07329082489013672
          },
          {
            "frame": 342,
            "off_gpu_ms": null,
            "on_gpu_ms": null,
            "gpu_increment_ms": null,
            "off_gpu_ticks": [
              83754567151375,
              83754567163875,
              83754567480875,
              83754563542833
            ],
            "on_gpu_ticks": [
              83754570572416,
              83754570581791,
              83754571011791,
              83754560486750
            ],
            "wall_render_completion_increment_ms": -0.008750200271606445
          },
          {
            "frame": 343,
            "off_gpu_ms": null,
            "on_gpu_ms": null,
            "gpu_increment_ms": null,
            "off_gpu_ticks": [
              83754581325833,
              83754581338458,
              83754581655791,
              83754568978583
            ],
            "on_gpu_ticks": [
              83754575911000,
              83754575923708,
              83754578569666,
              83754572872375
            ],
            "wall_render_completion_increment_ms": 1.4686672687530518
          },
          {
            "frame": 344,
            "off_gpu_ms": null,
            "on_gpu_ms": null,
            "gpu_increment_ms": null,
            "off_gpu_ticks": [
              83754586181958,
              83754586194125,
              83754586621666,
              83754583296666
            ],
            "on_gpu_ticks": [
              83754589753500,
              83754589763541,
              83754590251708,
              83754578793041
            ],
            "wall_render_completion_increment_ms": 0.058875083923339844
          },
          {
            "frame": 345,
            "off_gpu_ms": null,
            "on_gpu_ms": null,
            "gpu_increment_ms": null,
            "off_gpu_ticks": [
              83754598557000,
              83754598566916,
              83754598990958,
              83754588049708
            ],
            "on_gpu_ticks": [
              83754594705541,
              83754594716750,
              83754595157750,
              83754592220000
            ],
            "wall_render_completion_increment_ms": 0.07916688919067383
          },
          {
            "frame": 346,
            "off_gpu_ms": null,
            "on_gpu_ms": null,
            "gpu_increment_ms": null,
            "off_gpu_ticks": [
              83754603557708,
              83754603585750,
              83754603894333,
              83754600528541
            ],
            "on_gpu_ticks": [
              83754607229208,
              83754607239375,
              83754607686041,
              83754596992708
            ],
            "wall_render_completion_increment_ms": 0.04375123977661133
          },
          {
            "frame": 347,
            "off_gpu_ms": null,
            "on_gpu_ms": null,
            "gpu_increment_ms": null,
            "off_gpu_ticks": [
              83754617691500,
              83754617701666,
              83754618168791,
              83754605553958
            ],
            "on_gpu_ticks": [
              83754612461333,
              83754612474041,
              83754612925416,
              83754609656583
            ],
            "wall_render_completion_increment_ms": 1.187957763671875
          },
          {
            "frame": 348,
            "off_gpu_ms": null,
            "on_gpu_ms": null,
            "gpu_increment_ms": null,
            "off_gpu_ticks": [
              83754622702958,
              83754622794666,
              83754623081291,
              83754619708083
            ],
            "on_gpu_ticks": [
              83754626586958,
              83754626597250,
              83754627066166,
              83754614989000
            ],
            "wall_render_completion_increment_ms": -0.10137486457824707
          },
          {
            "frame": 349,
            "off_gpu_ms": null,
            "on_gpu_ms": null,
            "gpu_increment_ms": null,
            "off_gpu_ticks": [
              83754637060291,
              83754637071000,
              83754637501916,
              83754624920000
            ],
            "on_gpu_ticks": [
              83754632093208,
              83754632106750,
              83754632600041,
              83754629153666
            ],
            "wall_render_completion_increment_ms": 1.581624984741211
          },
          {
            "frame": 350,
            "off_gpu_ms": null,
            "on_gpu_ms": null,
            "gpu_increment_ms": null,
            "off_gpu_ticks": [
              83754642276500,
              83754642290625,
              83754642610458,
              83754639026625
            ],
            "on_gpu_ticks": [
              83754645859083,
              83754645871291,
              83754646359625,
              83754635536000
            ],
            "wall_render_completion_increment_ms": 0.24787521362304688
          },
          {
            "frame": 351,
            "off_gpu_ms": null,
            "on_gpu_ms": null,
            "gpu_increment_ms": null,
            "off_gpu_ticks": [
              83754656589041,
              83754656605375,
              83754657055833,
              83754644449875
            ],
            "on_gpu_ticks": [
              83754651066416,
              83754651080375,
              83754652941500,
              83754648426500
            ],
            "wall_render_completion_increment_ms": -0.06929159164428711
          },
          {
            "frame": 352,
            "off_gpu_ms": null,
            "on_gpu_ms": null,
            "gpu_increment_ms": null,
            "off_gpu_ticks": [
              83754663004458,
              83754663017875,
              83754663293666,
              83754659699875
            ],
            "on_gpu_ticks": [
              83754667797958,
              83754667809125,
              83754670315583,
              83754653820541
            ],
            "wall_render_completion_increment_ms": 0.6655826568603516
          },
          {
            "frame": 353,
            "off_gpu_ms": null,
            "on_gpu_ms": null,
            "gpu_increment_ms": null,
            "off_gpu_ticks": [
              83754681796583,
              83754681813750,
              83754682269083,
              83754665484458
            ],
            "on_gpu_ticks": [
              83754674828791,
              83754674845125,
              83754675513500,
              83754670582125
            ],
            "wall_render_completion_increment_ms": 1.6257505416870117
          },
          {
            "frame": 354,
            "off_gpu_ms": null,
            "on_gpu_ms": null,
            "gpu_increment_ms": null,
            "off_gpu_ticks": [
              83754688089250,
              83754688102791,
              83754688411333,
              83754684553875
            ],
            "on_gpu_ticks": [
              83754691567416,
              83754691581833,
              83754692193375,
              83754678751166
            ],
            "wall_render_completion_increment_ms": 1.5177483558654785
          },
          {
            "frame": 355,
            "off_gpu_ms": null,
            "on_gpu_ms": null,
            "gpu_increment_ms": null,
            "off_gpu_ticks": [
              83754703303875,
              83754703319500,
              83754703857666,
              83754690458000
            ],
            "on_gpu_ticks": [
              83754698076250,
              83754698092875,
              83754698765541,
              83754694941750
            ],
            "wall_render_completion_increment_ms": 1.2817106246948242
          },
          {
            "frame": 356,
            "off_gpu_ms": null,
            "on_gpu_ms": null,
            "gpu_increment_ms": null,
            "off_gpu_ticks": [
              83754708554416,
              83754708571250,
              83754708999791,
              83754706035375
            ],
            "on_gpu_ticks": [
              83754713179208,
              83754713190625,
              83754713680375,
              83754701483375
            ],
            "wall_render_completion_increment_ms": 0.587916374206543
          },
          {
            "frame": 357,
            "off_gpu_ms": null,
            "on_gpu_ms": null,
            "gpu_increment_ms": null,
            "off_gpu_ticks": [
              83754723681875,
              83754723695625,
              83754724224750,
              83754711055875
            ],
            "on_gpu_ticks": [
              83754719627291,
              83754719689625,
              83754722154791,
              83754716212833
            ],
            "wall_render_completion_increment_ms": 0.027707815170288086
          },
          {
            "frame": 358,
            "off_gpu_ms": null,
            "on_gpu_ms": null,
            "gpu_increment_ms": null,
            "off_gpu_ticks": [
              83754728879708,
              83754728893166,
              83754729208458,
              83754726395166
            ],
            "on_gpu_ticks": [
              83754734134791,
              83754734666041,
              83754735242083,
              83754722423708
            ],
            "wall_render_completion_increment_ms": 0.29429054260253906
          },
          {
            "frame": 359,
            "off_gpu_ms": null,
            "on_gpu_ms": null,
            "gpu_increment_ms": null,
            "off_gpu_ticks": [
              83754746602250,
              83754746615875,
              83754746942083,
              83754731318458
            ],
            "on_gpu_ticks": [
              83754740713875,
              83754740726250,
              83754741311208,
              83754737501791
            ],
            "wall_render_completion_increment_ms": 0.03375053405761719
          },
          {
            "frame": 360,
            "off_gpu_ms": null,
            "on_gpu_ms": null,
            "gpu_increment_ms": null,
            "off_gpu_ticks": [
              83754752994750,
              83754753015333,
              83754753375750,
              83754749233708
            ],
            "on_gpu_ticks": [
              83754756448541,
              83754756461791,
              83754757685583,
              83754743967958
            ],
            "wall_render_completion_increment_ms": 1.777916669845581
          },
          {
            "frame": 361,
            "off_gpu_ms": null,
            "on_gpu_ms": null,
            "gpu_increment_ms": null,
            "off_gpu_ticks": [
              83754768793750,
              83754768805375,
              83754770350041,
              83754755223333
            ],
            "on_gpu_ticks": [
              83754763030666,
              83754763042416,
              83754763534583,
              83754760625958
            ],
            "wall_render_completion_increment_ms": 0.16179227828979492
          },
          {
            "frame": 362,
            "off_gpu_ms": null,
            "on_gpu_ms": null,
            "gpu_increment_ms": null,
            "off_gpu_ticks": [
              83754775319291,
              83754775335291,
              83754775739958,
              83754771649583
            ],
            "on_gpu_ticks": [
              83754780045375,
              83754780058125,
              83754780569708,
              83754766031083
            ],
            "wall_render_completion_increment_ms": 0.4322481155395508
          },
          {
            "frame": 363,
            "off_gpu_ms": null,
            "on_gpu_ms": null,
            "gpu_increment_ms": null,
            "off_gpu_ticks": [
              83754790377041,
              83754790390416,
              83754790966708,
              83754778519125
            ],
            "on_gpu_ticks": [
              83754786426583,
              83754786438750,
              83754786889333,
              83754783175041
            ],
            "wall_render_completion_increment_ms": 0.03770923614501953
          },
          {
            "frame": 364,
            "off_gpu_ms": null,
            "on_gpu_ms": null,
            "gpu_increment_ms": null,
            "off_gpu_ticks": [
              83754795136875,
              83754795148416,
              83754795636333,
              83754793061416
            ],
            "on_gpu_ticks": [
              83754799140000,
              83754799153833,
              83754799813666,
              83754789173500
            ],
            "wall_render_completion_increment_ms": 1.2771668434143066
          },
          {
            "frame": 365,
            "off_gpu_ms": null,
            "on_gpu_ms": null,
            "gpu_increment_ms": null,
            "off_gpu_ticks": [
              83754810919541,
              83754811008000,
              83754811518708,
              83754797408708
            ],
            "on_gpu_ticks": [
              83754805399833,
              83754805412166,
              83754808231708,
              83754803070708
            ],
            "wall_render_completion_increment_ms": 1.561293601989746
          },
          {
            "frame": 366,
            "off_gpu_ms": null,
            "on_gpu_ms": null,
            "gpu_increment_ms": null,
            "off_gpu_ticks": [
              83754816230000,
              83754816246750,
              83754816676583,
              83754813282250
            ],
            "on_gpu_ticks": [
              83754821451750,
              83754821464958,
              83754824156000,
              83754808565750
            ],
            "wall_render_completion_increment_ms": 0.20862483978271484
          },
          {
            "frame": 367,
            "off_gpu_ms": null,
            "on_gpu_ms": null,
            "gpu_increment_ms": null,
            "off_gpu_ticks": [
              83754833827333,
              83754833843208,
              83754834307625,
              83754819518916
            ],
            "on_gpu_ticks": [
              83754827795041,
              83754828188208,
              83754828659291,
              83754824465750
            ],
            "wall_render_completion_increment_ms": -0.12166738510131836
          },
          {
            "frame": 368,
            "off_gpu_ms": null,
            "on_gpu_ms": null,
            "gpu_increment_ms": null,
            "off_gpu_ticks": [
              83754840414041,
              83754840430666,
              83754840853666,
              83754836976333
            ],
            "on_gpu_ticks": [
              83754845332833,
              83754845344375,
              83754845855083,
              83754830921583
            ],
            "wall_render_completion_increment_ms": -1.5721259117126465
          },
          {
            "frame": 369,
            "off_gpu_ms": null,
            "on_gpu_ms": null,
            "gpu_increment_ms": null,
            "off_gpu_ticks": [
              83754855680916,
              83754855693375,
              83754856149541,
              83754843080250
            ],
            "on_gpu_ticks": [
              83754850737708,
              83754850753958,
              83754851325666,
              83754848148833
            ],
            "wall_render_completion_increment_ms": 1.577458381652832
          },
          {
            "frame": 370,
            "off_gpu_ms": null,
            "on_gpu_ms": null,
            "gpu_increment_ms": null,
            "off_gpu_ticks": [
              83754860476625,
              83754860512958,
              83754861385583,
              83754858299041
            ],
            "on_gpu_ticks": [
              83754864557625,
              83754864571041,
              83754865239916,
              83754854277583
            ],
            "wall_render_completion_increment_ms": 1.7659995555877686
          },
          {
            "frame": 371,
            "off_gpu_ms": null,
            "on_gpu_ms": null,
            "gpu_increment_ms": null,
            "off_gpu_ticks": [
              83754877199708,
              83754877220375,
              83754879267000,
              83754863198000
            ],
            "on_gpu_ticks": [
              83754871327875,
              83754871340708,
              83754871828291,
              83754867915041
            ],
            "wall_render_completion_increment_ms": 0.17633390426635742
          },
          {
            "frame": 372,
            "off_gpu_ms": null,
            "on_gpu_ms": null,
            "gpu_increment_ms": null,
            "off_gpu_ticks": [
              83754883664625,
              83754883680458,
              83754884085708,
              83754880194333
            ],
            "on_gpu_ticks": [
              83754888828750,
              83754888841583,
              83754889398333,
              83754874300541
            ],
            "wall_render_completion_increment_ms": -0.01595783233642578
          },
          {
            "frame": 373,
            "off_gpu_ms": null,
            "on_gpu_ms": null,
            "gpu_increment_ms": null,
            "off_gpu_ticks": [
              83754901251125,
              83754901267958,
              83754901648541,
              83754886854625
            ],
            "on_gpu_ticks": [
              83754895681666,
              83754895695708,
              83754896230291,
              83754892934416
            ],
            "wall_render_completion_increment_ms": 0.17304134368896484
          },
          {
            "frame": 374,
            "off_gpu_ms": null,
            "on_gpu_ms": null,
            "gpu_increment_ms": null,
            "off_gpu_ticks": [
              83754907510166,
              83754907526666,
              83754907921541,
              83754904164416
            ],
            "on_gpu_ticks": [
              83754912377125,
              83754912388750,
              83754914884958,
              83754898649250
            ],
            "wall_render_completion_increment_ms": -0.2532081604003906
          },
          {
            "frame": 375,
            "off_gpu_ms": null,
            "on_gpu_ms": null,
            "gpu_increment_ms": null,
            "off_gpu_ticks": [
              83754924204166,
              83754924220291,
              83754924655666,
              83754910876500
            ],
            "on_gpu_ticks": [
              83754918743333,
              83754918757500,
              83754919241041,
              83754915218875
            ],
            "wall_render_completion_increment_ms": 0.00037479400634765625
          },
          {
            "frame": 376,
            "off_gpu_ms": null,
            "on_gpu_ms": null,
            "gpu_increment_ms": null,
            "off_gpu_ticks": [
              83754930698333,
              83754930712791,
              83754931004791,
              83754926854375
            ],
            "on_gpu_ticks": [
              83754936085625,
              83754936100083,
              83754936600708,
              83754921537583
            ],
            "wall_render_completion_increment_ms": -0.1570415496826172
          },
          {
            "frame": 377,
            "off_gpu_ms": null,
            "on_gpu_ms": null,
            "gpu_increment_ms": null,
            "off_gpu_ticks": [
              83754947488583,
              83754947499958,
              83754948067333,
              83754933359750
            ],
            "on_gpu_ticks": [
              83754942436083,
              83754942452500,
              83754943020125,
              83754938798291
            ],
            "wall_render_completion_increment_ms": 1.4799582958221436
          },
          {
            "frame": 378,
            "off_gpu_ms": null,
            "on_gpu_ms": null,
            "gpu_increment_ms": null,
            "off_gpu_ticks": [
              83754952473458,
              83754952676333,
              83754953094458,
              83754950168666
            ],
            "on_gpu_ticks": [
              83754956172208,
              83754956186208,
              83754956767875,
              83754945234583
            ],
            "wall_render_completion_increment_ms": 1.9065830707550049
          },
          {
            "frame": 379,
            "off_gpu_ms": null,
            "on_gpu_ms": null,
            "gpu_increment_ms": null,
            "off_gpu_ticks": [
              83754968271833,
              83754968285708,
              83754968631791,
              83754954907458
            ],
            "on_gpu_ticks": [
              83754962715708,
              83754962727875,
              83754965659375,
              83754959517250
            ],
            "wall_render_completion_increment_ms": 1.2586240768432617
          },
          {
            "frame": 380,
            "off_gpu_ms": null,
            "on_gpu_ms": null,
            "gpu_increment_ms": null,
            "off_gpu_ticks": [
              83754973191041,
              83754973207208,
              83754973600791,
              83754970479958
            ],
            "on_gpu_ticks": [
              83754978090833,
              83754978357208,
              83754978827958,
              83754965970083
            ],
            "wall_render_completion_increment_ms": 0.12358331680297852
          },
          {
            "frame": 381,
            "off_gpu_ms": null,
            "on_gpu_ms": null,
            "gpu_increment_ms": null,
            "off_gpu_ticks": [
              83754990559708,
              83754990576000,
              83754991011291,
              83754975887875
            ],
            "on_gpu_ticks": [
              83754984840708,
              83754984870083,
              83754985380166,
              83754981029791
            ],
            "wall_render_completion_increment_ms": 0.009249210357666016
          },
          {
            "frame": 382,
            "off_gpu_ms": null,
            "on_gpu_ms": null,
            "gpu_increment_ms": null,
            "off_gpu_ticks": [
              83754996882333,
              83754996896333,
              83754997196208,
              83754993239291
            ],
            "on_gpu_ticks": [
              83755002307750,
              83755002321708,
              83755002821083,
              83754987571208
            ],
            "wall_render_completion_increment_ms": 0.042794227600097656
          },
          {
            "frame": 383,
            "off_gpu_ms": null,
            "on_gpu_ms": null,
            "gpu_increment_ms": null,
            "off_gpu_ticks": [
              83755013925000,
              83755013939208,
              83755014294833,
              83754999374958
            ],
            "on_gpu_ticks": [
              83755008686833,
              83755008703250,
              83755009279166,
              83755005020416
            ],
            "wall_render_completion_increment_ms": 0.06508350372314453
          },
          {
            "frame": 384,
            "off_gpu_ms": null,
            "on_gpu_ms": null,
            "gpu_increment_ms": null,
            "off_gpu_ticks": [
              83755020135625,
              83755020163708,
              83755020712750,
              83755016537416
            ],
            "on_gpu_ticks": [
              83755023788166,
              83755023801333,
              83755024421125,
              83755011621541
            ],
            "wall_render_completion_increment_ms": 1.5261242389678955
          },
          {
            "frame": 385,
            "off_gpu_ms": null,
            "on_gpu_ms": null,
            "gpu_increment_ms": null,
            "off_gpu_ticks": [
              83755035920541,
              83755035932375,
              83755037607000,
              83755022376541
            ],
            "on_gpu_ticks": [
              83755030142833,
              83755030157166,
              83755030616958,
              83755027019833
            ],
            "wall_render_completion_increment_ms": 0.11629104614257812
          },
          {
            "frame": 386,
            "off_gpu_ms": null,
            "on_gpu_ms": null,
            "gpu_increment_ms": null,
            "off_gpu_ticks": [
              83755042175875,
              83755042192333,
              83755042615208,
              83755038822083
            ],
            "on_gpu_ticks": [
              83755045626375,
              83755045637791,
              83755046162791,
              83755033231333
            ],
            "wall_render_completion_increment_ms": 1.5363738536834717
          },
          {
            "frame": 387,
            "off_gpu_ms": null,
            "on_gpu_ms": null,
            "gpu_increment_ms": null,
            "off_gpu_ticks": [
              83755057751958,
              83755057768541,
              83755058210125,
              83755044530500
            ],
            "on_gpu_ticks": [
              83755052331750,
              83755052345375,
              83755054754166,
              83755048458291
            ],
            "wall_render_completion_increment_ms": 0.3360004425048828
          },
          {
            "frame": 388,
            "off_gpu_ms": null,
            "on_gpu_ms": null,
            "gpu_increment_ms": null,
            "off_gpu_ticks": [
              83755063303541,
              83755063317666,
              83755063659875,
              83755060446000
            ],
            "on_gpu_ticks": [
              83755067421000,
              83755067435958,
              83755070081083,
              83755055046750
            ],
            "wall_render_completion_increment_ms": 1.6205432415008545
          },
          {
            "frame": 389,
            "off_gpu_ms": null,
            "on_gpu_ms": null,
            "gpu_increment_ms": null,
            "off_gpu_ticks": [
              83755079232916,
              83755079244875,
              83755079742916,
              83755065730666
            ],
            "on_gpu_ticks": [
              83755074353958,
              83755074370166,
              83755074960166,
              83755070350500
            ],
            "wall_render_completion_increment_ms": 1.5843753814697266
          },
          {
            "frame": 390,
            "off_gpu_ms": null,
            "on_gpu_ms": null,
            "gpu_increment_ms": null,
            "off_gpu_ticks": [
              83755084424500,
              83755084441166,
              83755084915583,
              83755081485791
            ],
            "on_gpu_ticks": [
              83755089954708,
              83755089970750,
              83755090573958,
              83755077698291
            ],
            "wall_render_completion_increment_ms": -0.12091732025146484
          },
          {
            "frame": 391,
            "off_gpu_ms": null,
            "on_gpu_ms": null,
            "gpu_increment_ms": null,
            "off_gpu_ticks": [
              83755100778875,
              83755100794083,
              83755101351375,
              83755087086083
            ],
            "on_gpu_ticks": [
              83755095840125,
              83755095853708,
              83755096332541,
              83755093312291
            ],
            "wall_render_completion_increment_ms": 0.07254219055175781
          },
          {
            "frame": 392,
            "off_gpu_ms": null,
            "on_gpu_ms": null,
            "gpu_increment_ms": null,
            "off_gpu_ticks": [
              83755107430291,
              83755107447083,
              83755107846625,
              83755103504083
            ],
            "on_gpu_ticks": [
              83755112872291,
              83755112887833,
              83755113496250,
              83755098698000
            ],
            "wall_render_completion_increment_ms": 0.09116744995117188
          },
          {
            "frame": 393,
            "off_gpu_ms": null,
            "on_gpu_ms": null,
            "gpu_increment_ms": null,
            "off_gpu_ticks": [
              83755124564500,
              83755124579291,
              83755127522458,
              83755110140958
            ],
            "on_gpu_ticks": [
              83755119337125,
              83755119353583,
              83755119944708,
              83755116311083
            ],
            "wall_render_completion_increment_ms": -0.03545808792114258
          },
          {
            "frame": 394,
            "off_gpu_ms": null,
            "on_gpu_ms": null,
            "gpu_increment_ms": null,
            "off_gpu_ticks": [
              83755131484625,
              83755131505583,
              83755131989541,
              83755128114791
            ],
            "on_gpu_ticks": [
              83755136841625,
              83755136857625,
              83755137489958,
              83755122764666
            ],
            "wall_render_completion_increment_ms": 0.004667758941650391
          },
          {
            "frame": 395,
            "off_gpu_ms": null,
            "on_gpu_ms": null,
            "gpu_increment_ms": null,
            "off_gpu_ticks": [
              83755148261750,
              83755148278083,
              83755148986291,
              83755134593375
            ],
            "on_gpu_ticks": [
              83755143280291,
              83755143296666,
              83755143885541,
              83755140435375
            ],
            "wall_render_completion_increment_ms": 0.03141593933105469
          },
          {
            "frame": 396,
            "off_gpu_ms": null,
            "on_gpu_ms": null,
            "gpu_increment_ms": null,
            "off_gpu_ticks": [
              83755154743916,
              83755154772875,
              83755155181000,
              83755151813375
            ],
            "on_gpu_ticks": [
              83755160294500,
              83755160315375,
              83755163421500,
              83755146628750
            ],
            "wall_render_completion_increment_ms": 0.018790721893310547
          },
          {
            "frame": 397,
            "off_gpu_ms": null,
            "on_gpu_ms": null,
            "gpu_increment_ms": null,
            "off_gpu_ticks": [
              83755173481750,
              83755173502583,
              83755174043291,
              83755157828708
            ],
            "on_gpu_ticks": [
              83755166658791,
              83755166679208,
              83755168372250,
              83755163881708
            ],
            "wall_render_completion_increment_ms": 1.586874008178711
          },
          {
            "frame": 398,
            "off_gpu_ms": null,
            "on_gpu_ms": null,
            "gpu_increment_ms": null,
            "off_gpu_ticks": [
              83755179875541,
              83755179891875,
              83755180318083,
              83755177027333
            ],
            "on_gpu_ticks": [
              83755184779541,
              83755184798500,
              83755185548916,
              83755171033500
            ],
            "wall_render_completion_increment_ms": 1.4953336715698242
          },
          {
            "frame": 399,
            "off_gpu_ms": null,
            "on_gpu_ms": null,
            "gpu_increment_ms": null,
            "off_gpu_ticks": [
              83755198179708,
              83755198196000,
              83755198964833,
              83755182965916
            ],
            "on_gpu_ticks": [
              83755192780000,
              83755192798833,
              83755193555375,
              83755189144916
            ],
            "wall_render_completion_increment_ms": 0.0940403938293457
          },
          {
            "frame": 400,
            "off_gpu_ms": null,
            "on_gpu_ms": null,
            "gpu_increment_ms": null,
            "off_gpu_ticks": [
              83755204933041,
              83755204949958,
              83755205298458,
              83755201682166
            ],
            "on_gpu_ticks": [
              83755209846041,
              83755209863833,
              83755210655791,
              83755196679750
            ],
            "wall_render_completion_increment_ms": 0.008540153503417969
          },
          {
            "frame": 401,
            "off_gpu_ms": null,
            "on_gpu_ms": null,
            "gpu_increment_ms": null,
            "off_gpu_ticks": [
              83755222961416,
              83755222982541,
              83755223549375,
              83755208107916
            ],
            "on_gpu_ticks": [
              83755216599625,
              83755216620541,
              83755220445916,
              83755213979000
            ],
            "wall_render_completion_increment_ms": 1.1213335990905762
          },
          {
            "frame": 402,
            "off_gpu_ms": null,
            "on_gpu_ms": null,
            "gpu_increment_ms": null,
            "off_gpu_ticks": [
              83755229112333,
              83755229126833,
              83755229547666,
              83755226511000
            ],
            "on_gpu_ticks": [
              83755234649875,
              83755234677750,
              83755238321041,
              83755220774541
            ],
            "wall_render_completion_increment_ms": 1.1389164924621582
          },
          {
            "frame": 403,
            "off_gpu_ms": null,
            "on_gpu_ms": null,
            "gpu_increment_ms": null,
            "off_gpu_ticks": [
              83755249163833,
              83755249179791,
              83755250518458,
              83755232169583
            ],
            "on_gpu_ticks": [
              83755242517666,
              83755242538916,
              83755243294125,
              83755238652666
            ],
            "wall_render_completion_increment_ms": 0.35587549209594727
          },
          {
            "frame": 404,
            "off_gpu_ms": null,
            "on_gpu_ms": null,
            "gpu_increment_ms": null,
            "off_gpu_ticks": [
              83755257460250,
              83755257480583,
              83755257976958,
              83755253870750
            ],
            "on_gpu_ticks": [
              83755264570708,
              83755264591541,
              83755265367166,
              83755247812666
            ],
            "wall_render_completion_increment_ms": 0.09000110626220703
          },
          {
            "frame": 405,
            "off_gpu_ms": null,
            "on_gpu_ms": null,
            "gpu_increment_ms": null,
            "off_gpu_ticks": [
              83755279308375,
              83755279326916,
              83755280004666,
              83755262093750
            ],
            "on_gpu_ticks": [
              83755272325625,
              83755272341833,
              83755272970458,
              83755269105625
            ],
            "wall_render_completion_increment_ms": 1.6488327980041504
          },
          {
            "frame": 406,
            "off_gpu_ms": null,
            "on_gpu_ms": null,
            "gpu_increment_ms": null,
            "off_gpu_ticks": [
              83755285928541,
              83755285947708,
              83755286633458,
              83755282951625
            ],
            "on_gpu_ticks": [
              83755290954416,
              83755290970791,
              83755291713250,
              83755276543666
            ],
            "wall_render_completion_increment_ms": 1.9610004425048828
          },
          {
            "frame": 407,
            "off_gpu_ms": null,
            "on_gpu_ms": null,
            "gpu_increment_ms": null,
            "off_gpu_ticks": [
              83755305836458,
              83755305851250,
              83755306500666,
              83755289251166
            ],
            "on_gpu_ticks": [
              83755299292458,
              83755299312541,
              83755300063583,
              83755295720416
            ],
            "wall_render_completion_increment_ms": 1.5297493934631348
          },
          {
            "frame": 408,
            "off_gpu_ms": null,
            "on_gpu_ms": null,
            "gpu_increment_ms": null,
            "off_gpu_ticks": [
              83755312582916,
              83755312596250,
              83755313232666,
              83755309294833
            ],
            "on_gpu_ticks": [
              83755318478250,
              83755318496708,
              83755320464333,
              83755304086416
            ],
            "wall_render_completion_increment_ms": 1.7551660537719727
          },
          {
            "frame": 409,
            "off_gpu_ms": null,
            "on_gpu_ms": null,
            "gpu_increment_ms": null,
            "off_gpu_ticks": [
              83755331933083,
              83755331949041,
              83755332699875,
              83755315663916
            ],
            "on_gpu_ticks": [
              83755326653750,
              83755326669958,
              83755329796000,
              83755322582916
            ],
            "wall_render_completion_increment_ms": 0.0006656646728515625
          },
          {
            "frame": 410,
            "off_gpu_ms": null,
            "on_gpu_ms": null,
            "gpu_increment_ms": null,
            "off_gpu_ticks": [
              83755339742583,
              83755339763583,
              83755340215875,
              83755335160125
            ],
            "on_gpu_ticks": [
              83755345025208,
              83755345039541,
              83755345735833,
              83755330277500
            ],
            "wall_render_completion_increment_ms": -0.12504196166992188
          },
          {
            "frame": 411,
            "off_gpu_ms": null,
            "on_gpu_ms": null,
            "gpu_increment_ms": null,
            "off_gpu_ticks": [
              83755357199791,
              83755357213916,
              83755357790208,
              83755343034958
            ],
            "on_gpu_ticks": [
              83755352062291,
              83755352076208,
              83755355239250,
              83755348487166
            ],
            "wall_render_completion_increment_ms": 1.5078327655792236
          },
          {
            "frame": 412,
            "off_gpu_ms": null,
            "on_gpu_ms": null,
            "gpu_increment_ms": null,
            "off_gpu_ticks": [
              83755362734541,
              83755362747375,
              83755363052875,
              83755359918958
            ],
            "on_gpu_ticks": [
              83755367774583,
              83755367786083,
              83755368279666,
              83755355538083
            ],
            "wall_render_completion_increment_ms": -0.9876666069030762
          },
          {
            "frame": 413,
            "off_gpu_ms": null,
            "on_gpu_ms": null,
            "gpu_increment_ms": null,
            "off_gpu_ticks": [
              83755378297416,
              83755378310083,
              83755378802125,
              83755365157500
            ],
            "on_gpu_ticks": [
              83755373039875,
              83755373052708,
              83755373624791,
              83755370479083
            ],
            "wall_render_completion_increment_ms": 1.42799973487854
          },
          {
            "frame": 414,
            "off_gpu_ms": null,
            "on_gpu_ms": null,
            "gpu_increment_ms": null,
            "off_gpu_ticks": [
              83755383774375,
              83755383787791,
              83755384140625,
              83755380562125
            ],
            "on_gpu_ticks": [
              83755388906500,
              83755388917375,
              83755389358708,
              83755376596791
            ],
            "wall_render_completion_increment_ms": -1.517958164215088
          },
          {
            "frame": 415,
            "off_gpu_ms": null,
            "on_gpu_ms": null,
            "gpu_increment_ms": null,
            "off_gpu_ticks": [
              83755399774166,
              83755399788416,
              83755400130041,
              83755386682000
            ],
            "on_gpu_ticks": [
              83755393864875,
              83755394037833,
              83755394998500,
              83755391527500
            ],
            "wall_render_completion_increment_ms": -0.220001220703125
          },
          {
            "frame": 416,
            "off_gpu_ms": null,
            "on_gpu_ms": null,
            "gpu_increment_ms": null,
            "off_gpu_ticks": [
              83755405888291,
              83755405900833,
              83755406260166,
              83755401934375
            ],
            "on_gpu_ticks": [
              83755410157291,
              83755410184041,
              83755411736458,
              83755397114166
            ],
            "wall_render_completion_increment_ms": 1.4994163513183594
          },
          {
            "frame": 417,
            "off_gpu_ms": null,
            "on_gpu_ms": null,
            "gpu_increment_ms": null,
            "off_gpu_ticks": [
              83755422050166,
              83755422060750,
              83755422494166,
              83755408063458
            ],
            "on_gpu_ticks": [
              83755416980375,
              83755416992916,
              83755417436666,
              83755413331500
            ],
            "wall_render_completion_increment_ms": 1.6991257667541504
          },
          {
            "frame": 418,
            "off_gpu_ms": null,
            "on_gpu_ms": null,
            "gpu_increment_ms": null,
            "off_gpu_ticks": [
              83755427122791,
              83755427133541,
              83755428267375,
              83755423994000
            ],
            "on_gpu_ticks": [
              83755432889166,
              83755432901625,
              83755433332833,
              83755420075500
            ],
            "wall_render_completion_increment_ms": 0.08295774459838867
          },
          {
            "frame": 419,
            "off_gpu_ms": null,
            "on_gpu_ms": null,
            "gpu_increment_ms": null,
            "off_gpu_ticks": [
              83755444406875,
              83755444418500,
              83755444833166,
              83755429868500
            ],
            "on_gpu_ticks": [
              83755439346541,
              83755439358000,
              83755439878333,
              83755435589833
            ],
            "wall_render_completion_increment_ms": 1.819251537322998
          },
          {
            "frame": 420,
            "off_gpu_ms": null,
            "on_gpu_ms": null,
            "gpu_increment_ms": null,
            "off_gpu_ticks": [
              83755448986541,
              83755448996125,
              83755449373791,
              83755446390375
            ],
            "on_gpu_ticks": [
              83755453084333,
              83755453094875,
              83755453553541,
              83755441782333
            ],
            "wall_render_completion_increment_ms": 0.0017919540405273438
          },
          {
            "frame": 421,
            "off_gpu_ms": null,
            "on_gpu_ms": null,
            "gpu_increment_ms": null,
            "off_gpu_ticks": [
              83756185487375,
              83756185626541,
              83756186594375,
              83755450948750
            ],
            "on_gpu_ticks": [
              83756175632875,
              83756175660875,
              83756176753458,
              83755455401250
            ],
            "wall_render_completion_increment_ms": 6.141457557678223
          },
          {
            "frame": 422,
            "off_gpu_ms": null,
            "on_gpu_ms": null,
            "gpu_increment_ms": null,
            "off_gpu_ticks": [
              83756191144916,
              83756191173208,
              83756193059666,
              83756188266458
            ],
            "on_gpu_ticks": [
              83756194930833,
              83756194939875,
              83756196781208,
              83756183694208
            ],
            "wall_render_completion_increment_ms": -0.1305840015411377
          },
          {
            "frame": 423,
            "off_gpu_ms": null,
            "on_gpu_ms": null,
            "gpu_increment_ms": null,
            "off_gpu_ticks": [
              83756204225666,
              83756204234208,
              83756204583958,
              83756193486375
            ],
            "on_gpu_ticks": [
              83756200121083,
              83756200150333,
              83756201615708,
              83756196987583
            ],
            "wall_render_completion_increment_ms": -0.16145920753479004
          },
          {
            "frame": 424,
            "off_gpu_ms": null,
            "on_gpu_ms": null,
            "gpu_increment_ms": null,
            "off_gpu_ticks": [
              83756209938333,
              83756209947041,
              83756211052208,
              83756205955708
            ],
            "on_gpu_ticks": [
              83756213601583,
              83756213609125,
              83756214242083,
              83756202721500
            ],
            "wall_render_completion_increment_ms": 0.15095901489257812
          },
          {
            "frame": 425,
            "off_gpu_ms": null,
            "on_gpu_ms": null,
            "gpu_increment_ms": null,
            "off_gpu_ticks": [
              83756222861166,
              83756222869958,
              83756223236333,
              83756211746333
            ],
            "on_gpu_ticks": [
              83756218871333,
              83756219031833,
              83756220942916,
              83756215145583
            ],
            "wall_render_completion_increment_ms": 0.1410830020904541
          },
          {
            "frame": 426,
            "off_gpu_ms": null,
            "on_gpu_ms": null,
            "gpu_increment_ms": null,
            "off_gpu_ticks": [
              83756228114291,
              83756228123583,
              83756228402291,
              83756224462833
            ],
            "on_gpu_ticks": [
              83756232575333,
              83756232586500,
              83756232978041,
              83756221113958
            ],
            "wall_render_completion_increment_ms": 1.3952491283416748
          },
          {
            "frame": 427,
            "off_gpu_ms": null,
            "on_gpu_ms": null,
            "gpu_increment_ms": null,
            "off_gpu_ticks": [
              83756243185958,
              83756243215458,
              83756243769208,
              83756229643541
            ],
            "on_gpu_ticks": [
              83756238925375,
              83756238935500,
              83756239334083,
              83756235225958
            ],
            "wall_render_completion_increment_ms": 0.2303328514099121
          },
          {
            "frame": 428,
            "off_gpu_ms": null,
            "on_gpu_ms": null,
            "gpu_increment_ms": null,
            "off_gpu_ticks": [
              83756248005625,
              83756248013208,
              83756248349000,
              83756245043458
            ],
            "on_gpu_ticks": [
              83756250453791,
              83756250461541,
              83756250812416,
              83756240603708
            ],
            "wall_render_completion_increment_ms": 1.451332926750183
          },
          {
            "frame": 429,
            "off_gpu_ms": null,
            "on_gpu_ms": null,
            "gpu_increment_ms": null,
            "off_gpu_ticks": [
              83756260048791,
              83756260057041,
              83756261142250,
              83756249297708
            ],
            "on_gpu_ticks": [
              83756255662583,
              83756255670000,
              83756256044000,
              83756252482166
            ],
            "wall_render_completion_increment_ms": 0.21141552925109863
          },
          {
            "frame": 430,
            "off_gpu_ms": null,
            "on_gpu_ms": null,
            "gpu_increment_ms": null,
            "off_gpu_ticks": [
              83756265204083,
              83756265213041,
              83756265590083,
              83756261863208
            ],
            "on_gpu_ticks": [
              83756269188375,
              83756269197541,
              83756270570000,
              83756257259041
            ],
            "wall_render_completion_increment_ms": -0.24587392807006836
          },
          {
            "frame": 431,
            "off_gpu_ms": null,
            "on_gpu_ms": null,
            "gpu_increment_ms": null,
            "off_gpu_ticks": [
              83756277647875,
              83756277655958,
              83756277983000,
              83756266592916
            ],
            "on_gpu_ticks": [
              83756274098375,
              83756274107375,
              83756274423666,
              83756270799791
            ],
            "wall_render_completion_increment_ms": 1.6293758153915405
          },
          {
            "frame": 432,
            "off_gpu_ms": null,
            "on_gpu_ms": null,
            "gpu_increment_ms": null,
            "off_gpu_ticks": [
              83756281631458,
              83756281640375,
              83756281841791,
              83756278872500
            ],
            "on_gpu_ticks": [
              83756285407916,
              83756285416083,
              83756285891125,
              83756275617500
            ],
            "wall_render_completion_increment_ms": 0.44025087356567383
          },
          {
            "frame": 433,
            "off_gpu_ms": null,
            "on_gpu_ms": null,
            "gpu_increment_ms": null,
            "off_gpu_ticks": [
              83756294580041,
              83756294587958,
              83756294916208,
              83756282853041
            ],
            "on_gpu_ticks": [
              83756291014250,
              83756291023375,
              83756292357708,
              83756286981500
            ],
            "wall_render_completion_increment_ms": 1.695167064666748
          },
          {
            "frame": 434,
            "off_gpu_ms": null,
            "on_gpu_ms": null,
            "gpu_increment_ms": null,
            "off_gpu_ticks": [
              83756298275583,
              83756298284041,
              83756298620875,
              83756295802500
            ],
            "on_gpu_ticks": [
              83756302451416,
              83756302480041,
              83756302917166,
              83756292530791
            ],
            "wall_render_completion_increment_ms": -0.3683319091796875
          },
          {
            "frame": 435,
            "off_gpu_ms": null,
            "on_gpu_ms": null,
            "gpu_increment_ms": null,
            "off_gpu_ticks": [
              83756311137708,
              83756311147333,
              83756311512291,
              83756299848666
            ],
            "on_gpu_ticks": [
              83756307578958,
              83756307589458,
              83756307969625,
              83756304617083
            ],
            "wall_render_completion_increment_ms": 0.010125160217285156
          },
          {
            "frame": 436,
            "off_gpu_ms": null,
            "on_gpu_ms": null,
            "gpu_increment_ms": null,
            "off_gpu_ticks": [
              83756316165041,
              83756316173916,
              83756316528166,
              83756312773750
            ],
            "on_gpu_ticks": [
              83756320169375,
              83756320178083,
              83756321957250,
              83756309590666
            ],
            "wall_render_completion_increment_ms": -0.04341697692871094
          },
          {
            "frame": 437,
            "off_gpu_ms": null,
            "on_gpu_ms": null,
            "gpu_increment_ms": null,
            "off_gpu_ticks": [
              83756330616958,
              83756330625583,
              83756330959875,
              83756317789625
            ],
            "on_gpu_ticks": [
              83756325609250,
              83756325619750,
              83756326000583,
              83756322152291
            ],
            "wall_render_completion_increment_ms": 1.5873758792877197
          },
          {
            "frame": 438,
            "off_gpu_ms": null,
            "on_gpu_ms": null,
            "gpu_increment_ms": null,
            "off_gpu_ticks": [
              83756335521125,
              83756335530208,
              83756336537375,
              83756332049750
            ],
            "on_gpu_ticks": [
              83756339506916,
              83756339515000,
              83756339854041,
              83756328139916
            ],
            "wall_render_completion_increment_ms": 0.11808300018310547
          },
          {
            "frame": 439,
            "off_gpu_ms": null,
            "on_gpu_ms": null,
            "gpu_increment_ms": null,
            "off_gpu_ticks": [
              83756348401916,
              83756348410083,
              83756348727625,
              83756337322791
            ],
            "on_gpu_ticks": [
              83756344397708,
              83756344406208,
              83756344756666,
              83756341220958
            ],
            "wall_render_completion_increment_ms": 0.1260840892791748
          },
          {
            "frame": 440,
            "off_gpu_ms": null,
            "on_gpu_ms": null,
            "gpu_increment_ms": null,
            "off_gpu_ticks": [
              83756353726916,
              83756353735458,
              83756353941708,
              83756349623708
            ],
            "on_gpu_ticks": [
              83756357740916,
              83756357750500,
              83756358030041,
              83756346004208
            ],
            "wall_render_completion_increment_ms": 0.07970905303955078
          },
          {
            "frame": 441,
            "off_gpu_ms": null,
            "on_gpu_ms": null,
            "gpu_increment_ms": null,
            "off_gpu_ticks": [
              83756365324583,
              83756365332625,
              83756365755166,
              83756355047666
            ],
            "on_gpu_ticks": [
              83756362431125,
              83756362439000,
              83756362873208,
              83756359234166
            ],
            "wall_render_completion_increment_ms": -1.2313740253448486
          },
          {
            "frame": 442,
            "off_gpu_ms": null,
            "on_gpu_ms": null,
            "gpu_increment_ms": null,
            "off_gpu_ticks": [
              83756370884333,
              83756370893291,
              83756371109958,
              83756366762041
            ],
            "on_gpu_ticks": [
              83756375048750,
              83756375058958,
              83756375395875,
              83756363944541
            ],
            "wall_render_completion_increment_ms": 0.17545771598815918
          },
          {
            "frame": 443,
            "off_gpu_ms": null,
            "on_gpu_ms": null,
            "gpu_increment_ms": null,
            "off_gpu_ticks": [
              83756384210208,
              83756384220833,
              83756384505875,
              83756372331791
            ],
            "on_gpu_ticks": [
              83756380104583,
              83756380123666,
              83756380489583,
              83756376772666
            ],
            "wall_render_completion_increment_ms": 0.011333703994750977
          },
          {
            "frame": 444,
            "off_gpu_ms": null,
            "on_gpu_ms": null,
            "gpu_increment_ms": null,
            "off_gpu_ticks": [
              83756389376750,
              83756389387666,
              83756389652000,
              83756385932166
            ],
            "on_gpu_ticks": [
              83756393443000,
              83756393452333,
              83756395806041,
              83756381932208
            ],
            "wall_render_completion_increment_ms": 0.2575826644897461
          },
          {
            "frame": 445,
            "off_gpu_ms": null,
            "on_gpu_ms": null,
            "gpu_increment_ms": null,
            "off_gpu_ticks": [
              83756404904208,
              83756404915250,
              83756405374000,
              83756391112208
            ],
            "on_gpu_ticks": [
              83756399124583,
              83756399133333,
              83756399805791,
              83756396014500
            ],
            "wall_render_completion_increment_ms": 2.298166036605835
          },
          {
            "frame": 446,
            "off_gpu_ms": null,
            "on_gpu_ms": null,
            "gpu_increment_ms": null,
            "off_gpu_ticks": [
              83756409824125,
              83756409832208,
              83756411264250,
              83756406628916
            ],
            "on_gpu_ticks": [
              83756414147541,
              83756414156000,
              83756414611250,
              83756402049458
            ],
            "wall_render_completion_increment_ms": -0.053958892822265625
          },
          {
            "frame": 447,
            "off_gpu_ms": null,
            "on_gpu_ms": null,
            "gpu_increment_ms": null,
            "off_gpu_ticks": [
              83756423811666,
              83756423830875,
              83756424139333,
              83756412116833
            ],
            "on_gpu_ticks": [
              83756419411666,
              83756419623583,
              83756419986250,
              83756416441625
            ],
            "wall_render_completion_increment_ms": 0.15108203887939453
          },
          {
            "frame": 448,
            "off_gpu_ms": null,
            "on_gpu_ms": null,
            "gpu_increment_ms": null,
            "off_gpu_ticks": [
              83756428443625,
              83756428452958,
              83756428788416,
              83756425626333
            ],
            "on_gpu_ticks": [
              83756432824083,
              83756432836625,
              83756434773833,
              83756421690625
            ],
            "wall_render_completion_increment_ms": 0.2382509708404541
          },
          {
            "frame": 449,
            "off_gpu_ms": null,
            "on_gpu_ms": null,
            "gpu_increment_ms": null,
            "off_gpu_ticks": [
              83756442121250,
              83756442133875,
              83756442423541,
              83756430161291
            ],
            "on_gpu_ticks": [
              83756437864916,
              83756437874333,
              83756438271000,
              83756434996875
            ],
            "wall_render_completion_increment_ms": 0.4474151134490967
          },
          {
            "frame": 450,
            "off_gpu_ms": null,
            "on_gpu_ms": null,
            "gpu_increment_ms": null,
            "off_gpu_ticks": [
              83756446862041,
              83756446871166,
              83756447213166,
              83756444562916
            ],
            "on_gpu_ticks": [
              83756451290208,
              83756451298375,
              83756452396041,
              83756439929208
            ],
            "wall_render_completion_increment_ms": -0.03645777702331543
          },
          {
            "frame": 451,
            "off_gpu_ms": null,
            "on_gpu_ms": null,
            "gpu_increment_ms": null,
            "off_gpu_ticks": [
              83756459991791,
              83756460200583,
              83756460481875,
              83756448395958
            ],
            "on_gpu_ticks": [
              83756456472458,
              83756456481583,
              83756457582458,
              83756453455458
            ],
            "wall_render_completion_increment_ms": 0.060375213623046875
          },
          {
            "frame": 452,
            "off_gpu_ms": null,
            "on_gpu_ms": null,
            "gpu_increment_ms": null,
            "off_gpu_ticks": [
              83756465668166,
              83756465677750,
              83756465881208,
              83756461493000
            ],
            "on_gpu_ticks": [
              83756469098666,
              83756469107083,
              83756469470458,
              83756458068625
            ],
            "wall_render_completion_increment_ms": 0.08212518692016602
          },
          {
            "frame": 453,
            "off_gpu_ms": null,
            "on_gpu_ms": null,
            "gpu_increment_ms": null,
            "off_gpu_ticks": [
              83756479968958,
              83756479978666,
              83756480215833,
              83756467020791
            ],
            "on_gpu_ticks": [
              83756474657750,
              83756474667333,
              83756476235416,
              83756470812875
            ],
            "wall_render_completion_increment_ms": 1.2019591331481934
          },
          {
            "frame": 454,
            "off_gpu_ms": null,
            "on_gpu_ms": null,
            "gpu_increment_ms": null,
            "off_gpu_ticks": [
              83756484599291,
              83756484627625,
              83756484945958,
              83756481392000
            ],
            "on_gpu_ticks": [
              83756489028000,
              83756489037708,
              83756489351000,
              83756476797208
            ],
            "wall_render_completion_increment_ms": 0.18695926666259766
          },
          {
            "frame": 455,
            "off_gpu_ms": null,
            "on_gpu_ms": null,
            "gpu_increment_ms": null,
            "off_gpu_ticks": [
              83756498037916,
              83756498046208,
              83756498388541,
              83756486540500
            ],
            "on_gpu_ticks": [
              83756493913166,
              83756493937166,
              83756494927166,
              83756490719333
            ],
            "wall_render_completion_increment_ms": -0.09633207321166992
          },
          {
            "frame": 456,
            "off_gpu_ms": null,
            "on_gpu_ms": null,
            "gpu_increment_ms": null,
            "off_gpu_ticks": [
              83756503507291,
              83756503516208,
              83756503731833,
              83756499433583
            ],
            "on_gpu_ticks": [
              83756507675833,
              83756507687708,
              83756510295083,
              83756496056916
            ],
            "wall_render_completion_increment_ms": 1.5697083473205566
          },
          {
            "frame": 457,
            "off_gpu_ms": null,
            "on_gpu_ms": null,
            "gpu_increment_ms": null,
            "off_gpu_ticks": [
              83756518518333,
              83756518543666,
              83756520004750,
              83756504804000
            ],
            "on_gpu_ticks": [
              83756514126333,
              83756514134750,
              83756516103000,
              83756510605541
            ],
            "wall_render_completion_increment_ms": 0.016250133514404297
          },
          {
            "frame": 458,
            "off_gpu_ms": null,
            "on_gpu_ms": null,
            "gpu_increment_ms": null,
            "off_gpu_ticks": [
              83756523376541,
              83756523386041,
              83756523796416,
              83756521043375
            ],
            "on_gpu_ticks": [
              83756527542708,
              83756527553250,
              83756528004625,
              83756516322083
            ],
            "wall_render_completion_increment_ms": 0.10437488555908203
          },
          {
            "frame": 459,
            "off_gpu_ms": null,
            "on_gpu_ms": null,
            "gpu_increment_ms": null,
            "off_gpu_ticks": [
              83756538388250,
              83756538398125,
              83756538853083,
              83756525247375
            ],
            "on_gpu_ticks": [
              83756533132666,
              83756533144541,
              83756533534875,
              83756529820375
            ],
            "wall_render_completion_increment_ms": 2.1266658306121826
          },
          {
            "frame": 460,
            "off_gpu_ms": null,
            "on_gpu_ms": null,
            "gpu_increment_ms": null,
            "off_gpu_ticks": [
              83756543035833,
              83756543046458,
              83756543504208,
              83756540238375
            ],
            "on_gpu_ticks": [
              83756547191791,
              83756547202000,
              83756547700291,
              83756535957583
            ],
            "wall_render_completion_increment_ms": -0.45675063133239746
          },
          {
            "frame": 461,
            "off_gpu_ms": null,
            "on_gpu_ms": null,
            "gpu_increment_ms": null,
            "off_gpu_ticks": [
              83756556237166,
              83756556244666,
              83756556538000,
              83756544851416
            ],
            "on_gpu_ticks": [
              83756551928000,
              83756551939000,
              83756552394625,
              83756549560958
            ],
            "wall_render_completion_increment_ms": 0.44220685958862305
          },
          {
            "frame": 462,
            "off_gpu_ms": null,
            "on_gpu_ms": null,
            "gpu_increment_ms": null,
            "off_gpu_ticks": [
              83756561061166,
              83756561070125,
              83756561273583,
              83756557466500
            ],
            "on_gpu_ticks": [
              83756565239416,
              83756565248791,
              83756566593250,
              83756554351458
            ],
            "wall_render_completion_increment_ms": -0.0005824565887451172
          },
          {
            "frame": 463,
            "off_gpu_ms": null,
            "on_gpu_ms": null,
            "gpu_increment_ms": null,
            "off_gpu_ticks": [
              83756574161125,
              83756574171041,
              83756574403083,
              83756562203083
            ],
            "on_gpu_ticks": [
              83756569706958,
              83756569714791,
              83756570186791,
              83756566756291
            ],
            "wall_render_completion_increment_ms": -0.0020842552185058594
          },
          {
            "frame": 464,
            "off_gpu_ms": null,
            "on_gpu_ms": null,
            "gpu_increment_ms": null,
            "off_gpu_ticks": [
              83756578704375,
              83756578712083,
              83756579218708,
              83756575417625
            ],
            "on_gpu_ticks": [
              83756581199333,
              83756581207125,
              83756581571583,
              83756571202041
            ],
            "wall_render_completion_increment_ms": 1.511083960533142
          },
          {
            "frame": 465,
            "off_gpu_ms": null,
            "on_gpu_ms": null,
            "gpu_increment_ms": null,
            "off_gpu_ticks": [
              83756590647416,
              83756590659750,
              83756592133833,
              83756579961958
            ],
            "on_gpu_ticks": [
              83756586253000,
              83756586261000,
              83756587619583,
              83756582704791
            ],
            "wall_render_completion_increment_ms": -0.032042741775512695
          },
          {
            "frame": 466,
            "off_gpu_ms": null,
            "on_gpu_ms": null,
            "gpu_increment_ms": null,
            "off_gpu_ticks": [
              83756595602166,
              83756595612708,
              83756595909291,
              83756592344125
            ],
            "on_gpu_ticks": [
              83756598759041,
              83756598768541,
              83756599229333,
              83756587774583
            ],
            "wall_render_completion_increment_ms": 0.5869600772857666
          },
          {
            "frame": 467,
            "off_gpu_ms": null,
            "on_gpu_ms": null,
            "gpu_increment_ms": null,
            "off_gpu_ticks": [
              83756607612000,
              83756607619833,
              83756607905875,
              83756597265583
            ],
            "on_gpu_ticks": [
              83756604079916,
              83756604105291,
              83756604556208,
              83756601444041
            ],
            "wall_render_completion_increment_ms": 0.3736240863800049
          },
          {
            "frame": 468,
            "off_gpu_ms": null,
            "on_gpu_ms": null,
            "gpu_increment_ms": null,
            "off_gpu_ticks": [
              83756612426125,
              83756612433750,
              83756612756166,
              83756608864375
            ],
            "on_gpu_ticks": [
              83756616555208,
              83756616565208,
              83756616882291,
              83756606169500
            ],
            "wall_render_completion_increment_ms": 0.231917142868042
          },
          {
            "frame": 469,
            "off_gpu_ms": null,
            "on_gpu_ms": null,
            "gpu_increment_ms": null,
            "off_gpu_ticks": [
              83756625671458,
              83756625681416,
              83756625923000,
              83756613640458
            ],
            "on_gpu_ticks": [
              83756621193250,
              83756621200958,
              83756621551750,
              83756618077041
            ],
            "wall_render_completion_increment_ms": 0.20391583442687988
          },
          {
            "frame": 470,
            "off_gpu_ms": null,
            "on_gpu_ms": null,
            "gpu_increment_ms": null,
            "off_gpu_ticks": [
              83756630157291,
              83756630165083,
              83756630749166,
              83756627626208
            ],
            "on_gpu_ticks": [
              83756632746583,
              83756632754458,
              83756634812791,
              83756622696041
            ],
            "wall_render_completion_increment_ms": 1.1069990396499634
          },
          {
            "frame": 471,
            "off_gpu_ms": null,
            "on_gpu_ms": null,
            "gpu_increment_ms": null,
            "off_gpu_ticks": [
              83756641840333,
              83756641862375,
              83756642760458,
              83756631474583
            ],
            "on_gpu_ticks": [
              83756637384500,
              83756637408750,
              83756637811458,
              83756634995750
            ],
            "wall_render_completion_increment_ms": -0.0996241569519043
          },
          {
            "frame": 472,
            "off_gpu_ms": null,
            "on_gpu_ms": null,
            "gpu_increment_ms": null,
            "off_gpu_ticks": [
              83756646489166,
              83756646496458,
              83756646870916,
              83756643617166
            ],
            "on_gpu_ticks": [
              83756649032083,
              83756649040041,
              83756649401833,
              83756639100625
            ],
            "wall_render_completion_increment_ms": 1.4582922458648682
          },
          {
            "frame": 473,
            "off_gpu_ms": null,
            "on_gpu_ms": null,
            "gpu_increment_ms": null,
            "off_gpu_ticks": [
              83756658990083,
              83756659002541,
              83756661500458,
              83756647696666
            ],
            "on_gpu_ticks": [
              83756654447541,
              83756654456000,
              83756654879041,
              83756650632208
            ],
            "wall_render_completion_increment_ms": -1.3468329906463623
          },
          {
            "frame": 474,
            "off_gpu_ms": null,
            "on_gpu_ms": null,
            "gpu_increment_ms": null,
            "off_gpu_ticks": [
              83756665614000,
              83756665627583,
              83756665945750,
              83756661768333
            ],
            "on_gpu_ticks": [
              83756668965125,
              83756669168708,
              83756669625458,
              83756655954833
            ],
            "wall_render_completion_increment_ms": 0.12495875358581543
          },
          {
            "frame": 475,
            "off_gpu_ms": null,
            "on_gpu_ms": null,
            "gpu_increment_ms": null,
            "off_gpu_ticks": [
              83756679752583,
              83756679763500,
              83756680259958,
              83756667687333
            ],
            "on_gpu_ticks": [
              83756674467250,
              83756674480958,
              83756675720916,
              83756671684291
            ],
            "wall_render_completion_increment_ms": 1.372084379196167
          },
          {
            "frame": 476,
            "off_gpu_ms": null,
            "on_gpu_ms": null,
            "gpu_increment_ms": null,
            "off_gpu_ticks": [
              83756684697541,
              83756684742666,
              83756685981958,
              83756681621916
            ],
            "on_gpu_ticks": [
              83756688761958,
              83756688770375,
              83756689167750,
              83756677752416
            ],
            "wall_render_completion_increment_ms": 0.058416128158569336
          },
          {
            "frame": 477,
            "off_gpu_ms": null,
            "on_gpu_ms": null,
            "gpu_increment_ms": null,
            "off_gpu_ticks": [
              83756698641166,
              83756698649875,
              83756698871083,
              83756686716541
            ],
            "on_gpu_ticks": [
              83756693864208,
              83756693913166,
              83756694312083,
              83756690602541
            ],
            "wall_render_completion_increment_ms": 0.04812479019165039
          },
          {
            "frame": 478,
            "off_gpu_ms": null,
            "on_gpu_ms": null,
            "gpu_increment_ms": null,
            "off_gpu_ticks": [
              83756703919666,
              83756703927416,
              83756704321250,
              83756699793791
            ],
            "on_gpu_ticks": [
              83756706905666,
              83756706912083,
              83756707339541,
              83756695642125
            ],
            "wall_render_completion_increment_ms": 1.5177494287490845
          },
          {
            "frame": 479,
            "off_gpu_ms": null,
            "on_gpu_ms": null,
            "gpu_increment_ms": null,
            "off_gpu_ticks": [
              83756717528833,
              83756717537708,
              83756718653875,
              83756705084958
            ],
            "on_gpu_ticks": [
              83756712668375,
              83756712718125,
              83756713917666,
              83756708344708
            ],
            "wall_render_completion_increment_ms": 0.12112617492675781
          }
        ]
      },
      "swarm": {
        "frames": 0,
        "valid_gpu_frames": 0,
        "invalid_gpu_frames": 0,
        "gpu_increment_ms": null,
        "mean_gpu_increment_ms": null,
        "wall_render_completion_increment_ms": null,
        "mean_wall_render_completion_increment_ms": null,
        "wall_render_completion_mean_95pct_ci_ms": null,
        "wall_mean_upper_95pct_under_1ms": null,
        "off_first_frames": 0,
        "on_first_frames": 0,
        "off_first_mean_wall_increment_ms": null,
        "on_first_mean_wall_increment_ms": null,
        "encode_increment_ms": null,
        "cpu_gpu_increment_ms": null,
        "gpu_increment_under_1ms_p99": null,
        "all_gpu_increments_under_1ms": null,
        "frame_results": []
      },
      "after": {
        "frames": 0,
        "valid_gpu_frames": 0,
        "invalid_gpu_frames": 0,
        "gpu_increment_ms": null,
        "mean_gpu_increment_ms": null,
        "wall_render_completion_increment_ms": null,
        "mean_wall_render_completion_increment_ms": null,
        "wall_render_completion_mean_95pct_ci_ms": null,
        "wall_mean_upper_95pct_under_1ms": null,
        "off_first_frames": 0,
        "on_first_frames": 0,
        "off_first_mean_wall_increment_ms": null,
        "on_first_mean_wall_increment_ms": null,
        "encode_increment_ms": null,
        "cpu_gpu_increment_ms": null,
        "gpu_increment_under_1ms_p99": null,
        "all_gpu_increments_under_1ms": null,
        "frame_results": []
      }
    }
  },
  "sprite_area_method": "Sum of half-width times (half-width plus half-tail) over squared camera distance, before GPU clipping; an angular overdraw proxy, not pixel coverage.",
  "particle_comparison": null,
  "flash_light_comparison": null,
  "phases": {
    "before": {
      "frames": 480,
      "frame_ms": {
        "p50": 5.3298749923706055,
        "p99": 11.334959030151367,
        "max": 149.6223907470703
      },
      "continuous_iteration_ms": {
        "p50": 9.560542106628418,
        "p99": 746.349365234375,
        "max": 1499.68115234375
      },
      "component_sum_ms": {
        "p50": 5.3298749923706055,
        "p99": 11.334959030151367,
        "max": 149.6223907470703
      },
      "tick_ms": {
        "p50": 0.1378750056028366,
        "p99": 0.46866700053215027,
        "max": 0.5167080163955688
      },
      "dynamic_mesh_ms": {
        "p50": 0.8210000395774841,
        "p99": 0.9398329854011536,
        "max": 0.9689159989356995
      },
      "encode_ms": {
        "p50": 0.834958016872406,
        "p99": 1.2999159097671509,
        "max": 132.978759765625
      },
      "gpu_wait_ms": {
        "p50": 3.2117919921875,
        "p99": 9.210916519165039,
        "max": 15.756667137145996
      },
      "town_swarm_ms": {
        "p50": 0.0017079999670386314,
        "p99": 0.003415999934077263,
        "max": 0.004999999888241291
      },
      "town_physics_ms": {
        "p50": 0.0003339999821037054,
        "p99": 0.0007919999770820141,
        "max": 0.002374999923631549
      },
      "physics_detect_ms": {
        "p50": 0.0,
        "p99": 0.0,
        "max": 0.0
      },
      "physics_solve_ms": {
        "p50": 0.0,
        "p99": 0.0,
        "max": 0.0
      },
      "physics_step_ms": {
        "p50": 0.0,
        "p99": 0.0,
        "max": 0.0
      },
      "physics_steps_max": 0,
      "geometry_updates_max": 0,
      "body_records_max": 1,
      "collider_records_max": 1,
      "town_sync_ms": {
        "p50": 0.002624999964609742,
        "p99": 0.29695799946784973,
        "max": 0.37187501788139343
      },
      "town_pose_ms": {
        "p50": 0.00041700000292621553,
        "p99": 0.0008750000270083547,
        "max": 0.0012080000014975667
      },
      "town_solids_ms": {
        "p50": 0.0,
        "p99": 0.0,
        "max": 0.0012499999720603228
      },
      "chunks_max": 0,
      "posed_vertices_max": 0,
      "rigid_instances_max": 0,
      "awake_bodies_max": 0,
      "sleeping_bodies_max": 0,
      "merged_chunks_max": 0,
      "static_parts_max": 0,
      "static_groups_max": 0,
      "static_vertices_max": 0,
      "static_transformed_vertices_cumulative": 0,
      "static_rebuilds_cumulative": 0,
      "contact_points_max": 0,
      "warm_candidates_max": 0,
      "debris_end": {
        "frame": 479,
        "rigid_instances": 0,
        "awake_bodies": 0,
        "sleeping_bodies": 0,
        "merged_chunks": 0,
        "contact_points": 0,
        "warm_candidates": 0,
        "static_parts": 0,
        "static_groups": 0,
        "static_vertices": 0,
        "static_transformed_vertices_cumulative": 0,
        "static_rebuilds_cumulative": 0
      },
      "sprites_max": 0,
      "ribbons_max": 0,
      "ribbon_segments_max": 0,
      "draws_max": 577,
      "triangles_max": 544092,
      "flash_lights_selected_max": 0,
      "lit_alpha_max": 0,
      "density_max": 0.0,
      "most_sprites_snapshot": {
        "frame": 479,
        "sprites": 0,
        "lit_alpha": 0,
        "density_max": 0.0,
        "sprite_angular_area": 0.0,
        "lit_alpha_angular_area": 0.0
      },
      "most_sprite_area_snapshot": {
        "frame": 479,
        "sprites": 0,
        "lit_alpha": 0,
        "density_max": 0.0,
        "sprite_angular_area": 0.0,
        "lit_alpha_angular_area": 0.0
      },
      "most_lit_alpha_area_snapshot": {
        "frame": 479,
        "sprites": 0,
        "lit_alpha": 0,
        "density_max": 0.0,
        "sprite_angular_area": 0.0,
        "lit_alpha_angular_area": 0.0
      }
    },
    "swarm": {
      "frames": 0,
      "frame_ms": null,
      "continuous_iteration_ms": null,
      "component_sum_ms": null,
      "tick_ms": null,
      "dynamic_mesh_ms": null,
      "encode_ms": null,
      "gpu_wait_ms": null,
      "town_swarm_ms": null,
      "town_physics_ms": null,
      "physics_detect_ms": null,
      "physics_solve_ms": null,
      "physics_step_ms": null,
      "physics_steps_max": 0,
      "geometry_updates_max": 0,
      "body_records_max": 0,
      "collider_records_max": 0,
      "town_sync_ms": null,
      "town_pose_ms": null,
      "town_solids_ms": null,
      "chunks_max": 0,
      "posed_vertices_max": 0,
      "rigid_instances_max": 0,
      "awake_bodies_max": 0,
      "sleeping_bodies_max": 0,
      "merged_chunks_max": 0,
      "static_parts_max": 0,
      "static_groups_max": 0,
      "static_vertices_max": 0,
      "static_transformed_vertices_cumulative": 0,
      "static_rebuilds_cumulative": 0,
      "contact_points_max": 0,
      "warm_candidates_max": 0,
      "debris_end": null,
      "sprites_max": 0,
      "ribbons_max": 0,
      "ribbon_segments_max": 0,
      "draws_max": 0,
      "triangles_max": 0,
      "flash_lights_selected_max": 0,
      "lit_alpha_max": 0,
      "density_max": 0.0,
      "most_sprites_snapshot": null,
      "most_sprite_area_snapshot": null,
      "most_lit_alpha_area_snapshot": null
    },
    "after": {
      "frames": 0,
      "frame_ms": null,
      "continuous_iteration_ms": null,
      "component_sum_ms": null,
      "tick_ms": null,
      "dynamic_mesh_ms": null,
      "encode_ms": null,
      "gpu_wait_ms": null,
      "town_swarm_ms": null,
      "town_physics_ms": null,
      "physics_detect_ms": null,
      "physics_solve_ms": null,
      "physics_step_ms": null,
      "physics_steps_max": 0,
      "geometry_updates_max": 0,
      "body_records_max": 0,
      "collider_records_max": 0,
      "town_sync_ms": null,
      "town_pose_ms": null,
      "town_solids_ms": null,
      "chunks_max": 0,
      "posed_vertices_max": 0,
      "rigid_instances_max": 0,
      "awake_bodies_max": 0,
      "sleeping_bodies_max": 0,
      "merged_chunks_max": 0,
      "static_parts_max": 0,
      "static_groups_max": 0,
      "static_vertices_max": 0,
      "static_transformed_vertices_cumulative": 0,
      "static_rebuilds_cumulative": 0,
      "contact_points_max": 0,
      "warm_candidates_max": 0,
      "debris_end": null,
      "sprites_max": 0,
      "ribbons_max": 0,
      "ribbon_segments_max": 0,
      "draws_max": 0,
      "triangles_max": 0,
      "flash_lights_selected_max": 0,
      "lit_alpha_max": 0,
      "density_max": 0.0,
      "most_sprites_snapshot": null,
      "most_sprite_area_snapshot": null,
      "most_lit_alpha_area_snapshot": null
    }
  }
}
slowest frame to render: 315 ms; most sprites in a frame: 0
