kit: licensed
baking the light
t 0.0 s · summed work 135.7 ms (tick 0.0, mesh 1.0, encode 119.1, wait 15.6) · raised 0 · pieces 0 · chunks 0 · sprites 0 · Meteor Showcase · 0 meteors in flight · 1: cast eight · R: rebuild · the caster casts again after each rebuild
t 1.0 s · summed work 5.2 ms (tick 0.5, mesh 0.8, encode 0.7, wait 3.2) · raised 0 · pieces 0 · chunks 0 · sprites 0 · Meteor Showcase · 0 meteors in flight · 1: cast eight · R: rebuild · the caster casts again after each rebuild
t 2.0 s · summed work 4.8 ms (tick 0.1, mesh 0.8, encode 1.0, wait 2.9) · raised 0 · pieces 0 · chunks 0 · sprites 0 · Meteor Showcase · 0 meteors in flight · 1: cast eight · R: rebuild · the caster casts again after each rebuild
t 3.0 s · summed work 6.5 ms (tick 0.1, mesh 0.8, encode 0.9, wait 4.7) · raised 0 · pieces 0 · chunks 0 · sprites 0 · Meteor Showcase · 0 meteors in flight · 1: cast eight · R: rebuild · the caster casts again after each rebuild
t 4.0 s · summed work 6.6 ms (tick 0.1, mesh 0.8, encode 1.0, wait 4.7) · raised 0 · pieces 0 · chunks 0 · sprites 0 · Meteor Showcase · 0 meteors in flight · 1: cast eight · R: rebuild · the caster casts again after each rebuild
t 5.0 s · summed work 6.5 ms (tick 0.1, mesh 0.8, encode 0.9, wait 4.7) · raised 0 · pieces 0 · chunks 0 · sprites 0 · Meteor Showcase · 0 meteors in flight · 1: cast eight · R: rebuild · the caster casts again after each rebuild
t 6.0 s · summed work 6.6 ms (tick 0.2, mesh 0.9, encode 0.9, wait 4.7) · raised 0 · pieces 0 · chunks 0 · sprites 0 · Meteor Showcase · 0 meteors in flight · 1: cast eight · R: rebuild · the caster casts again after each rebuild
t 7.0 s · summed work 7.0 ms (tick 0.1, mesh 0.9, encode 1.3, wait 4.7) · raised 0 · pieces 0 · chunks 0 · sprites 0 · Meteor Showcase · 0 meteors in flight · 1: cast eight · R: rebuild · the caster casts again after each rebuild
{
  "mode": "live",
  "camera_path": "pan",
  "static_houses": true,
  "sequence_frames": [
    120,
    135
  ],
  "readback_every_frame": false,
  "submission_timing": {
    "policy": "serial_diagnostics",
    "serial_frames_flag": false,
    "pending_frame_limit": 1,
    "maximum_pending_frames": 1,
    "submitted_frames": 480,
    "completed_frames": 480,
    "temporal_baseline_submitted_frames": 480,
    "temporal_baseline_completed_frames": 480,
    "elapsed_through_final_drain_ms": 18413.085583,
    "completed_frames_per_second": 26.06841736743803,
    "final_drain_ms": 0.001125000067986548,
    "final_drain_charged_to_frame": 479,
    "warmup_submissions": 0,
    "warmup_drain_ms": 0.0,
    "warmup_method": "This stage required no separate exposure warm-up submissions.",
    "png_writes_and_progress_logs_deferred": false,
    "deferred_png_memory_bound_bytes": 1073741824,
    "continuous_iteration_ms": {
      "p50": 10.26058292388916,
      "p99": 748.7389526367188,
      "max": 1455.939208984375
    },
    "start_to_observed_completion_ms": {
      "p50": 7.848875045776367,
      "p99": 18.481542587280273,
      "max": 295.8257141113281
    },
    "submit_to_observed_completion_ms": {
      "p50": 4.099667072296143,
      "p99": 9.098584175109863,
      "max": 15.09362506866455
    },
    "frames": [
      {
        "index": 0,
        "started_ms": 0.0,
        "submitted_ms": 281.57987499999996,
        "observed_completed_ms": 295.825708,
        "start_to_observed_completion_ms": 295.825708,
        "submit_to_observed_completion_ms": 14.245833000000061,
        "continuous_iteration_ms": 297.3575134277344,
        "frame_ms": 135.67391967773438,
        "component_sum_ms": 135.67391967773438,
        "tick_ms": 0.0,
        "dynamic_mesh_ms": 0.9767919778823853,
        "encode_ms": 119.06841278076172,
        "admission_or_completion_ms": 15.628707885742188
      },
      {
        "index": 1,
        "started_ms": 297.3575,
        "submitted_ms": 300.073792,
        "observed_completed_ms": 307.64608300000003,
        "start_to_observed_completion_ms": 10.288583000000017,
        "submit_to_observed_completion_ms": 7.572291000000007,
        "continuous_iteration_ms": 17.697168350219727,
        "frame_ms": 10.47337532043457,
        "component_sum_ms": 10.47337532043457,
        "tick_ms": 0.3811669945716858,
        "dynamic_mesh_ms": 0.9293749928474426,
        "encode_ms": 1.4010419845581055,
        "admission_or_completion_ms": 7.761790752410889
      },
      {
        "index": 2,
        "started_ms": 315.054667,
        "submitted_ms": 324.2085,
        "observed_completed_ms": 327.240333,
        "start_to_observed_completion_ms": 12.185666000000026,
        "submit_to_observed_completion_ms": 3.031833000000006,
        "continuous_iteration_ms": 12.30583381652832,
        "frame_ms": 5.110417366027832,
        "component_sum_ms": 5.110417366027832,
        "tick_ms": 0.21712499856948853,
        "dynamic_mesh_ms": 0.8641669750213623,
        "encode_ms": 0.8822500109672546,
        "admission_or_completion_ms": 3.1468751430511475
      },
      {
        "index": 3,
        "started_ms": 327.3605,
        "submitted_ms": 329.218208,
        "observed_completed_ms": 332.262208,
        "start_to_observed_completion_ms": 4.901707999999985,
        "submit_to_observed_completion_ms": 3.0439999999999827,
        "continuous_iteration_ms": 9.11441707611084,
        "frame_ms": 5.014041900634766,
        "component_sum_ms": 5.014041900634766,
        "tick_ms": 0.2121250033378601,
        "dynamic_mesh_ms": 0.8428330421447754,
        "encode_ms": 0.7999579906463623,
        "admission_or_completion_ms": 3.159126043319702
      },
      {
        "index": 4,
        "started_ms": 336.474917,
        "submitted_ms": 342.562375,
        "observed_completed_ms": 345.593792,
        "start_to_observed_completion_ms": 9.118875000000003,
        "submit_to_observed_completion_ms": 3.031417000000033,
        "continuous_iteration_ms": 9.242290496826172,
        "frame_ms": 5.274126052856445,
        "component_sum_ms": 5.274126052856445,
        "tick_ms": 0.4193340241909027,
        "dynamic_mesh_ms": 0.8448749780654907,
        "encode_ms": 0.8606250286102295,
        "admission_or_completion_ms": 3.149292230606079
      },
      {
        "index": 5,
        "started_ms": 345.71720799999997,
        "submitted_ms": 347.649125,
        "observed_completed_ms": 350.693667,
        "start_to_observed_completion_ms": 4.976459000000034,
        "submit_to_observed_completion_ms": 3.0445419999999785,
        "continuous_iteration_ms": 9.093375205993652,
        "frame_ms": 5.0907511711120605,
        "component_sum_ms": 5.0907511711120605,
        "tick_ms": 0.1385829895734787,
        "dynamic_mesh_ms": 0.8278340101242065,
        "encode_ms": 0.9639170169830322,
        "admission_or_completion_ms": 3.160417079925537
      },
      {
        "index": 6,
        "started_ms": 354.810583,
        "submitted_ms": 359.261917,
        "observed_completed_ms": 362.29429200000004,
        "start_to_observed_completion_ms": 7.483709000000033,
        "submit_to_observed_completion_ms": 3.0323750000000587,
        "continuous_iteration_ms": 7.613708972930908,
        "frame_ms": 5.116833686828613,
        "component_sum_ms": 5.116833686828613,
        "tick_ms": 0.1635420024394989,
        "dynamic_mesh_ms": 0.8812919855117798,
        "encode_ms": 0.9151250123977661,
        "admission_or_completion_ms": 3.156874895095825
      },
      {
        "index": 7,
        "started_ms": 362.424292,
        "submitted_ms": 364.303833,
        "observed_completed_ms": 367.336958,
        "start_to_observed_completion_ms": 4.9126660000000015,
        "submit_to_observed_completion_ms": 3.033124999999984,
        "continuous_iteration_ms": 8.907291412353516,
        "frame_ms": 5.0269999504089355,
        "component_sum_ms": 5.0269999504089355,
        "tick_ms": 0.17524999380111694,
        "dynamic_mesh_ms": 0.8576670289039612,
        "encode_ms": 0.8451659679412842,
        "admission_or_completion_ms": 3.1489169597625732
      },
      {
        "index": 8,
        "started_ms": 371.331583,
        "submitted_ms": 375.87533299999996,
        "observed_completed_ms": 378.91108299999996,
        "start_to_observed_completion_ms": 7.579499999999939,
        "submit_to_observed_completion_ms": 3.0357500000000073,
        "continuous_iteration_ms": 7.712584018707275,
        "frame_ms": 5.27025032043457,
        "component_sum_ms": 5.27025032043457,
        "tick_ms": 0.3272089958190918,
        "dynamic_mesh_ms": 0.8379999995231628,
        "encode_ms": 0.9424579739570618,
        "admission_or_completion_ms": 3.162583112716675
      },
      {
        "index": 9,
        "started_ms": 379.044167,
        "submitted_ms": 381.065083,
        "observed_completed_ms": 384.106792,
        "start_to_observed_completion_ms": 5.062624999999969,
        "submit_to_observed_completion_ms": 3.041708999999969,
        "continuous_iteration_ms": 9.168624877929688,
        "frame_ms": 5.183209419250488,
        "component_sum_ms": 5.183209419250488,
        "tick_ms": 0.2652920186519623,
        "dynamic_mesh_ms": 0.8408750295639038,
        "encode_ms": 0.9127079844474792,
        "admission_or_completion_ms": 3.1643340587615967
      },
      {
        "index": 10,
        "started_ms": 388.212792,
        "submitted_ms": 394.14558300000004,
        "observed_completed_ms": 397.183875,
        "start_to_observed_completion_ms": 8.971083000000021,
        "submit_to_observed_completion_ms": 3.038291999999956,
        "continuous_iteration_ms": 9.092666625976562,
        "frame_ms": 5.017582893371582,
        "component_sum_ms": 5.017582893371582,
        "tick_ms": 0.16129200160503387,
        "dynamic_mesh_ms": 0.8720409870147705,
        "encode_ms": 0.8306249976158142,
        "admission_or_completion_ms": 3.153625249862671
      },
      {
        "index": 11,
        "started_ms": 397.305458,
        "submitted_ms": 399.26574999999997,
        "observed_completed_ms": 402.305292,
        "start_to_observed_completion_ms": 4.999834000000021,
        "submit_to_observed_completion_ms": 3.03954200000004,
        "continuous_iteration_ms": 9.053999900817871,
        "frame_ms": 5.1126251220703125,
        "component_sum_ms": 5.1126251220703125,
        "tick_ms": 0.16541700065135956,
        "dynamic_mesh_ms": 0.8660410046577454,
        "encode_ms": 0.9260419607162476,
        "admission_or_completion_ms": 3.155125141143799
      },
      {
        "index": 12,
        "started_ms": 406.359458,
        "submitted_ms": 410.792167,
        "observed_completed_ms": 413.835083,
        "start_to_observed_completion_ms": 7.4756249999999795,
        "submit_to_observed_completion_ms": 3.042915999999991,
        "continuous_iteration_ms": 7.613833904266357,
        "frame_ms": 5.025084018707275,
        "component_sum_ms": 5.025084018707275,
        "tick_ms": 0.20579200983047485,
        "dynamic_mesh_ms": 0.8261249661445618,
        "encode_ms": 0.8180840015411377,
        "admission_or_completion_ms": 3.1750829219818115
      },
      {
        "index": 13,
        "started_ms": 413.973292,
        "submitted_ms": 416.05770800000005,
        "observed_completed_ms": 419.094542,
        "start_to_observed_completion_ms": 5.121249999999975,
        "submit_to_observed_completion_ms": 3.036833999999942,
        "continuous_iteration_ms": 9.124333381652832,
        "frame_ms": 5.232916831970215,
        "component_sum_ms": 5.232916831970215,
        "tick_ms": 0.3930000066757202,
        "dynamic_mesh_ms": 0.8338339924812317,
        "encode_ms": 0.8544999957084656,
        "admission_or_completion_ms": 3.151582956314087
      },
      {
        "index": 14,
        "started_ms": 423.097625,
        "submitted_ms": 427.43691700000005,
        "observed_completed_ms": 430.476042,
        "start_to_observed_completion_ms": 7.378417000000013,
        "submit_to_observed_completion_ms": 3.039124999999956,
        "continuous_iteration_ms": 7.498499870300293,
        "frame_ms": 4.979708671569824,
        "component_sum_ms": 4.979708671569824,
        "tick_ms": 0.22516600787639618,
        "dynamic_mesh_ms": 0.8287500143051147,
        "encode_ms": 0.7713339924812317,
        "admission_or_completion_ms": 3.154458999633789
      },
      {
        "index": 15,
        "started_ms": 430.596125,
        "submitted_ms": 432.575083,
        "observed_completed_ms": 435.257333,
        "start_to_observed_completion_ms": 4.661208000000045,
        "submit_to_observed_completion_ms": 2.6822500000000105,
        "continuous_iteration_ms": 8.696000099182129,
        "frame_ms": 4.774291038513184,
        "component_sum_ms": 4.774291038513184,
        "tick_ms": 0.21833300590515137,
        "dynamic_mesh_ms": 0.8539159893989563,
        "encode_ms": 0.904416024684906,
        "admission_or_completion_ms": 2.79762601852417
      },
      {
        "index": 16,
        "started_ms": 439.292125,
        "submitted_ms": 445.26379199999997,
        "observed_completed_ms": 448.304083,
        "start_to_observed_completion_ms": 9.011957999999993,
        "submit_to_observed_completion_ms": 3.0402910000000247,
        "continuous_iteration_ms": 9.14354133605957,
        "frame_ms": 5.070084095001221,
        "component_sum_ms": 5.070084095001221,
        "tick_ms": 0.25733301043510437,
        "dynamic_mesh_ms": 0.8671669960021973,
        "encode_ms": 0.781125009059906,
        "admission_or_completion_ms": 3.164458990097046
      },
      {
        "index": 17,
        "started_ms": 448.43566699999997,
        "submitted_ms": 450.307125,
        "observed_completed_ms": 453.34837500000003,
        "start_to_observed_completion_ms": 4.912708000000066,
        "submit_to_observed_completion_ms": 3.0412500000000477,
        "continuous_iteration_ms": 7.551665782928467,
        "frame_ms": 5.0699591636657715,
        "component_sum_ms": 5.0699591636657715,
        "tick_ms": 0.1599999964237213,
        "dynamic_mesh_ms": 0.8235830068588257,
        "encode_ms": 0.8860419988632202,
        "admission_or_completion_ms": 3.200334072113037
      },
      {
        "index": 18,
        "started_ms": 455.987333,
        "submitted_ms": 460.32870799999995,
        "observed_completed_ms": 463.377208,
        "start_to_observed_completion_ms": 7.389875000000018,
        "submit_to_observed_completion_ms": 3.048500000000047,
        "continuous_iteration_ms": 7.521999835968018,
        "frame_ms": 5.019165992736816,
        "component_sum_ms": 5.019165992736816,
        "tick_ms": 0.1496250033378601,
        "dynamic_mesh_ms": 0.8395410180091858,
        "encode_ms": 0.854541003704071,
        "admission_or_completion_ms": 3.1754589080810547
      },
      {
        "index": 19,
        "started_ms": 463.509333,
        "submitted_ms": 465.419833,
        "observed_completed_ms": 468.019,
        "start_to_observed_completion_ms": 4.509666999999979,
        "submit_to_observed_completion_ms": 2.5991670000000227,
        "continuous_iteration_ms": 8.52891731262207,
        "frame_ms": 4.624500274658203,
        "component_sum_ms": 4.624500274658203,
        "tick_ms": 0.21912498772144318,
        "dynamic_mesh_ms": 0.815625011920929,
        "encode_ms": 0.8740000128746033,
        "admission_or_completion_ms": 2.715749979019165
      },
      {
        "index": 20,
        "started_ms": 472.03825,
        "submitted_ms": 476.434417,
        "observed_completed_ms": 479.472542,
        "start_to_observed_completion_ms": 7.434291999999971,
        "submit_to_observed_completion_ms": 3.0381249999999795,
        "continuous_iteration_ms": 7.5689167976379395,
        "frame_ms": 5.044248580932617,
        "component_sum_ms": 5.044248580932617,
        "tick_ms": 0.20729099214076996,
        "dynamic_mesh_ms": 0.85999995470047,
        "encode_ms": 0.809249997138977,
        "admission_or_completion_ms": 3.167707920074463
      },
      {
        "index": 21,
        "started_ms": 479.607167,
        "submitted_ms": 481.505292,
        "observed_completed_ms": 484.54225,
        "start_to_observed_completion_ms": 4.93508300000002,
        "submit_to_observed_completion_ms": 3.036958000000027,
        "continuous_iteration_ms": 8.987125396728516,
        "frame_ms": 5.0491251945495605,
        "component_sum_ms": 5.0491251945495605,
        "tick_ms": 0.1479170024394989,
        "dynamic_mesh_ms": 0.8572909832000732,
        "encode_ms": 0.8911250233650208,
        "admission_or_completion_ms": 3.15279221534729
      },
      {
        "index": 22,
        "started_ms": 488.594292,
        "submitted_ms": 492.837042,
        "observed_completed_ms": 495.86724999999996,
        "start_to_observed_completion_ms": 7.27295799999996,
        "submit_to_observed_completion_ms": 3.030207999999959,
        "continuous_iteration_ms": 7.401791095733643,
        "frame_ms": 4.928625106811523,
        "component_sum_ms": 4.928625106811523,
        "tick_ms": 0.17129100859165192,
        "dynamic_mesh_ms": 0.8466669917106628,
        "encode_ms": 0.755666971206665,
        "admission_or_completion_ms": 3.1550002098083496
      },
      {
        "index": 23,
        "started_ms": 495.996083,
        "submitted_ms": 497.976625,
        "observed_completed_ms": 501.01541699999996,
        "start_to_observed_completion_ms": 5.019333999999958,
        "submit_to_observed_completion_ms": 3.038791999999944,
        "continuous_iteration_ms": 9.091750144958496,
        "frame_ms": 5.133166790008545,
        "component_sum_ms": 5.133166790008545,
        "tick_ms": 0.29533299803733826,
        "dynamic_mesh_ms": 0.8203340172767639,
        "encode_ms": 0.8632080554962158,
        "admission_or_completion_ms": 3.154291868209839
      },
      {
        "index": 24,
        "started_ms": 505.08783300000005,
        "submitted_ms": 510.96708300000006,
        "observed_completed_ms": 514.009792,
        "start_to_observed_completion_ms": 8.921958999999902,
        "submit_to_observed_completion_ms": 3.0427089999998884,
        "continuous_iteration_ms": 9.05695915222168,
        "frame_ms": 5.033874988555908,
        "component_sum_ms": 5.033874988555908,
        "tick_ms": 0.2173749953508377,
        "dynamic_mesh_ms": 0.8537499904632568,
        "encode_ms": 0.7914159893989563,
        "admission_or_completion_ms": 3.1713340282440186
      },
      {
        "index": 25,
        "started_ms": 514.1447919999999,
        "submitted_ms": 516.166542,
        "observed_completed_ms": 519.2128329999999,
        "start_to_observed_completion_ms": 5.068040999999994,
        "submit_to_observed_completion_ms": 3.046290999999883,
        "continuous_iteration_ms": 9.229582786560059,
        "frame_ms": 5.180999755859375,
        "component_sum_ms": 5.180999755859375,
        "tick_ms": 0.21366600692272186,
        "dynamic_mesh_ms": 0.8759999871253967,
        "encode_ms": 0.9287089705467224,
        "admission_or_completion_ms": 3.1626250743865967
      },
      {
        "index": 26,
        "started_ms": 523.374375,
        "submitted_ms": 529.318292,
        "observed_completed_ms": 532.363292,
        "start_to_observed_completion_ms": 8.988917000000015,
        "submit_to_observed_completion_ms": 3.044999999999959,
        "continuous_iteration_ms": 9.122708320617676,
        "frame_ms": 5.056876182556152,
        "component_sum_ms": 5.056876182556152,
        "tick_ms": 0.21808399260044098,
        "dynamic_mesh_ms": 0.8246250152587891,
        "encode_ms": 0.8399590253829956,
        "admission_or_completion_ms": 3.174207925796509
      },
      {
        "index": 27,
        "started_ms": 532.497083,
        "submitted_ms": 534.5026670000001,
        "observed_completed_ms": 537.540417,
        "start_to_observed_completion_ms": 5.043334000000073,
        "submit_to_observed_completion_ms": 3.03774999999996,
        "continuous_iteration_ms": 9.065374374389648,
        "frame_ms": 5.15462589263916,
        "component_sum_ms": 5.15462589263916,
        "tick_ms": 0.33250001072883606,
        "dynamic_mesh_ms": 0.8182500004768372,
        "encode_ms": 0.8528340458869934,
        "admission_or_completion_ms": 3.1510419845581055
      },
      {
        "index": 28,
        "started_ms": 541.562458,
        "submitted_ms": 547.506417,
        "observed_completed_ms": 550.574208,
        "start_to_observed_completion_ms": 9.011750000000006,
        "submit_to_observed_completion_ms": 3.067790999999943,
        "continuous_iteration_ms": 9.148792266845703,
        "frame_ms": 5.125585079193115,
        "component_sum_ms": 5.125585079193115,
        "tick_ms": 0.14512500166893005,
        "dynamic_mesh_ms": 0.8295419812202454,
        "encode_ms": 0.9525840282440186,
        "admission_or_completion_ms": 3.198333978652954
      },
      {
        "index": 29,
        "started_ms": 550.71125,
        "submitted_ms": 554.343833,
        "observed_completed_ms": 557.56425,
        "start_to_observed_completion_ms": 6.8530000000000655,
        "submit_to_observed_completion_ms": 3.2204169999999976,
        "continuous_iteration_ms": 12.080041885375977,
        "frame_ms": 7.1323747634887695,
        "component_sum_ms": 7.1323747634887695,
        "tick_ms": 0.15000000596046448,
        "dynamic_mesh_ms": 1.3448749780654907,
        "encode_ms": 2.1300408840179443,
        "admission_or_completion_ms": 3.5074591636657715
      },
      {
        "index": 30,
        "started_ms": 562.791292,
        "submitted_ms": 572.0131250000001,
        "observed_completed_ms": 578.172875,
        "start_to_observed_completion_ms": 15.381582999999978,
        "submit_to_observed_completion_ms": 6.159749999999917,
        "continuous_iteration_ms": 15.568500518798828,
        "frame_ms": 9.183916091918945,
        "component_sum_ms": 9.183916091918945,
        "tick_ms": 0.2529999911785126,
        "dynamic_mesh_ms": 1.125,
        "encode_ms": 1.4688329696655273,
        "admission_or_completion_ms": 6.337083339691162
      },
      {
        "index": 31,
        "started_ms": 578.359792,
        "submitted_ms": 581.305375,
        "observed_completed_ms": 585.926292,
        "start_to_observed_completion_ms": 7.566500000000019,
        "submit_to_observed_completion_ms": 4.620916999999963,
        "continuous_iteration_ms": 13.743874549865723,
        "frame_ms": 7.68350076675415,
        "component_sum_ms": 7.68350076675415,
        "tick_ms": 0.37925001978874207,
        "dynamic_mesh_ms": 1.0659170150756836,
        "encode_ms": 1.4941669702529907,
        "admission_or_completion_ms": 4.744166851043701
      },
      {
        "index": 32,
        "started_ms": 592.103667,
        "submitted_ms": 600.84975,
        "observed_completed_ms": 605.456667,
        "start_to_observed_completion_ms": 13.353000000000065,
        "submit_to_observed_completion_ms": 4.606917000000067,
        "continuous_iteration_ms": 13.482166290283203,
        "frame_ms": 7.411834239959717,
        "component_sum_ms": 7.411834239959717,
        "tick_ms": 0.2840000092983246,
        "dynamic_mesh_ms": 1.0588749647140503,
        "encode_ms": 1.346208095550537,
        "admission_or_completion_ms": 4.722751140594482
      },
      {
        "index": 33,
        "started_ms": 605.585833,
        "submitted_ms": 608.244833,
        "observed_completed_ms": 612.860958,
        "start_to_observed_completion_ms": 7.275125000000003,
        "submit_to_observed_completion_ms": 4.616125000000011,
        "continuous_iteration_ms": 13.485292434692383,
        "frame_ms": 7.386043071746826,
        "component_sum_ms": 7.386043071746826,
        "tick_ms": 0.21595899760723114,
        "dynamic_mesh_ms": 1.058042049407959,
        "encode_ms": 1.3796250820159912,
        "admission_or_completion_ms": 4.732417106628418
      },
      {
        "index": 34,
        "started_ms": 619.071125,
        "submitted_ms": 626.308292,
        "observed_completed_ms": 630.499792,
        "start_to_observed_completion_ms": 11.428666999999905,
        "submit_to_observed_completion_ms": 4.191499999999905,
        "continuous_iteration_ms": 11.55162525177002,
        "frame_ms": 6.989251136779785,
        "component_sum_ms": 6.989251136779785,
        "tick_ms": 0.22450000047683716,
        "dynamic_mesh_ms": 1.0547500848770142,
        "encode_ms": 1.401458978652954,
        "admission_or_completion_ms": 4.308541774749756
      },
      {
        "index": 35,
        "started_ms": 630.62275,
        "submitted_ms": 633.258667,
        "observed_completed_ms": 637.867792,
        "start_to_observed_completion_ms": 7.245042000000012,
        "submit_to_observed_completion_ms": 4.609125000000063,
        "continuous_iteration_ms": 12.060750007629395,
        "frame_ms": 7.365583419799805,
        "component_sum_ms": 7.365583419799805,
        "tick_ms": 0.29512500762939453,
        "dynamic_mesh_ms": 1.0482079982757568,
        "encode_ms": 1.2882499694824219,
        "admission_or_completion_ms": 4.734000205993652
      },
      {
        "index": 36,
        "started_ms": 642.6835,
        "submitted_ms": 649.8527079999999,
        "observed_completed_ms": 654.448417,
        "start_to_observed_completion_ms": 11.764916999999969,
        "submit_to_observed_completion_ms": 4.595709000000056,
        "continuous_iteration_ms": 11.885957717895508,
        "frame_ms": 7.768916130065918,
        "component_sum_ms": 7.768916130065918,
        "tick_ms": 0.5875830054283142,
        "dynamic_mesh_ms": 1.1303330659866333,
        "encode_ms": 1.3403329849243164,
        "admission_or_completion_ms": 4.710667133331299
      },
      {
        "index": 37,
        "started_ms": 654.5694579999999,
        "submitted_ms": 657.1290829999999,
        "observed_completed_ms": 661.785,
        "start_to_observed_completion_ms": 7.215542000000028,
        "submit_to_observed_completion_ms": 4.655917000000045,
        "continuous_iteration_ms": 11.922124862670898,
        "frame_ms": 7.328875541687012,
        "component_sum_ms": 7.328875541687012,
        "tick_ms": 0.3058750033378601,
        "dynamic_mesh_ms": 1.080375075340271,
        "encode_ms": 1.1688330173492432,
        "admission_or_completion_ms": 4.773792266845703
      },
      {
        "index": 38,
        "started_ms": 666.491583,
        "submitted_ms": 673.367792,
        "observed_completed_ms": 676.4750419999999,
        "start_to_observed_completion_ms": 9.983458999999925,
        "submit_to_observed_completion_ms": 3.107249999999908,
        "continuous_iteration_ms": 10.111249923706055,
        "frame_ms": 5.9027910232543945,
        "component_sum_ms": 5.9027910232543945,
        "tick_ms": 0.3075000047683716,
        "dynamic_mesh_ms": 0.9127500057220459,
        "encode_ms": 1.4544169902801514,
        "admission_or_completion_ms": 3.2281241416931152
      },
      {
        "index": 39,
        "started_ms": 676.602833,
        "submitted_ms": 679.165667,
        "observed_completed_ms": 683.772542,
        "start_to_observed_completion_ms": 7.169709000000012,
        "submit_to_observed_completion_ms": 4.606875000000059,
        "continuous_iteration_ms": 11.737167358398438,
        "frame_ms": 7.2808756828308105,
        "component_sum_ms": 7.2808756828308105,
        "tick_ms": 0.3334580063819885,
        "dynamic_mesh_ms": 0.8572089672088623,
        "encode_ms": 1.3687089681625366,
        "admission_or_completion_ms": 4.721499919891357
      },
      {
        "index": 40,
        "started_ms": 688.3399999999999,
        "submitted_ms": 695.103083,
        "observed_completed_ms": 698.152917,
        "start_to_observed_completion_ms": 9.812917000000084,
        "submit_to_observed_completion_ms": 3.0498340000000326,
        "continuous_iteration_ms": 9.932250022888184,
        "frame_ms": 5.550749778747559,
        "component_sum_ms": 5.550749778747559,
        "tick_ms": 0.20420800149440765,
        "dynamic_mesh_ms": 1.0529589653015137,
        "encode_ms": 1.1311249732971191,
        "admission_or_completion_ms": 3.1624581813812256
      },
      {
        "index": 41,
        "started_ms": 698.27225,
        "submitted_ms": 700.607125,
        "observed_completed_ms": 705.149667,
        "start_to_observed_completion_ms": 6.877417000000037,
        "submit_to_observed_completion_ms": 4.542542000000026,
        "continuous_iteration_ms": 11.18762493133545,
        "frame_ms": 6.995542526245117,
        "component_sum_ms": 6.995542526245117,
        "tick_ms": 0.20154200494289398,
        "dynamic_mesh_ms": 1.0168750286102295,
        "encode_ms": 1.1142500638961792,
        "admission_or_completion_ms": 4.662875175476074
      },
      {
        "index": 42,
        "started_ms": 709.459875,
        "submitted_ms": 715.3439579999999,
        "observed_completed_ms": 719.8524170000001,
        "start_to_observed_completion_ms": 10.392542000000049,
        "submit_to_observed_completion_ms": 4.50845900000013,
        "continuous_iteration_ms": 10.516207695007324,
        "frame_ms": 6.558415412902832,
        "component_sum_ms": 6.558415412902832,
        "tick_ms": 0.2867499887943268,
        "dynamic_mesh_ms": 0.8564159870147705,
        "encode_ms": 0.7888749837875366,
        "admission_or_completion_ms": 4.6263747215271
      },
      {
        "index": 43,
        "started_ms": 719.976083,
        "submitted_ms": 722.067125,
        "observed_completed_ms": 725.114458,
        "start_to_observed_completion_ms": 5.138374999999996,
        "submit_to_observed_completion_ms": 3.0473329999999805,
        "continuous_iteration_ms": 10.387333869934082,
        "frame_ms": 5.256333351135254,
        "component_sum_ms": 5.256333351135254,
        "tick_ms": 0.28908300399780273,
        "dynamic_mesh_ms": 0.8565000295639038,
        "encode_ms": 0.9431670308113098,
        "admission_or_completion_ms": 3.1675829887390137
      },
      {
        "index": 44,
        "started_ms": 730.3634169999999,
        "submitted_ms": 736.247917,
        "observed_completed_ms": 740.360083,
        "start_to_observed_completion_ms": 9.996666000000118,
        "submit_to_observed_completion_ms": 4.112166000000002,
        "continuous_iteration_ms": 10.119208335876465,
        "frame_ms": 6.085582733154297,
        "component_sum_ms": 6.085582733154297,
        "tick_ms": 0.16154100000858307,
        "dynamic_mesh_ms": 0.8596670031547546,
        "encode_ms": 0.8356670141220093,
        "admission_or_completion_ms": 4.228707790374756
      },
      {
        "index": 45,
        "started_ms": 740.482625,
        "submitted_ms": 742.434208,
        "observed_completed_ms": 745.466333,
        "start_to_observed_completion_ms": 4.983707999999979,
        "submit_to_observed_completion_ms": 3.032124999999951,
        "continuous_iteration_ms": 7.509166717529297,
        "frame_ms": 5.095708847045898,
        "component_sum_ms": 5.095708847045898,
        "tick_ms": 0.17887499928474426,
        "dynamic_mesh_ms": 0.857833981513977,
        "encode_ms": 0.9127079844474792,
        "admission_or_completion_ms": 3.146291971206665
      },
      {
        "index": 46,
        "started_ms": 747.991792,
        "submitted_ms": 754.059708,
        "observed_completed_ms": 757.1122919999999,
        "start_to_observed_completion_ms": 9.120499999999879,
        "submit_to_observed_completion_ms": 3.0525839999999107,
        "continuous_iteration_ms": 9.242791175842285,
        "frame_ms": 5.15595817565918,
        "component_sum_ms": 5.15595817565918,
        "tick_ms": 0.2567500174045563,
        "dynamic_mesh_ms": 0.8222920298576355,
        "encode_ms": 0.9070829749107361,
        "admission_or_completion_ms": 3.169833183288574
      },
      {
        "index": 47,
        "started_ms": 757.234583,
        "submitted_ms": 759.103292,
        "observed_completed_ms": 762.141458,
        "start_to_observed_completion_ms": 4.9068749999999,
        "submit_to_observed_completion_ms": 3.038165999999933,
        "continuous_iteration_ms": 7.400875091552734,
        "frame_ms": 5.022334098815918,
        "component_sum_ms": 5.022334098815918,
        "tick_ms": 0.1627500057220459,
        "dynamic_mesh_ms": 0.8186669945716858,
        "encode_ms": 0.8847920298576355,
        "admission_or_completion_ms": 3.156125068664551
      },
      {
        "index": 48,
        "started_ms": 764.635458,
        "submitted_ms": 770.371333,
        "observed_completed_ms": 773.4066670000001,
        "start_to_observed_completion_ms": 8.771209000000113,
        "submit_to_observed_completion_ms": 3.0353340000000344,
        "continuous_iteration_ms": 8.897749900817871,
        "frame_ms": 4.960207939147949,
        "component_sum_ms": 4.960207939147949,
        "tick_ms": 0.15150000154972076,
        "dynamic_mesh_ms": 0.8161250352859497,
        "encode_ms": 0.8338750004768372,
        "admission_or_completion_ms": 3.158707857131958
      },
      {
        "index": 49,
        "started_ms": 773.5332080000001,
        "submitted_ms": 775.295917,
        "observed_completed_ms": 778.327167,
        "start_to_observed_completion_ms": 4.7939589999999725,
        "submit_to_observed_completion_ms": 3.03125,
        "continuous_iteration_ms": 7.341584205627441,
        "frame_ms": 4.9618330001831055,
        "component_sum_ms": 4.9618330001831055,
        "tick_ms": 0.14937500655651093,
        "dynamic_mesh_ms": 0.8049579858779907,
        "encode_ms": 0.8067499995231628,
        "admission_or_completion_ms": 3.2007501125335693
      },
      {
        "index": 50,
        "started_ms": 780.874792,
        "submitted_ms": 786.04975,
        "observed_completed_ms": 789.089292,
        "start_to_observed_completion_ms": 8.214500000000044,
        "submit_to_observed_completion_ms": 3.039541999999983,
        "continuous_iteration_ms": 8.34191608428955,
        "frame_ms": 4.84774923324585,
        "component_sum_ms": 4.84774923324585,
        "tick_ms": 0.1392499953508377,
        "dynamic_mesh_ms": 0.8038330078125,
        "encode_ms": 0.7422080039978027,
        "admission_or_completion_ms": 3.1624581813812256
      },
      {
        "index": 51,
        "started_ms": 789.216708,
        "submitted_ms": 791.06875,
        "observed_completed_ms": 794.098458,
        "start_to_observed_completion_ms": 4.881750000000011,
        "submit_to_observed_completion_ms": 3.029708000000028,
        "continuous_iteration_ms": 7.489459037780762,
        "frame_ms": 4.9955830574035645,
        "component_sum_ms": 4.9955830574035645,
        "tick_ms": 0.16666600108146667,
        "dynamic_mesh_ms": 0.8346660137176514,
        "encode_ms": 0.8490419983863831,
        "admission_or_completion_ms": 3.1452090740203857
      },
      {
        "index": 52,
        "started_ms": 796.7061669999999,
        "submitted_ms": 800.822208,
        "observed_completed_ms": 803.8642080000001,
        "start_to_observed_completion_ms": 7.158041000000139,
        "submit_to_observed_completion_ms": 3.04200000000003,
        "continuous_iteration_ms": 7.339540958404541,
        "frame_ms": 4.94212532043457,
        "component_sum_ms": 4.94212532043457,
        "tick_ms": 0.1504170000553131,
        "dynamic_mesh_ms": 0.8217909932136536,
        "encode_ms": 0.7520000338554382,
        "admission_or_completion_ms": 3.217916965484619
      },
      {
        "index": 53,
        "started_ms": 804.045708,
        "submitted_ms": 805.9412080000001,
        "observed_completed_ms": 808.975083,
        "start_to_observed_completion_ms": 4.92937500000005,
        "submit_to_observed_completion_ms": 3.0338749999999663,
        "continuous_iteration_ms": 8.940417289733887,
        "frame_ms": 5.042248725891113,
        "component_sum_ms": 5.042248725891113,
        "tick_ms": 0.1675409972667694,
        "dynamic_mesh_ms": 0.8702920079231262,
        "encode_ms": 0.8557079434394836,
        "admission_or_completion_ms": 3.148707866668701
      },
      {
        "index": 54,
        "started_ms": 812.986125,
        "submitted_ms": 817.41525,
        "observed_completed_ms": 820.449292,
        "start_to_observed_completion_ms": 7.4631669999999986,
        "submit_to_observed_completion_ms": 3.0340419999999995,
        "continuous_iteration_ms": 7.597624778747559,
        "frame_ms": 4.992958068847656,
        "component_sum_ms": 4.992958068847656,
        "tick_ms": 0.18129199743270874,
        "dynamic_mesh_ms": 0.8659579753875732,
        "encode_ms": 0.7812919616699219,
        "admission_or_completion_ms": 3.1644160747528076
      },
      {
        "index": 55,
        "started_ms": 820.5837499999999,
        "submitted_ms": 822.4155,
        "observed_completed_ms": 825.450708,
        "start_to_observed_completion_ms": 4.866958000000068,
        "submit_to_observed_completion_ms": 3.0352080000000115,
        "continuous_iteration_ms": 8.859042167663574,
        "frame_ms": 4.979373931884766,
        "component_sum_ms": 4.979373931884766,
        "tick_ms": 0.15366600453853607,
        "dynamic_mesh_ms": 0.8229579925537109,
        "encode_ms": 0.8540830016136169,
        "admission_or_completion_ms": 3.148667097091675
      },
      {
        "index": 56,
        "started_ms": 829.442792,
        "submitted_ms": 833.575667,
        "observed_completed_ms": 836.613167,
        "start_to_observed_completion_ms": 7.170374999999922,
        "submit_to_observed_completion_ms": 3.0375000000000227,
        "continuous_iteration_ms": 7.353499889373779,
        "frame_ms": 4.954665184020996,
        "component_sum_ms": 4.954665184020996,
        "tick_ms": 0.16966600716114044,
        "dynamic_mesh_ms": 0.8447080254554749,
        "encode_ms": 0.7234999537467957,
        "admission_or_completion_ms": 3.2167911529541016
      },
      {
        "index": 57,
        "started_ms": 836.7962920000001,
        "submitted_ms": 838.5059580000001,
        "observed_completed_ms": 841.5497079999999,
        "start_to_observed_completion_ms": 4.753415999999788,
        "submit_to_observed_completion_ms": 3.043749999999818,
        "continuous_iteration_ms": 8.782750129699707,
        "frame_ms": 4.865749835968018,
        "component_sum_ms": 4.865749835968018,
        "tick_ms": 0.1494169980287552,
        "dynamic_mesh_ms": 0.8137909770011902,
        "encode_ms": 0.7448750138282776,
        "admission_or_completion_ms": 3.1576669216156006
      },
      {
        "index": 58,
        "started_ms": 845.579042,
        "submitted_ms": 851.189875,
        "observed_completed_ms": 854.220833,
        "start_to_observed_completion_ms": 8.641791000000012,
        "submit_to_observed_completion_ms": 3.0309579999999414,
        "continuous_iteration_ms": 8.76087474822998,
        "frame_ms": 4.8853759765625,
        "component_sum_ms": 4.8853759765625,
        "tick_ms": 0.1582919955253601,
        "dynamic_mesh_ms": 0.826583981513977,
        "encode_ms": 0.7544170022010803,
        "admission_or_completion_ms": 3.146082878112793
      },
      {
        "index": 59,
        "started_ms": 854.339917,
        "submitted_ms": 856.259417,
        "observed_completed_ms": 859.2985829999999,
        "start_to_observed_completion_ms": 4.95866599999988,
        "submit_to_observed_completion_ms": 3.039165999999909,
        "continuous_iteration_ms": 8.99841594696045,
        "frame_ms": 5.073958873748779,
        "component_sum_ms": 5.073958873748779,
        "tick_ms": 0.14116699993610382,
        "dynamic_mesh_ms": 0.8650000095367432,
        "encode_ms": 0.9104999899864197,
        "admission_or_completion_ms": 3.157291889190674
      },
      {
        "index": 60,
        "started_ms": 863.3383329999999,
        "submitted_ms": 867.7675,
        "observed_completed_ms": 870.796417,
        "start_to_observed_completion_ms": 7.458084000000099,
        "submit_to_observed_completion_ms": 3.0289169999999785,
        "continuous_iteration_ms": 7.636875152587891,
        "frame_ms": 5.174417972564697,
        "component_sum_ms": 5.174417972564697,
        "tick_ms": 0.485291987657547,
        "dynamic_mesh_ms": 0.8150839805603027,
        "encode_ms": 0.7198749780654907,
        "admission_or_completion_ms": 3.1541671752929688
      },
      {
        "index": 61,
        "started_ms": 870.975208,
        "submitted_ms": 873.162917,
        "observed_completed_ms": 876.197208,
        "start_to_observed_completion_ms": 5.222000000000094,
        "submit_to_observed_completion_ms": 3.034291000000053,
        "continuous_iteration_ms": 9.35183334350586,
        "frame_ms": 5.335457801818848,
        "component_sum_ms": 5.335457801818848,
        "tick_ms": 0.476624995470047,
        "dynamic_mesh_ms": 0.8646249771118164,
        "encode_ms": 0.8442919850349426,
        "admission_or_completion_ms": 3.149915933609009
      },
      {
        "index": 62,
        "started_ms": 880.327042,
        "submitted_ms": 885.016167,
        "observed_completed_ms": 888.047167,
        "start_to_observed_completion_ms": 7.720124999999939,
        "submit_to_observed_completion_ms": 3.030999999999949,
        "continuous_iteration_ms": 7.840207576751709,
        "frame_ms": 5.335458755493164,
        "component_sum_ms": 5.335458755493164,
        "tick_ms": 0.5538340210914612,
        "dynamic_mesh_ms": 0.8376669883728027,
        "encode_ms": 0.7979170083999634,
        "admission_or_completion_ms": 3.146040916442871
      },
      {
        "index": 63,
        "started_ms": 888.16725,
        "submitted_ms": 890.351042,
        "observed_completed_ms": 893.399917,
        "start_to_observed_completion_ms": 5.232666999999992,
        "submit_to_observed_completion_ms": 3.0488749999999527,
        "continuous_iteration_ms": 9.305707931518555,
        "frame_ms": 5.350376129150391,
        "component_sum_ms": 5.350376129150391,
        "tick_ms": 0.34325000643730164,
        "dynamic_mesh_ms": 0.8355839848518372,
        "encode_ms": 1.0032920837402344,
        "admission_or_completion_ms": 3.1682498455047607
      },
      {
        "index": 64,
        "started_ms": 897.4729580000001,
        "submitted_ms": 903.4187919999999,
        "observed_completed_ms": 906.4685420000001,
        "start_to_observed_completion_ms": 8.995584000000008,
        "submit_to_observed_completion_ms": 3.049750000000131,
        "continuous_iteration_ms": 9.123208999633789,
        "frame_ms": 5.03391695022583,
        "component_sum_ms": 5.03391695022583,
        "tick_ms": 0.250417023897171,
        "dynamic_mesh_ms": 0.8303329944610596,
        "encode_ms": 0.7849169969558716,
        "admission_or_completion_ms": 3.16825008392334
      },
      {
        "index": 65,
        "started_ms": 906.596167,
        "submitted_ms": 908.6242500000001,
        "observed_completed_ms": 911.657708,
        "start_to_observed_completion_ms": 5.06154099999992,
        "submit_to_observed_completion_ms": 3.0334579999998823,
        "continuous_iteration_ms": 9.103666305541992,
        "frame_ms": 5.172167778015137,
        "component_sum_ms": 5.172167778015137,
        "tick_ms": 0.24408400058746338,
        "dynamic_mesh_ms": 0.8569170236587524,
        "encode_ms": 0.9241250157356262,
        "admission_or_completion_ms": 3.1470420360565186
      },
      {
        "index": 66,
        "started_ms": 915.699833,
        "submitted_ms": 921.6264170000001,
        "observed_completed_ms": 924.688375,
        "start_to_observed_completion_ms": 8.988541999999939,
        "submit_to_observed_completion_ms": 3.0619579999998905,
        "continuous_iteration_ms": 9.125959396362305,
        "frame_ms": 5.0645833015441895,
        "component_sum_ms": 5.0645833015441895,
        "tick_ms": 0.21025000512599945,
        "dynamic_mesh_ms": 0.8316250443458557,
        "encode_ms": 0.8289589881896973,
        "admission_or_completion_ms": 3.193749189376831
      },
      {
        "index": 67,
        "started_ms": 924.8257920000001,
        "submitted_ms": 926.863667,
        "observed_completed_ms": 929.9025829999999,
        "start_to_observed_completion_ms": 5.076790999999844,
        "submit_to_observed_completion_ms": 3.038915999999972,
        "continuous_iteration_ms": 7.71750020980835,
        "frame_ms": 5.194333076477051,
        "component_sum_ms": 5.194333076477051,
        "tick_ms": 0.20412500202655792,
        "dynamic_mesh_ms": 0.8318750262260437,
        "encode_ms": 0.998958945274353,
        "admission_or_completion_ms": 3.1593739986419678
      },
      {
        "index": 68,
        "started_ms": 932.543292,
        "submitted_ms": 938.304583,
        "observed_completed_ms": 941.361167,
        "start_to_observed_completion_ms": 8.817875000000072,
        "submit_to_observed_completion_ms": 3.0565840000000435,
        "continuous_iteration_ms": 8.94808292388916,
        "frame_ms": 4.958957672119141,
        "component_sum_ms": 4.958957672119141,
        "tick_ms": 0.20241600275039673,
        "dynamic_mesh_ms": 0.8277919888496399,
        "encode_ms": 0.7477080225944519,
        "admission_or_completion_ms": 3.181041955947876
      },
      {
        "index": 69,
        "started_ms": 941.4913750000001,
        "submitted_ms": 943.459958,
        "observed_completed_ms": 946.490583,
        "start_to_observed_completion_ms": 4.999207999999953,
        "submit_to_observed_completion_ms": 3.0306249999999864,
        "continuous_iteration_ms": 9.271374702453613,
        "frame_ms": 5.111541748046875,
        "component_sum_ms": 5.111541748046875,
        "tick_ms": 0.26512500643730164,
        "dynamic_mesh_ms": 0.8301250338554382,
        "encode_ms": 0.8709999918937683,
        "admission_or_completion_ms": 3.145292043685913
      },
      {
        "index": 70,
        "started_ms": 950.76275,
        "submitted_ms": 956.682917,
        "observed_completed_ms": 959.723958,
        "start_to_observed_completion_ms": 8.961208000000056,
        "submit_to_observed_completion_ms": 3.041041000000064,
        "continuous_iteration_ms": 9.085041999816895,
        "frame_ms": 5.044584274291992,
        "component_sum_ms": 5.044584274291992,
        "tick_ms": 0.14249999821186066,
        "dynamic_mesh_ms": 0.8357920050621033,
        "encode_ms": 0.9063340425491333,
        "admission_or_completion_ms": 3.1599581241607666
      },
      {
        "index": 71,
        "started_ms": 959.847792,
        "submitted_ms": 961.7044999999999,
        "observed_completed_ms": 964.750875,
        "start_to_observed_completion_ms": 4.903082999999924,
        "submit_to_observed_completion_ms": 3.046375000000012,
        "continuous_iteration_ms": 9.014541625976562,
        "frame_ms": 5.014957904815674,
        "component_sum_ms": 5.014957904815674,
        "tick_ms": 0.251708984375,
        "dynamic_mesh_ms": 0.8403750061988831,
        "encode_ms": 0.7632080316543579,
        "admission_or_completion_ms": 3.159666061401367
      },
      {
        "index": 72,
        "started_ms": 968.862333,
        "submitted_ms": 974.4545,
        "observed_completed_ms": 977.492583,
        "start_to_observed_completion_ms": 8.630249999999933,
        "submit_to_observed_completion_ms": 3.038082999999915,
        "continuous_iteration_ms": 8.752042770385742,
        "frame_ms": 5.058539867401123,
        "component_sum_ms": 5.058539867401123,
        "tick_ms": 0.19929099082946777,
        "dynamic_mesh_ms": 0.8099579811096191,
        "encode_ms": 0.8952500224113464,
        "admission_or_completion_ms": 3.154040813446045
      },
      {
        "index": 73,
        "started_ms": 977.614375,
        "submitted_ms": 979.632583,
        "observed_completed_ms": 982.676333,
        "start_to_observed_completion_ms": 5.061958000000004,
        "submit_to_observed_completion_ms": 3.0437500000000455,
        "continuous_iteration_ms": 9.195500373840332,
        "frame_ms": 5.177791595458984,
        "component_sum_ms": 5.177791595458984,
        "tick_ms": 0.2192080020904541,
        "dynamic_mesh_ms": 0.8160420060157776,
        "encode_ms": 0.9806250333786011,
        "admission_or_completion_ms": 3.161916971206665
      },
      {
        "index": 74,
        "started_ms": 986.8098749999999,
        "submitted_ms": 992.9209169999999,
        "observed_completed_ms": 995.962042,
        "start_to_observed_completion_ms": 9.152167000000077,
        "submit_to_observed_completion_ms": 3.041125000000079,
        "continuous_iteration_ms": 9.274457931518555,
        "frame_ms": 5.147831916809082,
        "component_sum_ms": 5.147831916809082,
        "tick_ms": 0.34383299946784973,
        "dynamic_mesh_ms": 0.8377079963684082,
        "encode_ms": 0.808542013168335,
        "admission_or_completion_ms": 3.1577489376068115
      },
      {
        "index": 75,
        "started_ms": 996.084333,
        "submitted_ms": 997.935625,
        "observed_completed_ms": 1000.9716669999999,
        "start_to_observed_completion_ms": 4.887333999999896,
        "submit_to_observed_completion_ms": 3.036041999999952,
        "continuous_iteration_ms": 8.87137508392334,
        "frame_ms": 4.999250888824463,
        "component_sum_ms": 4.999250888824463,
        "tick_ms": 0.14670901000499725,
        "dynamic_mesh_ms": 0.8410420417785645,
        "encode_ms": 0.8616250157356262,
        "admission_or_completion_ms": 3.1498749256134033
      },
      {
        "index": 76,
        "started_ms": 1004.955708,
        "submitted_ms": 1010.580292,
        "observed_completed_ms": 1014.851167,
        "start_to_observed_completion_ms": 9.895459000000074,
        "submit_to_observed_completion_ms": 4.270875000000046,
        "continuous_iteration_ms": 10.02804183959961,
        "frame_ms": 6.2357497215271,
        "component_sum_ms": 6.2357497215271,
        "tick_ms": 0.15366600453853607,
        "dynamic_mesh_ms": 0.9015420079231262,
        "encode_ms": 0.7822500467300415,
        "admission_or_completion_ms": 4.39829158782959
      },
      {
        "index": 77,
        "started_ms": 1014.9837500000001,
        "submitted_ms": 1016.888625,
        "observed_completed_ms": 1019.9220829999999,
        "start_to_observed_completion_ms": 4.9383329999998296,
        "submit_to_observed_completion_ms": 3.0334579999998823,
        "continuous_iteration_ms": 8.689042091369629,
        "frame_ms": 5.139166831970215,
        "component_sum_ms": 5.139166831970215,
        "tick_ms": 0.23749999701976776,
        "dynamic_mesh_ms": 0.8005419969558716,
        "encode_ms": 0.865041971206665,
        "admission_or_completion_ms": 3.2360830307006836
      },
      {
        "index": 78,
        "started_ms": 1023.672792,
        "submitted_ms": 1029.556875,
        "observed_completed_ms": 1032.194,
        "start_to_observed_completion_ms": 8.521208000000001,
        "submit_to_observed_completion_ms": 2.637124999999969,
        "continuous_iteration_ms": 8.6448335647583,
        "frame_ms": 4.5130839347839355,
        "component_sum_ms": 4.5130839347839355,
        "tick_ms": 0.1368749886751175,
        "dynamic_mesh_ms": 0.8264999985694885,
        "encode_ms": 0.7945420145988464,
        "admission_or_completion_ms": 2.755167007446289
      },
      {
        "index": 79,
        "started_ms": 1032.317625,
        "submitted_ms": 1034.115208,
        "observed_completed_ms": 1038.650042,
        "start_to_observed_completion_ms": 6.332417000000078,
        "submit_to_observed_completion_ms": 4.534834000000046,
        "continuous_iteration_ms": 10.580291748046875,
        "frame_ms": 6.4475417137146,
        "component_sum_ms": 6.4475417137146,
        "tick_ms": 0.14225000143051147,
        "dynamic_mesh_ms": 0.8177079558372498,
        "encode_ms": 0.8352500200271606,
        "admission_or_completion_ms": 4.652333736419678
      },
      {
        "index": 80,
        "started_ms": 1042.897917,
        "submitted_ms": 1048.824,
        "observed_completed_ms": 1051.856917,
        "start_to_observed_completion_ms": 8.95900000000006,
        "submit_to_observed_completion_ms": 3.0329169999999976,
        "continuous_iteration_ms": 9.07770824432373,
        "frame_ms": 5.136915683746338,
        "component_sum_ms": 5.136915683746338,
        "tick_ms": 0.26283299922943115,
        "dynamic_mesh_ms": 0.8185830116271973,
        "encode_ms": 0.9084579944610596,
        "admission_or_completion_ms": 3.1470417976379395
      },
      {
        "index": 81,
        "started_ms": 1051.975625,
        "submitted_ms": 1053.968292,
        "observed_completed_ms": 1057.02175,
        "start_to_observed_completion_ms": 5.046125000000075,
        "submit_to_observed_completion_ms": 3.0534580000000915,
        "continuous_iteration_ms": 9.166125297546387,
        "frame_ms": 5.160542011260986,
        "component_sum_ms": 5.160542011260986,
        "tick_ms": 0.30037498474121094,
        "dynamic_mesh_ms": 0.8405420184135437,
        "encode_ms": 0.8498749732971191,
        "admission_or_completion_ms": 3.1697499752044678
      },
      {
        "index": 82,
        "started_ms": 1061.14175,
        "submitted_ms": 1066.895125,
        "observed_completed_ms": 1069.9343749999998,
        "start_to_observed_completion_ms": 8.792624999999816,
        "submit_to_observed_completion_ms": 3.039249999999811,
        "continuous_iteration_ms": 9.045458793640137,
        "frame_ms": 5.165957927703857,
        "component_sum_ms": 5.165957927703857,
        "tick_ms": 0.2548750042915344,
        "dynamic_mesh_ms": 0.8099160194396973,
        "encode_ms": 0.8170830011367798,
        "admission_or_completion_ms": 3.2840840816497803
      },
      {
        "index": 83,
        "started_ms": 1070.187208,
        "submitted_ms": 1072.036375,
        "observed_completed_ms": 1075.087458,
        "start_to_observed_completion_ms": 4.9002499999999145,
        "submit_to_observed_completion_ms": 3.0510830000000624,
        "continuous_iteration_ms": 9.041125297546387,
        "frame_ms": 5.01446008682251,
        "component_sum_ms": 5.01446008682251,
        "tick_ms": 0.1644589900970459,
        "dynamic_mesh_ms": 0.8275840282440186,
        "encode_ms": 0.8547499775886536,
        "admission_or_completion_ms": 3.1676671504974365
      },
      {
        "index": 84,
        "started_ms": 1079.228333,
        "submitted_ms": 1084.857792,
        "observed_completed_ms": 1089.4072079999999,
        "start_to_observed_completion_ms": 10.178874999999834,
        "submit_to_observed_completion_ms": 4.549415999999837,
        "continuous_iteration_ms": 10.305084228515625,
        "frame_ms": 6.527166366577148,
        "component_sum_ms": 6.527166366577148,
        "tick_ms": 0.21370799839496613,
        "dynamic_mesh_ms": 0.8389580249786377,
        "encode_ms": 0.8052089810371399,
        "admission_or_completion_ms": 4.669291019439697
      },
      {
        "index": 85,
        "started_ms": 1089.5334169999999,
        "submitted_ms": 1091.4160829999998,
        "observed_completed_ms": 1095.967417,
        "start_to_observed_completion_ms": 6.4340000000001965,
        "submit_to_observed_completion_ms": 4.5513340000002245,
        "continuous_iteration_ms": 10.51633358001709,
        "frame_ms": 6.549793243408203,
        "component_sum_ms": 6.549793243408203,
        "tick_ms": 0.15295898914337158,
        "dynamic_mesh_ms": 0.852541983127594,
        "encode_ms": 0.8755410313606262,
        "admission_or_completion_ms": 4.668751239776611
      },
      {
        "index": 86,
        "started_ms": 1100.04975,
        "submitted_ms": 1105.277333,
        "observed_completed_ms": 1108.3150420000002,
        "start_to_observed_completion_ms": 8.265292000000272,
        "submit_to_observed_completion_ms": 3.037709000000177,
        "continuous_iteration_ms": 8.386332511901855,
        "frame_ms": 4.9927520751953125,
        "component_sum_ms": 4.9927520751953125,
        "tick_ms": 0.2602919936180115,
        "dynamic_mesh_ms": 0.8168339729309082,
        "encode_ms": 0.762374997138977,
        "admission_or_completion_ms": 3.1532511711120605
      },
      {
        "index": 87,
        "started_ms": 1108.436083,
        "submitted_ms": 1110.2459170000002,
        "observed_completed_ms": 1113.2821669999998,
        "start_to_observed_completion_ms": 4.846083999999792,
        "submit_to_observed_completion_ms": 3.0362499999996544,
        "continuous_iteration_ms": 8.873499870300293,
        "frame_ms": 4.959833145141602,
        "component_sum_ms": 4.959833145141602,
        "tick_ms": 0.16174998879432678,
        "dynamic_mesh_ms": 0.8292500376701355,
        "encode_ms": 0.8166249990463257,
        "admission_or_completion_ms": 3.152207851409912
      },
      {
        "index": 88,
        "started_ms": 1117.309583,
        "submitted_ms": 1122.803917,
        "observed_completed_ms": 1125.85725,
        "start_to_observed_completion_ms": 8.547667000000047,
        "submit_to_observed_completion_ms": 3.053333000000066,
        "continuous_iteration_ms": 8.672334671020508,
        "frame_ms": 4.967665672302246,
        "component_sum_ms": 4.967665672302246,
        "tick_ms": 0.16495800018310547,
        "dynamic_mesh_ms": 0.8419579863548279,
        "encode_ms": 0.7877920269966125,
        "admission_or_completion_ms": 3.1729578971862793
      },
      {
        "index": 89,
        "started_ms": 1125.981917,
        "submitted_ms": 1127.8507499999998,
        "observed_completed_ms": 1131.979292,
        "start_to_observed_completion_ms": 5.99737499999992,
        "submit_to_observed_completion_ms": 4.128542000000152,
        "continuous_iteration_ms": 10.064749717712402,
        "frame_ms": 6.110835075378418,
        "component_sum_ms": 6.110835075378418,
        "tick_ms": 0.16608400642871857,
        "dynamic_mesh_ms": 0.8209589719772339,
        "encode_ms": 0.8799999952316284,
        "admission_or_completion_ms": 4.2437920570373535
      },
      {
        "index": 90,
        "started_ms": 1136.046667,
        "submitted_ms": 1141.819625,
        "observed_completed_ms": 1144.862292,
        "start_to_observed_completion_ms": 8.815624999999955,
        "submit_to_observed_completion_ms": 3.0426669999999376,
        "continuous_iteration_ms": 8.936124801635742,
        "frame_ms": 5.332458019256592,
        "component_sum_ms": 5.332458019256592,
        "tick_ms": 0.4946250021457672,
        "dynamic_mesh_ms": 0.8507080078125,
        "encode_ms": 0.8291249871253967,
        "admission_or_completion_ms": 3.1579999923706055
      },
      {
        "index": 91,
        "started_ms": 1144.982792,
        "submitted_ms": 1147.017542,
        "observed_completed_ms": 1149.801417,
        "start_to_observed_completion_ms": 4.818624999999884,
        "submit_to_observed_completion_ms": 2.7838749999998527,
        "continuous_iteration_ms": 8.838915824890137,
        "frame_ms": 4.930167198181152,
        "component_sum_ms": 4.930167198181152,
        "tick_ms": 0.38554200530052185,
        "dynamic_mesh_ms": 0.831125020980835,
        "encode_ms": 0.8163750171661377,
        "admission_or_completion_ms": 2.897125005722046
      },
      {
        "index": 92,
        "started_ms": 1153.821708,
        "submitted_ms": 1159.56825,
        "observed_completed_ms": 1162.6028749999998,
        "start_to_observed_completion_ms": 8.781166999999868,
        "submit_to_observed_completion_ms": 3.034624999999778,
        "continuous_iteration_ms": 8.900583267211914,
        "frame_ms": 5.000292778015137,
        "component_sum_ms": 5.000292778015137,
        "tick_ms": 0.21833398938179016,
        "dynamic_mesh_ms": 0.8348339796066284,
        "encode_ms": 0.797124981880188,
        "admission_or_completion_ms": 3.1500000953674316
      },
      {
        "index": 93,
        "started_ms": 1162.722292,
        "submitted_ms": 1164.461083,
        "observed_completed_ms": 1167.492167,
        "start_to_observed_completion_ms": 4.769875000000184,
        "submit_to_observed_completion_ms": 3.0310840000001917,
        "continuous_iteration_ms": 8.727499961853027,
        "frame_ms": 4.882166862487793,
        "component_sum_ms": 4.882166862487793,
        "tick_ms": 0.17675000429153442,
        "dynamic_mesh_ms": 0.8135000467300415,
        "encode_ms": 0.7466660141944885,
        "admission_or_completion_ms": 3.1452510356903076
      },
      {
        "index": 94,
        "started_ms": 1171.449792,
        "submitted_ms": 1177.165833,
        "observed_completed_ms": 1180.002542,
        "start_to_observed_completion_ms": 8.55275000000006,
        "submit_to_observed_completion_ms": 2.836708999999928,
        "continuous_iteration_ms": 8.674124717712402,
        "frame_ms": 4.765040874481201,
        "component_sum_ms": 4.765040874481201,
        "tick_ms": 0.20629198849201202,
        "dynamic_mesh_ms": 0.8417080044746399,
        "encode_ms": 0.7633330225944519,
        "admission_or_completion_ms": 2.9537079334259033
      },
      {
        "index": 95,
        "started_ms": 1180.123917,
        "submitted_ms": 1181.906333,
        "observed_completed_ms": 1184.934917,
        "start_to_observed_completion_ms": 4.811000000000149,
        "submit_to_observed_completion_ms": 3.028584000000137,
        "continuous_iteration_ms": 8.776457786560059,
        "frame_ms": 4.923959255218506,
        "component_sum_ms": 4.923959255218506,
        "tick_ms": 0.18674999475479126,
        "dynamic_mesh_ms": 0.8210840225219727,
        "encode_ms": 0.7732499837875366,
        "admission_or_completion_ms": 3.1428751945495605
      },
      {
        "index": 96,
        "started_ms": 1188.900375,
        "submitted_ms": 1194.662333,
        "observed_completed_ms": 1197.688375,
        "start_to_observed_completion_ms": 8.788000000000011,
        "submit_to_observed_completion_ms": 3.0260419999999613,
        "continuous_iteration_ms": 8.905832290649414,
        "frame_ms": 4.9878740310668945,
        "component_sum_ms": 4.9878740310668945,
        "tick_ms": 0.25062498450279236,
        "dynamic_mesh_ms": 0.8464580178260803,
        "encode_ms": 0.7502079606056213,
        "admission_or_completion_ms": 3.140583038330078
      },
      {
        "index": 97,
        "started_ms": 1197.806208,
        "submitted_ms": 1199.6105420000001,
        "observed_completed_ms": 1202.642167,
        "start_to_observed_completion_ms": 4.835959000000003,
        "submit_to_observed_completion_ms": 3.031624999999849,
        "continuous_iteration_ms": 8.817874908447266,
        "frame_ms": 4.947041988372803,
        "component_sum_ms": 4.947041988372803,
        "tick_ms": 0.24024999141693115,
        "dynamic_mesh_ms": 0.8265830278396606,
        "encode_ms": 0.7367089986801147,
        "admission_or_completion_ms": 3.1435000896453857
      },
      {
        "index": 98,
        "started_ms": 1206.624083,
        "submitted_ms": 1212.269,
        "observed_completed_ms": 1215.164208,
        "start_to_observed_completion_ms": 8.540124999999989,
        "submit_to_observed_completion_ms": 2.8952079999999114,
        "continuous_iteration_ms": 8.65808391571045,
        "frame_ms": 4.765541076660156,
        "component_sum_ms": 4.765541076660156,
        "tick_ms": 0.142208993434906,
        "dynamic_mesh_ms": 0.8005410432815552,
        "encode_ms": 0.8130000233650208,
        "admission_or_completion_ms": 3.0097908973693848
      },
      {
        "index": 99,
        "started_ms": 1215.282167,
        "submitted_ms": 1217.011042,
        "observed_completed_ms": 1220.051625,
        "start_to_observed_completion_ms": 4.769457999999986,
        "submit_to_observed_completion_ms": 3.0405829999999696,
        "continuous_iteration_ms": 8.819000244140625,
        "frame_ms": 4.888957977294922,
        "component_sum_ms": 4.888957977294922,
        "tick_ms": 0.1514580100774765,
        "dynamic_mesh_ms": 0.8220829963684082,
        "encode_ms": 0.7543339729309082,
        "admission_or_completion_ms": 3.1610829830169678
      },
      {
        "index": 100,
        "started_ms": 1224.101167,
        "submitted_ms": 1231.1095,
        "observed_completed_ms": 1235.3505,
        "start_to_observed_completion_ms": 11.249332999999979,
        "submit_to_observed_completion_ms": 4.2409999999999854,
        "continuous_iteration_ms": 11.372207641601562,
        "frame_ms": 6.45162296295166,
        "component_sum_ms": 6.45162296295166,
        "tick_ms": 0.28691601753234863,
        "dynamic_mesh_ms": 0.8066659569740295,
        "encode_ms": 1.000458002090454,
        "admission_or_completion_ms": 4.357583045959473
      },
      {
        "index": 101,
        "started_ms": 1235.473375,
        "submitted_ms": 1237.473083,
        "observed_completed_ms": 1240.026708,
        "start_to_observed_completion_ms": 4.553333000000066,
        "submit_to_observed_completion_ms": 2.553625000000011,
        "continuous_iteration_ms": 8.66504192352295,
        "frame_ms": 4.665374755859375,
        "component_sum_ms": 4.665374755859375,
        "tick_ms": 0.2091670036315918,
        "dynamic_mesh_ms": 0.8292080163955688,
        "encode_ms": 0.9585409760475159,
        "admission_or_completion_ms": 2.668458938598633
      },
      {
        "index": 102,
        "started_ms": 1244.1384170000001,
        "submitted_ms": 1249.798458,
        "observed_completed_ms": 1252.83025,
        "start_to_observed_completion_ms": 8.69183299999986,
        "submit_to_observed_completion_ms": 3.031791999999996,
        "continuous_iteration_ms": 8.826499938964844,
        "frame_ms": 4.920499801635742,
        "component_sum_ms": 4.920499801635742,
        "tick_ms": 0.13975000381469727,
        "dynamic_mesh_ms": 0.8070829510688782,
        "encode_ms": 0.8182910084724426,
        "admission_or_completion_ms": 3.1553757190704346
      },
      {
        "index": 103,
        "started_ms": 1252.9649169999998,
        "submitted_ms": 1254.707292,
        "observed_completed_ms": 1257.3349170000001,
        "start_to_observed_completion_ms": 4.370000000000346,
        "submit_to_observed_completion_ms": 2.62762500000008,
        "continuous_iteration_ms": 8.457332611083984,
        "frame_ms": 4.482166290283203,
        "component_sum_ms": 4.482166290283203,
        "tick_ms": 0.17904099822044373,
        "dynamic_mesh_ms": 0.817916989326477,
        "encode_ms": 0.7432500123977661,
        "admission_or_completion_ms": 2.7419581413269043
      },
      {
        "index": 104,
        "started_ms": 1261.42225,
        "submitted_ms": 1267.334375,
        "observed_completed_ms": 1271.701917,
        "start_to_observed_completion_ms": 10.279667000000018,
        "submit_to_observed_completion_ms": 4.367542000000185,
        "continuous_iteration_ms": 10.400874137878418,
        "frame_ms": 6.4560418128967285,
        "component_sum_ms": 6.4560418128967285,
        "tick_ms": 0.3241669833660126,
        "dynamic_mesh_ms": 0.8376659750938416,
        "encode_ms": 0.8104169964790344,
        "admission_or_completion_ms": 4.483791828155518
      },
      {
        "index": 105,
        "started_ms": 1271.8231250000001,
        "submitted_ms": 1273.736625,
        "observed_completed_ms": 1278.2752500000001,
        "start_to_observed_completion_ms": 6.452125000000024,
        "submit_to_observed_completion_ms": 4.538625000000138,
        "continuous_iteration_ms": 10.62095832824707,
        "frame_ms": 6.69174861907959,
        "component_sum_ms": 6.69174861907959,
        "tick_ms": 0.2822909951210022,
        "dynamic_mesh_ms": 0.8298329710960388,
        "encode_ms": 0.7994999885559082,
        "admission_or_completion_ms": 4.780124664306641
      },
      {
        "index": 106,
        "started_ms": 1282.444083,
        "submitted_ms": 1289.7576669999999,
        "observed_completed_ms": 1292.5097919999998,
        "start_to_observed_completion_ms": 10.065708999999742,
        "submit_to_observed_completion_ms": 2.752124999999978,
        "continuous_iteration_ms": 10.185833930969238,
        "frame_ms": 4.707000732421875,
        "component_sum_ms": 4.707000732421875,
        "tick_ms": 0.18425001204013824,
        "dynamic_mesh_ms": 0.8423340320587158,
        "encode_ms": 0.812874972820282,
        "admission_or_completion_ms": 2.867541790008545
      },
      {
        "index": 107,
        "started_ms": 1292.629917,
        "submitted_ms": 1294.527667,
        "observed_completed_ms": 1299.078042,
        "start_to_observed_completion_ms": 6.448125000000118,
        "submit_to_observed_completion_ms": 4.550375000000031,
        "continuous_iteration_ms": 10.61604118347168,
        "frame_ms": 6.561123847961426,
        "component_sum_ms": 6.561123847961426,
        "tick_ms": 0.29679200053215027,
        "dynamic_mesh_ms": 0.8205830454826355,
        "encode_ms": 0.7789170145988464,
        "admission_or_completion_ms": 4.664831638336182
      },
      {
        "index": 108,
        "started_ms": 1303.245958,
        "submitted_ms": 1308.931417,
        "observed_completed_ms": 1313.3729999999998,
        "start_to_observed_completion_ms": 10.127041999999847,
        "submit_to_observed_completion_ms": 4.4415829999998095,
        "continuous_iteration_ms": 10.246042251586914,
        "frame_ms": 6.344415664672852,
        "component_sum_ms": 6.344415664672852,
        "tick_ms": 0.15449999272823334,
        "dynamic_mesh_ms": 0.8309170007705688,
        "encode_ms": 0.802416980266571,
        "admission_or_completion_ms": 4.556581974029541
      },
      {
        "index": 109,
        "started_ms": 1313.4920000000002,
        "submitted_ms": 1315.339458,
        "observed_completed_ms": 1318.403208,
        "start_to_observed_completion_ms": 4.91120799999976,
        "submit_to_observed_completion_ms": 3.0637500000000273,
        "continuous_iteration_ms": 8.888833045959473,
        "frame_ms": 5.024500846862793,
        "component_sum_ms": 5.024500846862793,
        "tick_ms": 0.23591700196266174,
        "dynamic_mesh_ms": 0.8239169716835022,
        "encode_ms": 0.7862080335617065,
        "admission_or_completion_ms": 3.1784589290618896
      },
      {
        "index": 110,
        "started_ms": 1322.380833,
        "submitted_ms": 1328.07875,
        "observed_completed_ms": 1332.624875,
        "start_to_observed_completion_ms": 10.244042000000036,
        "submit_to_observed_completion_ms": 4.546125000000075,
        "continuous_iteration_ms": 10.368416786193848,
        "frame_ms": 6.468541145324707,
        "component_sum_ms": 6.468541145324707,
        "tick_ms": 0.1821250021457672,
        "dynamic_mesh_ms": 0.8050000071525574,
        "encode_ms": 0.8157920241355896,
        "admission_or_completion_ms": 4.665624141693115
      },
      {
        "index": 111,
        "started_ms": 1332.74925,
        "submitted_ms": 1334.522625,
        "observed_completed_ms": 1339.070792,
        "start_to_observed_completion_ms": 6.3215419999999085,
        "submit_to_observed_completion_ms": 4.548166999999921,
        "continuous_iteration_ms": 10.37904167175293,
        "frame_ms": 6.44541597366333,
        "component_sum_ms": 6.44541597366333,
        "tick_ms": 0.14191599190235138,
        "dynamic_mesh_ms": 0.8199999928474426,
        "encode_ms": 0.8097079992294312,
        "admission_or_completion_ms": 4.673791885375977
      },
      {
        "index": 112,
        "started_ms": 1343.128292,
        "submitted_ms": 1349.895458,
        "observed_completed_ms": 1354.4285,
        "start_to_observed_completion_ms": 11.300207999999884,
        "submit_to_observed_completion_ms": 4.533042000000023,
        "continuous_iteration_ms": 11.434207916259766,
        "frame_ms": 6.485541343688965,
        "component_sum_ms": 6.485541343688965,
        "tick_ms": 0.23816600441932678,
        "dynamic_mesh_ms": 0.8041670322418213,
        "encode_ms": 0.7807079553604126,
        "admission_or_completion_ms": 4.662500381469727
      },
      {
        "index": 113,
        "started_ms": 1354.5625,
        "submitted_ms": 1356.360708,
        "observed_completed_ms": 1359.3907080000001,
        "start_to_observed_completion_ms": 4.8282080000001315,
        "submit_to_observed_completion_ms": 3.0300000000002,
        "continuous_iteration_ms": 8.787125587463379,
        "frame_ms": 4.939833164215088,
        "component_sum_ms": 4.939833164215088,
        "tick_ms": 0.21108299493789673,
        "dynamic_mesh_ms": 0.8270000219345093,
        "encode_ms": 0.7586660385131836,
        "admission_or_completion_ms": 3.1430840492248535
      },
      {
        "index": 114,
        "started_ms": 1363.349625,
        "submitted_ms": 1369.0257080000001,
        "observed_completed_ms": 1373.573417,
        "start_to_observed_completion_ms": 10.223792000000003,
        "submit_to_observed_completion_ms": 4.547708999999941,
        "continuous_iteration_ms": 10.343125343322754,
        "frame_ms": 6.433206558227539,
        "component_sum_ms": 6.433206558227539,
        "tick_ms": 0.19175000488758087,
        "dynamic_mesh_ms": 0.8229159712791443,
        "encode_ms": 0.7559580206871033,
        "admission_or_completion_ms": 4.662582874298096
      },
      {
        "index": 115,
        "started_ms": 1373.69275,
        "submitted_ms": 1375.632875,
        "observed_completed_ms": 1380.192042,
        "start_to_observed_completion_ms": 6.4992919999999685,
        "submit_to_observed_completion_ms": 4.5591669999998885,
        "continuous_iteration_ms": 10.609707832336426,
        "frame_ms": 6.626001358032227,
        "component_sum_ms": 6.626001358032227,
        "tick_ms": 0.3346249759197235,
        "dynamic_mesh_ms": 0.8137500286102295,
        "encode_ms": 0.7899169921875,
        "admission_or_completion_ms": 4.687709331512451
      },
      {
        "index": 116,
        "started_ms": 1384.3024580000001,
        "submitted_ms": 1391.188542,
        "observed_completed_ms": 1395.730208,
        "start_to_observed_completion_ms": 11.427749999999833,
        "submit_to_observed_completion_ms": 4.54166599999985,
        "continuous_iteration_ms": 11.559916496276855,
        "frame_ms": 6.516000270843506,
        "component_sum_ms": 6.516000270843506,
        "tick_ms": 0.13783399760723114,
        "dynamic_mesh_ms": 0.8272500038146973,
        "encode_ms": 0.8817920088768005,
        "admission_or_completion_ms": 4.669124126434326
      },
      {
        "index": 117,
        "started_ms": 1395.8623750000002,
        "submitted_ms": 1397.806125,
        "observed_completed_ms": 1402.35825,
        "start_to_observed_completion_ms": 6.495874999999842,
        "submit_to_observed_completion_ms": 4.552124999999933,
        "continuous_iteration_ms": 10.611374855041504,
        "frame_ms": 6.6118340492248535,
        "component_sum_ms": 6.6118340492248535,
        "tick_ms": 0.14333300292491913,
        "dynamic_mesh_ms": 0.8156669735908508,
        "encode_ms": 0.9828749895095825,
        "admission_or_completion_ms": 4.66995906829834
      },
      {
        "index": 118,
        "started_ms": 1406.4737499999999,
        "submitted_ms": 1412.472917,
        "observed_completed_ms": 1416.553333,
        "start_to_observed_completion_ms": 10.079583000000184,
        "submit_to_observed_completion_ms": 4.080416000000014,
        "continuous_iteration_ms": 10.205167770385742,
        "frame_ms": 6.086667060852051,
        "component_sum_ms": 6.086667060852051,
        "tick_ms": 0.2264999896287918,
        "dynamic_mesh_ms": 0.8288339972496033,
        "encode_ms": 0.8305420279502869,
        "admission_or_completion_ms": 4.200790882110596
      },
      {
        "index": 119,
        "started_ms": 1416.678917,
        "submitted_ms": 1418.550167,
        "observed_completed_ms": 1423.10625,
        "start_to_observed_completion_ms": 6.42733300000009,
        "submit_to_observed_completion_ms": 4.556082999999944,
        "continuous_iteration_ms": 10.511333465576172,
        "frame_ms": 6.551083087921143,
        "component_sum_ms": 6.551083087921143,
        "tick_ms": 0.19508300721645355,
        "dynamic_mesh_ms": 0.8159590363502502,
        "encode_ms": 0.857833981513977,
        "admission_or_completion_ms": 4.682207107543945
      },
      {
        "index": 120,
        "started_ms": 1427.19025,
        "submitted_ms": 1432.9745,
        "observed_completed_ms": 1435.73225,
        "start_to_observed_completion_ms": 8.541999999999916,
        "submit_to_observed_completion_ms": 2.7577499999999873,
        "continuous_iteration_ms": 1455.939208984375,
        "frame_ms": 4.777708053588867,
        "component_sum_ms": 4.777708053588867,
        "tick_ms": 0.13837499916553497,
        "dynamic_mesh_ms": 0.809249997138977,
        "encode_ms": 0.9561249613761902,
        "admission_or_completion_ms": 2.873958110809326
      },
      {
        "index": 121,
        "started_ms": 2883.1293750000004,
        "submitted_ms": 2885.5552079999998,
        "observed_completed_ms": 2900.648833,
        "start_to_observed_completion_ms": 17.51945799999976,
        "submit_to_observed_completion_ms": 15.09362500000043,
        "continuous_iteration_ms": 786.6573486328125,
        "frame_ms": 17.633750915527344,
        "component_sum_ms": 17.633750915527344,
        "tick_ms": 0.196958988904953,
        "dynamic_mesh_ms": 0.8578749895095825,
        "encode_ms": 1.3638750314712524,
        "admission_or_completion_ms": 15.215042114257812
      },
      {
        "index": 122,
        "started_ms": 3669.78675,
        "submitted_ms": 3680.98275,
        "observed_completed_ms": 3688.285208,
        "start_to_observed_completion_ms": 18.498457999999573,
        "submit_to_observed_completion_ms": 7.30245799999966,
        "continuous_iteration_ms": 750.5018920898438,
        "frame_ms": 9.749709129333496,
        "component_sum_ms": 9.749709129333496,
        "tick_ms": 0.39866700768470764,
        "dynamic_mesh_ms": 0.8645839691162109,
        "encode_ms": 1.063707947731018,
        "admission_or_completion_ms": 7.422750473022461
      },
      {
        "index": 123,
        "started_ms": 4420.288667000001,
        "submitted_ms": 4422.643,
        "observed_completed_ms": 4430.005875,
        "start_to_observed_completion_ms": 9.717207999999118,
        "submit_to_observed_completion_ms": 7.3628749999998035,
        "continuous_iteration_ms": 740.0850830078125,
        "frame_ms": 9.88720703125,
        "component_sum_ms": 9.88720703125,
        "tick_ms": 0.18508300185203552,
        "dynamic_mesh_ms": 0.8613330125808716,
        "encode_ms": 1.3002499341964722,
        "admission_or_completion_ms": 7.54054069519043
      },
      {
        "index": 124,
        "started_ms": 5160.37375,
        "submitted_ms": 5169.823583,
        "observed_completed_ms": 5178.922167,
        "start_to_observed_completion_ms": 18.548416999999972,
        "submit_to_observed_completion_ms": 9.098583999999391,
        "continuous_iteration_ms": 750.0772094726562,
        "frame_ms": 11.283082962036133,
        "component_sum_ms": 11.283082962036133,
        "tick_ms": 0.18804199993610382,
        "dynamic_mesh_ms": 0.8582080006599426,
        "encode_ms": 1.0035409927368164,
        "admission_or_completion_ms": 9.233292579650879
      },
      {
        "index": 125,
        "started_ms": 5910.450917,
        "submitted_ms": 5912.581958,
        "observed_completed_ms": 5922.805249999999,
        "start_to_observed_completion_ms": 12.354332999999315,
        "submit_to_observed_completion_ms": 10.223291999999674,
        "continuous_iteration_ms": 740.5975952148438,
        "frame_ms": 12.48379135131836,
        "component_sum_ms": 12.48379135131836,
        "tick_ms": 0.18641600012779236,
        "dynamic_mesh_ms": 0.8575839996337891,
        "encode_ms": 1.0795410871505737,
        "admission_or_completion_ms": 10.360250473022461
      },
      {
        "index": 126,
        "started_ms": 6651.0485419999995,
        "submitted_ms": 6660.36025,
        "observed_completed_ms": 6664.7972500000005,
        "start_to_observed_completion_ms": 13.748708000000988,
        "submit_to_observed_completion_ms": 4.437000000000808,
        "continuous_iteration_ms": 739.3897705078125,
        "frame_ms": 6.562458515167236,
        "component_sum_ms": 6.562458515167236,
        "tick_ms": 0.18979200720787048,
        "dynamic_mesh_ms": 0.864791989326477,
        "encode_ms": 0.9524999856948853,
        "admission_or_completion_ms": 4.555374622344971
      },
      {
        "index": 127,
        "started_ms": 7390.438292,
        "submitted_ms": 7392.688958,
        "observed_completed_ms": 7401.81225,
        "start_to_observed_completion_ms": 11.37395800000013,
        "submit_to_observed_completion_ms": 9.12329200000022,
        "continuous_iteration_ms": 740.02880859375,
        "frame_ms": 11.489500045776367,
        "component_sum_ms": 11.489500045776367,
        "tick_ms": 0.1913750022649765,
        "dynamic_mesh_ms": 0.8680830001831055,
        "encode_ms": 1.1829580068588257,
        "admission_or_completion_ms": 9.24708366394043
      },
      {
        "index": 128,
        "started_ms": 8130.467083,
        "submitted_ms": 8141.374167,
        "observed_completed_ms": 8150.455457999999,
        "start_to_observed_completion_ms": 19.988374999999905,
        "submit_to_observed_completion_ms": 9.08129099999951,
        "continuous_iteration_ms": 753.9212036132812,
        "frame_ms": 11.295583724975586,
        "component_sum_ms": 11.295583724975586,
        "tick_ms": 0.20079098641872406,
        "dynamic_mesh_ms": 0.8719170093536377,
        "encode_ms": 1.0241670608520508,
        "admission_or_completion_ms": 9.198708534240723
      },
      {
        "index": 129,
        "started_ms": 8884.388292000001,
        "submitted_ms": 8886.540416999998,
        "observed_completed_ms": 8895.207083000001,
        "start_to_observed_completion_ms": 10.818790999999692,
        "submit_to_observed_completion_ms": 8.666666000002806,
        "continuous_iteration_ms": 742.9835815429688,
        "frame_ms": 10.93395709991455,
        "component_sum_ms": 10.93395709991455,
        "tick_ms": 0.18987500667572021,
        "dynamic_mesh_ms": 0.8584170341491699,
        "encode_ms": 1.095916986465454,
        "admission_or_completion_ms": 8.789748191833496
      },
      {
        "index": 130,
        "started_ms": 9627.371874999999,
        "submitted_ms": 9638.270332999999,
        "observed_completed_ms": 9641.313375,
        "start_to_observed_completion_ms": 13.941500000000815,
        "submit_to_observed_completion_ms": 3.043042000001151,
        "continuous_iteration_ms": 740.7171630859375,
        "frame_ms": 5.501250267028809,
        "component_sum_ms": 5.501250267028809,
        "tick_ms": 0.18162499368190765,
        "dynamic_mesh_ms": 0.856374979019165,
        "encode_ms": 1.3027909994125366,
        "admission_or_completion_ms": 3.160459041595459
      },
      {
        "index": 131,
        "started_ms": 10368.089042,
        "submitted_ms": 10370.394458,
        "observed_completed_ms": 10379.355625,
        "start_to_observed_completion_ms": 11.266583000000537,
        "submit_to_observed_completion_ms": 8.961166999999477,
        "continuous_iteration_ms": 748.4239501953125,
        "frame_ms": 11.39695930480957,
        "component_sum_ms": 11.39695930480957,
        "tick_ms": 0.18958400189876556,
        "dynamic_mesh_ms": 0.8702920079231262,
        "encode_ms": 1.2379159927368164,
        "admission_or_completion_ms": 9.099167823791504
      },
      {
        "index": 132,
        "started_ms": 11116.512958,
        "submitted_ms": 11127.4085,
        "observed_completed_ms": 11134.994499999999,
        "start_to_observed_completion_ms": 18.481541999999536,
        "submit_to_observed_completion_ms": 7.585999999999331,
        "continuous_iteration_ms": 747.8336791992188,
        "frame_ms": 9.867167472839355,
        "component_sum_ms": 9.867167472839355,
        "tick_ms": 0.18925000727176666,
        "dynamic_mesh_ms": 0.8653340339660645,
        "encode_ms": 1.105375051498413,
        "admission_or_completion_ms": 7.707208633422852
      },
      {
        "index": 133,
        "started_ms": 11864.346625,
        "submitted_ms": 11866.662875,
        "observed_completed_ms": 11875.427916999999,
        "start_to_observed_completion_ms": 11.081291999998939,
        "submit_to_observed_completion_ms": 8.765041999999085,
        "continuous_iteration_ms": 747.21337890625,
        "frame_ms": 11.258377075195312,
        "component_sum_ms": 11.258377075195312,
        "tick_ms": 0.19379200041294098,
        "dynamic_mesh_ms": 0.8880419731140137,
        "encode_ms": 1.2261669635772705,
        "admission_or_completion_ms": 8.9503755569458
      },
      {
        "index": 134,
        "started_ms": 12611.560000000001,
        "submitted_ms": 12620.964958,
        "observed_completed_ms": 12625.532667,
        "start_to_observed_completion_ms": 13.972666999998182,
        "submit_to_observed_completion_ms": 4.567708999999013,
        "continuous_iteration_ms": 742.4069213867188,
        "frame_ms": 6.7623748779296875,
        "component_sum_ms": 6.7623748779296875,
        "tick_ms": 0.18379199504852295,
        "dynamic_mesh_ms": 0.8614999651908875,
        "encode_ms": 1.0308330059051514,
        "admission_or_completion_ms": 4.68625020980835
      },
      {
        "index": 135,
        "started_ms": 13353.966917,
        "submitted_ms": 13356.537333,
        "observed_completed_ms": 13365.614333,
        "start_to_observed_completion_ms": 11.647415999999794,
        "submit_to_observed_completion_ms": 9.076999999999316,
        "continuous_iteration_ms": 735.8504638671875,
        "frame_ms": 11.766999244689941,
        "component_sum_ms": 11.766999244689941,
        "tick_ms": 0.5180000066757202,
        "dynamic_mesh_ms": 0.8631250262260437,
        "encode_ms": 1.1813329458236694,
        "admission_or_completion_ms": 9.204541206359863
      },
      {
        "index": 136,
        "started_ms": 14089.817332999999,
        "submitted_ms": 14101.819625,
        "observed_completed_ms": 14109.372083,
        "start_to_observed_completion_ms": 19.55475000000115,
        "submit_to_observed_completion_ms": 7.552458000000115,
        "continuous_iteration_ms": 19.67708396911621,
        "frame_ms": 10.002291679382324,
        "component_sum_ms": 10.002291679382324,
        "tick_ms": 0.5205419659614563,
        "dynamic_mesh_ms": 0.862625002861023,
        "encode_ms": 0.9511249661445618,
        "admission_or_completion_ms": 7.667999744415283
      },
      {
        "index": 137,
        "started_ms": 14109.494417,
        "submitted_ms": 14111.692792,
        "observed_completed_ms": 14114.73675,
        "start_to_observed_completion_ms": 5.242333000000144,
        "submit_to_observed_completion_ms": 3.0439580000002024,
        "continuous_iteration_ms": 9.43970775604248,
        "frame_ms": 5.35699987411499,
        "component_sum_ms": 5.35699987411499,
        "tick_ms": 0.37641701102256775,
        "dynamic_mesh_ms": 0.854915976524353,
        "encode_ms": 0.9647919535636902,
        "admission_or_completion_ms": 3.160874843597412
      },
      {
        "index": 138,
        "started_ms": 14118.934125,
        "submitted_ms": 14125.133,
        "observed_completed_ms": 14128.178249999999,
        "start_to_observed_completion_ms": 9.244124999999258,
        "submit_to_observed_completion_ms": 3.045249999999214,
        "continuous_iteration_ms": 9.368667602539062,
        "frame_ms": 5.397249221801758,
        "component_sum_ms": 5.397249221801758,
        "tick_ms": 0.27708297967910767,
        "dynamic_mesh_ms": 0.8579579591751099,
        "encode_ms": 1.0989580154418945,
        "admission_or_completion_ms": 3.163249969482422
      },
      {
        "index": 139,
        "started_ms": 14128.302791999999,
        "submitted_ms": 14130.332833,
        "observed_completed_ms": 14133.081333,
        "start_to_observed_completion_ms": 4.778541000001496,
        "submit_to_observed_completion_ms": 2.7484999999996944,
        "continuous_iteration_ms": 8.961041450500488,
        "frame_ms": 4.894374847412109,
        "component_sum_ms": 4.894374847412109,
        "tick_ms": 0.24479100108146667,
        "dynamic_mesh_ms": 0.8629590272903442,
        "encode_ms": 0.920041024684906,
        "admission_or_completion_ms": 2.866583824157715
      },
      {
        "index": 140,
        "started_ms": 14137.263833,
        "submitted_ms": 14143.098792,
        "observed_completed_ms": 14146.127917,
        "start_to_observed_completion_ms": 8.864083999998911,
        "submit_to_observed_completion_ms": 3.0291249999991123,
        "continuous_iteration_ms": 8.982500076293945,
        "frame_ms": 5.00095796585083,
        "component_sum_ms": 5.00095796585083,
        "tick_ms": 0.20675000548362732,
        "dynamic_mesh_ms": 0.8423749804496765,
        "encode_ms": 0.8091669678688049,
        "admission_or_completion_ms": 3.1426661014556885
      },
      {
        "index": 141,
        "started_ms": 14146.246333000001,
        "submitted_ms": 14148.174875,
        "observed_completed_ms": 14151.205208000001,
        "start_to_observed_completion_ms": 4.958875000000262,
        "submit_to_observed_completion_ms": 3.03033300000061,
        "continuous_iteration_ms": 8.977667808532715,
        "frame_ms": 5.071291923522949,
        "component_sum_ms": 5.071291923522949,
        "tick_ms": 0.2532080113887787,
        "dynamic_mesh_ms": 0.8359589576721191,
        "encode_ms": 0.8372080326080322,
        "admission_or_completion_ms": 3.1449170112609863
      },
      {
        "index": 142,
        "started_ms": 14155.224,
        "submitted_ms": 14160.910082999999,
        "observed_completed_ms": 14163.945042,
        "start_to_observed_completion_ms": 8.721041999999215,
        "submit_to_observed_completion_ms": 3.0349590000005264,
        "continuous_iteration_ms": 8.841917037963867,
        "frame_ms": 4.919750213623047,
        "component_sum_ms": 4.919750213623047,
        "tick_ms": 0.16666699945926666,
        "dynamic_mesh_ms": 0.8275830149650574,
        "encode_ms": 0.7739579677581787,
        "admission_or_completion_ms": 3.1515421867370605
      },
      {
        "index": 143,
        "started_ms": 14164.065917,
        "submitted_ms": 14165.845458,
        "observed_completed_ms": 14168.875082999999,
        "start_to_observed_completion_ms": 4.809165999999095,
        "submit_to_observed_completion_ms": 3.029624999999214,
        "continuous_iteration_ms": 8.81554126739502,
        "frame_ms": 4.920749664306641,
        "component_sum_ms": 4.920749664306641,
        "tick_ms": 0.15416701138019562,
        "dynamic_mesh_ms": 0.8316670060157776,
        "encode_ms": 0.7924579977989197,
        "admission_or_completion_ms": 3.142457962036133
      },
      {
        "index": 144,
        "started_ms": 14172.881458,
        "submitted_ms": 14178.551917,
        "observed_completed_ms": 14181.597125,
        "start_to_observed_completion_ms": 8.715667000000394,
        "submit_to_observed_completion_ms": 3.0452079999995476,
        "continuous_iteration_ms": 8.836750030517578,
        "frame_ms": 4.912957191467285,
        "component_sum_ms": 4.912957191467285,
        "tick_ms": 0.14800000190734863,
        "dynamic_mesh_ms": 0.8120409846305847,
        "encode_ms": 0.7926669716835022,
        "admission_or_completion_ms": 3.1602489948272705
      },
      {
        "index": 145,
        "started_ms": 14181.718208,
        "submitted_ms": 14183.550542,
        "observed_completed_ms": 14186.586374999999,
        "start_to_observed_completion_ms": 4.868166999998721,
        "submit_to_observed_completion_ms": 3.0358329999980924,
        "continuous_iteration_ms": 8.880792617797852,
        "frame_ms": 4.981499195098877,
        "component_sum_ms": 4.981499195098877,
        "tick_ms": 0.14362500607967377,
        "dynamic_mesh_ms": 0.846875011920929,
        "encode_ms": 0.839917004108429,
        "admission_or_completion_ms": 3.1510820388793945
      },
      {
        "index": 146,
        "started_ms": 14190.599,
        "submitted_ms": 14196.187125,
        "observed_completed_ms": 14199.216832999999,
        "start_to_observed_completion_ms": 8.617832999998427,
        "submit_to_observed_completion_ms": 3.029707999998209,
        "continuous_iteration_ms": 8.736000061035156,
        "frame_ms": 4.832500457763672,
        "component_sum_ms": 4.832500457763672,
        "tick_ms": 0.1271670013666153,
        "dynamic_mesh_ms": 0.8208749890327454,
        "encode_ms": 0.74070805311203,
        "admission_or_completion_ms": 3.1437501907348633
      },
      {
        "index": 147,
        "started_ms": 14199.335,
        "submitted_ms": 14201.016708,
        "observed_completed_ms": 14204.052958,
        "start_to_observed_completion_ms": 4.71795800000109,
        "submit_to_observed_completion_ms": 3.0362500000010186,
        "continuous_iteration_ms": 8.716374397277832,
        "frame_ms": 4.8325419425964355,
        "component_sum_ms": 4.8325419425964355,
        "tick_ms": 0.12399999797344208,
        "dynamic_mesh_ms": 0.8222920298576355,
        "encode_ms": 0.7342909574508667,
        "admission_or_completion_ms": 3.15195894241333
      },
      {
        "index": 148,
        "started_ms": 14208.051375000001,
        "submitted_ms": 14213.626083,
        "observed_completed_ms": 14216.660582999999,
        "start_to_observed_completion_ms": 8.609207999998034,
        "submit_to_observed_completion_ms": 3.0344999999997526,
        "continuous_iteration_ms": 8.729750633239746,
        "frame_ms": 4.86004114151001,
        "component_sum_ms": 4.86004114151001,
        "tick_ms": 0.1303749978542328,
        "dynamic_mesh_ms": 0.8381659984588623,
        "encode_ms": 0.7410409450531006,
        "admission_or_completion_ms": 3.150459051132202
      },
      {
        "index": 149,
        "started_ms": 14216.781125000001,
        "submitted_ms": 14218.513417,
        "observed_completed_ms": 14221.564875,
        "start_to_observed_completion_ms": 4.78374999999869,
        "submit_to_observed_completion_ms": 3.0514579999999114,
        "continuous_iteration_ms": 7.439332962036133,
        "frame_ms": 4.9006667137146,
        "component_sum_ms": 4.9006667137146,
        "tick_ms": 0.12604199349880219,
        "dynamic_mesh_ms": 0.8213750123977661,
        "encode_ms": 0.7836250066757202,
        "admission_or_completion_ms": 3.1696248054504395
      },
      {
        "index": 150,
        "started_ms": 14224.220458,
        "submitted_ms": 14230.057958,
        "observed_completed_ms": 14233.10575,
        "start_to_observed_completion_ms": 8.885292000000845,
        "submit_to_observed_completion_ms": 3.047792000001209,
        "continuous_iteration_ms": 9.008292198181152,
        "frame_ms": 4.959625244140625,
        "component_sum_ms": 4.959625244140625,
        "tick_ms": 0.15004199743270874,
        "dynamic_mesh_ms": 0.8643749952316284,
        "encode_ms": 0.7804160118103027,
        "admission_or_completion_ms": 3.164792060852051
      },
      {
        "index": 151,
        "started_ms": 14233.22875,
        "submitted_ms": 14235.082957999999,
        "observed_completed_ms": 14238.117583,
        "start_to_observed_completion_ms": 4.888832999999067,
        "submit_to_observed_completion_ms": 3.034625000000233,
        "continuous_iteration_ms": 7.446541786193848,
        "frame_ms": 5.000790596008301,
        "component_sum_ms": 5.000790596008301,
        "tick_ms": 0.1357080042362213,
        "dynamic_mesh_ms": 0.832332968711853,
        "encode_ms": 0.8845829963684082,
        "admission_or_completion_ms": 3.1481668949127197
      },
      {
        "index": 152,
        "started_ms": 14240.675292,
        "submitted_ms": 14246.435292,
        "observed_completed_ms": 14249.479917,
        "start_to_observed_completion_ms": 8.80462500000067,
        "submit_to_observed_completion_ms": 3.044625000000451,
        "continuous_iteration_ms": 8.92562484741211,
        "frame_ms": 4.912959098815918,
        "component_sum_ms": 4.912959098815918,
        "tick_ms": 0.1329590082168579,
        "dynamic_mesh_ms": 0.8314169645309448,
        "encode_ms": 0.7888749837875366,
        "admission_or_completion_ms": 3.159708023071289
      },
      {
        "index": 153,
        "started_ms": 14249.600917,
        "submitted_ms": 14251.388708,
        "observed_completed_ms": 14254.421917,
        "start_to_observed_completion_ms": 4.820999999999913,
        "submit_to_observed_completion_ms": 3.0332089999992604,
        "continuous_iteration_ms": 7.313665866851807,
        "frame_ms": 4.935207843780518,
        "component_sum_ms": 4.935207843780518,
        "tick_ms": 0.13245798647403717,
        "dynamic_mesh_ms": 0.8264579772949219,
        "encode_ms": 0.8270000219345093,
        "admission_or_completion_ms": 3.1492919921875
      },
      {
        "index": 154,
        "started_ms": 14256.914583,
        "submitted_ms": 14262.577833,
        "observed_completed_ms": 14265.626083000001,
        "start_to_observed_completion_ms": 8.711500000001251,
        "submit_to_observed_completion_ms": 3.0482500000016444,
        "continuous_iteration_ms": 8.831666946411133,
        "frame_ms": 4.8806257247924805,
        "component_sum_ms": 4.8806257247924805,
        "tick_ms": 0.12962499260902405,
        "dynamic_mesh_ms": 0.8176250457763672,
        "encode_ms": 0.7692499756813049,
        "admission_or_completion_ms": 3.164125919342041
      },
      {
        "index": 155,
        "started_ms": 14265.74625,
        "submitted_ms": 14267.4975,
        "observed_completed_ms": 14270.538332999999,
        "start_to_observed_completion_ms": 4.792082999998456,
        "submit_to_observed_completion_ms": 3.040832999999111,
        "continuous_iteration_ms": 7.481500148773193,
        "frame_ms": 4.911623954772949,
        "component_sum_ms": 4.911623954772949,
        "tick_ms": 0.1262499988079071,
        "dynamic_mesh_ms": 0.8068329691886902,
        "encode_ms": 0.8164580464363098,
        "admission_or_completion_ms": 3.1620829105377197
      },
      {
        "index": 156,
        "started_ms": 14273.22775,
        "submitted_ms": 14278.908375,
        "observed_completed_ms": 14281.959792,
        "start_to_observed_completion_ms": 8.732041999999637,
        "submit_to_observed_completion_ms": 3.0514169999987644,
        "continuous_iteration_ms": 8.865958213806152,
        "frame_ms": 4.964001178741455,
        "component_sum_ms": 4.964001178741455,
        "tick_ms": 0.13362500071525574,
        "dynamic_mesh_ms": 0.8435840010643005,
        "encode_ms": 0.8064999580383301,
        "admission_or_completion_ms": 3.1802921295166016
      },
      {
        "index": 157,
        "started_ms": 14282.093708,
        "submitted_ms": 14283.894999999999,
        "observed_completed_ms": 14286.929833,
        "start_to_observed_completion_ms": 4.836124999999811,
        "submit_to_observed_completion_ms": 3.0348330000015267,
        "continuous_iteration_ms": 8.894624710083008,
        "frame_ms": 5.001416206359863,
        "component_sum_ms": 5.001416206359863,
        "tick_ms": 0.13062500953674316,
        "dynamic_mesh_ms": 0.8246660232543945,
        "encode_ms": 0.8449169993400574,
        "admission_or_completion_ms": 3.2012081146240234
      },
      {
        "index": 158,
        "started_ms": 14290.988333,
        "submitted_ms": 14296.600667,
        "observed_completed_ms": 14299.636417,
        "start_to_observed_completion_ms": 8.648084000000381,
        "submit_to_observed_completion_ms": 3.035749999999098,
        "continuous_iteration_ms": 8.766417503356934,
        "frame_ms": 4.834582805633545,
        "component_sum_ms": 4.834582805633545,
        "tick_ms": 0.12537498772144318,
        "dynamic_mesh_ms": 0.7999999523162842,
        "encode_ms": 0.7592500448226929,
        "admission_or_completion_ms": 3.1499578952789307
      },
      {
        "index": 159,
        "started_ms": 14299.75475,
        "submitted_ms": 14301.479167,
        "observed_completed_ms": 14304.525417,
        "start_to_observed_completion_ms": 4.770667000000685,
        "submit_to_observed_completion_ms": 3.046250000001237,
        "continuous_iteration_ms": 8.687417030334473,
        "frame_ms": 4.887166976928711,
        "component_sum_ms": 4.887166976928711,
        "tick_ms": 0.125916987657547,
        "dynamic_mesh_ms": 0.8154999613761902,
        "encode_ms": 0.781624972820282,
        "admission_or_completion_ms": 3.1641249656677246
      },
      {
        "index": 160,
        "started_ms": 14308.442167000001,
        "submitted_ms": 14313.604125,
        "observed_completed_ms": 14316.650792,
        "start_to_observed_completion_ms": 8.208624999999302,
        "submit_to_observed_completion_ms": 3.046667000000525,
        "continuous_iteration_ms": 8.328790664672852,
        "frame_ms": 4.867125988006592,
        "component_sum_ms": 4.867125988006592,
        "tick_ms": 0.12879200279712677,
        "dynamic_mesh_ms": 0.8240839838981628,
        "encode_ms": 0.7524170279502869,
        "admission_or_completion_ms": 3.1618330478668213
      },
      {
        "index": 161,
        "started_ms": 14316.770958,
        "submitted_ms": 14318.557458000001,
        "observed_completed_ms": 14321.589375,
        "start_to_observed_completion_ms": 4.818417000000409,
        "submit_to_observed_completion_ms": 3.0319169999984297,
        "continuous_iteration_ms": 7.436417102813721,
        "frame_ms": 4.933457851409912,
        "component_sum_ms": 4.933457851409912,
        "tick_ms": 0.13079200685024261,
        "dynamic_mesh_ms": 0.818541944026947,
        "encode_ms": 0.8356660008430481,
        "admission_or_completion_ms": 3.1484580039978027
      },
      {
        "index": 162,
        "started_ms": 14324.207375,
        "submitted_ms": 14329.746625,
        "observed_completed_ms": 14332.784833,
        "start_to_observed_completion_ms": 8.577457999999751,
        "submit_to_observed_completion_ms": 3.0382079999999405,
        "continuous_iteration_ms": 8.6961669921875,
        "frame_ms": 4.823042392730713,
        "component_sum_ms": 4.823042392730713,
        "tick_ms": 0.12487500160932541,
        "dynamic_mesh_ms": 0.8139170408248901,
        "encode_ms": 0.7314170002937317,
        "admission_or_completion_ms": 3.1528332233428955
      },
      {
        "index": 163,
        "started_ms": 14332.903542,
        "submitted_ms": 14334.646125000001,
        "observed_completed_ms": 14337.684792,
        "start_to_observed_completion_ms": 4.78125,
        "submit_to_observed_completion_ms": 3.0386669999988953,
        "continuous_iteration_ms": 8.899957656860352,
        "frame_ms": 4.895625114440918,
        "component_sum_ms": 4.895625114440918,
        "tick_ms": 0.12329200655221939,
        "dynamic_mesh_ms": 0.8079999685287476,
        "encode_ms": 0.8093750476837158,
        "admission_or_completion_ms": 3.1549580097198486
      },
      {
        "index": 164,
        "started_ms": 14341.8035,
        "submitted_ms": 14347.521875,
        "observed_completed_ms": 14350.55975,
        "start_to_observed_completion_ms": 8.756250000000364,
        "submit_to_observed_completion_ms": 3.0378749999999854,
        "continuous_iteration_ms": 8.874958038330078,
        "frame_ms": 4.981291770935059,
        "component_sum_ms": 4.981291770935059,
        "tick_ms": 0.1274999976158142,
        "dynamic_mesh_ms": 0.802416980266571,
        "encode_ms": 0.898792028427124,
        "admission_or_completion_ms": 3.152582883834839
      },
      {
        "index": 165,
        "started_ms": 14350.678458,
        "submitted_ms": 14352.350875,
        "observed_completed_ms": 14355.417042,
        "start_to_observed_completion_ms": 4.738583999998809,
        "submit_to_observed_completion_ms": 3.066166999999041,
        "continuous_iteration_ms": 8.788125038146973,
        "frame_ms": 4.854042053222656,
        "component_sum_ms": 4.854042053222656,
        "tick_ms": 0.12537498772144318,
        "dynamic_mesh_ms": 0.8093750476837158,
        "encode_ms": 0.7361249923706055,
        "admission_or_completion_ms": 3.183166980743408
      },
      {
        "index": 166,
        "started_ms": 14359.466583,
        "submitted_ms": 14364.730207999999,
        "observed_completed_ms": 14367.39575,
        "start_to_observed_completion_ms": 7.929167000000234,
        "submit_to_observed_completion_ms": 2.6655420000006416,
        "continuous_iteration_ms": 8.04629135131836,
        "frame_ms": 4.506500244140625,
        "component_sum_ms": 4.506500244140625,
        "tick_ms": 0.12729200720787048,
        "dynamic_mesh_ms": 0.8115830421447754,
        "encode_ms": 0.7890409827232361,
        "admission_or_completion_ms": 2.7785840034484863
      },
      {
        "index": 167,
        "started_ms": 14367.512874999999,
        "submitted_ms": 14369.181917,
        "observed_completed_ms": 14373.448958,
        "start_to_observed_completion_ms": 5.936083000002327,
        "submit_to_observed_completion_ms": 4.267041000000972,
        "continuous_iteration_ms": 9.992417335510254,
        "frame_ms": 6.060332775115967,
        "component_sum_ms": 6.060332775115967,
        "tick_ms": 0.12524999678134918,
        "dynamic_mesh_ms": 0.8060000538825989,
        "encode_ms": 0.7362500429153442,
        "admission_or_completion_ms": 4.3928327560424805
      },
      {
        "index": 168,
        "started_ms": 14377.505292,
        "submitted_ms": 14383.440958,
        "observed_completed_ms": 14386.477458,
        "start_to_observed_completion_ms": 8.97216599999956,
        "submit_to_observed_completion_ms": 3.03650000000016,
        "continuous_iteration_ms": 9.091666221618652,
        "frame_ms": 5.042749881744385,
        "component_sum_ms": 5.042749881744385,
        "tick_ms": 0.12504099309444427,
        "dynamic_mesh_ms": 0.8130419850349426,
        "encode_ms": 0.953125,
        "admission_or_completion_ms": 3.1515419483184814
      },
      {
        "index": 169,
        "started_ms": 14386.596958,
        "submitted_ms": 14388.337792,
        "observed_completed_ms": 14391.392958,
        "start_to_observed_completion_ms": 4.7960000000002765,
        "submit_to_observed_completion_ms": 3.0551660000000993,
        "continuous_iteration_ms": 8.944042205810547,
        "frame_ms": 4.921417236328125,
        "component_sum_ms": 4.921417236328125,
        "tick_ms": 0.14454200863838196,
        "dynamic_mesh_ms": 0.8189160227775574,
        "encode_ms": 0.7754589915275574,
        "admission_or_completion_ms": 3.182499885559082
      },
      {
        "index": 170,
        "started_ms": 14395.541,
        "submitted_ms": 14401.341083,
        "observed_completed_ms": 14404.372125,
        "start_to_observed_completion_ms": 8.831125000000611,
        "submit_to_observed_completion_ms": 3.031042000000525,
        "continuous_iteration_ms": 9.079124450683594,
        "frame_ms": 5.0203328132629395,
        "component_sum_ms": 5.0203328132629395,
        "tick_ms": 0.12812499701976776,
        "dynamic_mesh_ms": 0.8371250033378601,
        "encode_ms": 0.7827500104904175,
        "admission_or_completion_ms": 3.2723329067230225
      },
      {
        "index": 171,
        "started_ms": 14404.620125,
        "submitted_ms": 14406.497041999999,
        "observed_completed_ms": 14409.540958000001,
        "start_to_observed_completion_ms": 4.920833000001949,
        "submit_to_observed_completion_ms": 3.043916000002355,
        "continuous_iteration_ms": 9.137499809265137,
        "frame_ms": 5.032958984375,
        "component_sum_ms": 5.032958984375,
        "tick_ms": 0.1397089958190918,
        "dynamic_mesh_ms": 0.8557090163230896,
        "encode_ms": 0.8792920112609863,
        "admission_or_completion_ms": 3.1582491397857666
      },
      {
        "index": 172,
        "started_ms": 14413.757625,
        "submitted_ms": 14419.598542,
        "observed_completed_ms": 14424.12475,
        "start_to_observed_completion_ms": 10.36712500000067,
        "submit_to_observed_completion_ms": 4.526208000001134,
        "continuous_iteration_ms": 10.489249229431152,
        "frame_ms": 6.470041275024414,
        "component_sum_ms": 6.470041275024414,
        "tick_ms": 0.14533300697803497,
        "dynamic_mesh_ms": 0.898417055606842,
        "encode_ms": 0.7839999794960022,
        "admission_or_completion_ms": 4.642291069030762
      },
      {
        "index": 173,
        "started_ms": 14424.246874999999,
        "submitted_ms": 14426.044292,
        "observed_completed_ms": 14429.087333,
        "start_to_observed_completion_ms": 4.840458000000581,
        "submit_to_observed_completion_ms": 3.0430409999989934,
        "continuous_iteration_ms": 8.972916603088379,
        "frame_ms": 5.0550408363342285,
        "component_sum_ms": 5.0550408363342285,
        "tick_ms": 0.13474999368190765,
        "dynamic_mesh_ms": 0.8184999823570251,
        "encode_ms": 0.8420000076293945,
        "admission_or_completion_ms": 3.2597908973693848
      },
      {
        "index": 174,
        "started_ms": 14433.219792,
        "submitted_ms": 14438.974124999999,
        "observed_completed_ms": 14441.701625,
        "start_to_observed_completion_ms": 8.481832999999824,
        "submit_to_observed_completion_ms": 2.727500000000873,
        "continuous_iteration_ms": 8.620415687561035,
        "frame_ms": 4.64949893951416,
        "component_sum_ms": 4.64949893951416,
        "tick_ms": 0.1322920024394989,
        "dynamic_mesh_ms": 0.8330829739570618,
        "encode_ms": 0.8237079977989197,
        "admission_or_completion_ms": 2.8604159355163574
      },
      {
        "index": 175,
        "started_ms": 14441.840208,
        "submitted_ms": 14443.659125,
        "observed_completed_ms": 14446.570167000002,
        "start_to_observed_completion_ms": 4.729959000002054,
        "submit_to_observed_completion_ms": 2.911042000001544,
        "continuous_iteration_ms": 8.86179256439209,
        "frame_ms": 4.843999862670898,
        "component_sum_ms": 4.843999862670898,
        "tick_ms": 0.1288750022649765,
        "dynamic_mesh_ms": 0.8082500100135803,
        "encode_ms": 0.8795000314712524,
        "admission_or_completion_ms": 3.0273749828338623
      },
      {
        "index": 176,
        "started_ms": 14450.702,
        "submitted_ms": 14456.510375,
        "observed_completed_ms": 14459.555042,
        "start_to_observed_completion_ms": 8.853042000000642,
        "submit_to_observed_completion_ms": 3.0446670000001177,
        "continuous_iteration_ms": 8.97337532043457,
        "frame_ms": 4.965665817260742,
        "component_sum_ms": 4.965665817260742,
        "tick_ms": 0.1285409927368164,
        "dynamic_mesh_ms": 0.808667004108429,
        "encode_ms": 0.8680830001831055,
        "admission_or_completion_ms": 3.160374879837036
      },
      {
        "index": 177,
        "started_ms": 14459.675374999999,
        "submitted_ms": 14461.458583000001,
        "observed_completed_ms": 14466.008833,
        "start_to_observed_completion_ms": 6.333458000000974,
        "submit_to_observed_completion_ms": 4.550249999998414,
        "continuous_iteration_ms": 10.472792625427246,
        "frame_ms": 6.445876598358154,
        "component_sum_ms": 6.445876598358154,
        "tick_ms": 0.1287500113248825,
        "dynamic_mesh_ms": 0.8236250281333923,
        "encode_ms": 0.8293750286102295,
        "admission_or_completion_ms": 4.664126396179199
      },
      {
        "index": 178,
        "started_ms": 14470.148167,
        "submitted_ms": 14476.044625,
        "observed_completed_ms": 14480.666833000001,
        "start_to_observed_completion_ms": 10.518666000001758,
        "submit_to_observed_completion_ms": 4.622208000000683,
        "continuous_iteration_ms": 10.649374961853027,
        "frame_ms": 6.733791828155518,
        "component_sum_ms": 6.733791828155518,
        "tick_ms": 0.13587500154972076,
        "dynamic_mesh_ms": 0.8423749804496765,
        "encode_ms": 1.008916974067688,
        "admission_or_completion_ms": 4.746624946594238
      },
      {
        "index": 179,
        "started_ms": 14480.797542,
        "submitted_ms": 14482.797375,
        "observed_completed_ms": 14486.863917,
        "start_to_observed_completion_ms": 6.066375000000335,
        "submit_to_observed_completion_ms": 4.0665420000004815,
        "continuous_iteration_ms": 11.658041000366211,
        "frame_ms": 6.184416770935059,
        "component_sum_ms": 6.184416770935059,
        "tick_ms": 0.1524590104818344,
        "dynamic_mesh_ms": 0.8472910523414612,
        "encode_ms": 0.9966250658035278,
        "admission_or_completion_ms": 4.188041687011719
      },
      {
        "index": 180,
        "started_ms": 14492.455582999999,
        "submitted_ms": 14499.879208,
        "observed_completed_ms": 14504.424833,
        "start_to_observed_completion_ms": 11.969250000000102,
        "submit_to_observed_completion_ms": 4.545624999998836,
        "continuous_iteration_ms": 12.144708633422852,
        "frame_ms": 6.520750045776367,
        "component_sum_ms": 6.520750045776367,
        "tick_ms": 0.12866699695587158,
        "dynamic_mesh_ms": 0.8217920064926147,
        "encode_ms": 0.8963750004768372,
        "admission_or_completion_ms": 4.673915863037109
      },
      {
        "index": 181,
        "started_ms": 14504.600292,
        "submitted_ms": 14506.490958,
        "observed_completed_ms": 14509.548417,
        "start_to_observed_completion_ms": 4.9481250000008,
        "submit_to_observed_completion_ms": 3.0574589999996533,
        "continuous_iteration_ms": 8.897333145141602,
        "frame_ms": 5.06412410736084,
        "component_sum_ms": 5.06412410736084,
        "tick_ms": 0.12641599774360657,
        "dynamic_mesh_ms": 0.8243330121040344,
        "encode_ms": 0.9369580149650574,
        "admission_or_completion_ms": 3.1764168739318848
      },
      {
        "index": 182,
        "started_ms": 14513.497625,
        "submitted_ms": 14519.622292,
        "observed_completed_ms": 14522.673917,
        "start_to_observed_completion_ms": 9.176292000000103,
        "submit_to_observed_completion_ms": 3.051625000000058,
        "continuous_iteration_ms": 9.31725025177002,
        "frame_ms": 5.11729097366333,
        "component_sum_ms": 5.11729097366333,
        "tick_ms": 0.14662499725818634,
        "dynamic_mesh_ms": 0.8575000166893005,
        "encode_ms": 0.9274590015411377,
        "admission_or_completion_ms": 3.1857070922851562
      },
      {
        "index": 183,
        "started_ms": 14522.814875,
        "submitted_ms": 14524.804875,
        "observed_completed_ms": 14529.35475,
        "start_to_observed_completion_ms": 6.539875000000393,
        "submit_to_observed_completion_ms": 4.549875000000611,
        "continuous_iteration_ms": 10.709624290466309,
        "frame_ms": 6.653541564941406,
        "component_sum_ms": 6.653541564941406,
        "tick_ms": 0.14866699278354645,
        "dynamic_mesh_ms": 0.8602910041809082,
        "encode_ms": 0.9791669249534607,
        "admission_or_completion_ms": 4.665416717529297
      },
      {
        "index": 184,
        "started_ms": 14533.5245,
        "submitted_ms": 14540.842583,
        "observed_completed_ms": 14543.879458,
        "start_to_observed_completion_ms": 10.354957999999897,
        "submit_to_observed_completion_ms": 3.0368749999997817,
        "continuous_iteration_ms": 10.4757080078125,
        "frame_ms": 5.101541996002197,
        "component_sum_ms": 5.101541996002197,
        "tick_ms": 0.13608300685882568,
        "dynamic_mesh_ms": 0.8186249732971191,
        "encode_ms": 0.9944999814033508,
        "admission_or_completion_ms": 3.152333974838257
      },
      {
        "index": 185,
        "started_ms": 14544.000208,
        "submitted_ms": 14545.923542,
        "observed_completed_ms": 14548.986667,
        "start_to_observed_completion_ms": 4.986458999999741,
        "submit_to_observed_completion_ms": 3.063124999998763,
        "continuous_iteration_ms": 9.149541854858398,
        "frame_ms": 5.100790977478027,
        "component_sum_ms": 5.100790977478027,
        "tick_ms": 0.1410830020904541,
        "dynamic_mesh_ms": 0.8536669611930847,
        "encode_ms": 0.9267500042915344,
        "admission_or_completion_ms": 3.179290771484375
      },
      {
        "index": 186,
        "started_ms": 14553.149749999999,
        "submitted_ms": 14559.19875,
        "observed_completed_ms": 14563.78375,
        "start_to_observed_completion_ms": 10.634000000001834,
        "submit_to_observed_completion_ms": 4.585000000000946,
        "continuous_iteration_ms": 10.774541854858398,
        "frame_ms": 6.654250144958496,
        "component_sum_ms": 6.654250144958496,
        "tick_ms": 0.12654200196266174,
        "dynamic_mesh_ms": 0.8304159641265869,
        "encode_ms": 0.9792919754981995,
        "admission_or_completion_ms": 4.7179999351501465
      },
      {
        "index": 187,
        "started_ms": 14563.924292,
        "submitted_ms": 14565.960958,
        "observed_completed_ms": 14570.077583,
        "start_to_observed_completion_ms": 6.153291000000536,
        "submit_to_observed_completion_ms": 4.1166250000005675,
        "continuous_iteration_ms": 10.303082466125488,
        "frame_ms": 6.26754093170166,
        "component_sum_ms": 6.26754093170166,
        "tick_ms": 0.15012499690055847,
        "dynamic_mesh_ms": 0.8720409870147705,
        "encode_ms": 1.011625051498413,
        "admission_or_completion_ms": 4.233749866485596
      },
      {
        "index": 188,
        "started_ms": 14574.227375,
        "submitted_ms": 14579.939875,
        "observed_completed_ms": 14582.593792000001,
        "start_to_observed_completion_ms": 8.366417000001093,
        "submit_to_observed_completion_ms": 2.6539170000014565,
        "continuous_iteration_ms": 8.489250183105469,
        "frame_ms": 4.532623767852783,
        "component_sum_ms": 4.532623767852783,
        "tick_ms": 0.1353749930858612,
        "dynamic_mesh_ms": 0.8356660008430481,
        "encode_ms": 0.7906249761581421,
        "admission_or_completion_ms": 2.7709579467773438
      },
      {
        "index": 189,
        "started_ms": 14582.716625,
        "submitted_ms": 14584.570749999999,
        "observed_completed_ms": 14589.059333,
        "start_to_observed_completion_ms": 6.34270800000013,
        "submit_to_observed_completion_ms": 4.48858300000029,
        "continuous_iteration_ms": 10.413249969482422,
        "frame_ms": 6.461499214172363,
        "component_sum_ms": 6.461499214172363,
        "tick_ms": 0.1438329964876175,
        "dynamic_mesh_ms": 0.8559169769287109,
        "encode_ms": 0.8524999618530273,
        "admission_or_completion_ms": 4.609249114990234
      },
      {
        "index": 190,
        "started_ms": 14593.129875,
        "submitted_ms": 14598.848,
        "observed_completed_ms": 14601.880292,
        "start_to_observed_completion_ms": 8.750416999999288,
        "submit_to_observed_completion_ms": 3.0322919999998703,
        "continuous_iteration_ms": 8.86775016784668,
        "frame_ms": 4.93770694732666,
        "component_sum_ms": 4.93770694732666,
        "tick_ms": 0.13362500071525574,
        "dynamic_mesh_ms": 0.8385410308837891,
        "encode_ms": 0.8198750019073486,
        "admission_or_completion_ms": 3.1456658840179443
      },
      {
        "index": 191,
        "started_ms": 14601.997625,
        "submitted_ms": 14603.674833,
        "observed_completed_ms": 14606.720375,
        "start_to_observed_completion_ms": 4.722750000000815,
        "submit_to_observed_completion_ms": 3.04554200000166,
        "continuous_iteration_ms": 8.92895793914795,
        "frame_ms": 4.8379998207092285,
        "component_sum_ms": 4.8379998207092285,
        "tick_ms": 0.1299169957637787,
        "dynamic_mesh_ms": 0.817333996295929,
        "encode_ms": 0.7287909984588623,
        "admission_or_completion_ms": 3.1619579792022705
      },
      {
        "index": 192,
        "started_ms": 14610.926582999999,
        "submitted_ms": 14616.485792000001,
        "observed_completed_ms": 14619.513583,
        "start_to_observed_completion_ms": 8.587000000001353,
        "submit_to_observed_completion_ms": 3.027790999998615,
        "continuous_iteration_ms": 8.705916404724121,
        "frame_ms": 4.832791328430176,
        "component_sum_ms": 4.832791328430176,
        "tick_ms": 0.1297910064458847,
        "dynamic_mesh_ms": 0.8160839676856995,
        "encode_ms": 0.7437089681625366,
        "admission_or_completion_ms": 3.14320707321167
      },
      {
        "index": 193,
        "started_ms": 14619.6325,
        "submitted_ms": 14621.299,
        "observed_completed_ms": 14624.326833,
        "start_to_observed_completion_ms": 4.69433299999946,
        "submit_to_observed_completion_ms": 3.0278329999982816,
        "continuous_iteration_ms": 8.648333549499512,
        "frame_ms": 4.806209564208984,
        "component_sum_ms": 4.806209564208984,
        "tick_ms": 0.12254200130701065,
        "dynamic_mesh_ms": 0.8052500486373901,
        "encode_ms": 0.7376670241355896,
        "admission_or_completion_ms": 3.1407501697540283
      },
      {
        "index": 194,
        "started_ms": 14628.280833,
        "submitted_ms": 14633.761124999999,
        "observed_completed_ms": 14636.795542,
        "start_to_observed_completion_ms": 8.51470899999913,
        "submit_to_observed_completion_ms": 3.034417000000758,
        "continuous_iteration_ms": 8.631667137145996,
        "frame_ms": 4.803208351135254,
        "component_sum_ms": 4.803208351135254,
        "tick_ms": 0.12358299642801285,
        "dynamic_mesh_ms": 0.7986249923706055,
        "encode_ms": 0.7336670160293579,
        "admission_or_completion_ms": 3.1473331451416016
      },
      {
        "index": 195,
        "started_ms": 14636.912499999999,
        "submitted_ms": 14638.598,
        "observed_completed_ms": 14642.399375,
        "start_to_observed_completion_ms": 5.486875000002328,
        "submit_to_observed_completion_ms": 3.8013750000009168,
        "continuous_iteration_ms": 9.512083053588867,
        "frame_ms": 5.600251197814941,
        "component_sum_ms": 5.600251197814941,
        "tick_ms": 0.12425000220537186,
        "dynamic_mesh_ms": 0.8104590177536011,
        "encode_ms": 0.7495420575141907,
        "admission_or_completion_ms": 3.9160001277923584
      },
      {
        "index": 196,
        "started_ms": 14646.424583,
        "submitted_ms": 14652.02875,
        "observed_completed_ms": 14655.063042,
        "start_to_observed_completion_ms": 8.638458999999784,
        "submit_to_observed_completion_ms": 3.0342920000002778,
        "continuous_iteration_ms": 8.758500099182129,
        "frame_ms": 4.863832950592041,
        "component_sum_ms": 4.863832950592041,
        "tick_ms": 0.1253329962491989,
        "dynamic_mesh_ms": 0.8144580125808716,
        "encode_ms": 0.7737919688224792,
        "admission_or_completion_ms": 3.15024995803833
      },
      {
        "index": 197,
        "started_ms": 14655.183083,
        "submitted_ms": 14656.860667,
        "observed_completed_ms": 14659.888,
        "start_to_observed_completion_ms": 4.704917000000933,
        "submit_to_observed_completion_ms": 3.0273329999999987,
        "continuous_iteration_ms": 8.6649169921875,
        "frame_ms": 4.820666313171387,
        "component_sum_ms": 4.820666313171387,
        "tick_ms": 0.12325000762939453,
        "dynamic_mesh_ms": 0.8029999732971191,
        "encode_ms": 0.7503340244293213,
        "admission_or_completion_ms": 3.1440823078155518
      },
      {
        "index": 198,
        "started_ms": 14663.848,
        "submitted_ms": 14669.309207999999,
        "observed_completed_ms": 14672.343958000001,
        "start_to_observed_completion_ms": 8.495958000001337,
        "submit_to_observed_completion_ms": 3.034750000002532,
        "continuous_iteration_ms": 8.615625381469727,
        "frame_ms": 4.775540351867676,
        "component_sum_ms": 4.775540351867676,
        "tick_ms": 0.12241598963737488,
        "dynamic_mesh_ms": 0.7917499542236328,
        "encode_ms": 0.7102909684181213,
        "admission_or_completion_ms": 3.1510837078094482
      },
      {
        "index": 199,
        "started_ms": 14672.463625,
        "submitted_ms": 14674.141875,
        "observed_completed_ms": 14678.682667000001,
        "start_to_observed_completion_ms": 6.219042000000627,
        "submit_to_observed_completion_ms": 4.540792000001602,
        "continuous_iteration_ms": 10.20704174041748,
        "frame_ms": 6.350750923156738,
        "component_sum_ms": 6.350750923156738,
        "tick_ms": 0.12429099529981613,
        "dynamic_mesh_ms": 0.7967919707298279,
        "encode_ms": 0.7564169764518738,
        "admission_or_completion_ms": 4.673250675201416
      },
      {
        "index": 200,
        "started_ms": 14682.670667,
        "submitted_ms": 14689.153125,
        "observed_completed_ms": 14693.692833000001,
        "start_to_observed_completion_ms": 11.022166000000652,
        "submit_to_observed_completion_ms": 4.539708000000246,
        "continuous_iteration_ms": 11.139875411987305,
        "frame_ms": 6.360790729522705,
        "component_sum_ms": 6.360790729522705,
        "tick_ms": 0.12199999392032623,
        "dynamic_mesh_ms": 0.8029579520225525,
        "encode_ms": 0.7818329930305481,
        "admission_or_completion_ms": 4.6539998054504395
      },
      {
        "index": 201,
        "started_ms": 14693.810542,
        "submitted_ms": 14695.482417000001,
        "observed_completed_ms": 14698.510833,
        "start_to_observed_completion_ms": 4.700291000001016,
        "submit_to_observed_completion_ms": 3.028415999999197,
        "continuous_iteration_ms": 8.696499824523926,
        "frame_ms": 4.812583923339844,
        "component_sum_ms": 4.812583923339844,
        "tick_ms": 0.12349999696016312,
        "dynamic_mesh_ms": 0.7990840077400208,
        "encode_ms": 0.7482089996337891,
        "admission_or_completion_ms": 3.1417911052703857
      },
      {
        "index": 202,
        "started_ms": 14702.507042000001,
        "submitted_ms": 14708.113167000001,
        "observed_completed_ms": 14712.361041999999,
        "start_to_observed_completion_ms": 9.85399999999754,
        "submit_to_observed_completion_ms": 4.247874999997293,
        "continuous_iteration_ms": 9.974082946777344,
        "frame_ms": 6.111292839050293,
        "component_sum_ms": 6.111292839050293,
        "tick_ms": 0.12216699868440628,
        "dynamic_mesh_ms": 0.7997090220451355,
        "encode_ms": 0.8261669874191284,
        "admission_or_completion_ms": 4.363249778747559
      },
      {
        "index": 203,
        "started_ms": 14712.481125,
        "submitted_ms": 14714.340167,
        "observed_completed_ms": 14717.382708000001,
        "start_to_observed_completion_ms": 4.901583000000755,
        "submit_to_observed_completion_ms": 3.0425410000007105,
        "continuous_iteration_ms": 9.031167030334473,
        "frame_ms": 5.015750885009766,
        "component_sum_ms": 5.015750885009766,
        "tick_ms": 0.12529200315475464,
        "dynamic_mesh_ms": 0.8531669974327087,
        "encode_ms": 0.8787500262260437,
        "admission_or_completion_ms": 3.1585419178009033
      },
      {
        "index": 204,
        "started_ms": 14721.512292,
        "submitted_ms": 14727.681917,
        "observed_completed_ms": 14730.722291999999,
        "start_to_observed_completion_ms": 9.209999999999127,
        "submit_to_observed_completion_ms": 3.0403749999986758,
        "continuous_iteration_ms": 9.3325834274292,
        "frame_ms": 5.183332920074463,
        "component_sum_ms": 5.183332920074463,
        "tick_ms": 0.12329200655221939,
        "dynamic_mesh_ms": 0.910207986831665,
        "encode_ms": 0.9917500615119934,
        "admission_or_completion_ms": 3.158082962036133
      },
      {
        "index": 205,
        "started_ms": 14730.844875,
        "submitted_ms": 14732.848833,
        "observed_completed_ms": 14737.403125,
        "start_to_observed_completion_ms": 6.558250000000044,
        "submit_to_observed_completion_ms": 4.554292000000714,
        "continuous_iteration_ms": 10.716833114624023,
        "frame_ms": 6.671291351318359,
        "component_sum_ms": 6.671291351318359,
        "tick_ms": 0.14479100704193115,
        "dynamic_mesh_ms": 0.8614999651908875,
        "encode_ms": 0.9955000281333923,
        "admission_or_completion_ms": 4.669500350952148
      },
      {
        "index": 206,
        "started_ms": 14741.561708000001,
        "submitted_ms": 14748.799625,
        "observed_completed_ms": 14751.831792,
        "start_to_observed_completion_ms": 10.27008399999977,
        "submit_to_observed_completion_ms": 3.032167000001209,
        "continuous_iteration_ms": 10.3895845413208,
        "frame_ms": 4.952875137329102,
        "component_sum_ms": 4.952875137329102,
        "tick_ms": 0.12595799565315247,
        "dynamic_mesh_ms": 0.812375009059906,
        "encode_ms": 0.8687080144882202,
        "admission_or_completion_ms": 3.145833969116211
      },
      {
        "index": 207,
        "started_ms": 14751.951292,
        "submitted_ms": 14753.810292,
        "observed_completed_ms": 14756.608167,
        "start_to_observed_completion_ms": 4.656875000000582,
        "submit_to_observed_completion_ms": 2.7978750000002037,
        "continuous_iteration_ms": 8.773290634155273,
        "frame_ms": 4.771791934967041,
        "component_sum_ms": 4.771791934967041,
        "tick_ms": 0.1464579999446869,
        "dynamic_mesh_ms": 0.8571249842643738,
        "encode_ms": 0.8529589772224426,
        "admission_or_completion_ms": 2.915250062942505
      },
      {
        "index": 208,
        "started_ms": 14760.724583,
        "submitted_ms": 14766.449458000001,
        "observed_completed_ms": 14770.99,
        "start_to_observed_completion_ms": 10.265417000000525,
        "submit_to_observed_completion_ms": 4.540541999998823,
        "continuous_iteration_ms": 10.399834632873535,
        "frame_ms": 6.465458869934082,
        "component_sum_ms": 6.465458869934082,
        "tick_ms": 0.13666699826717377,
        "dynamic_mesh_ms": 0.8459579944610596,
        "encode_ms": 0.8130000233650208,
        "admission_or_completion_ms": 4.669834136962891
      },
      {
        "index": 209,
        "started_ms": 14771.124416999999,
        "submitted_ms": 14773.048125000001,
        "observed_completed_ms": 14776.086749999999,
        "start_to_observed_completion_ms": 4.962332999999489,
        "submit_to_observed_completion_ms": 3.0386249999974098,
        "continuous_iteration_ms": 8.97683334350586,
        "frame_ms": 5.0765838623046875,
        "component_sum_ms": 5.0765838623046875,
        "tick_ms": 0.13291700184345245,
        "dynamic_mesh_ms": 0.8678340315818787,
        "encode_ms": 0.9201250076293945,
        "admission_or_completion_ms": 3.155708074569702
      },
      {
        "index": 210,
        "started_ms": 14780.10125,
        "submitted_ms": 14785.828792,
        "observed_completed_ms": 14789.900583,
        "start_to_observed_completion_ms": 9.799333000000843,
        "submit_to_observed_completion_ms": 4.071791000000303,
        "continuous_iteration_ms": 9.926082611083984,
        "frame_ms": 5.997833251953125,
        "component_sum_ms": 5.997833251953125,
        "tick_ms": 0.1465420126914978,
        "dynamic_mesh_ms": 0.8581249713897705,
        "encode_ms": 0.7999590039253235,
        "admission_or_completion_ms": 4.193207263946533
      },
      {
        "index": 211,
        "started_ms": 14790.027333,
        "submitted_ms": 14791.763500000001,
        "observed_completed_ms": 14796.3115,
        "start_to_observed_completion_ms": 6.2841669999997976,
        "submit_to_observed_completion_ms": 4.547999999998865,
        "continuous_iteration_ms": 9.840458869934082,
        "frame_ms": 6.422917366027832,
        "component_sum_ms": 6.422917366027832,
        "tick_ms": 0.13429200649261475,
        "dynamic_mesh_ms": 0.8127089738845825,
        "encode_ms": 0.7875829935073853,
        "admission_or_completion_ms": 4.688333511352539
      },
      {
        "index": 212,
        "started_ms": 14799.867792000001,
        "submitted_ms": 14807.047167,
        "observed_completed_ms": 14810.084166999999,
        "start_to_observed_completion_ms": 10.216374999998152,
        "submit_to_observed_completion_ms": 3.036999999998443,
        "continuous_iteration_ms": 10.337082862854004,
        "frame_ms": 4.934957981109619,
        "component_sum_ms": 4.934957981109619,
        "tick_ms": 0.12929201126098633,
        "dynamic_mesh_ms": 0.8094159960746765,
        "encode_ms": 0.8425000309944153,
        "admission_or_completion_ms": 3.153749942779541
      },
      {
        "index": 213,
        "started_ms": 14810.204875,
        "submitted_ms": 14812.110958,
        "observed_completed_ms": 14814.709375,
        "start_to_observed_completion_ms": 4.504500000000917,
        "submit_to_observed_completion_ms": 2.5984170000010636,
        "continuous_iteration_ms": 8.184457778930664,
        "frame_ms": 4.6167497634887695,
        "component_sum_ms": 4.6167497634887695,
        "tick_ms": 0.12812499701976776,
        "dynamic_mesh_ms": 0.8761669993400574,
        "encode_ms": 0.8990409970283508,
        "admission_or_completion_ms": 2.7134170532226562
      },
      {
        "index": 214,
        "started_ms": 14818.389333000001,
        "submitted_ms": 14823.968708,
        "observed_completed_ms": 14827.003208,
        "start_to_observed_completion_ms": 8.613874999999098,
        "submit_to_observed_completion_ms": 3.0344999999997526,
        "continuous_iteration_ms": 8.731916427612305,
        "frame_ms": 4.877165794372559,
        "component_sum_ms": 4.877165794372559,
        "tick_ms": 0.12737499177455902,
        "dynamic_mesh_ms": 0.818541944026947,
        "encode_ms": 0.7823330163955688,
        "admission_or_completion_ms": 3.148916006088257
      },
      {
        "index": 215,
        "started_ms": 14827.12125,
        "submitted_ms": 14828.8495,
        "observed_completed_ms": 14831.511708,
        "start_to_observed_completion_ms": 4.390457999999853,
        "submit_to_observed_completion_ms": 2.662207999999737,
        "continuous_iteration_ms": 8.484832763671875,
        "frame_ms": 4.504874229431152,
        "component_sum_ms": 4.504874229431152,
        "tick_ms": 0.12320799380540848,
        "dynamic_mesh_ms": 0.8062919974327087,
        "encode_ms": 0.7977499961853027,
        "admission_or_completion_ms": 2.7776241302490234
      },
      {
        "index": 216,
        "started_ms": 14835.606083,
        "submitted_ms": 14840.900958,
        "observed_completed_ms": 14843.937042,
        "start_to_observed_completion_ms": 8.330958999998984,
        "submit_to_observed_completion_ms": 3.0360839999993914,
        "continuous_iteration_ms": 8.451708793640137,
        "frame_ms": 4.908750057220459,
        "component_sum_ms": 4.908750057220459,
        "tick_ms": 0.12395799905061722,
        "dynamic_mesh_ms": 0.801708996295929,
        "encode_ms": 0.8299580216407776,
        "admission_or_completion_ms": 3.153125047683716
      },
      {
        "index": 217,
        "started_ms": 14844.057792,
        "submitted_ms": 14845.785582999999,
        "observed_completed_ms": 14848.831625,
        "start_to_observed_completion_ms": 4.773833000001105,
        "submit_to_observed_completion_ms": 3.046042000001762,
        "continuous_iteration_ms": 8.9132080078125,
        "frame_ms": 4.889333248138428,
        "component_sum_ms": 4.889333248138428,
        "tick_ms": 0.12429099529981613,
        "dynamic_mesh_ms": 0.8002920150756836,
        "encode_ms": 0.8017080426216125,
        "admission_or_completion_ms": 3.1630420684814453
      },
      {
        "index": 218,
        "started_ms": 14852.971,
        "submitted_ms": 14858.676,
        "observed_completed_ms": 14863.212792,
        "start_to_observed_completion_ms": 10.241792000000714,
        "submit_to_observed_completion_ms": 4.536792000000787,
        "continuous_iteration_ms": 10.375541687011719,
        "frame_ms": 6.455790996551514,
        "component_sum_ms": 6.455790996551514,
        "tick_ms": 0.15412499010562897,
        "dynamic_mesh_ms": 0.8560829758644104,
        "encode_ms": 0.7795000076293945,
        "admission_or_completion_ms": 4.666082859039307
      },
      {
        "index": 219,
        "started_ms": 14863.346542000001,
        "submitted_ms": 14865.119999999999,
        "observed_completed_ms": 14868.149167,
        "start_to_observed_completion_ms": 4.802624999998443,
        "submit_to_observed_completion_ms": 3.029167000000598,
        "continuous_iteration_ms": 8.797290802001953,
        "frame_ms": 4.91416597366333,
        "component_sum_ms": 4.91416597366333,
        "tick_ms": 0.13112498819828033,
        "dynamic_mesh_ms": 0.8237079977989197,
        "encode_ms": 0.8164580464363098,
        "admission_or_completion_ms": 3.1428749561309814
      },
      {
        "index": 220,
        "started_ms": 14872.143832999998,
        "submitted_ms": 14877.950583,
        "observed_completed_ms": 14880.99475,
        "start_to_observed_completion_ms": 8.850917000001573,
        "submit_to_observed_completion_ms": 3.044167000000016,
        "continuous_iteration_ms": 8.973417282104492,
        "frame_ms": 5.044501304626465,
        "component_sum_ms": 5.044501304626465,
        "tick_ms": 0.13062500953674316,
        "dynamic_mesh_ms": 0.8282920122146606,
        "encode_ms": 0.9241250157356262,
        "admission_or_completion_ms": 3.161458969116211
      },
      {
        "index": 221,
        "started_ms": 14881.11725,
        "submitted_ms": 14882.960375,
        "observed_completed_ms": 14885.997625,
        "start_to_observed_completion_ms": 4.88037500000064,
        "submit_to_observed_completion_ms": 3.0372499999994034,
        "continuous_iteration_ms": 8.868207931518555,
        "frame_ms": 4.995709419250488,
        "component_sum_ms": 4.995709419250488,
        "tick_ms": 0.1297919899225235,
        "dynamic_mesh_ms": 0.8190000057220459,
        "encode_ms": 0.8922080397605896,
        "admission_or_completion_ms": 3.1547091007232666
      },
      {
        "index": 222,
        "started_ms": 14889.985458,
        "submitted_ms": 14895.777833,
        "observed_completed_ms": 14898.817,
        "start_to_observed_completion_ms": 8.8315419999999,
        "submit_to_observed_completion_ms": 3.039166999998997,
        "continuous_iteration_ms": 8.951959609985352,
        "frame_ms": 4.9004998207092285,
        "component_sum_ms": 4.9004998207092285,
        "tick_ms": 0.13483299314975739,
        "dynamic_mesh_ms": 0.8529999852180481,
        "encode_ms": 0.7579160332679749,
        "admission_or_completion_ms": 3.1547508239746094
      },
      {
        "index": 223,
        "started_ms": 14898.937417,
        "submitted_ms": 14900.725208000002,
        "observed_completed_ms": 14903.761833,
        "start_to_observed_completion_ms": 4.824416000001293,
        "submit_to_observed_completion_ms": 3.0366249999988213,
        "continuous_iteration_ms": 9.02299976348877,
        "frame_ms": 4.936916828155518,
        "component_sum_ms": 4.936916828155518,
        "tick_ms": 0.12866699695587158,
        "dynamic_mesh_ms": 0.8239580392837524,
        "encode_ms": 0.8338329792022705,
        "admission_or_completion_ms": 3.150458812713623
      },
      {
        "index": 224,
        "started_ms": 14907.960417,
        "submitted_ms": 14913.804208,
        "observed_completed_ms": 14916.853458,
        "start_to_observed_completion_ms": 8.893040999999357,
        "submit_to_observed_completion_ms": 3.049250000000029,
        "continuous_iteration_ms": 9.014957427978516,
        "frame_ms": 5.011167049407959,
        "component_sum_ms": 5.011167049407959,
        "tick_ms": 0.1282919943332672,
        "dynamic_mesh_ms": 0.8187500238418579,
        "encode_ms": 0.898082971572876,
        "admission_or_completion_ms": 3.1660420894622803
      },
      {
        "index": 225,
        "started_ms": 14916.975375,
        "submitted_ms": 14918.790874999999,
        "observed_completed_ms": 14923.335874999999,
        "start_to_observed_completion_ms": 6.360499999998865,
        "submit_to_observed_completion_ms": 4.545000000000073,
        "continuous_iteration_ms": 10.457792282104492,
        "frame_ms": 6.475915908813477,
        "component_sum_ms": 6.475915908813477,
        "tick_ms": 0.1325410008430481,
        "dynamic_mesh_ms": 0.8299580216407776,
        "encode_ms": 0.851207971572876,
        "admission_or_completion_ms": 4.6622090339660645
      },
      {
        "index": 226,
        "started_ms": 14927.433167000001,
        "submitted_ms": 14933.109417000001,
        "observed_completed_ms": 14936.144708,
        "start_to_observed_completion_ms": 8.71154099999876,
        "submit_to_observed_completion_ms": 3.035290999998324,
        "continuous_iteration_ms": 8.833415985107422,
        "frame_ms": 4.947625160217285,
        "component_sum_ms": 4.947625160217285,
        "tick_ms": 0.1276250034570694,
        "dynamic_mesh_ms": 0.8201249837875366,
        "encode_ms": 0.8469169735908508,
        "admission_or_completion_ms": 3.1529581546783447
      },
      {
        "index": 227,
        "started_ms": 14936.266583,
        "submitted_ms": 14938.280083,
        "observed_completed_ms": 14941.338167,
        "start_to_observed_completion_ms": 5.071583999999348,
        "submit_to_observed_completion_ms": 3.0580840000002354,
        "continuous_iteration_ms": 9.183250427246094,
        "frame_ms": 5.185874938964844,
        "component_sum_ms": 5.185874938964844,
        "tick_ms": 0.12574999034404755,
        "dynamic_mesh_ms": 0.8209580183029175,
        "encode_ms": 1.0640000104904175,
        "admission_or_completion_ms": 3.1751670837402344
      },
      {
        "index": 228,
        "started_ms": 14945.449832999999,
        "submitted_ms": 14951.0375,
        "observed_completed_ms": 14954.070749999999,
        "start_to_observed_completion_ms": 8.62091700000019,
        "submit_to_observed_completion_ms": 3.0332499999985885,
        "continuous_iteration_ms": 8.756834030151367,
        "frame_ms": 4.99875020980835,
        "component_sum_ms": 4.99875020980835,
        "tick_ms": 0.1265830099582672,
        "dynamic_mesh_ms": 0.8128330111503601,
        "encode_ms": 0.8946669697761536,
        "admission_or_completion_ms": 3.1646671295166016
      },
      {
        "index": 229,
        "started_ms": 14954.206666999999,
        "submitted_ms": 14956.021958000001,
        "observed_completed_ms": 14959.058875,
        "start_to_observed_completion_ms": 4.852208000002065,
        "submit_to_observed_completion_ms": 3.0369169999994483,
        "continuous_iteration_ms": 8.89645767211914,
        "frame_ms": 4.9714579582214355,
        "component_sum_ms": 4.9714579582214355,
        "tick_ms": 0.1253329962491989,
        "dynamic_mesh_ms": 0.8350000381469727,
        "encode_ms": 0.8529160022735596,
        "admission_or_completion_ms": 3.1582088470458984
      },
      {
        "index": 230,
        "started_ms": 14963.103125,
        "submitted_ms": 14968.908292,
        "observed_completed_ms": 14972.637042,
        "start_to_observed_completion_ms": 9.533917000000656,
        "submit_to_observed_completion_ms": 3.7287500000002183,
        "continuous_iteration_ms": 9.656457901000977,
        "frame_ms": 5.650000095367432,
        "component_sum_ms": 5.650000095367432,
        "tick_ms": 0.1443749964237213,
        "dynamic_mesh_ms": 0.8862500190734863,
        "encode_ms": 0.7723749876022339,
        "admission_or_completion_ms": 3.8470001220703125
      },
      {
        "index": 231,
        "started_ms": 14972.759583000001,
        "submitted_ms": 14974.590958,
        "observed_completed_ms": 14977.631708,
        "start_to_observed_completion_ms": 4.872124999999869,
        "submit_to_observed_completion_ms": 3.0407500000001164,
        "continuous_iteration_ms": 8.780708312988281,
        "frame_ms": 4.985376358032227,
        "component_sum_ms": 4.985376358032227,
        "tick_ms": 0.1252090036869049,
        "dynamic_mesh_ms": 0.805791974067688,
        "encode_ms": 0.8984159827232361,
        "admission_or_completion_ms": 3.155959129333496
      },
      {
        "index": 232,
        "started_ms": 14981.540292,
        "submitted_ms": 14987.409833,
        "observed_completed_ms": 14990.466375,
        "start_to_observed_completion_ms": 8.92608300000029,
        "submit_to_observed_completion_ms": 3.056542000000263,
        "continuous_iteration_ms": 9.04504108428955,
        "frame_ms": 5.044456958770752,
        "component_sum_ms": 5.044456958770752,
        "tick_ms": 0.15395799279212952,
        "dynamic_mesh_ms": 0.8571659922599792,
        "encode_ms": 0.8617080450057983,
        "admission_or_completion_ms": 3.1716248989105225
      },
      {
        "index": 233,
        "started_ms": 14990.585333,
        "submitted_ms": 14992.385708,
        "observed_completed_ms": 14996.928542,
        "start_to_observed_completion_ms": 6.343208999998751,
        "submit_to_observed_completion_ms": 4.542833999999857,
        "continuous_iteration_ms": 10.516124725341797,
        "frame_ms": 6.462210178375244,
        "component_sum_ms": 6.462210178375244,
        "tick_ms": 0.12479200214147568,
        "dynamic_mesh_ms": 0.8083750009536743,
        "encode_ms": 0.8653749823570251,
        "admission_or_completion_ms": 4.663668155670166
      },
      {
        "index": 234,
        "started_ms": 15001.101458000001,
        "submitted_ms": 15006.921167,
        "observed_completed_ms": 15009.589082999999,
        "start_to_observed_completion_ms": 8.487624999997934,
        "submit_to_observed_completion_ms": 2.667915999998513,
        "continuous_iteration_ms": 8.607917785644531,
        "frame_ms": 4.6470842361450195,
        "component_sum_ms": 4.6470842361450195,
        "tick_ms": 0.13612499833106995,
        "dynamic_mesh_ms": 0.8443750143051147,
        "encode_ms": 0.8833749890327454,
        "admission_or_completion_ms": 2.7832090854644775
      },
      {
        "index": 235,
        "started_ms": 15009.709375,
        "submitted_ms": 15011.454,
        "observed_completed_ms": 15016.006667,
        "start_to_observed_completion_ms": 6.297291999999288,
        "submit_to_observed_completion_ms": 4.5526669999999285,
        "continuous_iteration_ms": 10.479708671569824,
        "frame_ms": 6.411581993103027,
        "component_sum_ms": 6.411581993103027,
        "tick_ms": 0.1332080066204071,
        "dynamic_mesh_ms": 0.8303329944610596,
        "encode_ms": 0.7793329954147339,
        "admission_or_completion_ms": 4.668707847595215
      },
      {
        "index": 236,
        "started_ms": 15020.189083,
        "submitted_ms": 15025.971,
        "observed_completed_ms": 15030.430875,
        "start_to_observed_completion_ms": 10.241792000000714,
        "submit_to_observed_completion_ms": 4.459875000000466,
        "continuous_iteration_ms": 10.366459846496582,
        "frame_ms": 6.39858341217041,
        "component_sum_ms": 6.39858341217041,
        "tick_ms": 0.1431249976158142,
        "dynamic_mesh_ms": 0.8269580006599426,
        "encode_ms": 0.8490419983863831,
        "admission_or_completion_ms": 4.579458236694336
      },
      {
        "index": 237,
        "started_ms": 15030.555542,
        "submitted_ms": 15032.406542,
        "observed_completed_ms": 15035.441792,
        "start_to_observed_completion_ms": 4.886249999999563,
        "submit_to_observed_completion_ms": 3.035249999998996,
        "continuous_iteration_ms": 8.930291175842285,
        "frame_ms": 4.999375343322754,
        "component_sum_ms": 4.999375343322754,
        "tick_ms": 0.13324999809265137,
        "dynamic_mesh_ms": 0.8359169960021973,
        "encode_ms": 0.8793749809265137,
        "admission_or_completion_ms": 3.1508331298828125
      },
      {
        "index": 238,
        "started_ms": 15039.485833,
        "submitted_ms": 15045.291625000002,
        "observed_completed_ms": 15048.352667,
        "start_to_observed_completion_ms": 8.866833999998562,
        "submit_to_observed_completion_ms": 3.061041999997542,
        "continuous_iteration_ms": 9.015250205993652,
        "frame_ms": 4.973834037780762,
        "component_sum_ms": 4.973834037780762,
        "tick_ms": 0.1318330019712448,
        "dynamic_mesh_ms": 0.8209589719772339,
        "encode_ms": 0.8273330330848694,
        "admission_or_completion_ms": 3.193708896636963
      },
      {
        "index": 239,
        "started_ms": 15048.501083,
        "submitted_ms": 15050.396125000001,
        "observed_completed_ms": 15054.960208,
        "start_to_observed_completion_ms": 6.459125000001222,
        "submit_to_observed_completion_ms": 4.5640829999993,
        "continuous_iteration_ms": 10.67833423614502,
        "frame_ms": 6.596210479736328,
        "component_sum_ms": 6.596210479736328,
        "tick_ms": 0.14191700518131256,
        "dynamic_mesh_ms": 0.849166989326477,
        "encode_ms": 0.901792049407959,
        "admission_or_completion_ms": 4.703334331512451
      },
      {
        "index": 240,
        "started_ms": 15059.179417,
        "submitted_ms": 15066.530458000001,
        "observed_completed_ms": 15071.081458,
        "start_to_observed_completion_ms": 11.90204100000119,
        "submit_to_observed_completion_ms": 4.550999999999476,
        "continuous_iteration_ms": 12.057665824890137,
        "frame_ms": 6.601624965667725,
        "component_sum_ms": 6.601624965667725,
        "tick_ms": 0.13291700184345245,
        "dynamic_mesh_ms": 0.8405830264091492,
        "encode_ms": 0.9614580273628235,
        "admission_or_completion_ms": 4.6666669845581055
      },
      {
        "index": 241,
        "started_ms": 15071.237083,
        "submitted_ms": 15073.080917000001,
        "observed_completed_ms": 15077.640125,
        "start_to_observed_completion_ms": 6.403041999999914,
        "submit_to_observed_completion_ms": 4.559207999998762,
        "continuous_iteration_ms": 10.659625053405762,
        "frame_ms": 6.569541931152344,
        "component_sum_ms": 6.569541931152344,
        "tick_ms": 0.13300000131130219,
        "dynamic_mesh_ms": 0.8326669931411743,
        "encode_ms": 0.8758749961853027,
        "admission_or_completion_ms": 4.728000164031982
      },
      {
        "index": 242,
        "started_ms": 15081.896708,
        "submitted_ms": 15089.441708,
        "observed_completed_ms": 15093.991292,
        "start_to_observed_completion_ms": 12.094584000000395,
        "submit_to_observed_completion_ms": 4.549584000000323,
        "continuous_iteration_ms": 12.297750473022461,
        "frame_ms": 6.780999183654785,
        "component_sum_ms": 6.780999183654785,
        "tick_ms": 0.1297910064458847,
        "dynamic_mesh_ms": 0.8221250176429749,
        "encode_ms": 1.0817910432815552,
        "admission_or_completion_ms": 4.7472920417785645
      },
      {
        "index": 243,
        "started_ms": 15094.194458,
        "submitted_ms": 15096.031500000001,
        "observed_completed_ms": 15099.070375,
        "start_to_observed_completion_ms": 4.87591699999939,
        "submit_to_observed_completion_ms": 3.03887499999837,
        "continuous_iteration_ms": 8.91825008392334,
        "frame_ms": 4.991542816162109,
        "component_sum_ms": 4.991542816162109,
        "tick_ms": 0.1409590095281601,
        "dynamic_mesh_ms": 0.8395000100135803,
        "encode_ms": 0.8549169898033142,
        "admission_or_completion_ms": 3.1561670303344727
      },
      {
        "index": 244,
        "started_ms": 15103.112707999999,
        "submitted_ms": 15108.789625,
        "observed_completed_ms": 15113.322875,
        "start_to_observed_completion_ms": 10.210167000001093,
        "submit_to_observed_completion_ms": 4.5332500000004075,
        "continuous_iteration_ms": 10.330458641052246,
        "frame_ms": 6.447833061218262,
        "component_sum_ms": 6.447833061218262,
        "tick_ms": 0.14208298921585083,
        "dynamic_mesh_ms": 0.8552080392837524,
        "encode_ms": 0.8011670112609863,
        "admission_or_completion_ms": 4.649374961853027
      },
      {
        "index": 245,
        "started_ms": 15113.443167,
        "submitted_ms": 15115.1585,
        "observed_completed_ms": 15119.694333,
        "start_to_observed_completion_ms": 6.251166000000012,
        "submit_to_observed_completion_ms": 4.535832999999911,
        "continuous_iteration_ms": 10.26058292388916,
        "frame_ms": 6.364917278289795,
        "component_sum_ms": 6.364917278289795,
        "tick_ms": 0.13033300638198853,
        "dynamic_mesh_ms": 0.8205419778823853,
        "encode_ms": 0.7628329992294312,
        "admission_or_completion_ms": 4.651209354400635
      },
      {
        "index": 246,
        "started_ms": 15123.70375,
        "submitted_ms": 15129.498417,
        "observed_completed_ms": 15133.761,
        "start_to_observed_completion_ms": 10.05724999999984,
        "submit_to_observed_completion_ms": 4.262582999999722,
        "continuous_iteration_ms": 10.179875373840332,
        "frame_ms": 6.18574857711792,
        "component_sum_ms": 6.18574857711792,
        "tick_ms": 0.13558299839496613,
        "dynamic_mesh_ms": 0.8958749771118164,
        "encode_ms": 0.7733749747276306,
        "admission_or_completion_ms": 4.380915641784668
      },
      {
        "index": 247,
        "started_ms": 15133.883624999999,
        "submitted_ms": 15135.636458,
        "observed_completed_ms": 15140.1815,
        "start_to_observed_completion_ms": 6.297875000002023,
        "submit_to_observed_completion_ms": 4.545041999999739,
        "continuous_iteration_ms": 11.91362476348877,
        "frame_ms": 6.412833213806152,
        "component_sum_ms": 6.412833213806152,
        "tick_ms": 0.1279579997062683,
        "dynamic_mesh_ms": 0.8142499923706055,
        "encode_ms": 0.8092910051345825,
        "admission_or_completion_ms": 4.661334037780762
      },
      {
        "index": 248,
        "started_ms": 15145.79725,
        "submitted_ms": 15152.946875,
        "observed_completed_ms": 15157.484,
        "start_to_observed_completion_ms": 11.686750000000757,
        "submit_to_observed_completion_ms": 4.537125000000742,
        "continuous_iteration_ms": 11.805707931518555,
        "frame_ms": 6.348708152770996,
        "component_sum_ms": 6.348708152770996,
        "tick_ms": 0.13683299720287323,
        "dynamic_mesh_ms": 0.827750027179718,
        "encode_ms": 0.7322499752044678,
        "admission_or_completion_ms": 4.651875019073486
      },
      {
        "index": 249,
        "started_ms": 15157.602958,
        "submitted_ms": 15159.298583,
        "observed_completed_ms": 15163.828792,
        "start_to_observed_completion_ms": 6.225834000000759,
        "submit_to_observed_completion_ms": 4.530209000000468,
        "continuous_iteration_ms": 10.177709579467773,
        "frame_ms": 6.337082862854004,
        "component_sum_ms": 6.337082862854004,
        "tick_ms": 0.1271670013666153,
        "dynamic_mesh_ms": 0.8161250352859497,
        "encode_ms": 0.7510409951210022,
        "admission_or_completion_ms": 4.642749786376953
      },
      {
        "index": 250,
        "started_ms": 15167.780667,
        "submitted_ms": 15174.848750000001,
        "observed_completed_ms": 15179.382625,
        "start_to_observed_completion_ms": 11.601957999999286,
        "submit_to_observed_completion_ms": 4.5338749999991705,
        "continuous_iteration_ms": 11.719708442687988,
        "frame_ms": 6.3636250495910645,
        "component_sum_ms": 6.3636250495910645,
        "tick_ms": 0.12404199689626694,
        "dynamic_mesh_ms": 0.8023750185966492,
        "encode_ms": 0.7897500395774841,
        "admission_or_completion_ms": 4.647458076477051
      },
      {
        "index": 251,
        "started_ms": 15179.500375,
        "submitted_ms": 15181.1685,
        "observed_completed_ms": 15185.257833,
        "start_to_observed_completion_ms": 5.757458000000042,
        "submit_to_observed_completion_ms": 4.089332999999897,
        "continuous_iteration_ms": 9.741207122802734,
        "frame_ms": 5.869541168212891,
        "component_sum_ms": 5.869541168212891,
        "tick_ms": 0.12791600823402405,
        "dynamic_mesh_ms": 0.8212910294532776,
        "encode_ms": 0.7173750400543213,
        "admission_or_completion_ms": 4.202959060668945
      },
      {
        "index": 252,
        "started_ms": 15189.241582999999,
        "submitted_ms": 15196.347375,
        "observed_completed_ms": 15200.88825,
        "start_to_observed_completion_ms": 11.646667000000889,
        "submit_to_observed_completion_ms": 4.540875000000597,
        "continuous_iteration_ms": 11.771708488464355,
        "frame_ms": 6.394999027252197,
        "component_sum_ms": 6.394999027252197,
        "tick_ms": 0.12845800817012787,
        "dynamic_mesh_ms": 0.8204579949378967,
        "encode_ms": 0.7845829725265503,
        "admission_or_completion_ms": 4.661499977111816
      },
      {
        "index": 253,
        "started_ms": 15201.013292000001,
        "submitted_ms": 15202.753917,
        "observed_completed_ms": 15207.298125,
        "start_to_observed_completion_ms": 6.284832999997889,
        "submit_to_observed_completion_ms": 4.544207999999344,
        "continuous_iteration_ms": 11.81066608428955,
        "frame_ms": 6.3964996337890625,
        "component_sum_ms": 6.3964996337890625,
        "tick_ms": 0.1289999932050705,
        "dynamic_mesh_ms": 0.8301669955253601,
        "encode_ms": 0.7800000309944153,
        "admission_or_completion_ms": 4.657332897186279
      },
      {
        "index": 254,
        "started_ms": 15212.823957999999,
        "submitted_ms": 15219.970833,
        "observed_completed_ms": 15224.524042000001,
        "start_to_observed_completion_ms": 11.70008400000188,
        "submit_to_observed_completion_ms": 4.553209000001516,
        "continuous_iteration_ms": 11.819999694824219,
        "frame_ms": 6.445958137512207,
        "component_sum_ms": 6.445958137512207,
        "tick_ms": 0.1314999908208847,
        "dynamic_mesh_ms": 0.8365000486373901,
        "encode_ms": 0.8101660013198853,
        "admission_or_completion_ms": 4.667792320251465
      },
      {
        "index": 255,
        "started_ms": 15224.643958,
        "submitted_ms": 15226.405292000001,
        "observed_completed_ms": 15232.469125,
        "start_to_observed_completion_ms": 7.825166999999055,
        "submit_to_observed_completion_ms": 6.06383299999834,
        "continuous_iteration_ms": 13.48620891571045,
        "frame_ms": 7.950083255767822,
        "component_sum_ms": 7.950083255767822,
        "tick_ms": 0.12816599011421204,
        "dynamic_mesh_ms": 0.8084999918937683,
        "encode_ms": 0.8229590058326721,
        "admission_or_completion_ms": 6.190458297729492
      },
      {
        "index": 256,
        "started_ms": 15238.130167,
        "submitted_ms": 15245.460208,
        "observed_completed_ms": 15249.749167,
        "start_to_observed_completion_ms": 11.619000000000597,
        "submit_to_observed_completion_ms": 4.288958999999522,
        "continuous_iteration_ms": 11.742582321166992,
        "frame_ms": 6.204124450683594,
        "component_sum_ms": 6.204124450683594,
        "tick_ms": 0.13075000047683716,
        "dynamic_mesh_ms": 0.8178750276565552,
        "encode_ms": 0.8512910008430481,
        "admission_or_completion_ms": 4.404208660125732
      },
      {
        "index": 257,
        "started_ms": 15249.87275,
        "submitted_ms": 15251.631167,
        "observed_completed_ms": 15257.685958,
        "start_to_observed_completion_ms": 7.813207999999577,
        "submit_to_observed_completion_ms": 6.054791000000478,
        "continuous_iteration_ms": 13.395957946777344,
        "frame_ms": 7.925417423248291,
        "component_sum_ms": 7.925417423248291,
        "tick_ms": 0.12891700863838196,
        "dynamic_mesh_ms": 0.8238750100135803,
        "encode_ms": 0.8037500381469727,
        "admission_or_completion_ms": 6.168875217437744
      },
      {
        "index": 258,
        "started_ms": 15263.268708,
        "submitted_ms": 15268.895208,
        "observed_completed_ms": 15273.44975,
        "start_to_observed_completion_ms": 10.181042000000161,
        "submit_to_observed_completion_ms": 4.554541999999856,
        "continuous_iteration_ms": 10.304208755493164,
        "frame_ms": 6.377875804901123,
        "component_sum_ms": 6.377875804901123,
        "tick_ms": 0.12970900535583496,
        "dynamic_mesh_ms": 0.8214589953422546,
        "encode_ms": 0.7555410265922546,
        "admission_or_completion_ms": 4.671166896820068
      },
      {
        "index": 259,
        "started_ms": 15273.572917,
        "submitted_ms": 15275.449083,
        "observed_completed_ms": 15281.4965,
        "start_to_observed_completion_ms": 7.92358299999978,
        "submit_to_observed_completion_ms": 6.0474169999997684,
        "continuous_iteration_ms": 13.538540840148926,
        "frame_ms": 8.04062557220459,
        "component_sum_ms": 8.04062557220459,
        "tick_ms": 0.14100000262260437,
        "dynamic_mesh_ms": 0.8369170427322388,
        "encode_ms": 0.8963330388069153,
        "admission_or_completion_ms": 6.166375160217285
      },
      {
        "index": 260,
        "started_ms": 15287.111458,
        "submitted_ms": 15292.813208,
        "observed_completed_ms": 15297.355749999999,
        "start_to_observed_completion_ms": 10.244291999999405,
        "submit_to_observed_completion_ms": 4.54254199999923,
        "continuous_iteration_ms": 10.362333297729492,
        "frame_ms": 6.369250297546387,
        "component_sum_ms": 6.369250297546387,
        "tick_ms": 0.1270420104265213,
        "dynamic_mesh_ms": 0.8205830454826355,
        "encode_ms": 0.765625,
        "admission_or_completion_ms": 4.656000137329102
      },
      {
        "index": 261,
        "started_ms": 15297.473792,
        "submitted_ms": 15299.174583,
        "observed_completed_ms": 15305.079833,
        "start_to_observed_completion_ms": 7.606040999999095,
        "submit_to_observed_completion_ms": 5.905249999999796,
        "continuous_iteration_ms": 11.727790832519531,
        "frame_ms": 7.722790718078613,
        "component_sum_ms": 7.722790718078613,
        "tick_ms": 0.12574999034404755,
        "dynamic_mesh_ms": 0.8055000305175781,
        "encode_ms": 0.7683749794960022,
        "admission_or_completion_ms": 6.023165702819824
      },
      {
        "index": 262,
        "started_ms": 15309.201583,
        "submitted_ms": 15316.347667,
        "observed_completed_ms": 15322.274458,
        "start_to_observed_completion_ms": 13.07287499999984,
        "submit_to_observed_completion_ms": 5.9267909999998665,
        "continuous_iteration_ms": 13.199584007263184,
        "frame_ms": 7.809456825256348,
        "component_sum_ms": 7.809456825256348,
        "tick_ms": 0.131291002035141,
        "dynamic_mesh_ms": 0.8303329944610596,
        "encode_ms": 0.7996670007705688,
        "admission_or_completion_ms": 6.048165798187256
      },
      {
        "index": 263,
        "started_ms": 15322.401167,
        "submitted_ms": 15324.205917000001,
        "observed_completed_ms": 15330.250042,
        "start_to_observed_completion_ms": 7.84887499999968,
        "submit_to_observed_completion_ms": 6.04412499999853,
        "continuous_iteration_ms": 13.029375076293945,
        "frame_ms": 7.973458766937256,
        "component_sum_ms": 7.973458766937256,
        "tick_ms": 0.13795898854732513,
        "dynamic_mesh_ms": 0.8305829763412476,
        "encode_ms": 0.8346250057220459,
        "admission_or_completion_ms": 6.170291900634766
      },
      {
        "index": 264,
        "started_ms": 15335.430542,
        "submitted_ms": 15342.351,
        "observed_completed_ms": 15348.401792,
        "start_to_observed_completion_ms": 12.97125000000051,
        "submit_to_observed_completion_ms": 6.050792000000001,
        "continuous_iteration_ms": 13.092540740966797,
        "frame_ms": 7.922415733337402,
        "component_sum_ms": 7.922415733337402,
        "tick_ms": 0.12862500548362732,
        "dynamic_mesh_ms": 0.8111249804496765,
        "encode_ms": 0.8174999952316284,
        "admission_or_completion_ms": 6.165165901184082
      },
      {
        "index": 265,
        "started_ms": 15348.523083,
        "submitted_ms": 15350.241708,
        "observed_completed_ms": 15356.282708,
        "start_to_observed_completion_ms": 7.759625000000597,
        "submit_to_observed_completion_ms": 6.041000000001077,
        "continuous_iteration_ms": 13.401708602905273,
        "frame_ms": 7.877042293548584,
        "component_sum_ms": 7.877042293548584,
        "tick_ms": 0.12729200720787048,
        "dynamic_mesh_ms": 0.8091250061988831,
        "encode_ms": 0.7805410027503967,
        "admission_or_completion_ms": 6.160084247589111
      },
      {
        "index": 266,
        "started_ms": 15361.924792,
        "submitted_ms": 15369.133749999999,
        "observed_completed_ms": 15375.194333,
        "start_to_observed_completion_ms": 13.269540999999663,
        "submit_to_observed_completion_ms": 6.060583000000406,
        "continuous_iteration_ms": 13.38933277130127,
        "frame_ms": 7.927666664123535,
        "component_sum_ms": 7.927666664123535,
        "tick_ms": 0.13245899975299835,
        "dynamic_mesh_ms": 0.816582977771759,
        "encode_ms": 0.8028749823570251,
        "admission_or_completion_ms": 6.175749778747559
      },
      {
        "index": 267,
        "started_ms": 15375.314124999999,
        "submitted_ms": 15377.097292,
        "observed_completed_ms": 15383.166208,
        "start_to_observed_completion_ms": 7.852083000001585,
        "submit_to_observed_completion_ms": 6.068916000000172,
        "continuous_iteration_ms": 13.498541831970215,
        "frame_ms": 7.9651641845703125,
        "component_sum_ms": 7.9651641845703125,
        "tick_ms": 0.13008300960063934,
        "dynamic_mesh_ms": 0.819957971572876,
        "encode_ms": 0.8316250443458557,
        "admission_or_completion_ms": 6.183498382568359
      },
      {
        "index": 268,
        "started_ms": 15388.812667,
        "submitted_ms": 15396.29975,
        "observed_completed_ms": 15400.858042,
        "start_to_observed_completion_ms": 12.045374999999694,
        "submit_to_observed_completion_ms": 4.55829199999971,
        "continuous_iteration_ms": 12.166749954223633,
        "frame_ms": 6.6171674728393555,
        "component_sum_ms": 6.6171674728393555,
        "tick_ms": 0.12916700541973114,
        "dynamic_mesh_ms": 0.8170419931411743,
        "encode_ms": 0.9961250424385071,
        "admission_or_completion_ms": 4.674833297729492
      },
      {
        "index": 269,
        "started_ms": 15400.979417,
        "submitted_ms": 15402.814583,
        "observed_completed_ms": 15408.874667,
        "start_to_observed_completion_ms": 7.895249999999578,
        "submit_to_observed_completion_ms": 6.060084000000643,
        "continuous_iteration_ms": 13.53849983215332,
        "frame_ms": 8.011334419250488,
        "component_sum_ms": 8.011334419250488,
        "tick_ms": 0.13362500071525574,
        "dynamic_mesh_ms": 0.8387500047683716,
        "encode_ms": 0.8606250286102295,
        "admission_or_completion_ms": 6.1783342361450195
      },
      {
        "index": 270,
        "started_ms": 15414.517917,
        "submitted_ms": 15421.794125,
        "observed_completed_ms": 15426.354542000001,
        "start_to_observed_completion_ms": 11.836625000001732,
        "submit_to_observed_completion_ms": 4.560417000000598,
        "continuous_iteration_ms": 11.96049976348877,
        "frame_ms": 6.481083869934082,
        "component_sum_ms": 6.481083869934082,
        "tick_ms": 0.12833300232887268,
        "dynamic_mesh_ms": 0.8186669945716858,
        "encode_ms": 0.8569170236587524,
        "admission_or_completion_ms": 4.677166938781738
      },
      {
        "index": 271,
        "started_ms": 15426.478417,
        "submitted_ms": 15428.385667,
        "observed_completed_ms": 15432.938083,
        "start_to_observed_completion_ms": 6.459665999998833,
        "submit_to_observed_completion_ms": 4.55241599999863,
        "continuous_iteration_ms": 10.551416397094727,
        "frame_ms": 6.571916580200195,
        "component_sum_ms": 6.571916580200195,
        "tick_ms": 0.1381250023841858,
        "dynamic_mesh_ms": 0.8512499928474426,
        "encode_ms": 0.9156250357627869,
        "admission_or_completion_ms": 4.666916370391846
      },
      {
        "index": 272,
        "started_ms": 15437.029833,
        "submitted_ms": 15444.405375,
        "observed_completed_ms": 15450.169333,
        "start_to_observed_completion_ms": 13.139499999999316,
        "submit_to_observed_completion_ms": 5.763957999999548,
        "continuous_iteration_ms": 13.2631254196167,
        "frame_ms": 7.728291034698486,
        "component_sum_ms": 7.728291034698486,
        "tick_ms": 0.15204200148582458,
        "dynamic_mesh_ms": 0.8711659908294678,
        "encode_ms": 0.8238329887390137,
        "admission_or_completion_ms": 5.881249904632568
      },
      {
        "index": 273,
        "started_ms": 15450.292958,
        "submitted_ms": 15452.133833,
        "observed_completed_ms": 15458.210375,
        "start_to_observed_completion_ms": 7.917417000000569,
        "submit_to_observed_completion_ms": 6.0765420000007,
        "continuous_iteration_ms": 13.608667373657227,
        "frame_ms": 8.031000137329102,
        "component_sum_ms": 8.031000137329102,
        "tick_ms": 0.13945800065994263,
        "dynamic_mesh_ms": 0.817916989326477,
        "encode_ms": 0.8807910084724426,
        "admission_or_completion_ms": 6.19283390045166
      },
      {
        "index": 274,
        "started_ms": 15463.901625,
        "submitted_ms": 15471.406667,
        "observed_completed_ms": 15475.971583,
        "start_to_observed_completion_ms": 12.069958000000042,
        "submit_to_observed_completion_ms": 4.564916000001176,
        "continuous_iteration_ms": 12.19708251953125,
        "frame_ms": 6.6092071533203125,
        "component_sum_ms": 6.6092071533203125,
        "tick_ms": 0.16212499141693115,
        "dynamic_mesh_ms": 0.8687910437583923,
        "encode_ms": 0.8915420174598694,
        "admission_or_completion_ms": 4.68674898147583
      },
      {
        "index": 275,
        "started_ms": 15476.098708,
        "submitted_ms": 15478.062292,
        "observed_completed_ms": 15482.631792,
        "start_to_observed_completion_ms": 6.533084000000599,
        "submit_to_observed_completion_ms": 4.569499999999607,
        "continuous_iteration_ms": 12.228791236877441,
        "frame_ms": 6.650124549865723,
        "component_sum_ms": 6.650124549865723,
        "tick_ms": 0.13604199886322021,
        "dynamic_mesh_ms": 0.8527910113334656,
        "encode_ms": 0.9717919826507568,
        "admission_or_completion_ms": 4.689499855041504
      },
      {
        "index": 276,
        "started_ms": 15488.327500000001,
        "submitted_ms": 15494.480042,
        "observed_completed_ms": 15499.045667,
        "start_to_observed_completion_ms": 10.718166999999085,
        "submit_to_observed_completion_ms": 4.565625000001091,
        "continuous_iteration_ms": 10.840750694274902,
        "frame_ms": 6.590374946594238,
        "component_sum_ms": 6.590374946594238,
        "tick_ms": 0.1568330079317093,
        "dynamic_mesh_ms": 0.9145839810371399,
        "encode_ms": 0.8366249799728394,
        "admission_or_completion_ms": 4.682332992553711
      },
      {
        "index": 277,
        "started_ms": 15499.16825,
        "submitted_ms": 15501.072875,
        "observed_completed_ms": 15505.633208000001,
        "start_to_observed_completion_ms": 6.464958000000479,
        "submit_to_observed_completion_ms": 4.560333000001265,
        "continuous_iteration_ms": 10.660957336425781,
        "frame_ms": 6.5808329582214355,
        "component_sum_ms": 6.5808329582214355,
        "tick_ms": 0.13979199528694153,
        "dynamic_mesh_ms": 0.8528749942779541,
        "encode_ms": 0.9094579815864563,
        "admission_or_completion_ms": 4.678708076477051
      },
      {
        "index": 278,
        "started_ms": 15509.829208,
        "submitted_ms": 15517.354333,
        "observed_completed_ms": 15523.430875,
        "start_to_observed_completion_ms": 13.601667000000816,
        "submit_to_observed_completion_ms": 6.0765420000007,
        "continuous_iteration_ms": 13.725666999816895,
        "frame_ms": 8.166375160217285,
        "component_sum_ms": 8.166375160217285,
        "tick_ms": 0.1362909972667694,
        "dynamic_mesh_ms": 0.8305420279502869,
        "encode_ms": 1.0052080154418945,
        "admission_or_completion_ms": 6.194334030151367
      },
      {
        "index": 279,
        "started_ms": 15523.554875,
        "submitted_ms": 15525.508042,
        "observed_completed_ms": 15531.604292,
        "start_to_observed_completion_ms": 8.049417000000176,
        "submit_to_observed_completion_ms": 6.096250000000509,
        "continuous_iteration_ms": 12.347792625427246,
        "frame_ms": 8.182125091552734,
        "component_sum_ms": 8.182125091552734,
        "tick_ms": 0.13533300161361694,
        "dynamic_mesh_ms": 0.8402500152587891,
        "encode_ms": 0.9752499461174011,
        "admission_or_completion_ms": 6.231291770935059
      },
      {
        "index": 280,
        "started_ms": 15535.902667,
        "submitted_ms": 15542.041083,
        "observed_completed_ms": 15546.580292,
        "start_to_observed_completion_ms": 10.677625000000262,
        "submit_to_observed_completion_ms": 4.539209000000483,
        "continuous_iteration_ms": 10.844250679016113,
        "frame_ms": 6.785750389099121,
        "component_sum_ms": 6.785750389099121,
        "tick_ms": 0.14720800518989563,
        "dynamic_mesh_ms": 0.9301660060882568,
        "encode_ms": 1.0099999904632568,
        "admission_or_completion_ms": 4.698376178741455
      },
      {
        "index": 281,
        "started_ms": 15546.746917,
        "submitted_ms": 15548.911917,
        "observed_completed_ms": 15553.471333,
        "start_to_observed_completion_ms": 6.72441599999911,
        "submit_to_observed_completion_ms": 4.559416000000056,
        "continuous_iteration_ms": 10.915582656860352,
        "frame_ms": 6.839542388916016,
        "component_sum_ms": 6.839542388916016,
        "tick_ms": 0.17166699469089508,
        "dynamic_mesh_ms": 0.8777920007705688,
        "encode_ms": 1.1124169826507568,
        "admission_or_completion_ms": 4.677666187286377
      },
      {
        "index": 282,
        "started_ms": 15557.662499999999,
        "submitted_ms": 15565.3235,
        "observed_completed_ms": 15569.895708,
        "start_to_observed_completion_ms": 12.233208000001468,
        "submit_to_observed_completion_ms": 4.572207999999591,
        "continuous_iteration_ms": 12.366582870483398,
        "frame_ms": 6.769041061401367,
        "component_sum_ms": 6.769041061401367,
        "tick_ms": 0.1354999989271164,
        "dynamic_mesh_ms": 0.8488749861717224,
        "encode_ms": 1.0849579572677612,
        "admission_or_completion_ms": 4.699707984924316
      },
      {
        "index": 283,
        "started_ms": 15570.029083,
        "submitted_ms": 15571.999,
        "observed_completed_ms": 15576.374208000001,
        "start_to_observed_completion_ms": 6.345125000001644,
        "submit_to_observed_completion_ms": 4.375208000001294,
        "continuous_iteration_ms": 12.08204174041748,
        "frame_ms": 6.459417343139648,
        "component_sum_ms": 6.459417343139648,
        "tick_ms": 0.14504200220108032,
        "dynamic_mesh_ms": 0.8636250495910645,
        "encode_ms": 0.9588750004768372,
        "admission_or_completion_ms": 4.491875171661377
      },
      {
        "index": 284,
        "started_ms": 15582.111125000001,
        "submitted_ms": 15589.609833,
        "observed_completed_ms": 15593.932833,
        "start_to_observed_completion_ms": 11.82170799999949,
        "submit_to_observed_completion_ms": 4.32300000000032,
        "continuous_iteration_ms": 11.941792488098145,
        "frame_ms": 6.374834060668945,
        "component_sum_ms": 6.374834060668945,
        "tick_ms": 0.13212500512599945,
        "dynamic_mesh_ms": 0.8396250009536743,
        "encode_ms": 0.965499997138977,
        "admission_or_completion_ms": 4.437583923339844
      },
      {
        "index": 285,
        "started_ms": 15594.052916999999,
        "submitted_ms": 15595.947125,
        "observed_completed_ms": 15600.493083,
        "start_to_observed_completion_ms": 6.440166000000318,
        "submit_to_observed_completion_ms": 4.545957999998791,
        "continuous_iteration_ms": 11.960958480834961,
        "frame_ms": 6.554417133331299,
        "component_sum_ms": 6.554417133331299,
        "tick_ms": 0.14124999940395355,
        "dynamic_mesh_ms": 0.8607499599456787,
        "encode_ms": 0.8902919888496399,
        "admission_or_completion_ms": 4.662125110626221
      },
      {
        "index": 286,
        "started_ms": 15606.013875,
        "submitted_ms": 15613.227374999999,
        "observed_completed_ms": 15617.7615,
        "start_to_observed_completion_ms": 11.747624999999971,
        "submit_to_observed_completion_ms": 4.53412500000195,
        "continuous_iteration_ms": 11.866625785827637,
        "frame_ms": 6.421334266662598,
        "component_sum_ms": 6.421334266662598,
        "tick_ms": 0.12825000286102295,
        "dynamic_mesh_ms": 0.8231250047683716,
        "encode_ms": 0.8216670155525208,
        "admission_or_completion_ms": 4.648292064666748
      },
      {
        "index": 287,
        "started_ms": 15617.8805,
        "submitted_ms": 15619.635667,
        "observed_completed_ms": 15624.172625,
        "start_to_observed_completion_ms": 6.292124999999942,
        "submit_to_observed_completion_ms": 4.536957999998776,
        "continuous_iteration_ms": 11.807291984558105,
        "frame_ms": 6.404417037963867,
        "component_sum_ms": 6.404417037963867,
        "tick_ms": 0.132874995470047,
        "dynamic_mesh_ms": 0.8482920527458191,
        "encode_ms": 0.7728340029716492,
        "admission_or_completion_ms": 4.650415897369385
      },
      {
        "index": 288,
        "started_ms": 15629.687792,
        "submitted_ms": 15636.788083000001,
        "observed_completed_ms": 15641.337,
        "start_to_observed_completion_ms": 11.649207999998907,
        "submit_to_observed_completion_ms": 4.548916999998255,
        "continuous_iteration_ms": 11.767916679382324,
        "frame_ms": 6.3923749923706055,
        "component_sum_ms": 6.3923749923706055,
        "tick_ms": 0.12245899438858032,
        "dynamic_mesh_ms": 0.8048329949378967,
        "encode_ms": 0.8019160032272339,
        "admission_or_completion_ms": 4.6631669998168945
      },
      {
        "index": 289,
        "started_ms": 15641.455708000001,
        "submitted_ms": 15643.213,
        "observed_completed_ms": 15647.755792,
        "start_to_observed_completion_ms": 6.300083999998606,
        "submit_to_observed_completion_ms": 4.5427920000001905,
        "continuous_iteration_ms": 10.301416397094727,
        "frame_ms": 6.411750793457031,
        "component_sum_ms": 6.411750793457031,
        "tick_ms": 0.12970900535583496,
        "dynamic_mesh_ms": 0.8269169926643372,
        "encode_ms": 0.7991670370101929,
        "admission_or_completion_ms": 4.6559576988220215
      },
      {
        "index": 290,
        "started_ms": 15651.757125,
        "submitted_ms": 15657.414707999998,
        "observed_completed_ms": 15661.715250000001,
        "start_to_observed_completion_ms": 9.958125000001019,
        "submit_to_observed_completion_ms": 4.300542000002679,
        "continuous_iteration_ms": 10.076916694641113,
        "frame_ms": 6.181125164031982,
        "component_sum_ms": 6.181125164031982,
        "tick_ms": 0.1314999908208847,
        "dynamic_mesh_ms": 0.8300409913063049,
        "encode_ms": 0.8052079677581787,
        "admission_or_completion_ms": 4.414376258850098
      },
      {
        "index": 291,
        "started_ms": 15661.834042,
        "submitted_ms": 15663.607542,
        "observed_completed_ms": 15667.389207999999,
        "start_to_observed_completion_ms": 5.55516599999828,
        "submit_to_observed_completion_ms": 3.7816659999989497,
        "continuous_iteration_ms": 9.579874992370605,
        "frame_ms": 5.668583869934082,
        "component_sum_ms": 5.668583869934082,
        "tick_ms": 0.14091700315475464,
        "dynamic_mesh_ms": 0.8547919988632202,
        "encode_ms": 0.7766249775886536,
        "admission_or_completion_ms": 3.896250009536743
      },
      {
        "index": 292,
        "started_ms": 15671.413917,
        "submitted_ms": 15678.350917,
        "observed_completed_ms": 15682.550458,
        "start_to_observed_completion_ms": 11.136540999999852,
        "submit_to_observed_completion_ms": 4.199540999999954,
        "continuous_iteration_ms": 11.256290435791016,
        "frame_ms": 6.162167072296143,
        "component_sum_ms": 6.162167072296143,
        "tick_ms": 0.13087500631809235,
        "dynamic_mesh_ms": 0.8481670022010803,
        "encode_ms": 0.8688339591026306,
        "admission_or_completion_ms": 4.314291000366211
      },
      {
        "index": 293,
        "started_ms": 15682.670208,
        "submitted_ms": 15684.390583,
        "observed_completed_ms": 15688.224167,
        "start_to_observed_completion_ms": 5.553959000000759,
        "submit_to_observed_completion_ms": 3.8335839999999735,
        "continuous_iteration_ms": 9.54900074005127,
        "frame_ms": 5.668499946594238,
        "component_sum_ms": 5.668499946594238,
        "tick_ms": 0.12866699695587158,
        "dynamic_mesh_ms": 0.8147079944610596,
        "encode_ms": 0.7754159569740295,
        "admission_or_completion_ms": 3.949709177017212
      },
      {
        "index": 294,
        "started_ms": 15692.219208,
        "submitted_ms": 15697.877667,
        "observed_completed_ms": 15701.952874999999,
        "start_to_observed_completion_ms": 9.733666999998604,
        "submit_to_observed_completion_ms": 4.0752079999983835,
        "continuous_iteration_ms": 9.854833602905273,
        "frame_ms": 5.934041976928711,
        "component_sum_ms": 5.934041976928711,
        "tick_ms": 0.13224999606609344,
        "dynamic_mesh_ms": 0.8323750495910645,
        "encode_ms": 0.7789170145988464,
        "admission_or_completion_ms": 4.190499782562256
      },
      {
        "index": 295,
        "started_ms": 15702.074042,
        "submitted_ms": 15703.935583,
        "observed_completed_ms": 15708.491417,
        "start_to_observed_completion_ms": 6.417374999999083,
        "submit_to_observed_completion_ms": 4.5558339999988675,
        "continuous_iteration_ms": 10.607500076293945,
        "frame_ms": 6.533333778381348,
        "component_sum_ms": 6.533333778381348,
        "tick_ms": 0.13987500965595245,
        "dynamic_mesh_ms": 0.8597500324249268,
        "encode_ms": 0.8601659536361694,
        "admission_or_completion_ms": 4.6735429763793945
      },
      {
        "index": 296,
        "started_ms": 15712.681542,
        "submitted_ms": 15719.970458,
        "observed_completed_ms": 15724.260458,
        "start_to_observed_completion_ms": 11.57891600000039,
        "submit_to_observed_completion_ms": 4.290000000000873,
        "continuous_iteration_ms": 11.70212459564209,
        "frame_ms": 6.242708683013916,
        "component_sum_ms": 6.242708683013916,
        "tick_ms": 0.1264999955892563,
        "dynamic_mesh_ms": 0.8147919774055481,
        "encode_ms": 0.8938329815864563,
        "admission_or_completion_ms": 4.407583713531494
      },
      {
        "index": 297,
        "started_ms": 15724.383667,
        "submitted_ms": 15726.191208,
        "observed_completed_ms": 15730.739916999999,
        "start_to_observed_completion_ms": 6.356249999998909,
        "submit_to_observed_completion_ms": 4.54870899999878,
        "continuous_iteration_ms": 10.482583045959473,
        "frame_ms": 6.474958896636963,
        "component_sum_ms": 6.474958896636963,
        "tick_ms": 0.132750004529953,
        "dynamic_mesh_ms": 0.8441669940948486,
        "encode_ms": 0.8287910223007202,
        "admission_or_completion_ms": 4.669250965118408
      },
      {
        "index": 298,
        "started_ms": 15734.86625,
        "submitted_ms": 15740.672625000001,
        "observed_completed_ms": 15745.210667,
        "start_to_observed_completion_ms": 10.344417000000249,
        "submit_to_observed_completion_ms": 4.538041999998313,
        "continuous_iteration_ms": 10.525583267211914,
        "frame_ms": 6.530208587646484,
        "component_sum_ms": 6.530208587646484,
        "tick_ms": 0.14229200780391693,
        "dynamic_mesh_ms": 0.8204160332679749,
        "encode_ms": 0.8526670336723328,
        "admission_or_completion_ms": 4.714833736419678
      },
      {
        "index": 299,
        "started_ms": 15745.391833,
        "submitted_ms": 15747.112707999999,
        "observed_completed_ms": 15751.698208,
        "start_to_observed_completion_ms": 6.306375000000116,
        "submit_to_observed_completion_ms": 4.585500000001048,
        "continuous_iteration_ms": 11.926791191101074,
        "frame_ms": 6.424290657043457,
        "component_sum_ms": 6.424290657043457,
        "tick_ms": 0.12766601145267487,
        "dynamic_mesh_ms": 0.8091250061988831,
        "encode_ms": 0.7828750014305115,
        "admission_or_completion_ms": 4.704624652862549
      },
      {
        "index": 300,
        "started_ms": 15757.318625,
        "submitted_ms": 15764.4065,
        "observed_completed_ms": 15768.960167,
        "start_to_observed_completion_ms": 11.64154199999939,
        "submit_to_observed_completion_ms": 4.553667000000132,
        "continuous_iteration_ms": 11.79920768737793,
        "frame_ms": 6.519042015075684,
        "component_sum_ms": 6.519042015075684,
        "tick_ms": 0.1357080042362213,
        "dynamic_mesh_ms": 0.8358749747276306,
        "encode_ms": 0.8785420060157776,
        "admission_or_completion_ms": 4.668916702270508
      },
      {
        "index": 301,
        "started_ms": 15769.117832999998,
        "submitted_ms": 15770.940708,
        "observed_completed_ms": 15775.487458000001,
        "start_to_observed_completion_ms": 6.369625000002998,
        "submit_to_observed_completion_ms": 4.546750000001339,
        "continuous_iteration_ms": 11.953333854675293,
        "frame_ms": 6.482125282287598,
        "component_sum_ms": 6.482125282287598,
        "tick_ms": 0.13304200768470764,
        "dynamic_mesh_ms": 0.8372920155525208,
        "encode_ms": 0.8495830297470093,
        "admission_or_completion_ms": 4.662208080291748
      },
      {
        "index": 302,
        "started_ms": 15781.071167,
        "submitted_ms": 15787.824667,
        "observed_completed_ms": 15792.366250000001,
        "start_to_observed_completion_ms": 11.295083000000886,
        "submit_to_observed_completion_ms": 4.541583000000173,
        "continuous_iteration_ms": 11.41462516784668,
        "frame_ms": 6.3782501220703125,
        "component_sum_ms": 6.3782501220703125,
        "tick_ms": 0.1263750046491623,
        "dynamic_mesh_ms": 0.8130840063095093,
        "encode_ms": 0.782584011554718,
        "admission_or_completion_ms": 4.656207084655762
      },
      {
        "index": 303,
        "started_ms": 15792.485792000001,
        "submitted_ms": 15794.256458,
        "observed_completed_ms": 15800.301167000001,
        "start_to_observed_completion_ms": 7.815375000000131,
        "submit_to_observed_completion_ms": 6.044709000001603,
        "continuous_iteration_ms": 13.359375,
        "frame_ms": 7.929792881011963,
        "component_sum_ms": 7.929792881011963,
        "tick_ms": 0.1324169933795929,
        "dynamic_mesh_ms": 0.8381669521331787,
        "encode_ms": 0.7987500429153442,
        "admission_or_completion_ms": 6.160459041595459
      },
      {
        "index": 304,
        "started_ms": 15805.845167,
        "submitted_ms": 15812.870458000001,
        "observed_completed_ms": 15817.405333,
        "start_to_observed_completion_ms": 11.560166000001118,
        "submit_to_observed_completion_ms": 4.534874999999374,
        "continuous_iteration_ms": 11.678583145141602,
        "frame_ms": 6.449831962585449,
        "component_sum_ms": 6.449831962585449,
        "tick_ms": 0.13212500512599945,
        "dynamic_mesh_ms": 0.8200830221176147,
        "encode_ms": 0.8484160304069519,
        "admission_or_completion_ms": 4.649207592010498
      },
      {
        "index": 305,
        "started_ms": 15817.52375,
        "submitted_ms": 15819.173833,
        "observed_completed_ms": 15825.225166999999,
        "start_to_observed_completion_ms": 7.701416999998401,
        "submit_to_observed_completion_ms": 6.051333999997951,
        "continuous_iteration_ms": 13.299249649047852,
        "frame_ms": 7.816373825073242,
        "component_sum_ms": 7.816373825073242,
        "tick_ms": 0.12458300590515137,
        "dynamic_mesh_ms": 0.8003329634666443,
        "encode_ms": 0.7237910032272339,
        "admission_or_completion_ms": 6.167666912078857
      },
      {
        "index": 306,
        "started_ms": 15830.823,
        "submitted_ms": 15838.044083,
        "observed_completed_ms": 15842.5815,
        "start_to_observed_completion_ms": 11.758499999999913,
        "submit_to_observed_completion_ms": 4.53741699999955,
        "continuous_iteration_ms": 11.877166748046875,
        "frame_ms": 6.428542137145996,
        "component_sum_ms": 6.428542137145996,
        "tick_ms": 0.1297919899225235,
        "dynamic_mesh_ms": 0.8335420489311218,
        "encode_ms": 0.8132910132408142,
        "admission_or_completion_ms": 4.651916980743408
      },
      {
        "index": 307,
        "started_ms": 15842.700167,
        "submitted_ms": 15844.499958,
        "observed_completed_ms": 15849.053042,
        "start_to_observed_completion_ms": 6.352874999998676,
        "submit_to_observed_completion_ms": 4.553083999999217,
        "continuous_iteration_ms": 11.960750579833984,
        "frame_ms": 6.466875076293945,
        "component_sum_ms": 6.466875076293945,
        "tick_ms": 0.12754200398921967,
        "dynamic_mesh_ms": 0.8109999895095825,
        "encode_ms": 0.8595000505447388,
        "admission_or_completion_ms": 4.668832778930664
      },
      {
        "index": 308,
        "started_ms": 15854.660917000001,
        "submitted_ms": 15860.257000000001,
        "observed_completed_ms": 15864.810125,
        "start_to_observed_completion_ms": 10.149207999998907,
        "submit_to_observed_completion_ms": 4.553124999998545,
        "continuous_iteration_ms": 10.269749641418457,
        "frame_ms": 6.37570858001709,
        "component_sum_ms": 6.37570858001709,
        "tick_ms": 0.1282919943332672,
        "dynamic_mesh_ms": 0.8280830383300781,
        "encode_ms": 0.7507919669151306,
        "admission_or_completion_ms": 4.66854190826416
      },
      {
        "index": 309,
        "started_ms": 15864.930666999999,
        "submitted_ms": 15866.718208,
        "observed_completed_ms": 15872.52125,
        "start_to_observed_completion_ms": 7.590583000001061,
        "submit_to_observed_completion_ms": 5.80304199999955,
        "continuous_iteration_ms": 11.750750541687012,
        "frame_ms": 7.7070417404174805,
        "component_sum_ms": 7.7070417404174805,
        "tick_ms": 0.1290840059518814,
        "dynamic_mesh_ms": 0.8229590058326721,
        "encode_ms": 0.8340409994125366,
        "admission_or_completion_ms": 5.920958042144775
      },
      {
        "index": 310,
        "started_ms": 15876.681417,
        "submitted_ms": 15882.534749999999,
        "observed_completed_ms": 15886.597917,
        "start_to_observed_completion_ms": 9.91649999999936,
        "submit_to_observed_completion_ms": 4.063167000000249,
        "continuous_iteration_ms": 10.058958053588867,
        "frame_ms": 6.045707702636719,
        "component_sum_ms": 6.045707702636719,
        "tick_ms": 0.12937499582767487,
        "dynamic_mesh_ms": 0.8113749623298645,
        "encode_ms": 0.9052079916000366,
        "admission_or_completion_ms": 4.199749946594238
      },
      {
        "index": 311,
        "started_ms": 15886.740375000001,
        "submitted_ms": 15888.572625,
        "observed_completed_ms": 15893.136083,
        "start_to_observed_completion_ms": 6.395707999998194,
        "submit_to_observed_completion_ms": 4.563457999998718,
        "continuous_iteration_ms": 12.02279281616211,
        "frame_ms": 6.510499954223633,
        "component_sum_ms": 6.510499954223633,
        "tick_ms": 0.13929200172424316,
        "dynamic_mesh_ms": 0.8291249871253967,
        "encode_ms": 0.8617080450057983,
        "admission_or_completion_ms": 4.680375099182129
      },
      {
        "index": 312,
        "started_ms": 15898.763167000001,
        "submitted_ms": 15906.235,
        "observed_completed_ms": 15910.795542,
        "start_to_observed_completion_ms": 12.032374999998865,
        "submit_to_observed_completion_ms": 4.560541999999259,
        "continuous_iteration_ms": 12.154041290283203,
        "frame_ms": 6.660125255584717,
        "component_sum_ms": 6.660125255584717,
        "tick_ms": 0.1352500021457672,
        "dynamic_mesh_ms": 0.8398750424385071,
        "encode_ms": 1.0080419778823853,
        "admission_or_completion_ms": 4.676958084106445
      },
      {
        "index": 313,
        "started_ms": 15910.917208,
        "submitted_ms": 15912.739667,
        "observed_completed_ms": 15917.286,
        "start_to_observed_completion_ms": 6.368791999999303,
        "submit_to_observed_completion_ms": 4.5463330000002316,
        "continuous_iteration_ms": 11.990499496459961,
        "frame_ms": 6.482750415802002,
        "component_sum_ms": 6.482750415802002,
        "tick_ms": 0.12858299911022186,
        "dynamic_mesh_ms": 0.8195419907569885,
        "encode_ms": 0.871999979019165,
        "admission_or_completion_ms": 4.662625312805176
      },
      {
        "index": 314,
        "started_ms": 15922.907708,
        "submitted_ms": 15928.618792,
        "observed_completed_ms": 15933.177582999999,
        "start_to_observed_completion_ms": 10.269874999998137,
        "submit_to_observed_completion_ms": 4.558790999999474,
        "continuous_iteration_ms": 10.388833999633789,
        "frame_ms": 6.4164581298828125,
        "component_sum_ms": 6.4164581298828125,
        "tick_ms": 0.12825000286102295,
        "dynamic_mesh_ms": 0.8118330240249634,
        "encode_ms": 0.8034170269966125,
        "admission_or_completion_ms": 4.672957897186279
      },
      {
        "index": 315,
        "started_ms": 15933.296542,
        "submitted_ms": 15935.112833,
        "observed_completed_ms": 15939.667458,
        "start_to_observed_completion_ms": 6.370915999999852,
        "submit_to_observed_completion_ms": 4.554625000000669,
        "continuous_iteration_ms": 10.721040725708008,
        "frame_ms": 6.493792533874512,
        "component_sum_ms": 6.493792533874512,
        "tick_ms": 0.12987500429153442,
        "dynamic_mesh_ms": 0.8268330097198486,
        "encode_ms": 0.8569999933242798,
        "admission_or_completion_ms": 4.680084228515625
      },
      {
        "index": 316,
        "started_ms": 15944.017583,
        "submitted_ms": 15949.916874999999,
        "observed_completed_ms": 15954.459458000001,
        "start_to_observed_completion_ms": 10.441875000000437,
        "submit_to_observed_completion_ms": 4.542583000002196,
        "continuous_iteration_ms": 10.573959350585938,
        "frame_ms": 6.523667335510254,
        "component_sum_ms": 6.523667335510254,
        "tick_ms": 0.13487499952316284,
        "dynamic_mesh_ms": 0.8310839533805847,
        "encode_ms": 0.8882499933242798,
        "admission_or_completion_ms": 4.669458389282227
      },
      {
        "index": 317,
        "started_ms": 15954.591542,
        "submitted_ms": 15956.533875,
        "observed_completed_ms": 15961.088333,
        "start_to_observed_completion_ms": 6.496790999999575,
        "submit_to_observed_completion_ms": 4.554458000000523,
        "continuous_iteration_ms": 10.745458602905273,
        "frame_ms": 6.612166404724121,
        "component_sum_ms": 6.612166404724121,
        "tick_ms": 0.12916700541973114,
        "dynamic_mesh_ms": 0.8971250057220459,
        "encode_ms": 0.9134170413017273,
        "admission_or_completion_ms": 4.672457695007324
      },
      {
        "index": 318,
        "started_ms": 15965.337,
        "submitted_ms": 15972.695917,
        "observed_completed_ms": 15977.259417,
        "start_to_observed_completion_ms": 11.922416999999768,
        "submit_to_observed_completion_ms": 4.563500000000204,
        "continuous_iteration_ms": 12.046333312988281,
        "frame_ms": 6.724957466125488,
        "component_sum_ms": 6.724957466125488,
        "tick_ms": 0.1475830078125,
        "dynamic_mesh_ms": 0.8716249465942383,
        "encode_ms": 1.024791955947876,
        "admission_or_completion_ms": 4.680957794189453
      },
      {
        "index": 319,
        "started_ms": 15977.383333,
        "submitted_ms": 15979.410333,
        "observed_completed_ms": 15983.88675,
        "start_to_observed_completion_ms": 6.503416999999899,
        "submit_to_observed_completion_ms": 4.476416999999856,
        "continuous_iteration_ms": 12.152334213256836,
        "frame_ms": 6.618498802185059,
        "component_sum_ms": 6.618498802185059,
        "tick_ms": 0.13979099690914154,
        "dynamic_mesh_ms": 0.8504999876022339,
        "encode_ms": 1.0344160795211792,
        "admission_or_completion_ms": 4.593791961669922
      },
      {
        "index": 320,
        "started_ms": 15989.535667,
        "submitted_ms": 15996.868666999999,
        "observed_completed_ms": 16000.901833,
        "start_to_observed_completion_ms": 11.366165999999794,
        "submit_to_observed_completion_ms": 4.033166000001074,
        "continuous_iteration_ms": 11.489624977111816,
        "frame_ms": 5.959583282470703,
        "component_sum_ms": 5.959583282470703,
        "tick_ms": 0.13637501001358032,
        "dynamic_mesh_ms": 0.8318750262260437,
        "encode_ms": 0.8402920365333557,
        "admission_or_completion_ms": 4.151041030883789
      },
      {
        "index": 321,
        "started_ms": 16001.025292000002,
        "submitted_ms": 16002.818458,
        "observed_completed_ms": 16007.383042000001,
        "start_to_observed_completion_ms": 6.357749999999214,
        "submit_to_observed_completion_ms": 4.56458400000156,
        "continuous_iteration_ms": 12.049291610717773,
        "frame_ms": 6.473415851593018,
        "component_sum_ms": 6.473415851593018,
        "tick_ms": 0.13145799934864044,
        "dynamic_mesh_ms": 0.810916006565094,
        "encode_ms": 0.8484160304069519,
        "admission_or_completion_ms": 4.682625770568848
      },
      {
        "index": 322,
        "started_ms": 16013.074583000001,
        "submitted_ms": 16018.914625000001,
        "observed_completed_ms": 16023.501457999999,
        "start_to_observed_completion_ms": 10.42687499999738,
        "submit_to_observed_completion_ms": 4.5868329999975685,
        "continuous_iteration_ms": 10.585583686828613,
        "frame_ms": 6.649291038513184,
        "component_sum_ms": 6.649291038513184,
        "tick_ms": 0.13312499225139618,
        "dynamic_mesh_ms": 0.8954579830169678,
        "encode_ms": 0.882207989692688,
        "admission_or_completion_ms": 4.738500118255615
      },
      {
        "index": 323,
        "started_ms": 16023.660167,
        "submitted_ms": 16025.613249999999,
        "observed_completed_ms": 16030.236875,
        "start_to_observed_completion_ms": 6.576708000000508,
        "submit_to_observed_completion_ms": 4.623625000001994,
        "continuous_iteration_ms": 10.514583587646484,
        "frame_ms": 6.708040714263916,
        "component_sum_ms": 6.708040714263916,
        "tick_ms": 0.13979099690914154,
        "dynamic_mesh_ms": 0.856624960899353,
        "encode_ms": 0.9542919993400574,
        "admission_or_completion_ms": 4.757332801818848
      },
      {
        "index": 324,
        "started_ms": 16034.174749999998,
        "submitted_ms": 16040.21525,
        "observed_completed_ms": 16044.770083,
        "start_to_observed_completion_ms": 10.59533300000112,
        "submit_to_observed_completion_ms": 4.554833000000144,
        "continuous_iteration_ms": 10.718500137329102,
        "frame_ms": 6.6436238288879395,
        "component_sum_ms": 6.6436238288879395,
        "tick_ms": 0.13349999487400055,
        "dynamic_mesh_ms": 0.8368330001831055,
        "encode_ms": 1.0017499923706055,
        "admission_or_completion_ms": 4.6715407371521
      },
      {
        "index": 325,
        "started_ms": 16044.893250000001,
        "submitted_ms": 16046.762208,
        "observed_completed_ms": 16051.338957999998,
        "start_to_observed_completion_ms": 6.445707999997467,
        "submit_to_observed_completion_ms": 4.576749999998356,
        "continuous_iteration_ms": 12.08608341217041,
        "frame_ms": 6.563289642333984,
        "component_sum_ms": 6.563289642333984,
        "tick_ms": 0.14516600966453552,
        "dynamic_mesh_ms": 0.8420830368995667,
        "encode_ms": 0.8797909617424011,
        "admission_or_completion_ms": 4.696249961853027
      },
      {
        "index": 326,
        "started_ms": 16056.979333000001,
        "submitted_ms": 16062.977541999999,
        "observed_completed_ms": 16066.025249999999,
        "start_to_observed_completion_ms": 9.045916999997644,
        "submit_to_observed_completion_ms": 3.047708000000057,
        "continuous_iteration_ms": 9.170249938964844,
        "frame_ms": 5.135334014892578,
        "component_sum_ms": 5.135334014892578,
        "tick_ms": 0.13129200041294098,
        "dynamic_mesh_ms": 0.8293329477310181,
        "encode_ms": 1.008208990097046,
        "admission_or_completion_ms": 3.1665000915527344
      },
      {
        "index": 327,
        "started_ms": 16066.149583000002,
        "submitted_ms": 16068.015833000001,
        "observed_completed_ms": 16072.590250000001,
        "start_to_observed_completion_ms": 6.440666999998939,
        "submit_to_observed_completion_ms": 4.574416999999812,
        "continuous_iteration_ms": 11.895750045776367,
        "frame_ms": 6.574833869934082,
        "component_sum_ms": 6.574833869934082,
        "tick_ms": 0.13991700112819672,
        "dynamic_mesh_ms": 0.8541669845581055,
        "encode_ms": 0.8700829744338989,
        "admission_or_completion_ms": 4.710667133331299
      },
      {
        "index": 328,
        "started_ms": 16078.045332999998,
        "submitted_ms": 16084.049875000002,
        "observed_completed_ms": 16089.695166999998,
        "start_to_observed_completion_ms": 11.649833999999828,
        "submit_to_observed_completion_ms": 5.645291999995607,
        "continuous_iteration_ms": 11.782041549682617,
        "frame_ms": 7.709042072296143,
        "component_sum_ms": 7.709042072296143,
        "tick_ms": 0.13566699624061584,
        "dynamic_mesh_ms": 0.9256249666213989,
        "encode_ms": 0.8763329982757568,
        "admission_or_completion_ms": 5.771417140960693
      },
      {
        "index": 329,
        "started_ms": 16089.827374999999,
        "submitted_ms": 16091.729667,
        "observed_completed_ms": 16096.268957999999,
        "start_to_observed_completion_ms": 6.4415829999998095,
        "submit_to_observed_completion_ms": 4.539290999999139,
        "continuous_iteration_ms": 10.668749809265137,
        "frame_ms": 6.555790901184082,
        "component_sum_ms": 6.555790901184082,
        "tick_ms": 0.14012500643730164,
        "dynamic_mesh_ms": 0.8604999780654907,
        "encode_ms": 0.9001250267028809,
        "admission_or_completion_ms": 4.655040740966797
      },
      {
        "index": 330,
        "started_ms": 16100.496125,
        "submitted_ms": 16106.176167000001,
        "observed_completed_ms": 16110.717999999999,
        "start_to_observed_completion_ms": 10.221874999999272,
        "submit_to_observed_completion_ms": 4.541832999997496,
        "continuous_iteration_ms": 10.438124656677246,
        "frame_ms": 6.521124839782715,
        "component_sum_ms": 6.521124839782715,
        "tick_ms": 0.13075000047683716,
        "dynamic_mesh_ms": 0.8175830245018005,
        "encode_ms": 0.8203340172767639,
        "admission_or_completion_ms": 4.752458095550537
      },
      {
        "index": 331,
        "started_ms": 16110.93425,
        "submitted_ms": 16112.689541999998,
        "observed_completed_ms": 16117.231666999998,
        "start_to_observed_completion_ms": 6.2974169999979495,
        "submit_to_observed_completion_ms": 4.542124999999942,
        "continuous_iteration_ms": 10.34779167175293,
        "frame_ms": 6.410082817077637,
        "component_sum_ms": 6.410082817077637,
        "tick_ms": 0.13358300924301147,
        "dynamic_mesh_ms": 0.8285000324249268,
        "encode_ms": 0.7913749814033508,
        "admission_or_completion_ms": 4.656624794006348
      },
      {
        "index": 332,
        "started_ms": 16121.282042,
        "submitted_ms": 16128.607625,
        "observed_completed_ms": 16133.149125,
        "start_to_observed_completion_ms": 11.867082999999184,
        "submit_to_observed_completion_ms": 4.54149999999936,
        "continuous_iteration_ms": 11.98758316040039,
        "frame_ms": 6.4913763999938965,
        "component_sum_ms": 6.4913763999938965,
        "tick_ms": 0.13066700100898743,
        "dynamic_mesh_ms": 0.8363749980926514,
        "encode_ms": 0.8670420050621033,
        "admission_or_completion_ms": 4.657292366027832
      },
      {
        "index": 333,
        "started_ms": 16133.269625,
        "submitted_ms": 16135.015625000002,
        "observed_completed_ms": 16139.567374999999,
        "start_to_observed_completion_ms": 6.2977499999979045,
        "submit_to_observed_completion_ms": 4.5517499999969,
        "continuous_iteration_ms": 10.386042594909668,
        "frame_ms": 6.416125297546387,
        "component_sum_ms": 6.416125297546387,
        "tick_ms": 0.13095799088478088,
        "dynamic_mesh_ms": 0.8228330016136169,
        "encode_ms": 0.7902500033378601,
        "admission_or_completion_ms": 4.672084331512451
      },
      {
        "index": 334,
        "started_ms": 16143.655667,
        "submitted_ms": 16149.281167000001,
        "observed_completed_ms": 16153.817458,
        "start_to_observed_completion_ms": 10.16179099999863,
        "submit_to_observed_completion_ms": 4.536290999998528,
        "continuous_iteration_ms": 10.281208038330078,
        "frame_ms": 6.376001358032227,
        "component_sum_ms": 6.376001358032227,
        "tick_ms": 0.13079200685024261,
        "dynamic_mesh_ms": 0.8296250104904175,
        "encode_ms": 0.7639169692993164,
        "admission_or_completion_ms": 4.65166711807251
      },
      {
        "index": 335,
        "started_ms": 16153.936875,
        "submitted_ms": 16155.640583,
        "observed_completed_ms": 16160.171667,
        "start_to_observed_completion_ms": 6.234792000001107,
        "submit_to_observed_completion_ms": 4.531084000000192,
        "continuous_iteration_ms": 10.200374603271484,
        "frame_ms": 6.350832939147949,
        "component_sum_ms": 6.350832939147949,
        "tick_ms": 0.1278340071439743,
        "dynamic_mesh_ms": 0.8167080283164978,
        "encode_ms": 0.7576659917831421,
        "admission_or_completion_ms": 4.648624897003174
      },
      {
        "index": 336,
        "started_ms": 16164.13725,
        "submitted_ms": 16171.221332999998,
        "observed_completed_ms": 16175.772082999998,
        "start_to_observed_completion_ms": 11.634832999998252,
        "submit_to_observed_completion_ms": 4.550750000000335,
        "continuous_iteration_ms": 11.755707740783691,
        "frame_ms": 6.392706871032715,
        "component_sum_ms": 6.392706871032715,
        "tick_ms": 0.13479100167751312,
        "dynamic_mesh_ms": 0.8451669812202454,
        "encode_ms": 0.7462910413742065,
        "admission_or_completion_ms": 4.6664581298828125
      },
      {
        "index": 337,
        "started_ms": 16175.892957999999,
        "submitted_ms": 16177.732875,
        "observed_completed_ms": 16180.769125,
        "start_to_observed_completion_ms": 4.8761670000021695,
        "submit_to_observed_completion_ms": 3.0362500000010186,
        "continuous_iteration_ms": 8.934333801269531,
        "frame_ms": 4.9882917404174805,
        "component_sum_ms": 4.9882917404174805,
        "tick_ms": 0.13054099678993225,
        "dynamic_mesh_ms": 0.8199589848518372,
        "encode_ms": 0.8877500295639038,
        "admission_or_completion_ms": 3.1500418186187744
      },
      {
        "index": 338,
        "started_ms": 16184.827292000002,
        "submitted_ms": 16190.578124999998,
        "observed_completed_ms": 16195.119875,
        "start_to_observed_completion_ms": 10.292582999998558,
        "submit_to_observed_completion_ms": 4.541750000002139,
        "continuous_iteration_ms": 10.41533374786377,
        "frame_ms": 6.541999816894531,
        "component_sum_ms": 6.541999816894531,
        "tick_ms": 0.12825000286102295,
        "dynamic_mesh_ms": 0.8103330135345459,
        "encode_ms": 0.9428749680519104,
        "admission_or_completion_ms": 4.660542011260986
      },
      {
        "index": 339,
        "started_ms": 16195.242624999999,
        "submitted_ms": 16196.926625,
        "observed_completed_ms": 16201.466166999999,
        "start_to_observed_completion_ms": 6.223541999999725,
        "submit_to_observed_completion_ms": 4.539541999998619,
        "continuous_iteration_ms": 11.524791717529297,
        "frame_ms": 6.335082530975342,
        "component_sum_ms": 6.335082530975342,
        "tick_ms": 0.12700000405311584,
        "dynamic_mesh_ms": 0.8148750066757202,
        "encode_ms": 0.7406669855117798,
        "admission_or_completion_ms": 4.652540683746338
      },
      {
        "index": 340,
        "started_ms": 16206.767417000001,
        "submitted_ms": 16212.418499999998,
        "observed_completed_ms": 16216.963125,
        "start_to_observed_completion_ms": 10.195707999999286,
        "submit_to_observed_completion_ms": 4.54462500000227,
        "continuous_iteration_ms": 10.314916610717773,
        "frame_ms": 6.409790992736816,
        "component_sum_ms": 6.409790992736816,
        "tick_ms": 0.12995800375938416,
        "dynamic_mesh_ms": 0.8620830178260803,
        "encode_ms": 0.7585000395774841,
        "admission_or_completion_ms": 4.659250259399414
      },
      {
        "index": 341,
        "started_ms": 16217.082333,
        "submitted_ms": 16218.888167,
        "observed_completed_ms": 16223.438083000001,
        "start_to_observed_completion_ms": 6.355750000000626,
        "submit_to_observed_completion_ms": 4.549916000001758,
        "continuous_iteration_ms": 10.476125717163086,
        "frame_ms": 6.4788737297058105,
        "component_sum_ms": 6.4788737297058105,
        "tick_ms": 0.12733300030231476,
        "dynamic_mesh_ms": 0.8051249980926514,
        "encode_ms": 0.871291995048523,
        "admission_or_completion_ms": 4.675123691558838
      },
      {
        "index": 342,
        "started_ms": 16227.558458000001,
        "submitted_ms": 16233.301042000001,
        "observed_completed_ms": 16237.853375,
        "start_to_observed_completion_ms": 10.29491699999926,
        "submit_to_observed_completion_ms": 4.552332999999635,
        "continuous_iteration_ms": 10.416666984558105,
        "frame_ms": 6.472415924072266,
        "component_sum_ms": 6.472415924072266,
        "tick_ms": 0.14520800113677979,
        "dynamic_mesh_ms": 0.8241249918937683,
        "encode_ms": 0.8343749642372131,
        "admission_or_completion_ms": 4.668707847595215
      },
      {
        "index": 343,
        "started_ms": 16237.975124999999,
        "submitted_ms": 16239.905541999999,
        "observed_completed_ms": 16244.457583,
        "start_to_observed_completion_ms": 6.482458000000406,
        "submit_to_observed_completion_ms": 4.552041000000827,
        "continuous_iteration_ms": 11.894124984741211,
        "frame_ms": 6.672290802001953,
        "component_sum_ms": 6.672290802001953,
        "tick_ms": 0.13487499952316284,
        "dynamic_mesh_ms": 0.8491660356521606,
        "encode_ms": 0.9441670179367065,
        "admission_or_completion_ms": 4.744082927703857
      },
      {
        "index": 344,
        "started_ms": 16249.86925,
        "submitted_ms": 16257.254667000001,
        "observed_completed_ms": 16261.71625,
        "start_to_observed_completion_ms": 11.846999999999753,
        "submit_to_observed_completion_ms": 4.461582999998427,
        "continuous_iteration_ms": 12.073541641235352,
        "frame_ms": 6.560999870300293,
        "component_sum_ms": 6.560999870300293,
        "tick_ms": 0.12662500143051147,
        "dynamic_mesh_ms": 0.8117499947547913,
        "encode_ms": 0.9410840272903442,
        "admission_or_completion_ms": 4.6815409660339355
      },
      {
        "index": 345,
        "started_ms": 16261.942792,
        "submitted_ms": 16263.711791999998,
        "observed_completed_ms": 16268.260957999999,
        "start_to_observed_completion_ms": 6.31816599999911,
        "submit_to_observed_completion_ms": 4.549166000000696,
        "continuous_iteration_ms": 11.932040214538574,
        "frame_ms": 6.4326252937316895,
        "component_sum_ms": 6.4326252937316895,
        "tick_ms": 0.14091700315475464,
        "dynamic_mesh_ms": 0.8337079882621765,
        "encode_ms": 0.7924590110778809,
        "admission_or_completion_ms": 4.665541172027588
      },
      {
        "index": 346,
        "started_ms": 16273.874833,
        "submitted_ms": 16281.279999999999,
        "observed_completed_ms": 16285.824208000002,
        "start_to_observed_completion_ms": 11.949375000001965,
        "submit_to_observed_completion_ms": 4.544208000002982,
        "continuous_iteration_ms": 12.069334030151367,
        "frame_ms": 6.556791305541992,
        "component_sum_ms": 6.556791305541992,
        "tick_ms": 0.146791011095047,
        "dynamic_mesh_ms": 0.8685420155525208,
        "encode_ms": 0.8822919726371765,
        "admission_or_completion_ms": 4.65916633605957
      },
      {
        "index": 347,
        "started_ms": 16285.944167,
        "submitted_ms": 16287.759542,
        "observed_completed_ms": 16292.309958,
        "start_to_observed_completion_ms": 6.365791000000172,
        "submit_to_observed_completion_ms": 4.550416000000041,
        "continuous_iteration_ms": 11.953333854675293,
        "frame_ms": 6.479167461395264,
        "component_sum_ms": 6.479167461395264,
        "tick_ms": 0.1279590129852295,
        "dynamic_mesh_ms": 0.8186660408973694,
        "encode_ms": 0.8665840029716492,
        "admission_or_completion_ms": 4.665958404541016
      },
      {
        "index": 348,
        "started_ms": 16297.897500000001,
        "submitted_ms": 16305.114042,
        "observed_completed_ms": 16309.661333000002,
        "start_to_observed_completion_ms": 11.763833000000886,
        "submit_to_observed_completion_ms": 4.547291000002588,
        "continuous_iteration_ms": 11.884749412536621,
        "frame_ms": 6.453124046325684,
        "component_sum_ms": 6.453124046325684,
        "tick_ms": 0.12974999845027924,
        "dynamic_mesh_ms": 0.843500018119812,
        "encode_ms": 0.8169999718666077,
        "admission_or_completion_ms": 4.662874221801758
      },
      {
        "index": 349,
        "started_ms": 16309.782250000002,
        "submitted_ms": 16311.605375,
        "observed_completed_ms": 16316.159,
        "start_to_observed_completion_ms": 6.376749999997628,
        "submit_to_observed_completion_ms": 4.553625000000466,
        "continuous_iteration_ms": 11.94466781616211,
        "frame_ms": 6.488584041595459,
        "component_sum_ms": 6.488584041595459,
        "tick_ms": 0.12825000286102295,
        "dynamic_mesh_ms": 0.8104590177536011,
        "encode_ms": 0.882917046546936,
        "admission_or_completion_ms": 4.666957855224609
      },
      {
        "index": 350,
        "started_ms": 16321.726917,
        "submitted_ms": 16328.76275,
        "observed_completed_ms": 16333.093083000002,
        "start_to_observed_completion_ms": 11.366166000001613,
        "submit_to_observed_completion_ms": 4.330333000001701,
        "continuous_iteration_ms": 11.48741626739502,
        "frame_ms": 6.28154182434082,
        "component_sum_ms": 6.28154182434082,
        "tick_ms": 0.1390419900417328,
        "dynamic_mesh_ms": 0.8510000109672546,
        "encode_ms": 0.8449999690055847,
        "admission_or_completion_ms": 4.446499824523926
      },
      {
        "index": 351,
        "started_ms": 16333.214333,
        "submitted_ms": 16334.999291999999,
        "observed_completed_ms": 16341.064542000002,
        "start_to_observed_completion_ms": 7.850209000001996,
        "submit_to_observed_completion_ms": 6.065250000003289,
        "continuous_iteration_ms": 13.497084617614746,
        "frame_ms": 7.964083671569824,
        "component_sum_ms": 7.964083671569824,
        "tick_ms": 0.12829099595546722,
        "dynamic_mesh_ms": 0.8138750195503235,
        "encode_ms": 0.8414170145988464,
        "admission_or_completion_ms": 6.180500507354736
      },
      {
        "index": 352,
        "started_ms": 16346.711417000002,
        "submitted_ms": 16352.458167000003,
        "observed_completed_ms": 16357.010583000001,
        "start_to_observed_completion_ms": 10.299165999998877,
        "submit_to_observed_completion_ms": 4.55241599999863,
        "continuous_iteration_ms": 10.420540809631348,
        "frame_ms": 6.4314165115356445,
        "component_sum_ms": 6.4314165115356445,
        "tick_ms": 0.17354199290275574,
        "dynamic_mesh_ms": 0.8299999833106995,
        "encode_ms": 0.7591670155525208,
        "admission_or_completion_ms": 4.668707847595215
      },
      {
        "index": 353,
        "started_ms": 16357.131958,
        "submitted_ms": 16358.949166999999,
        "observed_completed_ms": 16364.569333,
        "start_to_observed_completion_ms": 7.43737499999952,
        "submit_to_observed_completion_ms": 5.620166000000609,
        "continuous_iteration_ms": 11.520125389099121,
        "frame_ms": 7.555874824523926,
        "component_sum_ms": 7.555874824523926,
        "tick_ms": 0.13224999606609344,
        "dynamic_mesh_ms": 0.8238750100135803,
        "encode_ms": 0.859250009059906,
        "admission_or_completion_ms": 5.740499973297119
      },
      {
        "index": 354,
        "started_ms": 16368.652083,
        "submitted_ms": 16374.340083,
        "observed_completed_ms": 16378.878125,
        "start_to_observed_completion_ms": 10.226041999998415,
        "submit_to_observed_completion_ms": 4.538042000000132,
        "continuous_iteration_ms": 10.356208801269531,
        "frame_ms": 6.401334285736084,
        "component_sum_ms": 6.401334285736084,
        "tick_ms": 0.12812499701976776,
        "dynamic_mesh_ms": 0.8167920112609863,
        "encode_ms": 0.7928329706192017,
        "admission_or_completion_ms": 4.663584232330322
      },
      {
        "index": 355,
        "started_ms": 16379.008292000002,
        "submitted_ms": 16380.846792,
        "observed_completed_ms": 16385.39875,
        "start_to_observed_completion_ms": 6.390457999998034,
        "submit_to_observed_completion_ms": 4.551958000000013,
        "continuous_iteration_ms": 12.003375053405762,
        "frame_ms": 6.503790855407715,
        "component_sum_ms": 6.503790855407715,
        "tick_ms": 0.1268329918384552,
        "dynamic_mesh_ms": 0.8054580092430115,
        "encode_ms": 0.9048340320587158,
        "admission_or_completion_ms": 4.666666030883789
      },
      {
        "index": 356,
        "started_ms": 16391.011667000002,
        "submitted_ms": 16398.333125,
        "observed_completed_ms": 16402.884542,
        "start_to_observed_completion_ms": 11.872874999997293,
        "submit_to_observed_completion_ms": 4.551416999998764,
        "continuous_iteration_ms": 12.005999565124512,
        "frame_ms": 6.503041744232178,
        "component_sum_ms": 6.503041744232178,
        "tick_ms": 0.1267079859972,
        "dynamic_mesh_ms": 0.804082989692688,
        "encode_ms": 0.8939169645309448,
        "admission_or_completion_ms": 4.678333759307861
      },
      {
        "index": 357,
        "started_ms": 16403.017667,
        "submitted_ms": 16405.119458,
        "observed_completed_ms": 16409.69875,
        "start_to_observed_completion_ms": 6.681082999999489,
        "submit_to_observed_completion_ms": 4.5792919999985315,
        "continuous_iteration_ms": 12.532333374023438,
        "frame_ms": 6.796290874481201,
        "component_sum_ms": 6.796290874481201,
        "tick_ms": 0.14020799100399017,
        "dynamic_mesh_ms": 0.8673329949378967,
        "encode_ms": 1.091583013534546,
        "admission_or_completion_ms": 4.697166919708252
      },
      {
        "index": 358,
        "started_ms": 16415.55,
        "submitted_ms": 16422.088417000003,
        "observed_completed_ms": 16426.421375,
        "start_to_observed_completion_ms": 10.871375000002445,
        "submit_to_observed_completion_ms": 4.332957999999053,
        "continuous_iteration_ms": 11.022375106811523,
        "frame_ms": 6.631000518798828,
        "component_sum_ms": 6.631000518798828,
        "tick_ms": 0.14483299851417542,
        "dynamic_mesh_ms": 0.8726670145988464,
        "encode_ms": 1.1381670236587524,
        "admission_or_completion_ms": 4.475333213806152
      },
      {
        "index": 359,
        "started_ms": 16426.572375,
        "submitted_ms": 16428.737250000002,
        "observed_completed_ms": 16433.177499999998,
        "start_to_observed_completion_ms": 6.605124999998225,
        "submit_to_observed_completion_ms": 4.440249999996013,
        "continuous_iteration_ms": 11.100375175476074,
        "frame_ms": 6.723417282104492,
        "component_sum_ms": 6.723417282104492,
        "tick_ms": 0.15083400905132294,
        "dynamic_mesh_ms": 0.8861669898033142,
        "encode_ms": 1.1243749856948853,
        "admission_or_completion_ms": 4.562041282653809
      },
      {
        "index": 360,
        "started_ms": 16437.67275,
        "submitted_ms": 16446.846083,
        "observed_completed_ms": 16451.416708,
        "start_to_observed_completion_ms": 13.743957999999111,
        "submit_to_observed_completion_ms": 4.570625000000291,
        "continuous_iteration_ms": 13.890958786010742,
        "frame_ms": 6.629583835601807,
        "component_sum_ms": 6.629583835601807,
        "tick_ms": 0.1588750034570694,
        "dynamic_mesh_ms": 0.8695839643478394,
        "encode_ms": 0.9132909774780273,
        "admission_or_completion_ms": 4.687833786010742
      },
      {
        "index": 361,
        "started_ms": 16451.563707999998,
        "submitted_ms": 16453.632041999997,
        "observed_completed_ms": 16458.044833,
        "start_to_observed_completion_ms": 6.481125000002066,
        "submit_to_observed_completion_ms": 4.412791000002471,
        "continuous_iteration_ms": 12.237167358398438,
        "frame_ms": 6.65987491607666,
        "component_sum_ms": 6.65987491607666,
        "tick_ms": 0.13562500476837158,
        "dynamic_mesh_ms": 0.8426249623298645,
        "encode_ms": 1.0870000123977661,
        "admission_or_completion_ms": 4.594624996185303
      },
      {
        "index": 362,
        "started_ms": 16463.800875,
        "submitted_ms": 16471.5225,
        "observed_completed_ms": 16475.771875,
        "start_to_observed_completion_ms": 11.97099999999773,
        "submit_to_observed_completion_ms": 4.249374999999418,
        "continuous_iteration_ms": 12.093375205993652,
        "frame_ms": 6.406333923339844,
        "component_sum_ms": 6.406333923339844,
        "tick_ms": 0.13237500190734863,
        "dynamic_mesh_ms": 0.8251670002937317,
        "encode_ms": 1.083541989326477,
        "admission_or_completion_ms": 4.3652496337890625
      },
      {
        "index": 363,
        "started_ms": 16475.89425,
        "submitted_ms": 16477.762583,
        "observed_completed_ms": 16483.434417,
        "start_to_observed_completion_ms": 7.540166999999201,
        "submit_to_observed_completion_ms": 5.671834000000672,
        "continuous_iteration_ms": 11.867666244506836,
        "frame_ms": 7.659084320068359,
        "component_sum_ms": 7.659084320068359,
        "tick_ms": 0.148499995470047,
        "dynamic_mesh_ms": 0.8599170446395874,
        "encode_ms": 0.8577499985694885,
        "admission_or_completion_ms": 5.792917251586914
      },
      {
        "index": 364,
        "started_ms": 16487.761917,
        "submitted_ms": 16495.276208,
        "observed_completed_ms": 16501.311458,
        "start_to_observed_completion_ms": 13.549541000000318,
        "submit_to_observed_completion_ms": 6.035250000000815,
        "continuous_iteration_ms": 13.679791450500488,
        "frame_ms": 8.083374977111816,
        "component_sum_ms": 8.083374977111816,
        "tick_ms": 0.14829200506210327,
        "dynamic_mesh_ms": 0.867667019367218,
        "encode_ms": 0.9093329906463623,
        "admission_or_completion_ms": 6.158082962036133
      },
      {
        "index": 365,
        "started_ms": 16501.441708000002,
        "submitted_ms": 16503.521417000004,
        "observed_completed_ms": 16508.083458,
        "start_to_observed_completion_ms": 6.641749999998865,
        "submit_to_observed_completion_ms": 4.562040999997407,
        "continuous_iteration_ms": 12.370125770568848,
        "frame_ms": 6.755125999450684,
        "component_sum_ms": 6.755125999450684,
        "tick_ms": 0.14845900237560272,
        "dynamic_mesh_ms": 0.8665840029716492,
        "encode_ms": 1.0617499351501465,
        "admission_or_completion_ms": 4.678332805633545
      },
      {
        "index": 366,
        "started_ms": 16513.811833,
        "submitted_ms": 16521.225417,
        "observed_completed_ms": 16525.769125,
        "start_to_observed_completion_ms": 11.957291999999143,
        "submit_to_observed_completion_ms": 4.543707999997423,
        "continuous_iteration_ms": 12.08445930480957,
        "frame_ms": 6.497792720794678,
        "component_sum_ms": 6.497792720794678,
        "tick_ms": 0.1394590139389038,
        "dynamic_mesh_ms": 0.84375,
        "encode_ms": 0.8510839939117432,
        "admission_or_completion_ms": 4.66349983215332
      },
      {
        "index": 367,
        "started_ms": 16525.896291999998,
        "submitted_ms": 16527.931375,
        "observed_completed_ms": 16532.49525,
        "start_to_observed_completion_ms": 6.5989580000023125,
        "submit_to_observed_completion_ms": 4.563874999999825,
        "continuous_iteration_ms": 13.553583145141602,
        "frame_ms": 6.713916778564453,
        "component_sum_ms": 6.713916778564453,
        "tick_ms": 0.15158399939537048,
        "dynamic_mesh_ms": 0.8597500324249268,
        "encode_ms": 1.0206249952316284,
        "admission_or_completion_ms": 4.681957721710205
      },
      {
        "index": 368,
        "started_ms": 16539.449875,
        "submitted_ms": 16547.069792,
        "observed_completed_ms": 16551.138791999998,
        "start_to_observed_completion_ms": 11.688916999999492,
        "submit_to_observed_completion_ms": 4.068999999999505,
        "continuous_iteration_ms": 11.811667442321777,
        "frame_ms": 6.137333869934082,
        "component_sum_ms": 6.137333869934082,
        "tick_ms": 0.15108300745487213,
        "dynamic_mesh_ms": 0.8753340244293213,
        "encode_ms": 0.9251249432563782,
        "admission_or_completion_ms": 4.185791969299316
      },
      {
        "index": 369,
        "started_ms": 16551.261542,
        "submitted_ms": 16553.173167,
        "observed_completed_ms": 16559.249542,
        "start_to_observed_completion_ms": 7.988000000001193,
        "submit_to_observed_completion_ms": 6.076375000000553,
        "continuous_iteration_ms": 13.694250106811523,
        "frame_ms": 8.10283374786377,
        "component_sum_ms": 8.10283374786377,
        "tick_ms": 0.13829199969768524,
        "dynamic_mesh_ms": 0.8448329567909241,
        "encode_ms": 0.9259589910507202,
        "admission_or_completion_ms": 6.193749904632568
      },
      {
        "index": 370,
        "started_ms": 16564.955792,
        "submitted_ms": 16572.553417000003,
        "observed_completed_ms": 16577.101458,
        "start_to_observed_completion_ms": 12.145666000000347,
        "submit_to_observed_completion_ms": 4.548040999998193,
        "continuous_iteration_ms": 12.266416549682617,
        "frame_ms": 6.721250057220459,
        "component_sum_ms": 6.721250057220459,
        "tick_ms": 0.1420000046491623,
        "dynamic_mesh_ms": 0.8439580202102661,
        "encode_ms": 1.0710420608520508,
        "admission_or_completion_ms": 4.664249897003174
      },
      {
        "index": 371,
        "started_ms": 16577.222208,
        "submitted_ms": 16579.13,
        "observed_completed_ms": 16583.690542,
        "start_to_observed_completion_ms": 6.46833400000105,
        "submit_to_observed_completion_ms": 4.560541999999259,
        "continuous_iteration_ms": 12.976542472839355,
        "frame_ms": 6.58479118347168,
        "component_sum_ms": 6.58479118347168,
        "tick_ms": 0.13829199969768524,
        "dynamic_mesh_ms": 0.8331250548362732,
        "encode_ms": 0.934249997138977,
        "admission_or_completion_ms": 4.679123878479004
      },
      {
        "index": 372,
        "started_ms": 16590.19875,
        "submitted_ms": 16595.955292,
        "observed_completed_ms": 16600.495042,
        "start_to_observed_completion_ms": 10.296291999999085,
        "submit_to_observed_completion_ms": 4.539749999999913,
        "continuous_iteration_ms": 10.416707992553711,
        "frame_ms": 6.387207984924316,
        "component_sum_ms": 6.387207984924316,
        "tick_ms": 0.13825000822544098,
        "dynamic_mesh_ms": 0.8302910327911377,
        "encode_ms": 0.7630839943885803,
        "admission_or_completion_ms": 4.655582904815674
      },
      {
        "index": 373,
        "started_ms": 16600.615458,
        "submitted_ms": 16602.332458,
        "observed_completed_ms": 16608.272,
        "start_to_observed_completion_ms": 7.656542000000627,
        "submit_to_observed_completion_ms": 5.939542000000074,
        "continuous_iteration_ms": 13.243334770202637,
        "frame_ms": 7.77570915222168,
        "component_sum_ms": 7.77570915222168,
        "tick_ms": 0.12904199957847595,
        "dynamic_mesh_ms": 0.8202500343322754,
        "encode_ms": 0.7657909989356995,
        "admission_or_completion_ms": 6.060626029968262
      },
      {
        "index": 374,
        "started_ms": 16613.858792,
        "submitted_ms": 16621.280333000002,
        "observed_completed_ms": 16625.636833,
        "start_to_observed_completion_ms": 11.778041000001394,
        "submit_to_observed_completion_ms": 4.35649999999805,
        "continuous_iteration_ms": 11.897208213806152,
        "frame_ms": 6.337166786193848,
        "component_sum_ms": 6.337166786193848,
        "tick_ms": 0.14212501049041748,
        "dynamic_mesh_ms": 0.855417013168335,
        "encode_ms": 0.8688330054283142,
        "admission_or_completion_ms": 4.470791816711426
      },
      {
        "index": 375,
        "started_ms": 16625.755999999998,
        "submitted_ms": 16627.544,
        "observed_completed_ms": 16632.097875,
        "start_to_observed_completion_ms": 6.341875000001892,
        "submit_to_observed_completion_ms": 4.553874999997788,
        "continuous_iteration_ms": 11.977083206176758,
        "frame_ms": 6.456249713897705,
        "component_sum_ms": 6.456249713897705,
        "tick_ms": 0.13224999606609344,
        "dynamic_mesh_ms": 0.839542031288147,
        "encode_ms": 0.8148329854011536,
        "admission_or_completion_ms": 4.6696248054504395
      },
      {
        "index": 376,
        "started_ms": 16637.733083,
        "submitted_ms": 16643.996125,
        "observed_completed_ms": 16648.548000000003,
        "start_to_observed_completion_ms": 10.814917000003334,
        "submit_to_observed_completion_ms": 4.551875000001019,
        "continuous_iteration_ms": 10.937417030334473,
        "frame_ms": 6.688125133514404,
        "component_sum_ms": 6.688125133514404,
        "tick_ms": 0.13095799088478088,
        "dynamic_mesh_ms": 0.8436670303344727,
        "encode_ms": 1.0451250076293945,
        "admission_or_completion_ms": 4.668375015258789
      },
      {
        "index": 377,
        "started_ms": 16648.6705,
        "submitted_ms": 16650.543792,
        "observed_completed_ms": 16655.084,
        "start_to_observed_completion_ms": 6.4134999999987485,
        "submit_to_observed_completion_ms": 4.540207999998529,
        "continuous_iteration_ms": 10.514457702636719,
        "frame_ms": 6.527666091918945,
        "component_sum_ms": 6.527666091918945,
        "tick_ms": 0.1446249932050705,
        "dynamic_mesh_ms": 0.8632080554962158,
        "encode_ms": 0.8636670112609863,
        "admission_or_completion_ms": 4.656166076660156
      },
      {
        "index": 378,
        "started_ms": 16659.184958,
        "submitted_ms": 16665.014708000002,
        "observed_completed_ms": 16669.551417000002,
        "start_to_observed_completion_ms": 10.36645900000076,
        "submit_to_observed_completion_ms": 4.5367089999999735,
        "continuous_iteration_ms": 10.485249519348145,
        "frame_ms": 6.440583229064941,
        "component_sum_ms": 6.440583229064941,
        "tick_ms": 0.13637501001358032,
        "dynamic_mesh_ms": 0.8488749861717224,
        "encode_ms": 0.8042910099029541,
        "admission_or_completion_ms": 4.6510419845581055
      },
      {
        "index": 379,
        "started_ms": 16669.670208,
        "submitted_ms": 16671.379167000003,
        "observed_completed_ms": 16677.446625,
        "start_to_observed_completion_ms": 7.776417000000947,
        "submit_to_observed_completion_ms": 6.067457999997714,
        "continuous_iteration_ms": 11.97237491607666,
        "frame_ms": 7.97408390045166,
        "component_sum_ms": 7.97408390045166,
        "tick_ms": 0.1294579952955246,
        "dynamic_mesh_ms": 0.8208330273628235,
        "encode_ms": 0.7573339939117432,
        "admission_or_completion_ms": 6.266458988189697
      },
      {
        "index": 380,
        "started_ms": 16681.642582999997,
        "submitted_ms": 16688.952125,
        "observed_completed_ms": 16693.4375,
        "start_to_observed_completion_ms": 11.794917000002897,
        "submit_to_observed_completion_ms": 4.485375000000204,
        "continuous_iteration_ms": 11.915708541870117,
        "frame_ms": 6.466082572937012,
        "component_sum_ms": 6.466082572937012,
        "tick_ms": 0.1289999932050705,
        "dynamic_mesh_ms": 0.8277080059051514,
        "encode_ms": 0.9089580178260803,
        "admission_or_completion_ms": 4.600416660308838
      },
      {
        "index": 381,
        "started_ms": 16693.558291999998,
        "submitted_ms": 16695.294749999997,
        "observed_completed_ms": 16699.847208000003,
        "start_to_observed_completion_ms": 6.288916000004974,
        "submit_to_observed_completion_ms": 4.552458000005572,
        "continuous_iteration_ms": 10.44083309173584,
        "frame_ms": 6.405040740966797,
        "component_sum_ms": 6.405040740966797,
        "tick_ms": 0.13945800065994263,
        "dynamic_mesh_ms": 0.8410000205039978,
        "encode_ms": 0.7543749809265137,
        "admission_or_completion_ms": 4.670207977294922
      },
      {
        "index": 382,
        "started_ms": 16703.999125,
        "submitted_ms": 16710.034708,
        "observed_completed_ms": 16714.598667000002,
        "start_to_observed_completion_ms": 10.599542000003566,
        "submit_to_observed_completion_ms": 4.5639590000027965,
        "continuous_iteration_ms": 10.723292350769043,
        "frame_ms": 6.587958812713623,
        "component_sum_ms": 6.587958812713623,
        "tick_ms": 0.1279590129852295,
        "dynamic_mesh_ms": 0.8650000095367432,
        "encode_ms": 0.9142910242080688,
        "admission_or_completion_ms": 4.680708885192871
      },
      {
        "index": 383,
        "started_ms": 16714.722417,
        "submitted_ms": 16716.655042,
        "observed_completed_ms": 16721.213708,
        "start_to_observed_completion_ms": 6.491290999998455,
        "submit_to_observed_completion_ms": 4.558666000000812,
        "continuous_iteration_ms": 10.792791366577148,
        "frame_ms": 6.717750549316406,
        "component_sum_ms": 6.717750549316406,
        "tick_ms": 0.1439169943332672,
        "dynamic_mesh_ms": 0.8443329930305481,
        "encode_ms": 0.9417499899864197,
        "admission_or_completion_ms": 4.787750244140625
      },
      {
        "index": 384,
        "started_ms": 16725.515208,
        "submitted_ms": 16732.549917,
        "observed_completed_ms": 16737.102208,
        "start_to_observed_completion_ms": 11.586999999999534,
        "submit_to_observed_completion_ms": 4.552290999999968,
        "continuous_iteration_ms": 11.803667068481445,
        "frame_ms": 6.679041862487793,
        "component_sum_ms": 6.679041862487793,
        "tick_ms": 0.14649999141693115,
        "dynamic_mesh_ms": 0.8591670393943787,
        "encode_ms": 0.9099169969558716,
        "admission_or_completion_ms": 4.763457775115967
      },
      {
        "index": 385,
        "started_ms": 16737.318875,
        "submitted_ms": 16739.348708,
        "observed_completed_ms": 16743.897792,
        "start_to_observed_completion_ms": 6.57891699999891,
        "submit_to_observed_completion_ms": 4.549083999998402,
        "continuous_iteration_ms": 12.190458297729492,
        "frame_ms": 6.69212532043457,
        "component_sum_ms": 6.69212532043457,
        "tick_ms": 0.13670900464057922,
        "dynamic_mesh_ms": 0.8483330011367798,
        "encode_ms": 1.0432078838348389,
        "admission_or_completion_ms": 4.663875579833984
      },
      {
        "index": 386,
        "started_ms": 16749.509332999998,
        "submitted_ms": 16757.022667,
        "observed_completed_ms": 16761.356458000002,
        "start_to_observed_completion_ms": 11.84712500000387,
        "submit_to_observed_completion_ms": 4.333791000000929,
        "continuous_iteration_ms": 11.969124794006348,
        "frame_ms": 6.317084312438965,
        "component_sum_ms": 6.317084312438965,
        "tick_ms": 0.133542001247406,
        "dynamic_mesh_ms": 0.8404169678688049,
        "encode_ms": 0.8926250338554382,
        "admission_or_completion_ms": 4.450500011444092
      },
      {
        "index": 387,
        "started_ms": 16761.478457999998,
        "submitted_ms": 16763.289708,
        "observed_completed_ms": 16767.833917,
        "start_to_observed_completion_ms": 6.355459000002156,
        "submit_to_observed_completion_ms": 4.544208999999682,
        "continuous_iteration_ms": 11.97420883178711,
        "frame_ms": 6.468874931335449,
        "component_sum_ms": 6.468874931335449,
        "tick_ms": 0.13450001180171967,
        "dynamic_mesh_ms": 0.8274999856948853,
        "encode_ms": 0.8473330140113831,
        "admission_or_completion_ms": 4.659541606903076
      },
      {
        "index": 388,
        "started_ms": 16773.452667,
        "submitted_ms": 16780.773083,
        "observed_completed_ms": 16785.323583,
        "start_to_observed_completion_ms": 11.870915999999852,
        "submit_to_observed_completion_ms": 4.550500000001193,
        "continuous_iteration_ms": 11.994166374206543,
        "frame_ms": 6.486958026885986,
        "component_sum_ms": 6.486958026885986,
        "tick_ms": 0.13329198956489563,
        "dynamic_mesh_ms": 0.8264999985694885,
        "encode_ms": 0.8589160442352295,
        "admission_or_completion_ms": 4.66825008392334
      },
      {
        "index": 389,
        "started_ms": 16785.446833,
        "submitted_ms": 16787.394291999997,
        "observed_completed_ms": 16791.953125,
        "start_to_observed_completion_ms": 6.506291999998211,
        "submit_to_observed_completion_ms": 4.558833000002778,
        "continuous_iteration_ms": 12.263667106628418,
        "frame_ms": 6.62591552734375,
        "component_sum_ms": 6.62591552734375,
        "tick_ms": 0.1276250034570694,
        "dynamic_mesh_ms": 0.8112500309944153,
        "encode_ms": 1.006874918937683,
        "admission_or_completion_ms": 4.680165767669678
      },
      {
        "index": 390,
        "started_ms": 16797.7105,
        "submitted_ms": 16805.358292,
        "observed_completed_ms": 16809.920833,
        "start_to_observed_completion_ms": 12.210332999999082,
        "submit_to_observed_completion_ms": 4.562540999999328,
        "continuous_iteration_ms": 12.3350830078125,
        "frame_ms": 6.580082893371582,
        "component_sum_ms": 6.580082893371582,
        "tick_ms": 0.1582079976797104,
        "dynamic_mesh_ms": 0.8294579982757568,
        "encode_ms": 0.9112919569015503,
        "admission_or_completion_ms": 4.681125164031982
      },
      {
        "index": 391,
        "started_ms": 16810.045583,
        "submitted_ms": 16812.007083,
        "observed_completed_ms": 16818.086167,
        "start_to_observed_completion_ms": 8.040584000002127,
        "submit_to_observed_completion_ms": 6.079084000000876,
        "continuous_iteration_ms": 13.885834693908691,
        "frame_ms": 8.155333518981934,
        "component_sum_ms": 8.155333518981934,
        "tick_ms": 0.141416996717453,
        "dynamic_mesh_ms": 0.8495000004768372,
        "encode_ms": 0.9677499532699585,
        "admission_or_completion_ms": 6.196666717529297
      },
      {
        "index": 392,
        "started_ms": 16823.931417,
        "submitted_ms": 16831.3735,
        "observed_completed_ms": 16835.916250000002,
        "start_to_observed_completion_ms": 11.984833000002254,
        "submit_to_observed_completion_ms": 4.542750000000524,
        "continuous_iteration_ms": 12.10824966430664,
        "frame_ms": 6.534749984741211,
        "component_sum_ms": 6.534749984741211,
        "tick_ms": 0.14741699397563934,
        "dynamic_mesh_ms": 0.8648749589920044,
        "encode_ms": 0.8607499599456787,
        "admission_or_completion_ms": 4.661707878112793
      },
      {
        "index": 393,
        "started_ms": 16836.039667,
        "submitted_ms": 16838.235375,
        "observed_completed_ms": 16842.788042,
        "start_to_observed_completion_ms": 6.748374999999214,
        "submit_to_observed_completion_ms": 4.5526669999999285,
        "continuous_iteration_ms": 12.353374481201172,
        "frame_ms": 6.862249374389648,
        "component_sum_ms": 6.862249374389648,
        "tick_ms": 0.12862500548362732,
        "dynamic_mesh_ms": 0.872916042804718,
        "encode_ms": 1.1909579038619995,
        "admission_or_completion_ms": 4.669750690460205
      },
      {
        "index": 394,
        "started_ms": 16848.393042,
        "submitted_ms": 16855.822333,
        "observed_completed_ms": 16860.02925,
        "start_to_observed_completion_ms": 11.636207999999897,
        "submit_to_observed_completion_ms": 4.206916999999521,
        "continuous_iteration_ms": 11.846290588378906,
        "frame_ms": 6.315542221069336,
        "component_sum_ms": 6.315542221069336,
        "tick_ms": 0.1433749943971634,
        "dynamic_mesh_ms": 0.8590829968452454,
        "encode_ms": 0.9045000076293945,
        "admission_or_completion_ms": 4.408584117889404
      },
      {
        "index": 395,
        "started_ms": 16860.239332999998,
        "submitted_ms": 16862.117458,
        "observed_completed_ms": 16866.663792,
        "start_to_observed_completion_ms": 6.4244590000016615,
        "submit_to_observed_completion_ms": 4.546333999998751,
        "continuous_iteration_ms": 12.001167297363281,
        "frame_ms": 6.537707805633545,
        "component_sum_ms": 6.537707805633545,
        "tick_ms": 0.14624999463558197,
        "dynamic_mesh_ms": 0.8490409851074219,
        "encode_ms": 0.8808749914169312,
        "admission_or_completion_ms": 4.661541938781738
      },
      {
        "index": 396,
        "started_ms": 16872.2405,
        "submitted_ms": 16878.079583000002,
        "observed_completed_ms": 16882.644833000002,
        "start_to_observed_completion_ms": 10.404333000002225,
        "submit_to_observed_completion_ms": 4.565249999999651,
        "continuous_iteration_ms": 10.53112506866455,
        "frame_ms": 6.476000785827637,
        "component_sum_ms": 6.476000785827637,
        "tick_ms": 0.13979199528694153,
        "dynamic_mesh_ms": 0.8532919883728027,
        "encode_ms": 0.7986249923706055,
        "admission_or_completion_ms": 4.684291839599609
      },
      {
        "index": 397,
        "started_ms": 16882.771625,
        "submitted_ms": 16884.771333,
        "observed_completed_ms": 16890.862292,
        "start_to_observed_completion_ms": 8.090667000000394,
        "submit_to_observed_completion_ms": 6.090959000001021,
        "continuous_iteration_ms": 12.429749488830566,
        "frame_ms": 8.221957206726074,
        "component_sum_ms": 8.221957206726074,
        "tick_ms": 0.1467919945716858,
        "dynamic_mesh_ms": 0.8614999651908875,
        "encode_ms": 0.9889160394668579,
        "admission_or_completion_ms": 6.224749565124512
      },
      {
        "index": 398,
        "started_ms": 16895.201375,
        "submitted_ms": 16903.002333,
        "observed_completed_ms": 16909.125708,
        "start_to_observed_completion_ms": 13.924332999999024,
        "submit_to_observed_completion_ms": 6.123374999999214,
        "continuous_iteration_ms": 14.105957984924316,
        "frame_ms": 8.331083297729492,
        "component_sum_ms": 8.331083297729492,
        "tick_ms": 0.1391250044107437,
        "dynamic_mesh_ms": 0.8931249976158142,
        "encode_ms": 1.0044580698013306,
        "admission_or_completion_ms": 6.294374942779541
      },
      {
        "index": 399,
        "started_ms": 16909.307333,
        "submitted_ms": 16911.611,
        "observed_completed_ms": 16916.175833,
        "start_to_observed_completion_ms": 6.868500000000495,
        "submit_to_observed_completion_ms": 4.5648330000003625,
        "continuous_iteration_ms": 12.677458763122559,
        "frame_ms": 6.987334251403809,
        "component_sum_ms": 6.987334251403809,
        "tick_ms": 0.19195899367332458,
        "dynamic_mesh_ms": 0.961916983127594,
        "encode_ms": 1.1451669931411743,
        "admission_or_completion_ms": 4.688291072845459
      },
      {
        "index": 400,
        "started_ms": 16921.984792,
        "submitted_ms": 16928.430917,
        "observed_completed_ms": 16933.020458000003,
        "start_to_observed_completion_ms": 11.035666000003403,
        "submit_to_observed_completion_ms": 4.589541000001191,
        "continuous_iteration_ms": 11.159375190734863,
        "frame_ms": 6.893749713897705,
        "component_sum_ms": 6.893749713897705,
        "tick_ms": 0.17645800113677979,
        "dynamic_mesh_ms": 0.8752500414848328,
        "encode_ms": 1.1357090473175049,
        "admission_or_completion_ms": 4.706332683563232
      },
      {
        "index": 401,
        "started_ms": 16933.144167000002,
        "submitted_ms": 16935.056667,
        "observed_completed_ms": 16939.625958,
        "start_to_observed_completion_ms": 6.4817909999983385,
        "submit_to_observed_completion_ms": 4.569290999999794,
        "continuous_iteration_ms": 10.971000671386719,
        "frame_ms": 6.5980424880981445,
        "component_sum_ms": 6.5980424880981445,
        "tick_ms": 0.13804200291633606,
        "dynamic_mesh_ms": 0.8358330130577087,
        "encode_ms": 0.9353749752044678,
        "admission_or_completion_ms": 4.6887922286987305
      },
      {
        "index": 402,
        "started_ms": 16944.115167,
        "submitted_ms": 16950.589,
        "observed_completed_ms": 16955.146458000003,
        "start_to_observed_completion_ms": 11.031291000002966,
        "submit_to_observed_completion_ms": 4.557458000002953,
        "continuous_iteration_ms": 11.155749320983887,
        "frame_ms": 6.7814178466796875,
        "component_sum_ms": 6.7814178466796875,
        "tick_ms": 0.15974999964237213,
        "dynamic_mesh_ms": 0.8840000033378601,
        "encode_ms": 1.0622919797897339,
        "admission_or_completion_ms": 4.675375938415527
      },
      {
        "index": 403,
        "started_ms": 16955.270917,
        "submitted_ms": 16957.270999999997,
        "observed_completed_ms": 16961.833333000002,
        "start_to_observed_completion_ms": 6.562416000000667,
        "submit_to_observed_completion_ms": 4.56233300000531,
        "continuous_iteration_ms": 11.068625450134277,
        "frame_ms": 6.697709083557129,
        "component_sum_ms": 6.697709083557129,
        "tick_ms": 0.15991701185703278,
        "dynamic_mesh_ms": 0.9261249899864197,
        "encode_ms": 0.9108749628067017,
        "admission_or_completion_ms": 4.70079231262207
      },
      {
        "index": 404,
        "started_ms": 16966.339542,
        "submitted_ms": 16974.067833,
        "observed_completed_ms": 16977.116417,
        "start_to_observed_completion_ms": 10.776874999999563,
        "submit_to_observed_completion_ms": 3.048584000000119,
        "continuous_iteration_ms": 10.899374961853027,
        "frame_ms": 5.230334281921387,
        "component_sum_ms": 5.230334281921387,
        "tick_ms": 0.13495899736881256,
        "dynamic_mesh_ms": 0.8499580025672913,
        "encode_ms": 1.0802500247955322,
        "admission_or_completion_ms": 3.1651670932769775
      },
      {
        "index": 405,
        "started_ms": 16977.238917000002,
        "submitted_ms": 16979.212167,
        "observed_completed_ms": 16983.786667,
        "start_to_observed_completion_ms": 6.5477499999979045,
        "submit_to_observed_completion_ms": 4.574499999998807,
        "continuous_iteration_ms": 12.36745834350586,
        "frame_ms": 6.666790962219238,
        "component_sum_ms": 6.666790962219238,
        "tick_ms": 0.147707998752594,
        "dynamic_mesh_ms": 0.8614580035209656,
        "encode_ms": 0.9618339538574219,
        "admission_or_completion_ms": 4.695791244506836
      },
      {
        "index": 406,
        "started_ms": 16989.606375,
        "submitted_ms": 16996.062292000002,
        "observed_completed_ms": 16999.117167,
        "start_to_observed_completion_ms": 9.510792000000947,
        "submit_to_observed_completion_ms": 3.054874999997992,
        "continuous_iteration_ms": 9.639124870300293,
        "frame_ms": 5.221333980560303,
        "component_sum_ms": 5.221333980560303,
        "tick_ms": 0.15404200553894043,
        "dynamic_mesh_ms": 0.856374979019165,
        "encode_ms": 1.0330840349197388,
        "admission_or_completion_ms": 3.177833080291748
      },
      {
        "index": 407,
        "started_ms": 16999.2455,
        "submitted_ms": 17001.162582999998,
        "observed_completed_ms": 17005.26225,
        "start_to_observed_completion_ms": 6.016749999998865,
        "submit_to_observed_completion_ms": 4.099667000002228,
        "continuous_iteration_ms": 9.938833236694336,
        "frame_ms": 6.136832237243652,
        "component_sum_ms": 6.136832237243652,
        "tick_ms": 0.13758300244808197,
        "dynamic_mesh_ms": 0.838208019733429,
        "encode_ms": 0.9386659860610962,
        "admission_or_completion_ms": 4.22237491607666
      },
      {
        "index": 408,
        "started_ms": 17009.184333,
        "submitted_ms": 17015.517042,
        "observed_completed_ms": 17018.556249999998,
        "start_to_observed_completion_ms": 9.371916999996756,
        "submit_to_observed_completion_ms": 3.0392079999983252,
        "continuous_iteration_ms": 9.497124671936035,
        "frame_ms": 5.147001266479492,
        "component_sum_ms": 5.147001266479492,
        "tick_ms": 0.13545900583267212,
        "dynamic_mesh_ms": 0.8387920260429382,
        "encode_ms": 1.0143749713897705,
        "admission_or_completion_ms": 3.1583750247955322
      },
      {
        "index": 409,
        "started_ms": 17018.681458,
        "submitted_ms": 17020.538417,
        "observed_completed_ms": 17024.910167000002,
        "start_to_observed_completion_ms": 6.228709000002709,
        "submit_to_observed_completion_ms": 4.371750000002066,
        "continuous_iteration_ms": 10.570584297180176,
        "frame_ms": 6.344457626342773,
        "component_sum_ms": 6.344457626342773,
        "tick_ms": 0.14295800030231476,
        "dynamic_mesh_ms": 0.8569999933242798,
        "encode_ms": 0.8552089929580688,
        "admission_or_completion_ms": 4.489290714263916
      },
      {
        "index": 410,
        "started_ms": 17029.252042,
        "submitted_ms": 17035.427,
        "observed_completed_ms": 17039.771208000002,
        "start_to_observed_completion_ms": 10.51916600000186,
        "submit_to_observed_completion_ms": 4.344208000002254,
        "continuous_iteration_ms": 10.647750854492188,
        "frame_ms": 6.502706527709961,
        "component_sum_ms": 6.502706527709961,
        "tick_ms": 0.15333300828933716,
        "dynamic_mesh_ms": 0.8962079882621765,
        "encode_ms": 0.9875829815864563,
        "admission_or_completion_ms": 4.465582847595215
      },
      {
        "index": 411,
        "started_ms": 17039.899792,
        "submitted_ms": 17041.800958,
        "observed_completed_ms": 17046.371667,
        "start_to_observed_completion_ms": 6.471874999999272,
        "submit_to_observed_completion_ms": 4.570708999999624,
        "continuous_iteration_ms": 10.824041366577148,
        "frame_ms": 6.593832969665527,
        "component_sum_ms": 6.593832969665527,
        "tick_ms": 0.14916598796844482,
        "dynamic_mesh_ms": 0.8231250047683716,
        "encode_ms": 0.9266250133514404,
        "admission_or_completion_ms": 4.69491720199585
      },
      {
        "index": 412,
        "started_ms": 17050.723833,
        "submitted_ms": 17057.074542,
        "observed_completed_ms": 17060.113083,
        "start_to_observed_completion_ms": 9.389250000000175,
        "submit_to_observed_completion_ms": 3.0385410000017146,
        "continuous_iteration_ms": 9.512249946594238,
        "frame_ms": 5.240082740783691,
        "component_sum_ms": 5.240082740783691,
        "tick_ms": 0.1483749896287918,
        "dynamic_mesh_ms": 0.8591659665107727,
        "encode_ms": 1.0759589672088623,
        "admission_or_completion_ms": 3.156583070755005
      },
      {
        "index": 413,
        "started_ms": 17060.236083,
        "submitted_ms": 17062.013457999998,
        "observed_completed_ms": 17066.422708000002,
        "start_to_observed_completion_ms": 6.1866250000020955,
        "submit_to_observed_completion_ms": 4.409250000004249,
        "continuous_iteration_ms": 11.47408390045166,
        "frame_ms": 6.303416728973389,
        "component_sum_ms": 6.303416728973389,
        "tick_ms": 0.13841700553894043,
        "dynamic_mesh_ms": 0.8356249928474426,
        "encode_ms": 0.8013330101966858,
        "admission_or_completion_ms": 4.528041839599609
      },
      {
        "index": 414,
        "started_ms": 17071.710166999997,
        "submitted_ms": 17077.156458,
        "observed_completed_ms": 17081.707375,
        "start_to_observed_completion_ms": 9.99720800000432,
        "submit_to_observed_completion_ms": 4.5509170000004815,
        "continuous_iteration_ms": 10.125207901000977,
        "frame_ms": 6.497251033782959,
        "component_sum_ms": 6.497251033782959,
        "tick_ms": 0.14537499845027924,
        "dynamic_mesh_ms": 0.8805000185966492,
        "encode_ms": 0.7978749871253967,
        "admission_or_completion_ms": 4.673501014709473
      },
      {
        "index": 415,
        "started_ms": 17081.835375000002,
        "submitted_ms": 17083.726458,
        "observed_completed_ms": 17088.298833,
        "start_to_observed_completion_ms": 6.463457999998354,
        "submit_to_observed_completion_ms": 4.572374999999738,
        "continuous_iteration_ms": 10.31974983215332,
        "frame_ms": 6.586000442504883,
        "component_sum_ms": 6.586000442504883,
        "tick_ms": 0.13387499749660492,
        "dynamic_mesh_ms": 0.8395000100135803,
        "encode_ms": 0.9158329963684082,
        "admission_or_completion_ms": 4.696792125701904
      },
      {
        "index": 416,
        "started_ms": 17092.155125,
        "submitted_ms": 17099.527292000002,
        "observed_completed_ms": 17104.077375,
        "start_to_observed_completion_ms": 11.922249999999622,
        "submit_to_observed_completion_ms": 4.550082999998267,
        "continuous_iteration_ms": 12.045792579650879,
        "frame_ms": 6.581665992736816,
        "component_sum_ms": 6.581665992736816,
        "tick_ms": 0.1381250023841858,
        "dynamic_mesh_ms": 0.8467079997062683,
        "encode_ms": 0.9281250238418579,
        "admission_or_completion_ms": 4.668707847595215
      },
      {
        "index": 417,
        "started_ms": 17104.200917,
        "submitted_ms": 17106.152833,
        "observed_completed_ms": 17110.705542000003,
        "start_to_observed_completion_ms": 6.504625000005035,
        "submit_to_observed_completion_ms": 4.552709000003233,
        "continuous_iteration_ms": 12.137625694274902,
        "frame_ms": 6.625499725341797,
        "component_sum_ms": 6.625499725341797,
        "tick_ms": 0.13416700065135956,
        "dynamic_mesh_ms": 0.8226659893989563,
        "encode_ms": 0.9932500720024109,
        "admission_or_completion_ms": 4.675416946411133
      },
      {
        "index": 418,
        "started_ms": 17116.338542,
        "submitted_ms": 17122.633208,
        "observed_completed_ms": 17125.728667,
        "start_to_observed_completion_ms": 9.39012499999808,
        "submit_to_observed_completion_ms": 3.095459000000119,
        "continuous_iteration_ms": 9.55020809173584,
        "frame_ms": 5.340456962585449,
        "component_sum_ms": 5.340456962585449,
        "tick_ms": 0.13633298873901367,
        "dynamic_mesh_ms": 0.8259170055389404,
        "encode_ms": 1.1300410032272339,
        "admission_or_completion_ms": 3.2481658458709717
      },
      {
        "index": 419,
        "started_ms": 17125.888750000002,
        "submitted_ms": 17127.983125,
        "observed_completed_ms": 17131.045416999998,
        "start_to_observed_completion_ms": 5.15666699999565,
        "submit_to_observed_completion_ms": 3.062291999998706,
        "continuous_iteration_ms": 9.389707565307617,
        "frame_ms": 5.296250343322754,
        "component_sum_ms": 5.296250343322754,
        "tick_ms": 0.1532910019159317,
        "dynamic_mesh_ms": 0.8775420188903809,
        "encode_ms": 1.060041904449463,
        "admission_or_completion_ms": 3.2053751945495605
      },
      {
        "index": 420,
        "started_ms": 17135.278457999997,
        "submitted_ms": 17141.689333,
        "observed_completed_ms": 17146.268583,
        "start_to_observed_completion_ms": 10.9901250000039,
        "submit_to_observed_completion_ms": 4.579250000002503,
        "continuous_iteration_ms": 748.7389526367188,
        "frame_ms": 6.969291687011719,
        "component_sum_ms": 6.969291687011719,
        "tick_ms": 0.1458750069141388,
        "dynamic_mesh_ms": 0.8669589757919312,
        "encode_ms": 1.2510830163955688,
        "admission_or_completion_ms": 4.705374717712402
      },
      {
        "index": 421,
        "started_ms": 17884.017417,
        "submitted_ms": 17886.129417,
        "observed_completed_ms": 17895.232708000003,
        "start_to_observed_completion_ms": 11.215291000004072,
        "submit_to_observed_completion_ms": 9.103291000003082,
        "continuous_iteration_ms": 15.800790786743164,
        "frame_ms": 11.346542358398438,
        "component_sum_ms": 11.346542358398438,
        "tick_ms": 0.14966699481010437,
        "dynamic_mesh_ms": 0.85875004529953,
        "encode_ms": 1.0962920188903809,
        "admission_or_completion_ms": 9.241832733154297
      },
      {
        "index": 422,
        "started_ms": 17899.818208,
        "submitted_ms": 17907.512625,
        "observed_completed_ms": 17910.554042,
        "start_to_observed_completion_ms": 10.735833999999159,
        "submit_to_observed_completion_ms": 3.041417000000365,
        "continuous_iteration_ms": 10.8568754196167,
        "frame_ms": 5.193835258483887,
        "component_sum_ms": 5.193835258483887,
        "tick_ms": 0.15033400058746338,
        "dynamic_mesh_ms": 0.8632920384407043,
        "encode_ms": 1.0234999656677246,
        "admission_or_completion_ms": 3.1567089557647705
      },
      {
        "index": 423,
        "started_ms": 17910.675083000002,
        "submitted_ms": 17912.494333000002,
        "observed_completed_ms": 17917.070166999998,
        "start_to_observed_completion_ms": 6.395083999996132,
        "submit_to_observed_completion_ms": 4.575833999995666,
        "continuous_iteration_ms": 10.753583908081055,
        "frame_ms": 6.517457008361816,
        "component_sum_ms": 6.517457008361816,
        "tick_ms": 0.14162500202655792,
        "dynamic_mesh_ms": 0.8490409851074219,
        "encode_ms": 0.826665997505188,
        "admission_or_completion_ms": 4.700124740600586
      },
      {
        "index": 424,
        "started_ms": 17921.428667,
        "submitted_ms": 17927.790625,
        "observed_completed_ms": 17930.844,
        "start_to_observed_completion_ms": 9.415333000000828,
        "submit_to_observed_completion_ms": 3.0533749999995052,
        "continuous_iteration_ms": 9.546540260314941,
        "frame_ms": 5.344417095184326,
        "component_sum_ms": 5.344417095184326,
        "tick_ms": 0.1498750001192093,
        "dynamic_mesh_ms": 0.9037919640541077,
        "encode_ms": 1.1112500429153442,
        "admission_or_completion_ms": 3.179500102996826
      },
      {
        "index": 425,
        "started_ms": 17930.975208,
        "submitted_ms": 17932.817833,
        "observed_completed_ms": 17935.361208,
        "start_to_observed_completion_ms": 4.385999999998603,
        "submit_to_observed_completion_ms": 2.543374999997468,
        "continuous_iteration_ms": 8.115291595458984,
        "frame_ms": 4.499083995819092,
        "component_sum_ms": 4.499083995819092,
        "tick_ms": 0.1374169886112213,
        "dynamic_mesh_ms": 0.8320420384407043,
        "encode_ms": 0.8708329796791077,
        "admission_or_completion_ms": 2.658792018890381
      },
      {
        "index": 426,
        "started_ms": 17939.0905,
        "submitted_ms": 17943.544875,
        "observed_completed_ms": 17946.579292,
        "start_to_observed_completion_ms": 7.488792000000103,
        "submit_to_observed_completion_ms": 3.034416999998939,
        "continuous_iteration_ms": 7.611624717712402,
        "frame_ms": 4.953459739685059,
        "component_sum_ms": 4.953459739685059,
        "tick_ms": 0.13420899212360382,
        "dynamic_mesh_ms": 0.8595840334892273,
        "encode_ms": 0.8093329668045044,
        "admission_or_completion_ms": 3.150333881378174
      },
      {
        "index": 427,
        "started_ms": 17946.702125000003,
        "submitted_ms": 17948.704958000002,
        "observed_completed_ms": 17951.784042,
        "start_to_observed_completion_ms": 5.081916999995883,
        "submit_to_observed_completion_ms": 3.0790839999972377,
        "continuous_iteration_ms": 7.940666675567627,
        "frame_ms": 5.35916805267334,
        "component_sum_ms": 5.35916805267334,
        "tick_ms": 0.14770899713039398,
        "dynamic_mesh_ms": 0.8673340082168579,
        "encode_ms": 0.9852499961853027,
        "admission_or_completion_ms": 3.358875036239624
      },
      {
        "index": 428,
        "started_ms": 17954.642792000002,
        "submitted_ms": 17959.057875,
        "observed_completed_ms": 17962.102208,
        "start_to_observed_completion_ms": 7.459415999997873,
        "submit_to_observed_completion_ms": 3.044333000001643,
        "continuous_iteration_ms": 7.617165565490723,
        "frame_ms": 5.060833930969238,
        "component_sum_ms": 5.060833930969238,
        "tick_ms": 0.15129199624061584,
        "dynamic_mesh_ms": 0.9190000295639038,
        "encode_ms": 0.7938750386238098,
        "admission_or_completion_ms": 3.196666955947876
      },
      {
        "index": 429,
        "started_ms": 17962.259958000002,
        "submitted_ms": 17964.188083,
        "observed_completed_ms": 17967.23,
        "start_to_observed_completion_ms": 4.970041999997193,
        "submit_to_observed_completion_ms": 3.041916999998648,
        "continuous_iteration_ms": 9.012541770935059,
        "frame_ms": 5.084667205810547,
        "component_sum_ms": 5.084667205810547,
        "tick_ms": 0.13750000298023224,
        "dynamic_mesh_ms": 0.8315420150756836,
        "encode_ms": 0.9579160213470459,
        "admission_or_completion_ms": 3.1577088832855225
      },
      {
        "index": 430,
        "started_ms": 17971.272500000003,
        "submitted_ms": 17975.872083,
        "observed_completed_ms": 17978.428667,
        "start_to_observed_completion_ms": 7.156166999997367,
        "submit_to_observed_completion_ms": 2.556584000001749,
        "continuous_iteration_ms": 7.277082920074463,
        "frame_ms": 4.605208396911621,
        "component_sum_ms": 4.605208396911621,
        "tick_ms": 0.13579200208187103,
        "dynamic_mesh_ms": 0.9673749804496765,
        "encode_ms": 0.8297910094261169,
        "admission_or_completion_ms": 2.672250747680664
      },
      {
        "index": 431,
        "started_ms": 17978.549583,
        "submitted_ms": 17980.762082999998,
        "observed_completed_ms": 17983.814583,
        "start_to_observed_completion_ms": 5.264999999999418,
        "submit_to_observed_completion_ms": 3.0525000000016007,
        "continuous_iteration_ms": 9.410000801086426,
        "frame_ms": 5.382457733154297,
        "component_sum_ms": 5.382457733154297,
        "tick_ms": 0.16870799660682678,
        "dynamic_mesh_ms": 1.0447920560836792,
        "encode_ms": 0.995041012763977,
        "admission_or_completion_ms": 3.173917055130005
      },
      {
        "index": 432,
        "started_ms": 17987.959583,
        "submitted_ms": 17992.434208,
        "observed_completed_ms": 17995.475208,
        "start_to_observed_completion_ms": 7.515625,
        "submit_to_observed_completion_ms": 3.041000000001077,
        "continuous_iteration_ms": 7.63508415222168,
        "frame_ms": 4.9853339195251465,
        "component_sum_ms": 4.9853339195251465,
        "tick_ms": 0.13474999368190765,
        "dynamic_mesh_ms": 0.8669170141220093,
        "encode_ms": 0.8278329968452454,
        "admission_or_completion_ms": 3.1558339595794678
      },
      {
        "index": 433,
        "started_ms": 17995.594666999998,
        "submitted_ms": 17997.692583,
        "observed_completed_ms": 18000.739625000002,
        "start_to_observed_completion_ms": 5.144958000004408,
        "submit_to_observed_completion_ms": 3.047042000001966,
        "continuous_iteration_ms": 9.246458053588867,
        "frame_ms": 5.259248733520508,
        "component_sum_ms": 5.259248733520508,
        "tick_ms": 0.1322920024394989,
        "dynamic_mesh_ms": 0.8438330292701721,
        "encode_ms": 1.1204580068588257,
        "admission_or_completion_ms": 3.162666082382202
      },
      {
        "index": 434,
        "started_ms": 18004.841125,
        "submitted_ms": 18009.220667,
        "observed_completed_ms": 18012.193208,
        "start_to_observed_completion_ms": 7.352083000001585,
        "submit_to_observed_completion_ms": 2.9725409999991825,
        "continuous_iteration_ms": 7.637207984924316,
        "frame_ms": 5.079126834869385,
        "component_sum_ms": 5.079126834869385,
        "tick_ms": 0.14341700077056885,
        "dynamic_mesh_ms": 0.902167022228241,
        "encode_ms": 0.7838340401649475,
        "admission_or_completion_ms": 3.249708890914917
      },
      {
        "index": 435,
        "started_ms": 18012.478333,
        "submitted_ms": 18014.402791999997,
        "observed_completed_ms": 18017.450875000002,
        "start_to_observed_completion_ms": 4.972542000003159,
        "submit_to_observed_completion_ms": 3.0480830000051355,
        "continuous_iteration_ms": 9.094959259033203,
        "frame_ms": 5.089500904083252,
        "component_sum_ms": 5.089500904083252,
        "tick_ms": 0.1412080079317093,
        "dynamic_mesh_ms": 0.8496670126914978,
        "encode_ms": 0.9313339591026306,
        "admission_or_completion_ms": 3.1672918796539307
      },
      {
        "index": 436,
        "started_ms": 18021.573292,
        "submitted_ms": 18025.953042,
        "observed_completed_ms": 18028.990458,
        "start_to_observed_completion_ms": 7.41716599999927,
        "submit_to_observed_completion_ms": 3.0374159999992116,
        "continuous_iteration_ms": 7.536749839782715,
        "frame_ms": 5.0460429191589355,
        "component_sum_ms": 5.0460429191589355,
        "tick_ms": 0.1330839991569519,
        "dynamic_mesh_ms": 0.949416995048523,
        "encode_ms": 0.811458945274353,
        "admission_or_completion_ms": 3.152082920074463
      },
      {
        "index": 437,
        "started_ms": 18029.110042,
        "submitted_ms": 18031.117792,
        "observed_completed_ms": 18034.163291999997,
        "start_to_observed_completion_ms": 5.053249999997206,
        "submit_to_observed_completion_ms": 3.0454999999965366,
        "continuous_iteration_ms": 7.804832935333252,
        "frame_ms": 5.167667388916016,
        "component_sum_ms": 5.167667388916016,
        "tick_ms": 0.13224999606609344,
        "dynamic_mesh_ms": 0.8312920331954956,
        "encode_ms": 1.042083978652954,
        "admission_or_completion_ms": 3.162041187286377
      },
      {
        "index": 438,
        "started_ms": 18036.914875000002,
        "submitted_ms": 18042.652625,
        "observed_completed_ms": 18045.690958000003,
        "start_to_observed_completion_ms": 8.776083000000654,
        "submit_to_observed_completion_ms": 3.0383330000040587,
        "continuous_iteration_ms": 8.911749839782715,
        "frame_ms": 4.966541290283203,
        "component_sum_ms": 4.966541290283203,
        "tick_ms": 0.1318330019712448,
        "dynamic_mesh_ms": 0.8210830092430115,
        "encode_ms": 0.8444170355796814,
        "admission_or_completion_ms": 3.16920804977417
      },
      {
        "index": 439,
        "started_ms": 18045.826625,
        "submitted_ms": 18047.710167,
        "observed_completed_ms": 18050.749708000003,
        "start_to_observed_completion_ms": 4.923083000001498,
        "submit_to_observed_completion_ms": 3.0395410000019183,
        "continuous_iteration_ms": 8.946000099182129,
        "frame_ms": 5.036168098449707,
        "component_sum_ms": 5.036168098449707,
        "tick_ms": 0.12745900452136993,
        "dynamic_mesh_ms": 0.828125,
        "encode_ms": 0.9260839819908142,
        "admission_or_completion_ms": 3.1545000076293945
      },
      {
        "index": 440,
        "started_ms": 18054.772624999998,
        "submitted_ms": 18059.269582999998,
        "observed_completed_ms": 18062.309708,
        "start_to_observed_completion_ms": 7.5370830000028946,
        "submit_to_observed_completion_ms": 3.0401250000031723,
        "continuous_iteration_ms": 7.719332695007324,
        "frame_ms": 5.111957550048828,
        "component_sum_ms": 5.111957550048828,
        "tick_ms": 0.13141600787639618,
        "dynamic_mesh_ms": 0.9692090153694153,
        "encode_ms": 0.7930830121040344,
        "admission_or_completion_ms": 3.218249797821045
      },
      {
        "index": 441,
        "started_ms": 18062.491958,
        "submitted_ms": 18064.345416999997,
        "observed_completed_ms": 18066.916833,
        "start_to_observed_completion_ms": 4.424875000000611,
        "submit_to_observed_completion_ms": 2.5714160000025004,
        "continuous_iteration_ms": 8.528959274291992,
        "frame_ms": 4.540958881378174,
        "component_sum_ms": 4.540958881378174,
        "tick_ms": 0.12916600704193115,
        "dynamic_mesh_ms": 0.817209005355835,
        "encode_ms": 0.9057919979095459,
        "admission_or_completion_ms": 2.6887919902801514
      },
      {
        "index": 442,
        "started_ms": 18071.020916999998,
        "submitted_ms": 18075.516792,
        "observed_completed_ms": 18078.177582999997,
        "start_to_observed_completion_ms": 7.15666599999895,
        "submit_to_observed_completion_ms": 2.660790999998426,
        "continuous_iteration_ms": 7.276500225067139,
        "frame_ms": 4.686250686645508,
        "component_sum_ms": 4.686250686645508,
        "tick_ms": 0.1427920013666153,
        "dynamic_mesh_ms": 0.8588749766349792,
        "encode_ms": 0.9086669683456421,
        "admission_or_completion_ms": 2.775916814804077
      },
      {
        "index": 443,
        "started_ms": 18078.297417,
        "submitted_ms": 18080.085083,
        "observed_completed_ms": 18083.131333,
        "start_to_observed_completion_ms": 4.83391599999959,
        "submit_to_observed_completion_ms": 3.046249999999418,
        "continuous_iteration_ms": 8.924165725708008,
        "frame_ms": 4.9481658935546875,
        "component_sum_ms": 4.9481658935546875,
        "tick_ms": 0.1307079941034317,
        "dynamic_mesh_ms": 0.8274999856948853,
        "encode_ms": 0.8275830149650574,
        "admission_or_completion_ms": 3.162374973297119
      },
      {
        "index": 444,
        "started_ms": 18087.221583000002,
        "submitted_ms": 18093.063125,
        "observed_completed_ms": 18096.094624999998,
        "start_to_observed_completion_ms": 8.873041999995621,
        "submit_to_observed_completion_ms": 3.0314999999973224,
        "continuous_iteration_ms": 8.990041732788086,
        "frame_ms": 4.896667003631592,
        "component_sum_ms": 4.896667003631592,
        "tick_ms": 0.12800000607967377,
        "dynamic_mesh_ms": 0.8205830454826355,
        "encode_ms": 0.8029999732971191,
        "admission_or_completion_ms": 3.1450839042663574
      },
      {
        "index": 445,
        "started_ms": 18096.211625,
        "submitted_ms": 18098.030667,
        "observed_completed_ms": 18101.06325,
        "start_to_observed_completion_ms": 4.851624999999331,
        "submit_to_observed_completion_ms": 3.032583000000159,
        "continuous_iteration_ms": 8.564958572387695,
        "frame_ms": 4.964583396911621,
        "component_sum_ms": 4.964583396911621,
        "tick_ms": 0.1265830099582672,
        "dynamic_mesh_ms": 0.8479170203208923,
        "encode_ms": 0.8422919511795044,
        "admission_or_completion_ms": 3.1477911472320557
      },
      {
        "index": 446,
        "started_ms": 18104.776583,
        "submitted_ms": 18109.967833,
        "observed_completed_ms": 18112.99825,
        "start_to_observed_completion_ms": 8.221667000001617,
        "submit_to_observed_completion_ms": 3.030417000001762,
        "continuous_iteration_ms": 8.34012508392334,
        "frame_ms": 4.85191535949707,
        "component_sum_ms": 4.85191535949707,
        "tick_ms": 0.1271660029888153,
        "dynamic_mesh_ms": 0.8210830092430115,
        "encode_ms": 0.7594160437583923,
        "admission_or_completion_ms": 3.1442501544952393
      },
      {
        "index": 447,
        "started_ms": 18113.116708,
        "submitted_ms": 18114.798708,
        "observed_completed_ms": 18117.404167,
        "start_to_observed_completion_ms": 4.287458999999217,
        "submit_to_observed_completion_ms": 2.6054590000021562,
        "continuous_iteration_ms": 8.307750701904297,
        "frame_ms": 4.400333881378174,
        "component_sum_ms": 4.400333881378174,
        "tick_ms": 0.1269170045852661,
        "dynamic_mesh_ms": 0.8117079734802246,
        "encode_ms": 0.7417910099029541,
        "admission_or_completion_ms": 2.7199180126190186
      },
      {
        "index": 448,
        "started_ms": 18121.424458,
        "submitted_ms": 18127.242833,
        "observed_completed_ms": 18130.287458000003,
        "start_to_observed_completion_ms": 8.863000000001193,
        "submit_to_observed_completion_ms": 3.04462500000227,
        "continuous_iteration_ms": 8.983041763305664,
        "frame_ms": 5.008540153503418,
        "component_sum_ms": 5.008540153503418,
        "tick_ms": 0.14579099416732788,
        "dynamic_mesh_ms": 0.854416012763977,
        "encode_ms": 0.8485000133514404,
        "admission_or_completion_ms": 3.1598329544067383
      },
      {
        "index": 449,
        "started_ms": 18130.4075,
        "submitted_ms": 18132.21775,
        "observed_completed_ms": 18135.255292,
        "start_to_observed_completion_ms": 4.8477920000004815,
        "submit_to_observed_completion_ms": 3.0375420000018494,
        "continuous_iteration_ms": 8.537917137145996,
        "frame_ms": 4.960290908813477,
        "component_sum_ms": 4.960290908813477,
        "tick_ms": 0.1347080022096634,
        "dynamic_mesh_ms": 0.8393329977989197,
        "encode_ms": 0.8342919945716858,
        "admission_or_completion_ms": 3.1519579887390137
      },
      {
        "index": 450,
        "started_ms": 18138.945417,
        "submitted_ms": 18144.53275,
        "observed_completed_ms": 18147.573667,
        "start_to_observed_completion_ms": 8.628250000001572,
        "submit_to_observed_completion_ms": 3.040917000002082,
        "continuous_iteration_ms": 8.750290870666504,
        "frame_ms": 4.859208106994629,
        "component_sum_ms": 4.859208106994629,
        "tick_ms": 0.13304099440574646,
        "dynamic_mesh_ms": 0.8355000019073486,
        "encode_ms": 0.7334169745445251,
        "admission_or_completion_ms": 3.157249927520752
      },
      {
        "index": 451,
        "started_ms": 18147.695708,
        "submitted_ms": 18149.51575,
        "observed_completed_ms": 18152.548124999998,
        "start_to_observed_completion_ms": 4.8524169999982405,
        "submit_to_observed_completion_ms": 3.032374999998865,
        "continuous_iteration_ms": 8.90412425994873,
        "frame_ms": 4.964624881744385,
        "component_sum_ms": 4.964624881744385,
        "tick_ms": 0.14316698908805847,
        "dynamic_mesh_ms": 0.8478749990463257,
        "encode_ms": 0.8275830149650574,
        "admission_or_completion_ms": 3.1459999084472656
      },
      {
        "index": 452,
        "started_ms": 18156.599833,
        "submitted_ms": 18162.161957999997,
        "observed_completed_ms": 18164.865625000002,
        "start_to_observed_completion_ms": 8.265792000001966,
        "submit_to_observed_completion_ms": 2.7036670000052254,
        "continuous_iteration_ms": 8.387374877929688,
        "frame_ms": 4.502291679382324,
        "component_sum_ms": 4.502291679382324,
        "tick_ms": 0.12458300590515137,
        "dynamic_mesh_ms": 0.8151669502258301,
        "encode_ms": 0.7423749566078186,
        "admission_or_completion_ms": 2.820167064666748
      },
      {
        "index": 453,
        "started_ms": 18164.987208,
        "submitted_ms": 18166.810250000002,
        "observed_completed_ms": 18169.8415,
        "start_to_observed_completion_ms": 4.854291999999987,
        "submit_to_observed_completion_ms": 3.031249999996362,
        "continuous_iteration_ms": 8.362417221069336,
        "frame_ms": 4.9659576416015625,
        "component_sum_ms": 4.9659576416015625,
        "tick_ms": 0.13816699385643005,
        "dynamic_mesh_ms": 0.8477909564971924,
        "encode_ms": 0.8357500433921814,
        "admission_or_completion_ms": 3.14424991607666
      },
      {
        "index": 454,
        "started_ms": 18173.349625,
        "submitted_ms": 18179.080625000002,
        "observed_completed_ms": 18182.110708,
        "start_to_observed_completion_ms": 8.761083000001236,
        "submit_to_observed_completion_ms": 3.0300829999978305,
        "continuous_iteration_ms": 8.879833221435547,
        "frame_ms": 4.921749114990234,
        "component_sum_ms": 4.921749114990234,
        "tick_ms": 0.12745800614356995,
        "dynamic_mesh_ms": 0.8264999985694885,
        "encode_ms": 0.8243330121040344,
        "admission_or_completion_ms": 3.143458127975464
      },
      {
        "index": 455,
        "started_ms": 18182.229457999998,
        "submitted_ms": 18183.979,
        "observed_completed_ms": 18187.014583,
        "start_to_observed_completion_ms": 4.785125000002154,
        "submit_to_observed_completion_ms": 3.03558300000077,
        "continuous_iteration_ms": 8.785375595092773,
        "frame_ms": 4.901291847229004,
        "component_sum_ms": 4.901291847229004,
        "tick_ms": 0.1368749886751175,
        "dynamic_mesh_ms": 0.840041995048523,
        "encode_ms": 0.7714580297470093,
        "admission_or_completion_ms": 3.15291690826416
      },
      {
        "index": 456,
        "started_ms": 18191.014833,
        "submitted_ms": 18196.539292,
        "observed_completed_ms": 18199.566292,
        "start_to_observed_completion_ms": 8.551458999998431,
        "submit_to_observed_completion_ms": 3.0269999999982247,
        "continuous_iteration_ms": 8.669291496276855,
        "frame_ms": 4.809999942779541,
        "component_sum_ms": 4.809999942779541,
        "tick_ms": 0.12845899164676666,
        "dynamic_mesh_ms": 0.8171660304069519,
        "encode_ms": 0.7227499485015869,
        "admission_or_completion_ms": 3.141624927520752
      },
      {
        "index": 457,
        "started_ms": 18199.684125,
        "submitted_ms": 18201.346833,
        "observed_completed_ms": 18204.388000000003,
        "start_to_observed_completion_ms": 4.703875000002881,
        "submit_to_observed_completion_ms": 3.0411670000030426,
        "continuous_iteration_ms": 8.566041946411133,
        "frame_ms": 4.818666934967041,
        "component_sum_ms": 4.818666934967041,
        "tick_ms": 0.1245419979095459,
        "dynamic_mesh_ms": 0.8146250247955322,
        "encode_ms": 0.7226250171661377,
        "admission_or_completion_ms": 3.156874895095825
      },
      {
        "index": 458,
        "started_ms": 18208.250167,
        "submitted_ms": 18214.009417,
        "observed_completed_ms": 18217.039249999998,
        "start_to_observed_completion_ms": 8.789082999999664,
        "submit_to_observed_completion_ms": 3.02983299999687,
        "continuous_iteration_ms": 8.908415794372559,
        "frame_ms": 4.881458282470703,
        "component_sum_ms": 4.881458282470703,
        "tick_ms": 0.12349999696016312,
        "dynamic_mesh_ms": 0.8089169859886169,
        "encode_ms": 0.8036670088768005,
        "admission_or_completion_ms": 3.145374059677124
      },
      {
        "index": 459,
        "started_ms": 18217.158583,
        "submitted_ms": 18218.784542,
        "observed_completed_ms": 18221.842542000002,
        "start_to_observed_completion_ms": 4.683959000001778,
        "submit_to_observed_completion_ms": 3.058000000000902,
        "continuous_iteration_ms": 8.50183391571045,
        "frame_ms": 4.801458835601807,
        "component_sum_ms": 4.801458835601807,
        "tick_ms": 0.12341700494289398,
        "dynamic_mesh_ms": 0.7916250228881836,
        "encode_ms": 0.7099170088768005,
        "admission_or_completion_ms": 3.176499843597412
      },
      {
        "index": 460,
        "started_ms": 18225.660417,
        "submitted_ms": 18231.529042,
        "observed_completed_ms": 18234.582958,
        "start_to_observed_completion_ms": 8.92254099999991,
        "submit_to_observed_completion_ms": 3.053916000000754,
        "continuous_iteration_ms": 9.115583419799805,
        "frame_ms": 5.092083930969238,
        "component_sum_ms": 5.092083930969238,
        "tick_ms": 0.13029199838638306,
        "dynamic_mesh_ms": 0.8228339552879333,
        "encode_ms": 0.8994999527931213,
        "admission_or_completion_ms": 3.2394580841064453
      },
      {
        "index": 461,
        "started_ms": 18234.776,
        "submitted_ms": 18236.577,
        "observed_completed_ms": 18239.624708,
        "start_to_observed_completion_ms": 4.848707999997714,
        "submit_to_observed_completion_ms": 3.047707999998238,
        "continuous_iteration_ms": 8.999374389648438,
        "frame_ms": 4.98316764831543,
        "component_sum_ms": 4.98316764831543,
        "tick_ms": 0.14633400738239288,
        "dynamic_mesh_ms": 0.811083972454071,
        "encode_ms": 0.8414170145988464,
        "admission_or_completion_ms": 3.184332847595215
      },
      {
        "index": 462,
        "started_ms": 18243.775374999997,
        "submitted_ms": 18249.68925,
        "observed_completed_ms": 18252.720833000003,
        "start_to_observed_completion_ms": 8.945458000005601,
        "submit_to_observed_completion_ms": 3.031583000003593,
        "continuous_iteration_ms": 9.064042091369629,
        "frame_ms": 4.9903340339660645,
        "component_sum_ms": 4.9903340339660645,
        "tick_ms": 0.1366250067949295,
        "dynamic_mesh_ms": 0.8443750143051147,
        "encode_ms": 0.8644579648971558,
        "admission_or_completion_ms": 3.144876003265381
      },
      {
        "index": 463,
        "started_ms": 18252.839417,
        "submitted_ms": 18254.6355,
        "observed_completed_ms": 18257.680624999997,
        "start_to_observed_completion_ms": 4.841207999998005,
        "submit_to_observed_completion_ms": 3.045124999996915,
        "continuous_iteration_ms": 9.050625801086426,
        "frame_ms": 4.954541206359863,
        "component_sum_ms": 4.954541206359863,
        "tick_ms": 0.14529098570346832,
        "dynamic_mesh_ms": 0.8371250033378601,
        "encode_ms": 0.8121669888496399,
        "admission_or_completion_ms": 3.1599581241607666
      },
      {
        "index": 464,
        "started_ms": 18261.890042000003,
        "submitted_ms": 18267.575167,
        "observed_completed_ms": 18272.113917,
        "start_to_observed_completion_ms": 10.223874999996042,
        "submit_to_observed_completion_ms": 4.538749999999709,
        "continuous_iteration_ms": 10.348250389099121,
        "frame_ms": 6.405292987823486,
        "component_sum_ms": 6.405292987823486,
        "tick_ms": 0.12833400070667267,
        "dynamic_mesh_ms": 0.8160839676856995,
        "encode_ms": 0.8021250367164612,
        "admission_or_completion_ms": 4.658750057220459
      },
      {
        "index": 465,
        "started_ms": 18272.238292000002,
        "submitted_ms": 18274.018042000003,
        "observed_completed_ms": 18277.051417,
        "start_to_observed_completion_ms": 4.813124999996944,
        "submit_to_observed_completion_ms": 3.0333749999954307,
        "continuous_iteration_ms": 8.840624809265137,
        "frame_ms": 4.925583839416504,
        "component_sum_ms": 4.925583839416504,
        "tick_ms": 0.12904199957847595,
        "dynamic_mesh_ms": 0.8219580054283142,
        "encode_ms": 0.8269169926643372,
        "admission_or_completion_ms": 3.1476669311523438
      },
      {
        "index": 466,
        "started_ms": 18281.078917,
        "submitted_ms": 18287.006083,
        "observed_completed_ms": 18290.040042,
        "start_to_observed_completion_ms": 8.96112500000163,
        "submit_to_observed_completion_ms": 3.0339590000003227,
        "continuous_iteration_ms": 9.0808744430542,
        "frame_ms": 5.053874969482422,
        "component_sum_ms": 5.053874969482422,
        "tick_ms": 0.13724999129772186,
        "dynamic_mesh_ms": 0.8512499928474426,
        "encode_ms": 0.9162909984588623,
        "admission_or_completion_ms": 3.1490838527679443
      },
      {
        "index": 467,
        "started_ms": 18290.159792000002,
        "submitted_ms": 18291.920583,
        "observed_completed_ms": 18294.953125,
        "start_to_observed_completion_ms": 4.793332999997801,
        "submit_to_observed_completion_ms": 3.0325420000008307,
        "continuous_iteration_ms": 8.950166702270508,
        "frame_ms": 5.050249099731445,
        "component_sum_ms": 5.050249099731445,
        "tick_ms": 0.13045799732208252,
        "dynamic_mesh_ms": 0.8364580273628235,
        "encode_ms": 0.7920829653739929,
        "admission_or_completion_ms": 3.291249990463257
      },
      {
        "index": 468,
        "started_ms": 18299.109957999997,
        "submitted_ms": 18304.977958,
        "observed_completed_ms": 18308.01125,
        "start_to_observed_completion_ms": 8.901292000002286,
        "submit_to_observed_completion_ms": 3.033292000000074,
        "continuous_iteration_ms": 9.019333839416504,
        "frame_ms": 5.075499534606934,
        "component_sum_ms": 5.075499534606934,
        "tick_ms": 0.12987500429153442,
        "dynamic_mesh_ms": 0.8245420455932617,
        "encode_ms": 0.9735410213470459,
        "admission_or_completion_ms": 3.1475417613983154
      },
      {
        "index": 469,
        "started_ms": 18308.129292,
        "submitted_ms": 18309.820708,
        "observed_completed_ms": 18314.370042,
        "start_to_observed_completion_ms": 6.240749999997206,
        "submit_to_observed_completion_ms": 4.549333999999362,
        "continuous_iteration_ms": 10.32420825958252,
        "frame_ms": 6.3592915534973145,
        "component_sum_ms": 6.3592915534973145,
        "tick_ms": 0.1262499988079071,
        "dynamic_mesh_ms": 0.8100000023841858,
        "encode_ms": 0.7540000081062317,
        "admission_or_completion_ms": 4.669041633605957
      },
      {
        "index": 470,
        "started_ms": 18318.4535,
        "submitted_ms": 18324.203917,
        "observed_completed_ms": 18327.237583,
        "start_to_observed_completion_ms": 8.784082999998645,
        "submit_to_observed_completion_ms": 3.033665999999357,
        "continuous_iteration_ms": 8.902291297912598,
        "frame_ms": 4.932126045227051,
        "component_sum_ms": 4.932126045227051,
        "tick_ms": 0.14299999177455902,
        "dynamic_mesh_ms": 0.8507919907569885,
        "encode_ms": 0.7903339862823486,
        "admission_or_completion_ms": 3.1480000019073486
      },
      {
        "index": 471,
        "started_ms": 18327.355792,
        "submitted_ms": 18329.129083,
        "observed_completed_ms": 18332.170667,
        "start_to_observed_completion_ms": 4.814875000000029,
        "submit_to_observed_completion_ms": 3.041583999998693,
        "continuous_iteration_ms": 8.851500511169434,
        "frame_ms": 4.930375099182129,
        "component_sum_ms": 4.930375099182129,
        "tick_ms": 0.12845800817012787,
        "dynamic_mesh_ms": 0.8254169821739197,
        "encode_ms": 0.8173329830169678,
        "admission_or_completion_ms": 3.1591670513153076
      },
      {
        "index": 472,
        "started_ms": 18336.207292000003,
        "submitted_ms": 18341.842333,
        "observed_completed_ms": 18346.380917000002,
        "start_to_observed_completion_ms": 10.173624999999447,
        "submit_to_observed_completion_ms": 4.53858400000172,
        "continuous_iteration_ms": 10.315625190734863,
        "frame_ms": 6.4326677322387695,
        "component_sum_ms": 6.4326677322387695,
        "tick_ms": 0.14249999821186066,
        "dynamic_mesh_ms": 0.824292004108429,
        "encode_ms": 0.7903749942779541,
        "admission_or_completion_ms": 4.675500869750977
      },
      {
        "index": 473,
        "started_ms": 18346.522917000002,
        "submitted_ms": 18348.25875,
        "observed_completed_ms": 18351.291833000003,
        "start_to_observed_completion_ms": 4.7689160000009,
        "submit_to_observed_completion_ms": 3.0330830000020796,
        "continuous_iteration_ms": 8.779125213623047,
        "frame_ms": 4.881874084472656,
        "component_sum_ms": 4.881874084472656,
        "tick_ms": 0.1316249966621399,
        "dynamic_mesh_ms": 0.8385829925537109,
        "encode_ms": 0.7635830044746399,
        "admission_or_completion_ms": 3.148082971572876
      },
      {
        "index": 474,
        "started_ms": 18355.302042000003,
        "submitted_ms": 18360.924667,
        "observed_completed_ms": 18365.473333,
        "start_to_observed_completion_ms": 10.171290999998746,
        "submit_to_observed_completion_ms": 4.548666000002413,
        "continuous_iteration_ms": 10.292874336242676,
        "frame_ms": 6.374208450317383,
        "component_sum_ms": 6.374208450317383,
        "tick_ms": 0.1290840059518814,
        "dynamic_mesh_ms": 0.8177079558372498,
        "encode_ms": 0.7627090215682983,
        "admission_or_completion_ms": 4.664707183837891
      },
      {
        "index": 475,
        "started_ms": 18365.594917,
        "submitted_ms": 18367.364958,
        "observed_completed_ms": 18371.674667,
        "start_to_observed_completion_ms": 6.079750000000786,
        "submit_to_observed_completion_ms": 4.309709000001021,
        "continuous_iteration_ms": 10.302124977111816,
        "frame_ms": 6.191041946411133,
        "component_sum_ms": 6.191041946411133,
        "tick_ms": 0.13345900177955627,
        "dynamic_mesh_ms": 0.8268749713897705,
        "encode_ms": 0.8080829977989197,
        "admission_or_completion_ms": 4.4226250648498535
      },
      {
        "index": 476,
        "started_ms": 18375.897041999997,
        "submitted_ms": 18383.075375,
        "observed_completed_ms": 18386.1155,
        "start_to_observed_completion_ms": 10.218458000003011,
        "submit_to_observed_completion_ms": 3.0401249999995343,
        "continuous_iteration_ms": 10.338958740234375,
        "frame_ms": 5.03095817565918,
        "component_sum_ms": 5.03095817565918,
        "tick_ms": 0.1255829930305481,
        "dynamic_mesh_ms": 0.8055419921875,
        "encode_ms": 0.9433749914169312,
        "admission_or_completion_ms": 3.1564579010009766
      },
      {
        "index": 477,
        "started_ms": 18386.236,
        "submitted_ms": 18388.017708,
        "observed_completed_ms": 18391.074417,
        "start_to_observed_completion_ms": 4.838416999999026,
        "submit_to_observed_completion_ms": 3.05670900000041,
        "continuous_iteration_ms": 8.936458587646484,
        "frame_ms": 4.962082862854004,
        "component_sum_ms": 4.962082862854004,
        "tick_ms": 0.12804101407527924,
        "dynamic_mesh_ms": 0.8198330402374268,
        "encode_ms": 0.8321250081062317,
        "admission_or_completion_ms": 3.18208384513855
      },
      {
        "index": 478,
        "started_ms": 18395.172458,
        "submitted_ms": 18400.954167,
        "observed_completed_ms": 18403.986125,
        "start_to_observed_completion_ms": 8.813666999998532,
        "submit_to_observed_completion_ms": 3.0319579999995767,
        "continuous_iteration_ms": 8.93183422088623,
        "frame_ms": 4.993501663208008,
        "component_sum_ms": 4.993501663208008,
        "tick_ms": 0.13312499225139618,
        "dynamic_mesh_ms": 0.8188340067863464,
        "encode_ms": 0.894709050655365,
        "admission_or_completion_ms": 3.146833896636963
      },
      {
        "index": 479,
        "started_ms": 18404.104292,
        "submitted_ms": 18405.9585,
        "observed_completed_ms": 18409.006999999998,
        "start_to_observed_completion_ms": 4.902707999997801,
        "submit_to_observed_completion_ms": 3.048499999997148,
        "continuous_iteration_ms": 8.981290817260742,
        "frame_ms": 5.018124103546143,
        "component_sum_ms": 5.018124103546143,
        "tick_ms": 0.12412499636411667,
        "dynamic_mesh_ms": 0.8115830421447754,
        "encode_ms": 0.9166250228881836,
        "admission_or_completion_ms": 3.1657910346984863
      }
    ],
    "frame_ms_method": "Historical serial tick plus dynamic mesh plus encode/submit plus current completion sum. Continuous iteration intervals additionally retain camera, telemetry, PNG/video/log work and diagnostic comparison renders; those appear separately. No frame is filtered.",
    "completion_method": "One callback per primary submission records the host observation after GPU completion. Callbacks can be delayed until submit/poll; observed latency is an upper bound, not GPU duration. Submitted and completed frame indices must match exactly. All frames submit once; no presentation, vsync, compositor, or dropped-frame behavior is simulated. Native surface latency 2 is a backend hint; this offscreen run explicitly caps pending primary submissions at 2."
  },
  "pixel_readback": {
    "policy": "all_frames_temporal_comparison",
    "primary_readback_count": 480,
    "primary_readback_frame_indices": [
      0,
      1,
      2,
      3,
      4,
      5,
      6,
      7,
      8,
      9,
      10,
      11,
      12,
      13,
      14,
      15,
      16,
      17,
      18,
      19,
      20,
      21,
      22,
      23,
      24,
      25,
      26,
      27,
      28,
      29,
      30,
      31,
      32,
      33,
      34,
      35,
      36,
      37,
      38,
      39,
      40,
      41,
      42,
      43,
      44,
      45,
      46,
      47,
      48,
      49,
      50,
      51,
      52,
      53,
      54,
      55,
      56,
      57,
      58,
      59,
      60,
      61,
      62,
      63,
      64,
      65,
      66,
      67,
      68,
      69,
      70,
      71,
      72,
      73,
      74,
      75,
      76,
      77,
      78,
      79,
      80,
      81,
      82,
      83,
      84,
      85,
      86,
      87,
      88,
      89,
      90,
      91,
      92,
      93,
      94,
      95,
      96,
      97,
      98,
      99,
      100,
      101,
      102,
      103,
      104,
      105,
      106,
      107,
      108,
      109,
      110,
      111,
      112,
      113,
      114,
      115,
      116,
      117,
      118,
      119,
      120,
      121,
      122,
      123,
      124,
      125,
      126,
      127,
      128,
      129,
      130,
      131,
      132,
      133,
      134,
      135,
      136,
      137,
      138,
      139,
      140,
      141,
      142,
      143,
      144,
      145,
      146,
      147,
      148,
      149,
      150,
      151,
      152,
      153,
      154,
      155,
      156,
      157,
      158,
      159,
      160,
      161,
      162,
      163,
      164,
      165,
      166,
      167,
      168,
      169,
      170,
      171,
      172,
      173,
      174,
      175,
      176,
      177,
      178,
      179,
      180,
      181,
      182,
      183,
      184,
      185,
      186,
      187,
      188,
      189,
      190,
      191,
      192,
      193,
      194,
      195,
      196,
      197,
      198,
      199,
      200,
      201,
      202,
      203,
      204,
      205,
      206,
      207,
      208,
      209,
      210,
      211,
      212,
      213,
      214,
      215,
      216,
      217,
      218,
      219,
      220,
      221,
      222,
      223,
      224,
      225,
      226,
      227,
      228,
      229,
      230,
      231,
      232,
      233,
      234,
      235,
      236,
      237,
      238,
      239,
      240,
      241,
      242,
      243,
      244,
      245,
      246,
      247,
      248,
      249,
      250,
      251,
      252,
      253,
      254,
      255,
      256,
      257,
      258,
      259,
      260,
      261,
      262,
      263,
      264,
      265,
      266,
      267,
      268,
      269,
      270,
      271,
      272,
      273,
      274,
      275,
      276,
      277,
      278,
      279,
      280,
      281,
      282,
      283,
      284,
      285,
      286,
      287,
      288,
      289,
      290,
      291,
      292,
      293,
      294,
      295,
      296,
      297,
      298,
      299,
      300,
      301,
      302,
      303,
      304,
      305,
      306,
      307,
      308,
      309,
      310,
      311,
      312,
      313,
      314,
      315,
      316,
      317,
      318,
      319,
      320,
      321,
      322,
      323,
      324,
      325,
      326,
      327,
      328,
      329,
      330,
      331,
      332,
      333,
      334,
      335,
      336,
      337,
      338,
      339,
      340,
      341,
      342,
      343,
      344,
      345,
      346,
      347,
      348,
      349,
      350,
      351,
      352,
      353,
      354,
      355,
      356,
      357,
      358,
      359,
      360,
      361,
      362,
      363,
      364,
      365,
      366,
      367,
      368,
      369,
      370,
      371,
      372,
      373,
      374,
      375,
      376,
      377,
      378,
      379,
      380,
      381,
      382,
      383,
      384,
      385,
      386,
      387,
      388,
      389,
      390,
      391,
      392,
      393,
      394,
      395,
      396,
      397,
      398,
      399,
      400,
      401,
      402,
      403,
      404,
      405,
      406,
      407,
      408,
      409,
      410,
      411,
      412,
      413,
      414,
      415,
      416,
      417,
      418,
      419,
      420,
      421,
      422,
      423,
      424,
      425,
      426,
      427,
      428,
      429,
      430,
      431,
      432,
      433,
      434,
      435,
      436,
      437,
      438,
      439,
      440,
      441,
      442,
      443,
      444,
      445,
      446,
      447,
      448,
      449,
      450,
      451,
      452,
      453,
      454,
      455,
      456,
      457,
      458,
      459,
      460,
      461,
      462,
      463,
      464,
      465,
      466,
      467,
      468,
      469,
      470,
      471,
      472,
      473,
      474,
      475,
      476,
      477,
      478,
      479
    ],
    "completion_only_count": 0,
    "completion_only_frame_indices": [],
    "temporal_baseline_readback_count": 480,
    "temporal_baseline_readback_frame_indices": [
      0,
      1,
      2,
      3,
      4,
      5,
      6,
      7,
      8,
      9,
      10,
      11,
      12,
      13,
      14,
      15,
      16,
      17,
      18,
      19,
      20,
      21,
      22,
      23,
      24,
      25,
      26,
      27,
      28,
      29,
      30,
      31,
      32,
      33,
      34,
      35,
      36,
      37,
      38,
      39,
      40,
      41,
      42,
      43,
      44,
      45,
      46,
      47,
      48,
      49,
      50,
      51,
      52,
      53,
      54,
      55,
      56,
      57,
      58,
      59,
      60,
      61,
      62,
      63,
      64,
      65,
      66,
      67,
      68,
      69,
      70,
      71,
      72,
      73,
      74,
      75,
      76,
      77,
      78,
      79,
      80,
      81,
      82,
      83,
      84,
      85,
      86,
      87,
      88,
      89,
      90,
      91,
      92,
      93,
      94,
      95,
      96,
      97,
      98,
      99,
      100,
      101,
      102,
      103,
      104,
      105,
      106,
      107,
      108,
      109,
      110,
      111,
      112,
      113,
      114,
      115,
      116,
      117,
      118,
      119,
      120,
      121,
      122,
      123,
      124,
      125,
      126,
      127,
      128,
      129,
      130,
      131,
      132,
      133,
      134,
      135,
      136,
      137,
      138,
      139,
      140,
      141,
      142,
      143,
      144,
      145,
      146,
      147,
      148,
      149,
      150,
      151,
      152,
      153,
      154,
      155,
      156,
      157,
      158,
      159,
      160,
      161,
      162,
      163,
      164,
      165,
      166,
      167,
      168,
      169,
      170,
      171,
      172,
      173,
      174,
      175,
      176,
      177,
      178,
      179,
      180,
      181,
      182,
      183,
      184,
      185,
      186,
      187,
      188,
      189,
      190,
      191,
      192,
      193,
      194,
      195,
      196,
      197,
      198,
      199,
      200,
      201,
      202,
      203,
      204,
      205,
      206,
      207,
      208,
      209,
      210,
      211,
      212,
      213,
      214,
      215,
      216,
      217,
      218,
      219,
      220,
      221,
      222,
      223,
      224,
      225,
      226,
      227,
      228,
      229,
      230,
      231,
      232,
      233,
      234,
      235,
      236,
      237,
      238,
      239,
      240,
      241,
      242,
      243,
      244,
      245,
      246,
      247,
      248,
      249,
      250,
      251,
      252,
      253,
      254,
      255,
      256,
      257,
      258,
      259,
      260,
      261,
      262,
      263,
      264,
      265,
      266,
      267,
      268,
      269,
      270,
      271,
      272,
      273,
      274,
      275,
      276,
      277,
      278,
      279,
      280,
      281,
      282,
      283,
      284,
      285,
      286,
      287,
      288,
      289,
      290,
      291,
      292,
      293,
      294,
      295,
      296,
      297,
      298,
      299,
      300,
      301,
      302,
      303,
      304,
      305,
      306,
      307,
      308,
      309,
      310,
      311,
      312,
      313,
      314,
      315,
      316,
      317,
      318,
      319,
      320,
      321,
      322,
      323,
      324,
      325,
      326,
      327,
      328,
      329,
      330,
      331,
      332,
      333,
      334,
      335,
      336,
      337,
      338,
      339,
      340,
      341,
      342,
      343,
      344,
      345,
      346,
      347,
      348,
      349,
      350,
      351,
      352,
      353,
      354,
      355,
      356,
      357,
      358,
      359,
      360,
      361,
      362,
      363,
      364,
      365,
      366,
      367,
      368,
      369,
      370,
      371,
      372,
      373,
      374,
      375,
      376,
      377,
      378,
      379,
      380,
      381,
      382,
      383,
      384,
      385,
      386,
      387,
      388,
      389,
      390,
      391,
      392,
      393,
      394,
      395,
      396,
      397,
      398,
      399,
      400,
      401,
      402,
      403,
      404,
      405,
      406,
      407,
      408,
      409,
      410,
      411,
      412,
      413,
      414,
      415,
      416,
      417,
      418,
      419,
      420,
      421,
      422,
      423,
      424,
      425,
      426,
      427,
      428,
      429,
      430,
      431,
      432,
      433,
      434,
      435,
      436,
      437,
      438,
      439,
      440,
      441,
      442,
      443,
      444,
      445,
      446,
      447,
      448,
      449,
      450,
      451,
      452,
      453,
      454,
      455,
      456,
      457,
      458,
      459,
      460,
      461,
      462,
      463,
      464,
      465,
      466,
      467,
      468,
      469,
      470,
      471,
      472,
      473,
      474,
      475,
      476,
      477,
      478,
      479
    ],
    "additional_artifact_readback_count": 0,
    "additional_artifact_readback_frame_indices": [],
    "timing_scope": "Every simulation frame calls the primary renderer once, advances history and exposure, and enters phase statistics without outlier filtering. Any initial exposure warm-up submissions drain before primary frame 0; their count and timing policy appear in submission_timing. Encode timing includes validation, fitting, uploads, encoding, submission, and optional diagnostics. The wait column includes oldest-submission admission in bounded mode, current completion in serial mode, and selected pixel copy/mapping/extraction. Unselected frames omit pixel operations. Pipelined PNG writes and progress logs occur after final drain; serial captures retain their historical writes. Repeated comparisons and extra readbacks are excluded from the historical component sum but retained in continuous iteration timing. Temporal comparisons remain serial and preserve all-frame pixel readback and warmed paired intervals."
  },
  "temporal_texture_diagnostics": {
    "enabled": false,
    "timing_acceptance_available": true,
    "method": "Only requested sequence frames allocate a snapshot of the single-sample HDR scene and copy it in the primary encoder after color/MSAA resolve, immediately before temporal processing. The final primary snapshot is retained if internal warm-ups also render. After the primary frame, two auxiliary draws (four and two color attachments, within the portable four-attachment floor) read actual resolved RG8 coverage (separate lit-body R and additive-FX G), negative saved-history alpha, current HDR before temporal resolve, newly written history RGB, and HDR after sharpening. RGBA8 outputs use identical (max(rgb,0)/(1+max(rgb,0)))^(1/2.2) display mapping for all three RGB stages. Readback advances no camera, history, exposure, or simulation. White history pixels are nonretainable. The snapshot copy is inside any enabled primary GPU timestamp span; auxiliary submissions/readback leave the primary timers unchanged. Allocation, copy, extra submissions, mapping, and PNG work are diagnostic overhead; this mode establishes no timing gate.",
    "frames": []
  },
  "width": 1920,
  "height": 1080,
  "fps": 60.0,
  "steps_per_frame": 1,
  "quality": "high",
  "effective_quality": "high",
  "particle_budget": 2048,
  "frame_budget_ms": 16.66666603088379,
  "impact_layers": [
    "flash",
    "stretched_sparks_one_bounce",
    "cooling_fireball",
    "ground_dust_ring",
    "projected_scorch",
    "smolder",
    "distance_shake"
  ],
  "trail": "Connected camera-facing ribbon widening and cooling behind the rock, with retained smoke and embers.",
  "adapter": {
    "name": "Apple M5 Max",
    "vendor": 0,
    "device": 0,
    "backend": "Metal",
    "device_type": "IntegratedGpu"
  },
  "light_settled_before_capture": true,
  "destruction_relighting_enabled": true,
  "rebuild_capture": null,
  "gpu_timestamp_features_supported": true,
  "gpu_timestamps_flag": false,
  "gpu_timestamps_requested": true,
  "gpu_timestamp_diagnostics_enabled": true,
  "gpu_timestamp_diagnostics_method": "Ordinary captures omit both timestamp marker draws, counter resolve/copy, and query mapping/readback. --gpu-timestamps and every comparison mode request diagnostics; unsupported devices omit them. Rendering, history, exposure, serial queue submission, and the existing completion wait remain unchanged. Enabled diagnostics use two one-pixel marker draws and four queries; invalid durations remain null. --readback-every-frame plus --gpu-timestamps reproduces the original pixel and timer workload.",
  "gpu_timestamps_available": false,
  "flash_lights_enabled": true,
  "impact_frame": null,
  "smoke_frame": null,
  "particle_lighting_enabled": true,
  "soft_particles_enabled": true,
  "temporal_aa_available": true,
  "temporal_aa_enabled": true,
  "temporal_comparison": {
    "warmup_frames": 8,
    "history_method": "Separate on/off renderers retain their own history and exposure, advance once per identical simulation frame, and alternate order. Each has its own baked-light delivery slot; runtime light and lamp deliveries are forwarded identically before either render. Deliveries arriving mid-pair wait until the next frame. No repeated snapshot renders or temporal toggle resets enter the sample.",
    "gpu_method": "Render-pass boundary timestamps bracket scene commands with two real one-pixel marker draws. The ending marker reads scene output, so it depends on completed output work. Both variants include the same marker work; query resolve, overlay, and pixel readback follow the measured span. Four raw ticks retain before/after marker boundaries. Zero, error-sentinel, decreasing, nonpositive, or unsupported results remain null.",
    "wall_method": "Signed paired wall render-completion increments include CPU encode, submission, mapping, pixel readback, and polling. Every warmed frame enters the mean and spread. The approximate 95% mean interval uses contiguous, balanced batches of about one capture second and Student t bounds, retaining nearby-frame noise together; fewer than two batches yield no interval. Separate order counts and means expose order bias. The upper mean bound tests the 1 ms frame-time budget. These completion measurements do not measure GPU time.",
    "acceptance_frame_time_increment_ms": 1.0,
    "phases": {
      "before": {
        "frames": 472,
        "valid_gpu_frames": 0,
        "invalid_gpu_frames": 472,
        "gpu_increment_ms": null,
        "mean_gpu_increment_ms": null,
        "wall_render_completion_increment_ms": {
          "p50": 0.18337392807006836,
          "p99": 5.648248195648193,
          "max": 7.1837921142578125
        },
        "mean_wall_render_completion_increment_ms": 0.6679012775421143,
        "wall_render_completion_mean_95pct_ci_ms": {
          "mean": 0.667901682399087,
          "lower": 0.522179852944317,
          "upper": 0.813623511853857,
          "samples": 472,
          "blocks": 8,
          "nominal_block_frames": 60
        },
        "wall_mean_upper_95pct_under_1ms": true,
        "off_first_frames": 236,
        "on_first_frames": 236,
        "off_first_mean_wall_increment_ms": 0.4827730357646942,
        "on_first_mean_wall_increment_ms": 0.8530304431915283,
        "encode_increment_ms": {
          "p50": 0.02912503480911255,
          "p99": 0.3071659803390503,
          "max": 0.5051249265670776
        },
        "cpu_gpu_increment_ms": null,
        "gpu_increment_under_1ms_p99": null,
        "all_gpu_increments_under_1ms": null,
        "frame_results": [
          {
            "frame": 8,
            "off_gpu_ms": null,
            "on_gpu_ms": null,
            "gpu_increment_ms": null,
            "off_gpu_ticks": [
              92450056035416,
              92450056043958,
              92450056387625,
              92450053170291
            ],
            "on_gpu_ticks": [
              92450058643875,
              92450058651333,
              92450059058541,
              92450048603791
            ],
            "wall_render_completion_increment_ms": 1.6727081537246704
          },
          {
            "frame": 9,
            "off_gpu_ms": null,
            "on_gpu_ms": null,
            "gpu_increment_ms": null,
            "off_gpu_ticks": [
              92450068317916,
              92450068327083,
              92450068557083,
              92450057188250
            ],
            "on_gpu_ticks": [
              92450064027666,
              92450064041333,
              92450065025291,
              92450060194000
            ],
            "wall_render_completion_increment_ms": 0.10225105285644531
          },
          {
            "frame": 10,
            "off_gpu_ms": null,
            "on_gpu_ms": null,
            "gpu_increment_ms": null,
            "off_gpu_ticks": [
              92450073065041,
              92450073072541,
              92450073289041,
              92450070038708
            ],
            "on_gpu_ticks": [
              92450077420375,
              92450077429375,
              92450077721541,
              92450065470333
            ],
            "wall_render_completion_increment_ms": -0.08145785331726074
          },
          {
            "frame": 11,
            "off_gpu_ms": null,
            "on_gpu_ms": null,
            "gpu_increment_ms": null,
            "off_gpu_ticks": [
              92450086540000,
              92450086549458,
              92450087654458,
              92450074278958
            ],
            "on_gpu_ticks": [
              92450082242875,
              92450082252208,
              92450082584208,
              92450078947083
            ],
            "wall_render_completion_increment_ms": 0.14875125885009766
          },
          {
            "frame": 12,
            "off_gpu_ms": null,
            "on_gpu_ms": null,
            "gpu_increment_ms": null,
            "off_gpu_ticks": [
              92450091057333,
              92450091067083,
              92450091468333,
              92450088312208
            ],
            "on_gpu_ticks": [
              92450093551375,
              92450093558833,
              92450094113166,
              92450083780250
            ],
            "wall_render_completion_increment_ms": 1.413166880607605
          },
          {
            "frame": 13,
            "off_gpu_ms": null,
            "on_gpu_ms": null,
            "gpu_increment_ms": null,
            "off_gpu_ticks": [
              92450103258416,
              92450103267500,
              92450104131791,
              92450092330833
            ],
            "on_gpu_ticks": [
              92450098841916,
              92450098851166,
              92450099228125,
              92450095069083
            ],
            "wall_render_completion_increment_ms": 0.12349915504455566
          },
          {
            "frame": 14,
            "off_gpu_ms": null,
            "on_gpu_ms": null,
            "gpu_increment_ms": null,
            "off_gpu_ticks": [
              92450107792708,
              92450107800750,
              92450108923833,
              92450105037625
            ],
            "on_gpu_ticks": [
              92450110192083,
              92450110199125,
              92450110539083,
              92450100483416
            ],
            "wall_render_completion_increment_ms": 1.4141247272491455
          },
          {
            "frame": 15,
            "off_gpu_ms": null,
            "on_gpu_ms": null,
            "gpu_increment_ms": null,
            "off_gpu_ticks": [
              92450118899875,
              92450118908708,
              92450120851708,
              92450109085625
            ],
            "on_gpu_ticks": [
              92450115341750,
              92450115349083,
              92450117165541,
              92450112246958
            ],
            "wall_render_completion_increment_ms": -0.21087360382080078
          },
          {
            "frame": 16,
            "off_gpu_ms": null,
            "on_gpu_ms": null,
            "gpu_increment_ms": null,
            "off_gpu_ticks": [
              92450124104041,
              92450124115083,
              92450124436458,
              92450121045166
            ],
            "on_gpu_ticks": [
              92450128548583,
              92450128559125,
              92450128920000,
              92450117363750
            ],
            "wall_render_completion_increment_ms": -0.11691594123840332
          },
          {
            "frame": 17,
            "off_gpu_ms": null,
            "on_gpu_ms": null,
            "gpu_increment_ms": null,
            "off_gpu_ticks": [
              92450137092583,
              92450137101291,
              92450137399750,
              92450125722625
            ],
            "on_gpu_ticks": [
              92450133315000,
              92450133341666,
              92450133785250,
              92450130424958
            ],
            "wall_render_completion_increment_ms": 1.6111671924591064
          },
          {
            "frame": 18,
            "off_gpu_ms": null,
            "on_gpu_ms": null,
            "gpu_increment_ms": null,
            "off_gpu_ticks": [
              92450140592208,
              92450140600083,
              92450140920958,
              92450138325916
            ],
            "on_gpu_ticks": [
              92450143079916,
              92450143088166,
              92450145029625,
              92450135079541
            ],
            "wall_render_completion_increment_ms": 1.5349996089935303
          },
          {
            "frame": 19,
            "off_gpu_ms": null,
            "on_gpu_ms": null,
            "gpu_increment_ms": null,
            "off_gpu_ticks": [
              92450151640333,
              92450151648708,
              92450151976750,
              92450141896250
            ],
            "on_gpu_ticks": [
              92450148753583,
              92450148762583,
              92450149103708,
              92450145192500
            ],
            "wall_render_completion_increment_ms": -0.30887508392333984
          },
          {
            "frame": 20,
            "off_gpu_ms": null,
            "on_gpu_ms": null,
            "gpu_increment_ms": null,
            "off_gpu_ticks": [
              92450156754291,
              92450156763875,
              92450157090000,
              92450153476291
            ],
            "on_gpu_ticks": [
              92450159210208,
              92450159217833,
              92450159552375,
              92450150396125
            ],
            "wall_render_completion_increment_ms": 1.4597077369689941
          },
          {
            "frame": 21,
            "off_gpu_ms": null,
            "on_gpu_ms": null,
            "gpu_increment_ms": null,
            "off_gpu_ticks": [
              92450168765375,
              92450168775250,
              92450168991750,
              92450158037375
            ],
            "on_gpu_ticks": [
              92450164292583,
              92450164301625,
              92450164696375,
              92450161003958
            ],
            "wall_render_completion_increment_ms": 0.1137092113494873
          },
          {
            "frame": 22,
            "off_gpu_ms": null,
            "on_gpu_ms": null,
            "gpu_increment_ms": null,
            "off_gpu_ticks": [
              92450173187041,
              92450173195041,
              92450174288583,
              92450170568333
            ],
            "on_gpu_ticks": [
              92450175584625,
              92450175592250,
              92450175965833,
              92450165859875
            ],
            "wall_render_completion_increment_ms": 1.4438332319259644
          },
          {
            "frame": 23,
            "off_gpu_ms": null,
            "on_gpu_ms": null,
            "gpu_increment_ms": null,
            "off_gpu_ticks": [
              92450185234083,
              92450185243791,
              92450186938833,
              92450174456791
            ],
            "on_gpu_ticks": [
              92450180899583,
              92450180907708,
              92450182303291,
              92450177214875
            ],
            "wall_render_completion_increment_ms": 0.06583285331726074
          },
          {
            "frame": 24,
            "off_gpu_ms": null,
            "on_gpu_ms": null,
            "gpu_increment_ms": null,
            "off_gpu_ticks": [
              92450189782625,
              92450189790375,
              92450190136375,
              92450187110708
            ],
            "on_gpu_ticks": [
              92450194300750,
              92450194309250,
              92450195192916,
              92450182475000
            ],
            "wall_render_completion_increment_ms": -0.05054187774658203
          },
          {
            "frame": 25,
            "off_gpu_ms": null,
            "on_gpu_ms": null,
            "gpu_increment_ms": null,
            "off_gpu_ticks": [
              92450202948291,
              92450203128250,
              92450203444333,
              92450191189125
            ],
            "on_gpu_ticks": [
              92450198940250,
              92450198947958,
              92450199336250,
              92450196427916
            ],
            "wall_render_completion_increment_ms": 0.052292823791503906
          },
          {
            "frame": 26,
            "off_gpu_ms": null,
            "on_gpu_ms": null,
            "gpu_increment_ms": null,
            "off_gpu_ticks": [
              92450208570083,
              92450208580333,
              92450208801541,
              92450204427583
            ],
            "on_gpu_ticks": [
              92450212092625,
              92450212101166,
              92450213539000,
              92450200682916
            ],
            "wall_render_completion_increment_ms": -0.04391622543334961
          },
          {
            "frame": 27,
            "off_gpu_ms": null,
            "on_gpu_ms": null,
            "gpu_increment_ms": null,
            "off_gpu_ticks": [
              92450221143541,
              92450221152000,
              92450221511583,
              92450209967208
            ],
            "on_gpu_ticks": [
              92450217795250,
              92450217804791,
              92450218169250,
              92450213714583
            ],
            "wall_render_completion_increment_ms": 0.10216832160949707
          },
          {
            "frame": 28,
            "off_gpu_ms": null,
            "on_gpu_ms": null,
            "gpu_increment_ms": null,
            "off_gpu_ticks": [
              92450226628750,
              92450226638750,
              92450226851583,
              92450222483708
            ],
            "on_gpu_ticks": [
              92450230685291,
              92450230704291,
              92450231095500,
              92450220067875
            ],
            "wall_render_completion_increment_ms": 0.13700199127197266
          },
          {
            "frame": 29,
            "off_gpu_ms": null,
            "on_gpu_ms": null,
            "gpu_increment_ms": null,
            "off_gpu_ticks": [
              92450242330708,
              92450242340625,
              92450242783250,
              92450228527875
            ],
            "on_gpu_ticks": [
              92450237653333,
              92450237662708,
              92450237998625,
              92450232514666
            ],
            "wall_render_completion_increment_ms": 0.7102916240692139
          },
          {
            "frame": 30,
            "off_gpu_ms": null,
            "on_gpu_ms": null,
            "gpu_increment_ms": null,
            "off_gpu_ticks": [
              92450248569708,
              92450248579458,
              92450251896583,
              92450243754875
            ],
            "on_gpu_ticks": [
              92450254840833,
              92450254859125,
              92450255712333,
              92450239300416
            ],
            "wall_render_completion_increment_ms": 1.4357490539550781
          },
          {
            "frame": 31,
            "off_gpu_ms": null,
            "on_gpu_ms": null,
            "gpu_increment_ms": null,
            "off_gpu_ticks": [
              92450270354458,
              92450270373666,
              92450271049916,
              92450252304208
            ],
            "on_gpu_ticks": [
              92450264092791,
              92450264111833,
              92450265034083,
              92450259395833
            ],
            "wall_render_completion_increment_ms": 0.19033336639404297
          },
          {
            "frame": 32,
            "off_gpu_ms": null,
            "on_gpu_ms": null,
            "gpu_increment_ms": null,
            "off_gpu_ticks": [
              92450278034708,
              92450278051666,
              92450280380625,
              92450273773833
            ],
            "on_gpu_ticks": [
              92450284031041,
              92450284047583,
              92450284633875,
              92450268385666
            ],
            "wall_render_completion_increment_ms": 0.018001079559326172
          },
          {
            "frame": 33,
            "off_gpu_ms": null,
            "on_gpu_ms": null,
            "gpu_increment_ms": null,
            "off_gpu_ticks": [
              92450297603125,
              92450297617375,
              92450297928416,
              92450280651333
            ],
            "on_gpu_ticks": [
              92450291062416,
              92450291077666,
              92450291738250,
              92450287394166
            ],
            "wall_render_completion_increment_ms": 0.026834487915039062
          },
          {
            "frame": 34,
            "off_gpu_ms": null,
            "on_gpu_ms": null,
            "gpu_increment_ms": null,
            "off_gpu_ticks": [
              92450304859291,
              92450304873416,
              92450305263000,
              92450300031250
            ],
            "on_gpu_ticks": [
              92450309554625,
              92450309568708,
              92450310082625,
              92450294555500
            ],
            "wall_render_completion_increment_ms": 1.1588339805603027
          },
          {
            "frame": 35,
            "off_gpu_ms": null,
            "on_gpu_ms": null,
            "gpu_increment_ms": null,
            "off_gpu_ticks": [
              92450322431208,
              92450322442375,
              92450322865250,
              92450307101291
            ],
            "on_gpu_ticks": [
              92450316511500,
              92450316525000,
              92450317054375,
              92450312310708
            ],
            "wall_render_completion_increment_ms": 1.338334083557129
          },
          {
            "frame": 36,
            "off_gpu_ms": null,
            "on_gpu_ms": null,
            "gpu_increment_ms": null,
            "off_gpu_ticks": [
              92450328301583,
              92450328314708,
              92450328667083,
              92450324484791
            ],
            "on_gpu_ticks": [
              92450333096625,
              92450333110583,
              92450333615958,
              92450319274750
            ],
            "wall_render_completion_increment_ms": 1.944415807723999
          },
          {
            "frame": 37,
            "off_gpu_ms": null,
            "on_gpu_ms": null,
            "gpu_increment_ms": null,
            "off_gpu_ticks": [
              92450346373083,
              92450346385666,
              92450348104666,
              92450330292458
            ],
            "on_gpu_ticks": [
              92450340327541,
              92450340343291,
              92450342701333,
              92450335717833
            ],
            "wall_render_completion_increment_ms": 1.367499828338623
          },
          {
            "frame": 38,
            "off_gpu_ms": null,
            "on_gpu_ms": null,
            "gpu_increment_ms": null,
            "off_gpu_ticks": [
              92450351971958,
              92450351984291,
              92450352305000,
              92450348350750
            ],
            "on_gpu_ticks": [
              92450356147958,
              92450356158458,
              92450356610666,
              92450342945500
            ],
            "wall_render_completion_increment_ms": 0.4852488040924072
          },
          {
            "frame": 39,
            "off_gpu_ms": null,
            "on_gpu_ms": null,
            "gpu_increment_ms": null,
            "off_gpu_ticks": [
              92450368382166,
              92450368395708,
              92450368690208,
              92450353979583
            ],
            "on_gpu_ticks": [
              92450362360166,
              92450362373166,
              92450362890583,
              92450358530916
            ],
            "wall_render_completion_increment_ms": 1.64583420753479
          },
          {
            "frame": 40,
            "off_gpu_ms": null,
            "on_gpu_ms": null,
            "gpu_increment_ms": null,
            "off_gpu_ticks": [
              92450374146708,
              92450374160333,
              92450375897291,
              92450370363083
            ],
            "on_gpu_ticks": [
              92450377902125,
              92450377912416,
              92450380115625,
              92450364851458
            ],
            "wall_render_completion_increment_ms": -0.07662510871887207
          },
          {
            "frame": 41,
            "off_gpu_ms": null,
            "on_gpu_ms": null,
            "gpu_increment_ms": null,
            "off_gpu_ticks": [
              92450389197125,
              92450389208875,
              92450389495708,
              92450376142791
            ],
            "on_gpu_ticks": [
              92450383881083,
              92450383893875,
              92450384363416,
              92450380341208
            ],
            "wall_render_completion_increment_ms": 1.5950000286102295
          },
          {
            "frame": 42,
            "off_gpu_ms": null,
            "on_gpu_ms": null,
            "gpu_increment_ms": null,
            "off_gpu_ticks": [
              92450394183958,
              92450394197083,
              92450394565375,
              92450391030333
            ],
            "on_gpu_ticks": [
              92450398570541,
              92450398582333,
              92450398981791,
              92450386361708
            ],
            "wall_render_completion_increment_ms": 1.4658749103546143
          },
          {
            "frame": 43,
            "off_gpu_ms": null,
            "on_gpu_ms": null,
            "gpu_increment_ms": null,
            "off_gpu_ticks": [
              92450408876333,
              92450408886875,
              92450409328375,
              92450396175000
            ],
            "on_gpu_ticks": [
              92450405211541,
              92450405231708,
              92450405721041,
              92450400971291
            ],
            "wall_render_completion_increment_ms": -1.0121660232543945
          },
          {
            "frame": 44,
            "off_gpu_ms": null,
            "on_gpu_ms": null,
            "gpu_increment_ms": null,
            "off_gpu_ticks": [
              92450415039333,
              92450415052250,
              92450415373166,
              92450411447125
            ],
            "on_gpu_ticks": [
              92450419007791,
              92450419018208,
              92450419927541,
              92450407611708
            ],
            "wall_render_completion_increment_ms": 1.0395421981811523
          },
          {
            "frame": 45,
            "off_gpu_ms": null,
            "on_gpu_ms": null,
            "gpu_increment_ms": null,
            "off_gpu_ticks": [
              92450429096791,
              92450429104333,
              92450430112750,
              92450417022708
            ],
            "on_gpu_ticks": [
              92450425845208,
              92450425854250,
              92450427380458,
              92450421956875
            ],
            "wall_render_completion_increment_ms": 1.652292013168335
          },
          {
            "frame": 46,
            "off_gpu_ms": null,
            "on_gpu_ms": null,
            "gpu_increment_ms": null,
            "off_gpu_ticks": [
              92450433235083,
              92450433244250,
              92450433461666,
              92450430267500
            ],
            "on_gpu_ticks": [
              92450436844250,
              92450436852000,
              92450437272250,
              92450427932708
            ],
            "wall_render_completion_increment_ms": -0.0019176006317138672
          },
          {
            "frame": 47,
            "off_gpu_ms": null,
            "on_gpu_ms": null,
            "gpu_increment_ms": null,
            "off_gpu_ticks": [
              92450445755375,
              92450445763333,
              92450446085833,
              92450434478250
            ],
            "on_gpu_ticks": [
              92450442530416,
              92450442539125,
              92450442847666,
              92450438316166
            ],
            "wall_render_completion_increment_ms": 1.6761679649353027
          },
          {
            "frame": 48,
            "off_gpu_ms": null,
            "on_gpu_ms": null,
            "gpu_increment_ms": null,
            "off_gpu_ticks": [
              92450449468416,
              92450449496500,
              92450450640416,
              92450446899875
            ],
            "on_gpu_ticks": [
              92450453148000,
              92450453155625,
              92450454401333,
              92450444444625
            ],
            "wall_render_completion_increment_ms": 0.06145787239074707
          },
          {
            "frame": 49,
            "off_gpu_ms": null,
            "on_gpu_ms": null,
            "gpu_increment_ms": null,
            "off_gpu_ticks": [
              92450462005625,
              92450462014083,
              92450462328041,
              92450450794125
            ],
            "on_gpu_ticks": [
              92450458718000,
              92450458726958,
              92450459046125,
              92450454570125
            ],
            "wall_render_completion_increment_ms": 1.6336250305175781
          },
          {
            "frame": 50,
            "off_gpu_ms": null,
            "on_gpu_ms": null,
            "gpu_increment_ms": null,
            "off_gpu_ticks": [
              92450465650416,
              92450465678250,
              92450466015125,
              92450463138625
            ],
            "on_gpu_ticks": [
              92450468890916,
              92450468897791,
              92450469874416,
              92450460265333
            ],
            "wall_render_completion_increment_ms": 0.41712427139282227
          },
          {
            "frame": 51,
            "off_gpu_ms": null,
            "on_gpu_ms": null,
            "gpu_increment_ms": null,
            "off_gpu_ticks": [
              92450477837125,
              92450477846708,
              92450478123458,
              92450467030416
            ],
            "on_gpu_ticks": [
              92450474461750,
              92450474470708,
              92450474781541,
              92450470710541
            ],
            "wall_render_completion_increment_ms": 1.505750060081482
          },
          {
            "frame": 52,
            "off_gpu_ms": null,
            "on_gpu_ms": null,
            "gpu_increment_ms": null,
            "off_gpu_ticks": [
              92450481186375,
              92450481193625,
              92450481511208,
              92450479028041
            ],
            "on_gpu_ticks": [
              92450483615625,
              92450483623083,
              92450483947625,
              92450476004750
            ],
            "wall_render_completion_increment_ms": 1.5798752307891846
          },
          {
            "frame": 53,
            "off_gpu_ms": null,
            "on_gpu_ms": null,
            "gpu_increment_ms": null,
            "off_gpu_ticks": [
              92450492808125,
              92450492836333,
              92450494461416,
              92450482415000
            ],
            "on_gpu_ticks": [
              92450488838708,
              92450488846916,
              92450489196416,
              92450485159208
            ],
            "wall_render_completion_increment_ms": 0.11395692825317383
          },
          {
            "frame": 54,
            "off_gpu_ms": null,
            "on_gpu_ms": null,
            "gpu_increment_ms": null,
            "off_gpu_ticks": [
              92450497758208,
              92450497765750,
              92450498103291,
              92450494625916
            ],
            "on_gpu_ticks": [
              92450500185041,
              92450500192625,
              92450500541958,
              92450490277625
            ],
            "wall_render_completion_increment_ms": 1.3476669788360596
          },
          {
            "frame": 55,
            "off_gpu_ms": null,
            "on_gpu_ms": null,
            "gpu_increment_ms": null,
            "off_gpu_ticks": [
              92450509623875,
              92450509633000,
              92450509823708,
              92450498925791
            ],
            "on_gpu_ticks": [
              92450505323791,
              92450505339750,
              92450505620416,
              92450501718416
            ],
            "wall_render_completion_increment_ms": 0.13049960136413574
          },
          {
            "frame": 56,
            "off_gpu_ms": null,
            "on_gpu_ms": null,
            "gpu_increment_ms": null,
            "off_gpu_ticks": [
              92450513986958,
              92450513996541,
              92450515067125,
              92450511296875
            ],
            "on_gpu_ticks": [
              92450516348333,
              92450516355375,
              92450516695666,
              92450506758916
            ],
            "wall_render_completion_increment_ms": 1.5475832223892212
          },
          {
            "frame": 57,
            "off_gpu_ms": null,
            "on_gpu_ms": null,
            "gpu_increment_ms": null,
            "off_gpu_ticks": [
              92450525611958,
              92450525621541,
              92450525822750,
              92450515229208
            ],
            "on_gpu_ticks": [
              92450521517041,
              92450521544583,
              92450521996291,
              92450517879041
            ],
            "wall_render_completion_increment_ms": -0.007915973663330078
          },
          {
            "frame": 58,
            "off_gpu_ms": null,
            "on_gpu_ms": null,
            "gpu_increment_ms": null,
            "off_gpu_ticks": [
              92450530115500,
              92450530147458,
              92450530421791,
              92450526869500
            ],
            "on_gpu_ticks": [
              92450534516041,
              92450534525583,
              92450534828000,
              92450523182125
            ],
            "wall_render_completion_increment_ms": 0.03158378601074219
          },
          {
            "frame": 59,
            "off_gpu_ms": null,
            "on_gpu_ms": null,
            "gpu_increment_ms": null,
            "off_gpu_ticks": [
              92450543533416,
              92450543542625,
              92450543975083,
              92450531442458
            ],
            "on_gpu_ticks": [
              92450539030875,
              92450539038291,
              92450540402583,
              92450536515458
            ],
            "wall_render_completion_increment_ms": 0.15075111389160156
          },
          {
            "frame": 60,
            "off_gpu_ms": null,
            "on_gpu_ms": null,
            "gpu_increment_ms": null,
            "off_gpu_ticks": [
              92450548197791,
              92450548206166,
              92450548497666,
              92450545349875
            ],
            "on_gpu_ticks": [
              92450550590125,
              92450550598125,
              92450550952750,
              92450540572541
            ],
            "wall_render_completion_increment_ms": 1.4677090644836426
          },
          {
            "frame": 61,
            "off_gpu_ms": null,
            "on_gpu_ms": null,
            "gpu_increment_ms": null,
            "off_gpu_ticks": [
              92450560104666,
              92450560132083,
              92450561849875,
              92450549473541
            ],
            "on_gpu_ticks": [
              92450555927708,
              92450555937375,
              92450556304666,
              92450552356375
            ],
            "wall_render_completion_increment_ms": 0.00020766258239746094
          },
          {
            "frame": 62,
            "off_gpu_ms": null,
            "on_gpu_ms": null,
            "gpu_increment_ms": null,
            "off_gpu_ticks": [
              92450565327500,
              92450565335000,
              92450565736166,
              92450562023208
            ],
            "on_gpu_ticks": [
              92450567767541,
              92450567774958,
              92450569709958,
              92450557494708
            ],
            "wall_render_completion_increment_ms": 1.4469579458236694
          },
          {
            "frame": 63,
            "off_gpu_ms": null,
            "on_gpu_ms": null,
            "gpu_increment_ms": null,
            "off_gpu_ticks": [
              92450577610708,
              92450577620583,
              92450577832625,
              92450566680250
            ],
            "on_gpu_ticks": [
              92450573303625,
              92450573311291,
              92450573643125,
              92450569881750
            ],
            "wall_render_completion_increment_ms": 0.2243330478668213
          },
          {
            "frame": 64,
            "off_gpu_ms": null,
            "on_gpu_ms": null,
            "gpu_increment_ms": null,
            "off_gpu_ticks": [
              92450582271125,
              92450582279250,
              92450583495958,
              92450578927458
            ],
            "on_gpu_ticks": [
              92450586447500,
              92450586490833,
              92450587561041,
              92450574936791
            ],
            "wall_render_completion_increment_ms": -0.1222078800201416
          },
          {
            "frame": 65,
            "off_gpu_ms": null,
            "on_gpu_ms": null,
            "gpu_increment_ms": null,
            "off_gpu_ticks": [
              92450595550250,
              92450595578375,
              92450595908541,
              92450583664750
            ],
            "on_gpu_ticks": [
              92450591395166,
              92450591402875,
              92450591791291,
              92450588808833
            ],
            "wall_render_completion_increment_ms": 0.14875102043151855
          },
          {
            "frame": 66,
            "off_gpu_ms": null,
            "on_gpu_ms": null,
            "gpu_increment_ms": null,
            "off_gpu_ticks": [
              92450600879666,
              92450600890041,
              92450601134333,
              92450596991125
            ],
            "on_gpu_ticks": [
              92450604394958,
              92450604403291,
              92450604828666,
              92450593048750
            ],
            "wall_render_completion_increment_ms": -0.029124975204467773
          },
          {
            "frame": 67,
            "off_gpu_ms": null,
            "on_gpu_ms": null,
            "gpu_increment_ms": null,
            "off_gpu_ticks": [
              92450613651083,
              92450613658916,
              92450614023833,
              92450602292250
            ],
            "on_gpu_ticks": [
              92450610161375,
              92450610170958,
              92450611609291,
              92450606044125
            ],
            "wall_render_completion_increment_ms": 1.6434998512268066
          },
          {
            "frame": 68,
            "off_gpu_ms": null,
            "on_gpu_ms": null,
            "gpu_increment_ms": null,
            "off_gpu_ticks": [
              92450617578166,
              92450617589125,
              92450617885083,
              92450614957375
            ],
            "on_gpu_ticks": [
              92450621066458,
              92450621075666,
              92450621424166,
              92450611816791
            ],
            "wall_render_completion_increment_ms": -0.05187511444091797
          },
          {
            "frame": 69,
            "off_gpu_ms": null,
            "on_gpu_ms": null,
            "gpu_increment_ms": null,
            "off_gpu_ticks": [
              92450630368708,
              92450630377208,
              92450631690166,
              92450619228666
            ],
            "on_gpu_ticks": [
              92450626693250,
              92450626703583,
              92450627095166,
              92450622961750
            ],
            "wall_render_completion_increment_ms": -0.13608264923095703
          },
          {
            "frame": 70,
            "off_gpu_ms": null,
            "on_gpu_ms": null,
            "gpu_increment_ms": null,
            "off_gpu_ticks": [
              92450635854708,
              92450635863625,
              92450636772708,
              92450631885208
            ],
            "on_gpu_ticks": [
              92450639446333,
              92450639454583,
              92450641012916,
              92450628715250
            ],
            "wall_render_completion_increment_ms": 0.03345942497253418
          },
          {
            "frame": 71,
            "off_gpu_ms": null,
            "on_gpu_ms": null,
            "gpu_increment_ms": null,
            "off_gpu_ticks": [
              92450648491541,
              92450648499875,
              92450648821291,
              92450637911208
            ],
            "on_gpu_ticks": [
              92450644738666,
              92450644747291,
              92450645665166,
              92450641275000
            ],
            "wall_render_completion_increment_ms": -0.0696260929107666
          },
          {
            "frame": 72,
            "off_gpu_ms": null,
            "on_gpu_ms": null,
            "gpu_increment_ms": null,
            "off_gpu_ticks": [
              92450653427583,
              92450653583625,
              92450654792791,
              92450649888166
            ],
            "on_gpu_ticks": [
              92450657223833,
              92450657232166,
              92450657631125,
              92450647176208
            ],
            "wall_render_completion_increment_ms": 0.36487460136413574
          },
          {
            "frame": 73,
            "off_gpu_ms": null,
            "on_gpu_ms": null,
            "gpu_increment_ms": null,
            "off_gpu_ticks": [
              92450666910083,
              92450666920625,
              92450667158166,
              92450654974208
            ],
            "on_gpu_ticks": [
              92450662415291,
              92450662425125,
              92450664013416,
              92450658963291
            ],
            "wall_render_completion_increment_ms": 0.13308286666870117
          },
          {
            "frame": 74,
            "off_gpu_ms": null,
            "on_gpu_ms": null,
            "gpu_increment_ms": null,
            "off_gpu_ticks": [
              92450671805666,
              92450671814250,
              92450672194375,
              92450668313583
            ],
            "on_gpu_ticks": [
              92450676204791,
              92450676214708,
              92450676524125,
              92450664208166
            ],
            "wall_render_completion_increment_ms": -0.1511249542236328
          },
          {
            "frame": 75,
            "off_gpu_ms": null,
            "on_gpu_ms": null,
            "gpu_increment_ms": null,
            "off_gpu_ticks": [
              92450685104750,
              92450685115208,
              92450685368458,
              92450673223791
            ],
            "on_gpu_ticks": [
              92450680698541,
              92450680706708,
              92450681072666,
              92450678442666
            ],
            "wall_render_completion_increment_ms": 0.14520907402038574
          },
          {
            "frame": 76,
            "off_gpu_ms": null,
            "on_gpu_ms": null,
            "gpu_increment_ms": null,
            "off_gpu_ticks": [
              92450689670916,
              92450689679500,
              92450689994416,
              92450687112375
            ],
            "on_gpu_ticks": [
              92450693605125,
              92450693633375,
              92450695862541,
              92450682457666
            ],
            "wall_render_completion_increment_ms": 1.3962504863739014
          },
          {
            "frame": 77,
            "off_gpu_ms": null,
            "on_gpu_ms": null,
            "gpu_increment_ms": null,
            "off_gpu_ticks": [
              92450703695166,
              92450703704375,
              92450704994750,
              92450691138416
            ],
            "on_gpu_ticks": [
              92450699655250,
              92450699663375,
              92450700059458,
              92450696047083
            ],
            "wall_render_completion_increment_ms": 0.5585417747497559
          },
          {
            "frame": 78,
            "off_gpu_ms": null,
            "on_gpu_ms": null,
            "gpu_increment_ms": null,
            "off_gpu_ticks": [
              92450708831500,
              92450708842166,
              92450709113083,
              92450705185916
            ],
            "on_gpu_ticks": [
              92450712331500,
              92450712340916,
              92450712711208,
              92450701550583
            ],
            "wall_render_completion_increment_ms": -0.5737500190734863
          },
          {
            "frame": 79,
            "off_gpu_ms": null,
            "on_gpu_ms": null,
            "gpu_increment_ms": null,
            "off_gpu_ticks": [
              92450722562083,
              92450722573125,
              92450722843791,
              92450710356916
            ],
            "on_gpu_ticks": [
              92450717409625,
              92450717419750,
              92450717782291,
              92450714169916
            ],
            "wall_render_completion_increment_ms": 1.3621666431427002
          },
          {
            "frame": 80,
            "off_gpu_ms": null,
            "on_gpu_ms": null,
            "gpu_increment_ms": null,
            "off_gpu_ticks": [
              92450728034833,
              92450728043333,
              92450729929416,
              92450724004750
            ],
            "on_gpu_ticks": [
              92450731598875,
              92450731607500,
              92450731960500,
              92450719864916
            ],
            "wall_render_completion_increment_ms": 0.1222081184387207
          },
          {
            "frame": 81,
            "off_gpu_ms": null,
            "on_gpu_ms": null,
            "gpu_increment_ms": null,
            "off_gpu_ticks": [
              92450741261166,
              92450741272375,
              92450741551416,
              92450730140166
            ],
            "on_gpu_ticks": [
              92450736708708,
              92450736968708,
              92450738640708,
              92450733526958
            ],
            "wall_render_completion_increment_ms": 0.02116680145263672
          },
          {
            "frame": 82,
            "off_gpu_ms": null,
            "on_gpu_ms": null,
            "gpu_increment_ms": null,
            "off_gpu_ticks": [
              92450745691708,
              92450745701458,
              92450746008291,
              92450742842750
            ],
            "on_gpu_ticks": [
              92450750104958,
              92450750115833,
              92450750514000,
              92450738848250
            ],
            "wall_render_completion_increment_ms": 0.23225045204162598
          },
          {
            "frame": 83,
            "off_gpu_ms": null,
            "on_gpu_ms": null,
            "gpu_increment_ms": null,
            "off_gpu_ticks": [
              92450759319458,
              92450759330583,
              92450759600000,
              92450747222416
            ],
            "on_gpu_ticks": [
              92450754809875,
              92450754819041,
              92450755181291,
              92450752153166
            ],
            "wall_render_completion_increment_ms": 0.005250215530395508
          },
          {
            "frame": 84,
            "off_gpu_ms": null,
            "on_gpu_ms": null,
            "gpu_increment_ms": null,
            "off_gpu_ticks": [
              92450763901416,
              92450763926916,
              92450764270583,
              92450761489791
            ],
            "on_gpu_ticks": [
              92450768078875,
              92450768089833,
              92450770440041,
              92450756715416
            ],
            "wall_render_completion_increment_ms": 1.7058331966400146
          },
          {
            "frame": 85,
            "off_gpu_ms": null,
            "on_gpu_ms": null,
            "gpu_increment_ms": null,
            "off_gpu_ticks": [
              92450780185666,
              92450780195833,
              92450781499041,
              92450765511250
            ],
            "on_gpu_ticks": [
              92450774724750,
              92450774736166,
              92450775131125,
              92450770633500
            ],
            "wall_render_completion_increment_ms": 1.584834337234497
          },
          {
            "frame": 86,
            "off_gpu_ms": null,
            "on_gpu_ms": null,
            "gpu_increment_ms": null,
            "off_gpu_ticks": [
              92450785125875,
              92450785137541,
              92450785426291,
              92450781694125
            ],
            "on_gpu_ticks": [
              92450788039333,
              92450788047833,
              92450788403666,
              92450777312458
            ],
            "wall_render_completion_increment_ms": 0.5297510623931885
          },
          {
            "frame": 87,
            "off_gpu_ms": null,
            "on_gpu_ms": null,
            "gpu_increment_ms": null,
            "off_gpu_ticks": [
              92450796924916,
              92450796934500,
              92450797269166,
              92450786770791
            ],
            "on_gpu_ticks": [
              92450793471958,
              92450793513875,
              92450794110833,
              92450789907958
            ],
            "wall_render_completion_increment_ms": 0.0631251335144043
          },
          {
            "frame": 88,
            "off_gpu_ms": null,
            "on_gpu_ms": null,
            "gpu_increment_ms": null,
            "off_gpu_ticks": [
              92450802302458,
              92450802314291,
              92450803751041,
              92450798474666
            ],
            "on_gpu_ticks": [
              92450805575250,
              92450805584208,
              92450805954708,
              92450795749500
            ],
            "wall_render_completion_increment_ms": 0.26399993896484375
          },
          {
            "frame": 89,
            "off_gpu_ms": null,
            "on_gpu_ms": null,
            "gpu_increment_ms": null,
            "off_gpu_ticks": [
              92450816178000,
              92450816189125,
              92450816478125,
              92450803958916
            ],
            "on_gpu_ticks": [
              92450811088416,
              92450811099500,
              92450811867833,
              92450807525458
            ],
            "wall_render_completion_increment_ms": 1.1773762702941895
          },
          {
            "frame": 90,
            "off_gpu_ms": null,
            "on_gpu_ms": null,
            "gpu_increment_ms": null,
            "off_gpu_ticks": [
              92450821376125,
              92450821387500,
              92450821675208,
              92450817812958
            ],
            "on_gpu_ticks": [
              92450824593875,
              92450824603000,
              92450825016541,
              92450813111416
            ],
            "wall_render_completion_increment_ms": 0.3915412425994873
          },
          {
            "frame": 91,
            "off_gpu_ms": null,
            "on_gpu_ms": null,
            "gpu_increment_ms": null,
            "off_gpu_ticks": [
              92450833443541,
              92450833453125,
              92450833788916,
              92450823011625
            ],
            "on_gpu_ticks": [
              92450830220625,
              92450830231541,
              92450830619750,
              92450826876916
            ],
            "wall_render_completion_increment_ms": -0.1885838508605957
          },
          {
            "frame": 92,
            "off_gpu_ms": null,
            "on_gpu_ms": null,
            "gpu_increment_ms": null,
            "off_gpu_ticks": [
              92450838854375,
              92450838865583,
              92450839130666,
              92450835111583
            ],
            "on_gpu_ticks": [
              92450842349500,
              92450842358958,
              92450843132166,
              92450832271166
            ],
            "wall_render_completion_increment_ms": 0.05312514305114746
          },
          {
            "frame": 93,
            "off_gpu_ms": null,
            "on_gpu_ms": null,
            "gpu_increment_ms": null,
            "off_gpu_ticks": [
              92450851186125,
              92450851195416,
              92450852583583,
              92450840513875
            ],
            "on_gpu_ticks": [
              92450847497916,
              92450847525708,
              92450847987291,
              92450844407250
            ],
            "wall_render_completion_increment_ms": 0.053292036056518555
          },
          {
            "frame": 94,
            "off_gpu_ms": null,
            "on_gpu_ms": null,
            "gpu_increment_ms": null,
            "off_gpu_ticks": [
              92450856045791,
              92450856056750,
              92450856342750,
              92450852792958
            ],
            "on_gpu_ticks": [
              92450859994375,
              92450860005375,
              92450860618875,
              92450849678541
            ],
            "wall_render_completion_increment_ms": -0.1856679916381836
          },
          {
            "frame": 95,
            "off_gpu_ms": null,
            "on_gpu_ms": null,
            "gpu_increment_ms": null,
            "off_gpu_ticks": [
              92450868513666,
              92450868523041,
              92450868883125,
              92450857745500
            ],
            "on_gpu_ticks": [
              92450864912833,
              92450864940125,
              92450866953958,
              92450862333166
            ],
            "wall_render_completion_increment_ms": 0.06983327865600586
          },
          {
            "frame": 96,
            "off_gpu_ms": null,
            "on_gpu_ms": null,
            "gpu_increment_ms": null,
            "off_gpu_ticks": [
              92450874030416,
              92450874042375,
              92450875607083,
              92450870234708
            ],
            "on_gpu_ticks": [
              92450877409625,
              92450877418916,
              92450877850541,
              92450867173291
            ],
            "wall_render_completion_increment_ms": -0.022333860397338867
          },
          {
            "frame": 97,
            "off_gpu_ms": null,
            "on_gpu_ms": null,
            "gpu_increment_ms": null,
            "off_gpu_ticks": [
              92450886234333,
              92450886243958,
              92450886604625,
              92450875831500
            ],
            "on_gpu_ticks": [
              92450882670958,
              92450882697875,
              92450883173458,
              92450879647166
            ],
            "wall_render_completion_increment_ms": 0.013791799545288086
          },
          {
            "frame": 98,
            "off_gpu_ms": null,
            "on_gpu_ms": null,
            "gpu_increment_ms": null,
            "off_gpu_ticks": [
              92450891353291,
              92450891380958,
              92450891754041,
              92450887992416
            ],
            "on_gpu_ticks": [
              92450895079291,
              92450895089458,
              92450897070250,
              92450884968833
            ],
            "wall_render_completion_increment_ms": -0.06454300880432129
          },
          {
            "frame": 99,
            "off_gpu_ms": null,
            "on_gpu_ms": null,
            "gpu_increment_ms": null,
            "off_gpu_ticks": [
              92450903719458,
              92450903729291,
              92450904090708,
              92450893460500
            ],
            "on_gpu_ticks": [
              92450900005458,
              92450900032666,
              92450900486958,
              92450897294875
            ],
            "wall_render_completion_increment_ms": -0.007917165756225586
          },
          {
            "frame": 100,
            "off_gpu_ms": null,
            "on_gpu_ms": null,
            "gpu_increment_ms": null,
            "off_gpu_ticks": [
              92450909195375,
              92450909207916,
              92450909528500,
              92450905521416
            ],
            "on_gpu_ticks": [
              92450914329416,
              92450914341625,
              92450914748333,
              92450902284541
            ],
            "wall_render_completion_increment_ms": 0.4461655616760254
          },
          {
            "frame": 101,
            "off_gpu_ms": null,
            "on_gpu_ms": null,
            "gpu_increment_ms": null,
            "off_gpu_ticks": [
              92450923831750,
              92450923841750,
              92450925544083,
              92450911620958
            ],
            "on_gpu_ticks": [
              92450920239958,
              92450920252041,
              92450920704666,
              92450916638416
            ],
            "wall_render_completion_increment_ms": -0.3655829429626465
          },
          {
            "frame": 102,
            "off_gpu_ms": null,
            "on_gpu_ms": null,
            "gpu_increment_ms": null,
            "off_gpu_ticks": [
              92450928631458,
              92450928642000,
              92450929065583,
              92450925792666
            ],
            "on_gpu_ticks": [
              92450932973500,
              92450932986875,
              92450933425708,
              92450922509875
            ],
            "wall_render_completion_increment_ms": 0.08154153823852539
          },
          {
            "frame": 103,
            "off_gpu_ms": null,
            "on_gpu_ms": null,
            "gpu_increment_ms": null,
            "off_gpu_ticks": [
              92450940977583,
              92450940987291,
              92450941397000,
              92450930438625
            ],
            "on_gpu_ticks": [
              92450937480000,
              92450937490041,
              92450939552416,
              92450935348083
            ],
            "wall_render_completion_increment_ms": -0.4809579849243164
          },
          {
            "frame": 104,
            "off_gpu_ms": null,
            "on_gpu_ms": null,
            "gpu_increment_ms": null,
            "off_gpu_ticks": [
              92450946146041,
              92450946156791,
              92450947720541,
              92450942952458
            ],
            "on_gpu_ticks": [
              92450950525916,
              92450950538583,
              92450950990333,
              92450939784125
            ],
            "wall_render_completion_increment_ms": 1.3577501773834229
          },
          {
            "frame": 105,
            "off_gpu_ms": null,
            "on_gpu_ms": null,
            "gpu_increment_ms": null,
            "off_gpu_ticks": [
              92450962063375,
              92450962074333,
              92450962369458,
              92450947944833
            ],
            "on_gpu_ticks": [
              92450956989500,
              92450957001333,
              92450957458458,
              92450953512750
            ],
            "wall_render_completion_increment_ms": 1.65791654586792
          },
          {
            "frame": 106,
            "off_gpu_ms": null,
            "on_gpu_ms": null,
            "gpu_increment_ms": null,
            "off_gpu_ticks": [
              92450967468416,
              92450967481791,
              92450967812708,
              92450963896791
            ],
            "on_gpu_ticks": [
              92450972521375,
              92450972531375,
              92450974585500,
              92450959452708
            ],
            "wall_render_completion_increment_ms": -1.7911252975463867
          },
          {
            "frame": 107,
            "off_gpu_ms": null,
            "on_gpu_ms": null,
            "gpu_increment_ms": null,
            "off_gpu_ticks": [
              92450983228375,
              92450983241416,
              92450983545125,
              92450970039416
            ],
            "on_gpu_ticks": [
              92450977553541,
              92450977571291,
              92450978728666,
              92450974831416
            ],
            "wall_render_completion_increment_ms": 1.3987905979156494
          },
          {
            "frame": 108,
            "off_gpu_ms": null,
            "on_gpu_ms": null,
            "gpu_increment_ms": null,
            "off_gpu_ticks": [
              92450987735125,
              92450987746041,
              92450988143166,
              92450985206166
            ],
            "on_gpu_ticks": [
              92450992121833,
              92450992135375,
              92450992582875,
              92450980524125
            ],
            "wall_render_completion_increment_ms": 1.4645819664001465
          },
          {
            "frame": 109,
            "off_gpu_ms": null,
            "on_gpu_ms": null,
            "gpu_increment_ms": null,
            "off_gpu_ticks": [
              92451001990541,
              92451002000791,
              92451004234375,
              92450989617375
            ],
            "on_gpu_ticks": [
              92450998102833,
              92450998111916,
              92450998550041,
              92450995173791
            ],
            "wall_render_completion_increment_ms": 0.10654187202453613
          },
          {
            "frame": 110,
            "off_gpu_ms": null,
            "on_gpu_ms": null,
            "gpu_increment_ms": null,
            "off_gpu_ticks": [
              92451007326208,
              92451007339458,
              92451007679833,
              92451004483041
            ],
            "on_gpu_ticks": [
              92451010874583,
              92451011292833,
              92451011715916,
              92451000489625
            ],
            "wall_render_completion_increment_ms": 1.5881662368774414
          },
          {
            "frame": 111,
            "off_gpu_ms": null,
            "on_gpu_ms": null,
            "gpu_increment_ms": null,
            "off_gpu_ticks": [
              92451022759875,
              92451022770250,
              92451023116375,
              92451009295291
            ],
            "on_gpu_ticks": [
              92451017712166,
              92451017724958,
              92451018192750,
              92451013767375
            ],
            "wall_render_completion_increment_ms": 1.5566661357879639
          },
          {
            "frame": 112,
            "off_gpu_ms": null,
            "on_gpu_ms": null,
            "gpu_increment_ms": null,
            "off_gpu_ticks": [
              92451027658458,
              92451027714625,
              92451029950291,
              92451024645625
            ],
            "on_gpu_ticks": [
              92451033130583,
              92451033144083,
              92451033579250,
              92451020792041
            ],
            "wall_render_completion_increment_ms": 0.5012922286987305
          },
          {
            "frame": 113,
            "off_gpu_ms": null,
            "on_gpu_ms": null,
            "gpu_increment_ms": null,
            "off_gpu_ticks": [
              92451042976916,
              92451042987625,
              92451043353333,
              92451030195291
            ],
            "on_gpu_ticks": [
              92451039130000,
              92451039143041,
              92451039617875,
              92451035744708
            ],
            "wall_render_completion_increment_ms": 0.06000018119812012
          },
          {
            "frame": 114,
            "off_gpu_ms": null,
            "on_gpu_ms": null,
            "gpu_increment_ms": null,
            "off_gpu_ticks": [
              92451047887250,
              92451047897708,
              92451048280250,
              92451045545333
            ],
            "on_gpu_ticks": [
              92451052183250,
              92451052202750,
              92451053466333,
              92451041515333
            ],
            "wall_render_completion_increment_ms": 1.5153322219848633
          },
          {
            "frame": 115,
            "off_gpu_ms": null,
            "on_gpu_ms": null,
            "gpu_increment_ms": null,
            "off_gpu_ticks": [
              92451063917458,
              92451063928208,
              92451064326166,
              92451049787958
            ],
            "on_gpu_ticks": [
              92451058882000,
              92451058894791,
              92451059356625,
              92451055269500
            ],
            "wall_render_completion_increment_ms": 1.5016262531280518
          },
          {
            "frame": 116,
            "off_gpu_ms": null,
            "on_gpu_ms": null,
            "gpu_increment_ms": null,
            "off_gpu_ticks": [
              92451069188583,
              92451069202000,
              92451070255708,
              92451065788916
            ],
            "on_gpu_ticks": [
              92451074412000,
              92451074424833,
              92451074872708,
              92451061943000
            ],
            "wall_render_completion_increment_ms": 0.5146660804748535
          },
          {
            "frame": 117,
            "off_gpu_ms": null,
            "on_gpu_ms": null,
            "gpu_increment_ms": null,
            "off_gpu_ticks": [
              92451086482958,
              92451086496083,
              92451088194416,
              92451071955708
            ],
            "on_gpu_ticks": [
              92451080976875,
              92451080989750,
              92451083279166,
              92451076865583
            ],
            "wall_render_completion_increment_ms": 1.6607508659362793
          },
          {
            "frame": 118,
            "off_gpu_ms": null,
            "on_gpu_ms": null,
            "gpu_increment_ms": null,
            "off_gpu_ticks": [
              92451091269208,
              92451091279541,
              92451091641958,
              92451088441708
            ],
            "on_gpu_ticks": [
              92451095235416,
              92451095582875,
              92451096024750,
              92451083519000
            ],
            "wall_render_completion_increment_ms": 0.921541690826416
          },
          {
            "frame": 119,
            "off_gpu_ms": null,
            "on_gpu_ms": null,
            "gpu_increment_ms": null,
            "off_gpu_ticks": [
              92451106818333,
              92451106828666,
              92451107188750,
              92451093254833
            ],
            "on_gpu_ticks": [
              92451101742375,
              92451101754583,
              92451102211250,
              92451098040958
            ],
            "wall_render_completion_increment_ms": 1.5871238708496094
          },
          {
            "frame": 120,
            "off_gpu_ms": null,
            "on_gpu_ms": null,
            "gpu_increment_ms": null,
            "off_gpu_ticks": [
              92451111640458,
              92451111796541,
              92451114010750,
              92451108729458
            ],
            "on_gpu_ticks": [
              92451115737541,
              92451115747416,
              92451117921791,
              92451104209125
            ],
            "wall_render_completion_increment_ms": -0.047708749771118164
          },
          {
            "frame": 121,
            "off_gpu_ms": null,
            "on_gpu_ms": null,
            "gpu_increment_ms": null,
            "off_gpu_ticks": [
              92452585062291,
              92452585088583,
              92452589501875,
              92451114255791
            ],
            "on_gpu_ticks": [
              92452573964791,
              92452573991625,
              92452579185875,
              92451118167500
            ],
            "wall_render_completion_increment_ms": 6.007624626159668
          },
          {
            "frame": 122,
            "off_gpu_ms": null,
            "on_gpu_ms": null,
            "gpu_increment_ms": null,
            "off_gpu_ticks": [
              92453355326625,
              92453355354833,
              92453356005291,
              92452592831916
            ],
            "on_gpu_ticks": [
              92453363800083,
              92453363824541,
              92453364931875,
              92452581960625
            ],
            "wall_render_completion_increment_ms": -0.37804126739501953
          },
          {
            "frame": 123,
            "off_gpu_ms": null,
            "on_gpu_ms": null,
            "gpu_increment_ms": null,
            "off_gpu_ticks": [
              92454114134625,
              92454114147083,
              92454114622958,
              92453362118666
            ],
            "on_gpu_ticks": [
              92454105401666,
              92454105431666,
              92454106584000,
              92453370139833
            ],
            "wall_render_completion_increment_ms": 4.733915328979492
          },
          {
            "frame": 124,
            "off_gpu_ms": null,
            "on_gpu_ms": null,
            "gpu_increment_ms": null,
            "off_gpu_ticks": [
              92454845387958,
              92454845747875,
              92454846588958,
              92454116361083
            ],
            "on_gpu_ticks": [
              92454852589833,
              92454852696958,
              92454854903541,
              92454111865791
            ],
            "wall_render_completion_increment_ms": 2.841541290283203
          },
          {
            "frame": 125,
            "off_gpu_ms": null,
            "on_gpu_ms": null,
            "gpu_increment_ms": null,
            "off_gpu_ticks": [
              92455606813541,
              92455606825833,
              92455607331333,
              92454850835625
            ],
            "on_gpu_ticks": [
              92455595389291,
              92455595698458,
              92455598079958,
              92454860153458
            ],
            "wall_render_completion_increment_ms": 7.1837921142578125
          },
          {
            "frame": 126,
            "off_gpu_ms": null,
            "on_gpu_ms": null,
            "gpu_increment_ms": null,
            "off_gpu_ticks": [
              92456335998125,
              92456336026041,
              92456336915875,
              92455609011958
            ],
            "on_gpu_ticks": [
              92456343134666,
              92456343159041,
              92456346828583,
              92455603647250
            ],
            "wall_render_completion_increment_ms": -1.7915005683898926
          },
          {
            "frame": 127,
            "off_gpu_ms": null,
            "on_gpu_ms": null,
            "gpu_increment_ms": null,
            "off_gpu_ticks": [
              92457086095625,
              92457086123125,
              92457086506375,
              92456341336916
            ],
            "on_gpu_ticks": [
              92457075791791,
              92457075820000,
              92457083098291,
              92456347162375
            ],
            "wall_render_completion_increment_ms": 6.1375837326049805
          },
          {
            "frame": 128,
            "off_gpu_ms": null,
            "on_gpu_ms": null,
            "gpu_increment_ms": null,
            "off_gpu_ticks": [
              92457815766458,
              92457815794416,
              92457816546500,
              92457088355250
            ],
            "on_gpu_ticks": [
              92457824473041,
              92457824500666,
              92457825563000,
              92457083747541
            ],
            "wall_render_completion_increment_ms": 1.4189577102661133
          },
          {
            "frame": 129,
            "off_gpu_ms": null,
            "on_gpu_ms": null,
            "gpu_increment_ms": null,
            "off_gpu_ticks": [
              92458579148333,
              92458579160166,
              92458581096208,
              92457822571541
            ],
            "on_gpu_ticks": [
              92458569639875,
              92458569667791,
              92458573855125,
              92457831910541
            ],
            "wall_render_completion_increment_ms": 5.648248195648193
          },
          {
            "frame": 130,
            "off_gpu_ms": null,
            "on_gpu_ms": null,
            "gpu_increment_ms": null,
            "off_gpu_ticks": [
              92459312313041,
              92459312360166,
              92459313263458,
              92458581368250
            ],
            "on_gpu_ticks": [
              92459321073916,
              92459321085208,
              92459321599291,
              92458577571416
            ],
            "wall_render_completion_increment_ms": -4.089083194732666
          },
          {
            "frame": 131,
            "off_gpu_ms": null,
            "on_gpu_ms": null,
            "gpu_increment_ms": null,
            "off_gpu_ticks": [
              92460063710666,
              92460063738916,
              92460064187875,
              92459317826083
            ],
            "on_gpu_ticks": [
              92460053174833,
              92460053987416,
              92460055064708,
              92459323823375
            ],
            "wall_render_completion_increment_ms": 4.7000412940979
          },
          {
            "frame": 132,
            "off_gpu_ms": null,
            "on_gpu_ms": null,
            "gpu_increment_ms": null,
            "off_gpu_ticks": [
              92460801792833,
              92460801822041,
              92460805528041,
              92460066086166
            ],
            "on_gpu_ticks": [
              92460810190666,
              92460810215250,
              92460811293708,
              92460060443458
            ],
            "wall_render_completion_increment_ms": 0.0822911262512207
          },
          {
            "frame": 133,
            "off_gpu_ms": null,
            "on_gpu_ms": null,
            "gpu_increment_ms": null,
            "off_gpu_ticks": [
              92461560051000,
              92461560129833,
              92461560872166,
              92460808423666
            ],
            "on_gpu_ticks": [
              92461549782833,
              92461549810791,
              92461550880916,
              92460816774208
            ],
            "wall_render_completion_increment_ms": 2.250542163848877
          },
          {
            "frame": 134,
            "off_gpu_ms": null,
            "on_gpu_ms": null,
            "gpu_increment_ms": null,
            "off_gpu_ticks": [
              92462296520208,
              92462296547500,
              92462297596041,
              92461564425041
            ],
            "on_gpu_ticks": [
              92462304087916,
              92462304107916,
              92462304658000,
              92461557443833
            ],
            "wall_render_completion_increment_ms": -1.6067500114440918
          },
          {
            "frame": 135,
            "off_gpu_ms": null,
            "on_gpu_ms": null,
            "gpu_increment_ms": null,
            "off_gpu_ticks": [
              92463049946333,
              92463049960416,
              92463050330250,
              92462301813250
            ],
            "on_gpu_ticks": [
              92463039299708,
              92463039320708,
              92463040401458,
              92462307102333
            ],
            "wall_render_completion_increment_ms": 6.224498748779297
          },
          {
            "frame": 136,
            "off_gpu_ms": null,
            "on_gpu_ms": null,
            "gpu_increment_ms": null,
            "off_gpu_ticks": [
              92463775363291,
              92463775391708,
              92463776034208,
              92463052148208
            ],
            "on_gpu_ticks": [
              92463784927500,
              92463784955958,
              92463786060750,
              92463045953625
            ],
            "wall_render_completion_increment_ms": -1.0446252822875977
          },
          {
            "frame": 137,
            "off_gpu_ms": null,
            "on_gpu_ms": null,
            "gpu_increment_ms": null,
            "off_gpu_ticks": [
              92463799090541,
              92463799104291,
              92463800891666,
              92463781977750
            ],
            "on_gpu_ticks": [
              92463794466333,
              92463794478708,
              92463794925916,
              92463790785666
            ],
            "wall_render_completion_increment_ms": 0.051749467849731445
          },
          {
            "frame": 138,
            "off_gpu_ms": null,
            "on_gpu_ms": null,
            "gpu_increment_ms": null,
            "off_gpu_ticks": [
              92463803882125,
              92463803910333,
              92463804227708,
              92463801136125
            ],
            "on_gpu_ticks": [
              92463808074250,
              92463808083291,
              92463808395833,
              92463796930416
            ],
            "wall_render_completion_increment_ms": 0.3011658191680908
          },
          {
            "frame": 139,
            "off_gpu_ms": null,
            "on_gpu_ms": null,
            "gpu_increment_ms": null,
            "off_gpu_ticks": [
              92463817436500,
              92463817445666,
              92463817648166,
              92463805905166
            ],
            "on_gpu_ticks": [
              92463813632583,
              92463813641708,
              92463813888708,
              92463809525583
            ],
            "wall_render_completion_increment_ms": -0.27083373069763184
          },
          {
            "frame": 140,
            "off_gpu_ms": null,
            "on_gpu_ms": null,
            "gpu_increment_ms": null,
            "off_gpu_ticks": [
              92463822110041,
              92463822134666,
              92463822411875,
              92463819009791
            ],
            "on_gpu_ticks": [
              92463826398125,
              92463826439500,
              92463827867208,
              92463815025750
            ],
            "wall_render_completion_increment_ms": -0.022251129150390625
          },
          {
            "frame": 141,
            "off_gpu_ms": null,
            "on_gpu_ms": null,
            "gpu_increment_ms": null,
            "off_gpu_ticks": [
              92463835062541,
              92463835089875,
              92463835411125,
              92463823340958
            ],
            "on_gpu_ticks": [
              92463831497416,
              92463831506000,
              92463832773083,
              92463828021291
            ],
            "wall_render_completion_increment_ms": 0.08379125595092773
          },
          {
            "frame": 142,
            "off_gpu_ms": null,
            "on_gpu_ms": null,
            "gpu_increment_ms": null,
            "off_gpu_ticks": [
              92463840010708,
              92463840038958,
              92463840373166,
              92463836348916
            ],
            "on_gpu_ticks": [
              92463844195458,
              92463844204625,
              92463844492083,
              92463832926750
            ],
            "wall_render_completion_increment_ms": 0.009750127792358398
          },
          {
            "frame": 143,
            "off_gpu_ms": null,
            "on_gpu_ms": null,
            "gpu_increment_ms": null,
            "off_gpu_ticks": [
              92463852882833,
              92463852910208,
              92463853222500,
              92463841342750
            ],
            "on_gpu_ticks": [
              92463849237958,
              92463849247166,
              92463849533083,
              92463845634958
            ],
            "wall_render_completion_increment_ms": 0.04599905014038086
          },
          {
            "frame": 144,
            "off_gpu_ms": null,
            "on_gpu_ms": null,
            "gpu_increment_ms": null,
            "off_gpu_ticks": [
              92463857989666,
              92463857999083,
              92463858193541,
              92463854165541
            ],
            "on_gpu_ticks": [
              92463861320666,
              92463861329916,
              92463861700833,
              92463850756416
            ],
            "wall_render_completion_increment_ms": 0.037164926528930664
          },
          {
            "frame": 145,
            "off_gpu_ms": null,
            "on_gpu_ms": null,
            "gpu_increment_ms": null,
            "off_gpu_ticks": [
              92463870768125,
              92463870777500,
              92463871781291,
              92463859218541
            ],
            "on_gpu_ticks": [
              92463866329416,
              92463866338625,
              92463866670791,
              92463862767583
            ],
            "wall_render_completion_increment_ms": 0.09870696067810059
          },
          {
            "frame": 146,
            "off_gpu_ms": null,
            "on_gpu_ms": null,
            "gpu_increment_ms": null,
            "off_gpu_ticks": [
              92463875587208,
              92463875596208,
              92463875798750,
              92463871934625
            ],
            "on_gpu_ticks": [
              92463879457708,
              92463879466875,
              92463879786916,
              92463867850291
            ],
            "wall_render_completion_increment_ms": -0.012708425521850586
          },
          {
            "frame": 147,
            "off_gpu_ms": null,
            "on_gpu_ms": null,
            "gpu_increment_ms": null,
            "off_gpu_ticks": [
              92463887926333,
              92463887953791,
              92463888297416,
              92463876811458
            ],
            "on_gpu_ticks": [
              92463884302666,
              92463884311583,
              92463884610500,
              92463880977500
            ],
            "wall_render_completion_increment_ms": 0.008126020431518555
          },
          {
            "frame": 148,
            "off_gpu_ms": null,
            "on_gpu_ms": null,
            "gpu_increment_ms": null,
            "off_gpu_ticks": [
              92463893003791,
              92463893012958,
              92463893217208,
              92463889280208
            ],
            "on_gpu_ticks": [
              92463896899541,
              92463896908541,
              92463897968416,
              92463885825375
            ],
            "wall_render_completion_increment_ms": 0.02804088592529297
          },
          {
            "frame": 149,
            "off_gpu_ms": null,
            "on_gpu_ms": null,
            "gpu_increment_ms": null,
            "off_gpu_ticks": [
              92463905326875,
              92463905334458,
              92463905703083,
              92463894227041
            ],
            "on_gpu_ticks": [
              92463901768666,
              92463901806833,
              92463903280583,
              92463898443416
            ],
            "wall_render_completion_increment_ms": 1.4235420227050781
          },
          {
            "frame": 150,
            "off_gpu_ms": null,
            "on_gpu_ms": null,
            "gpu_increment_ms": null,
            "off_gpu_ticks": [
              92463909387666,
              92463909397333,
              92463909601083,
              92463906560666
            ],
            "on_gpu_ticks": [
              92463912831708,
              92463912839750,
              92463913264083,
              92463903468875
            ],
            "wall_render_completion_increment_ms": -0.09516692161560059
          },
          {
            "frame": 151,
            "off_gpu_ms": null,
            "on_gpu_ms": null,
            "gpu_increment_ms": null,
            "off_gpu_ticks": [
              92463921805791,
              92463921814000,
              92463922152875,
              92463911210208
            ],
            "on_gpu_ticks": [
              92463918365750,
              92463918375083,
              92463918686458,
              92463914383375
            ],
            "wall_render_completion_increment_ms": 1.594250202178955
          },
          {
            "frame": 152,
            "off_gpu_ms": null,
            "on_gpu_ms": null,
            "gpu_increment_ms": null,
            "off_gpu_ticks": [
              92463925766000,
              92463925775541,
              92463925984041,
              92463923060916
            ],
            "on_gpu_ticks": [
              92463929202041,
              92463929210416,
              92463929558958,
              92463920465625
            ],
            "wall_render_completion_increment_ms": -0.05570793151855469
          },
          {
            "frame": 153,
            "off_gpu_ms": null,
            "on_gpu_ms": null,
            "gpu_increment_ms": null,
            "off_gpu_ticks": [
              92463938045875,
              92463938054166,
              92463939123791,
              92463927060791
            ],
            "on_gpu_ticks": [
              92463934657458,
              92463934666625,
              92463935018291,
              92463930772250
            ],
            "wall_render_completion_increment_ms": 1.6051669120788574
          },
          {
            "frame": 154,
            "off_gpu_ms": null,
            "on_gpu_ms": null,
            "gpu_increment_ms": null,
            "off_gpu_ticks": [
              92463941944041,
              92463941953291,
              92463942151208,
              92463939286416
            ],
            "on_gpu_ticks": [
              92463945354083,
              92463945362541,
              92463946792000,
              92463936796791
            ],
            "wall_render_completion_increment_ms": -0.010416030883789062
          },
          {
            "frame": 155,
            "off_gpu_ms": null,
            "on_gpu_ms": null,
            "gpu_increment_ms": null,
            "off_gpu_ticks": [
              92463954344041,
              92463954352541,
              92463954652333,
              92463943242583
            ],
            "on_gpu_ticks": [
              92463950549708,
              92463950578333,
              92463950989708,
              92463946977083
            ],
            "wall_render_completion_increment_ms": 1.415916085243225
          },
          {
            "frame": 156,
            "off_gpu_ms": null,
            "on_gpu_ms": null,
            "gpu_increment_ms": null,
            "off_gpu_ticks": [
              92463957954708,
              92463957982125,
              92463958350041,
              92463955653583
            ],
            "on_gpu_ticks": [
              92463961665625,
              92463961673916,
              92463962018291,
              92463952809083
            ],
            "wall_render_completion_increment_ms": 0.09279227256774902
          },
          {
            "frame": 157,
            "off_gpu_ms": null,
            "on_gpu_ms": null,
            "gpu_increment_ms": null,
            "off_gpu_ticks": [
              92463970581958,
              92463970590416,
              92463970910083,
              92463959401166
            ],
            "on_gpu_ticks": [
              92463967249375,
              92463967258875,
              92463967577625,
              92463963292500
            ],
            "wall_render_completion_increment_ms": 0.15854215621948242
          },
          {
            "frame": 158,
            "off_gpu_ms": null,
            "on_gpu_ms": null,
            "gpu_increment_ms": null,
            "off_gpu_ticks": [
              92463976016708,
              92463976026625,
              92463976254958,
              92463971918750
            ],
            "on_gpu_ticks": [
              92463979355375,
              92463979363875,
              92463979821750,
              92463968885958
            ],
            "wall_render_completion_increment_ms": -0.01633310317993164
          },
          {
            "frame": 159,
            "off_gpu_ms": null,
            "on_gpu_ms": null,
            "gpu_increment_ms": null,
            "off_gpu_ticks": [
              92463988292541,
              92463988300625,
              92463988668666,
              92463977923125
            ],
            "on_gpu_ticks": [
              92463984786708,
              92463984796541,
              92463985123041,
              92463980981166
            ],
            "wall_render_completion_increment_ms": 0.15249991416931152
          },
          {
            "frame": 160,
            "off_gpu_ms": null,
            "on_gpu_ms": null,
            "gpu_increment_ms": null,
            "off_gpu_ticks": [
              92463993396875,
              92463993407000,
              92463993617166,
              92463989620041
            ],
            "on_gpu_ticks": [
              92463996358625,
              92463996366291,
              92463996728541,
              92463986988833
            ],
            "wall_render_completion_increment_ms": 0.45983386039733887
          },
          {
            "frame": 161,
            "off_gpu_ms": null,
            "on_gpu_ms": null,
            "gpu_increment_ms": null,
            "off_gpu_ticks": [
              92464005323666,
              92464005332458,
              92464006468583,
              92463995271083
            ],
            "on_gpu_ticks": [
              92464001814750,
              92464001824375,
              92464002428708,
              92463998020708
            ],
            "wall_render_completion_increment_ms": 1.4877489805221558
          },
          {
            "frame": 162,
            "off_gpu_ms": null,
            "on_gpu_ms": null,
            "gpu_increment_ms": null,
            "off_gpu_ticks": [
              92464009176583,
              92464009187250,
              92464009388791,
              92464006639250
            ],
            "on_gpu_ticks": [
              92464012508333,
              92464012516958,
              92464014065166,
              92464004036458
            ],
            "wall_render_completion_increment_ms": 0.01729130744934082
          },
          {
            "frame": 163,
            "off_gpu_ms": null,
            "on_gpu_ms": null,
            "gpu_increment_ms": null,
            "off_gpu_ticks": [
              92464021408625,
              92464021417041,
              92464021754458,
              92464010741791
            ],
            "on_gpu_ticks": [
              92464017972625,
              92464017982458,
              92464020058083,
              92464014238750
            ],
            "wall_render_completion_increment_ms": -0.033041954040527344
          },
          {
            "frame": 164,
            "off_gpu_ms": null,
            "on_gpu_ms": null,
            "gpu_increment_ms": null,
            "off_gpu_ticks": [
              92464026821833,
              92464026831833,
              92464027039666,
              92464022771291
            ],
            "on_gpu_ticks": [
              92464030270000,
              92464030278291,
              92464030629291,
              92464020239666
            ],
            "wall_render_completion_increment_ms": 0.16483378410339355
          },
          {
            "frame": 165,
            "off_gpu_ms": null,
            "on_gpu_ms": null,
            "gpu_increment_ms": null,
            "off_gpu_ticks": [
              92464039083083,
              92464039091500,
              92464039414708,
              92464028769458
            ],
            "on_gpu_ticks": [
              92464035608458,
              92464035616541,
              92464036643541,
              92464032031916
            ],
            "wall_render_completion_increment_ms": -0.008415937423706055
          },
          {
            "frame": 166,
            "off_gpu_ms": null,
            "on_gpu_ms": null,
            "gpu_increment_ms": null,
            "off_gpu_ticks": [
              92464044363166,
              92464044371333,
              92464045345166,
              92464040490083
            ],
            "on_gpu_ticks": [
              92464047494458,
              92464047502666,
              92464047844666,
              92464037874541
            ],
            "wall_render_completion_increment_ms": 0.03462505340576172
          },
          {
            "frame": 167,
            "off_gpu_ms": null,
            "on_gpu_ms": null,
            "gpu_increment_ms": null,
            "off_gpu_ticks": [
              92464057712375,
              92464057722791,
              92464057964708,
              92464046315500
            ],
            "on_gpu_ticks": [
              92464052475416,
              92464052483458,
              92464053425458,
              92464049276583
            ],
            "wall_render_completion_increment_ms": 1.2037076950073242
          },
          {
            "frame": 168,
            "off_gpu_ms": null,
            "on_gpu_ms": null,
            "gpu_increment_ms": null,
            "off_gpu_ticks": [
              92464062063416,
              92464062071916,
              92464062489333,
              92464059222291
            ],
            "on_gpu_ticks": [
              92464066795375,
              92464066806291,
              92464067270916,
              92464054753583
            ],
            "wall_render_completion_increment_ms": 0.06370759010314941
          },
          {
            "frame": 169,
            "off_gpu_ms": null,
            "on_gpu_ms": null,
            "gpu_increment_ms": null,
            "off_gpu_ticks": [
              92464075119958,
              92464075131208,
              92464076478041,
              92464063512708
            ],
            "on_gpu_ticks": [
              92464071079958,
              92464071088791,
              92464071646583,
              92464068709750
            ],
            "wall_render_completion_increment_ms": -0.0559992790222168
          },
          {
            "frame": 170,
            "off_gpu_ms": null,
            "on_gpu_ms": null,
            "gpu_increment_ms": null,
            "off_gpu_ticks": [
              92464080191041,
              92464080200041,
              92464080656041,
              92464076671333
            ],
            "on_gpu_ticks": [
              92464084578416,
              92464084589333,
              92464084957708,
              92464072858333
            ],
            "wall_render_completion_increment_ms": 0.005832672119140625
          },
          {
            "frame": 171,
            "off_gpu_ms": null,
            "on_gpu_ms": null,
            "gpu_increment_ms": null,
            "off_gpu_ticks": [
              92464093602291,
              92464093612625,
              92464093840083,
              92464081726166
            ],
            "on_gpu_ticks": [
              92464089262458,
              92464089271250,
              92464090563041,
              92464086463583
            ],
            "wall_render_completion_increment_ms": -0.055666446685791016
          },
          {
            "frame": 172,
            "off_gpu_ms": null,
            "on_gpu_ms": null,
            "gpu_increment_ms": null,
            "off_gpu_ticks": [
              92464098433916,
              92464098443083,
              92464098800666,
              92464095099166
            ],
            "on_gpu_ticks": [
              92464102850291,
              92464102861208,
              92464103258708,
              92464091178916
            ],
            "wall_render_completion_increment_ms": 1.4166250228881836
          },
          {
            "frame": 173,
            "off_gpu_ms": null,
            "on_gpu_ms": null,
            "gpu_increment_ms": null,
            "off_gpu_ticks": [
              92464112955166,
              92464112964833,
              92464113314000,
              92464099914791
            ],
            "on_gpu_ticks": [
              92464109329791,
              92464109339708,
              92464109711041,
              92464105363958
            ],
            "wall_render_completion_increment_ms": 0.192457914352417
          },
          {
            "frame": 174,
            "off_gpu_ms": null,
            "on_gpu_ms": null,
            "gpu_increment_ms": null,
            "off_gpu_ticks": [
              92464118276875,
              92464118287208,
              92464118548375,
              92464114467000
            ],
            "on_gpu_ticks": [
              92464121870833,
              92464121879708,
              92464122283916,
              92464111423666
            ],
            "wall_render_completion_increment_ms": -0.2784590721130371
          },
          {
            "frame": 175,
            "off_gpu_ms": null,
            "on_gpu_ms": null,
            "gpu_increment_ms": null,
            "off_gpu_ticks": [
              92464130338916,
              92464130347458,
              92464130763916,
              92464120410125
            ],
            "on_gpu_ticks": [
              92464126811416,
              92464126821916,
              92464127181166,
              92464123830250
            ],
            "wall_render_completion_increment_ms": -0.10249876976013184
          },
          {
            "frame": 176,
            "off_gpu_ms": null,
            "on_gpu_ms": null,
            "gpu_increment_ms": null,
            "off_gpu_ticks": [
              92464135668208,
              92464135679333,
              92464137046208,
              92464131935458
            ],
            "on_gpu_ticks": [
              92464139251416,
              92464139260625,
              92464141048750,
              92464128689791
            ],
            "wall_render_completion_increment_ms": 0.02858281135559082
          },
          {
            "frame": 177,
            "off_gpu_ms": null,
            "on_gpu_ms": null,
            "gpu_increment_ms": null,
            "off_gpu_ticks": [
              92464150179166,
              92464150190375,
              92464150423916,
              92464137726208
            ],
            "on_gpu_ticks": [
              92464144714666,
              92464144723083,
              92464147003208,
              92464141251375
            ],
            "wall_render_completion_increment_ms": 1.4741268157958984
          },
          {
            "frame": 178,
            "off_gpu_ms": null,
            "on_gpu_ms": null,
            "gpu_increment_ms": null,
            "off_gpu_ticks": [
              92464154641375,
              92464154650458,
              92464156064791,
              92464151812583
            ],
            "on_gpu_ticks": [
              92464159244958,
              92464159263375,
              92464160340166,
              92464147197875
            ],
            "wall_render_completion_increment_ms": 1.8492488861083984
          },
          {
            "frame": 179,
            "off_gpu_ms": null,
            "on_gpu_ms": null,
            "gpu_increment_ms": null,
            "off_gpu_ticks": [
              92464170858541,
              92464170874000,
              92464171353666,
              92464156278000
            ],
            "on_gpu_ticks": [
              92464165565375,
              92464165578541,
              92464166261541,
              92464161973000
            ],
            "wall_render_completion_increment_ms": -0.28020811080932617
          },
          {
            "frame": 180,
            "off_gpu_ms": null,
            "on_gpu_ms": null,
            "gpu_increment_ms": null,
            "off_gpu_ticks": [
              92464177517291,
              92464177530958,
              92464179495791,
              92464173692875
            ],
            "on_gpu_ticks": [
              92464183141166,
              92464183155208,
              92464183652458,
              92464168986208
            ],
            "wall_render_completion_increment_ms": -0.0029168128967285156
          },
          {
            "frame": 181,
            "off_gpu_ms": null,
            "on_gpu_ms": null,
            "gpu_increment_ms": null,
            "off_gpu_ticks": [
              92464193532625,
              92464193543416,
              92464193863583,
              92464180403000
            ],
            "on_gpu_ticks": [
              92464189264416,
              92464189276291,
              92464189791750,
              92464185744291
            ],
            "wall_render_completion_increment_ms": 0.28966665267944336
          },
          {
            "frame": 182,
            "off_gpu_ms": null,
            "on_gpu_ms": null,
            "gpu_increment_ms": null,
            "off_gpu_ticks": [
              92464198161333,
              92464198171375,
              92464198629375,
              92464195476541
            ],
            "on_gpu_ticks": [
              92464202401666,
              92464202412458,
              92464202911833,
              92464191908750
            ],
            "wall_render_completion_increment_ms": -0.07574987411499023
          },
          {
            "frame": 183,
            "off_gpu_ms": null,
            "on_gpu_ms": null,
            "gpu_increment_ms": null,
            "off_gpu_ticks": [
              92464213488875,
              92464213500875,
              92464213806833,
              92464200150750
            ],
            "on_gpu_ticks": [
              92464208011333,
              92464208024208,
              92464208446375,
              92464204882791
            ],
            "wall_render_completion_increment_ms": 1.5977914333343506
          },
          {
            "frame": 184,
            "off_gpu_ms": null,
            "on_gpu_ms": null,
            "gpu_increment_ms": null,
            "off_gpu_ticks": [
              92464218533583,
              92464218547000,
              92464218889333,
              92464215460583
            ],
            "on_gpu_ticks": [
              92464223669750,
              92464223680166,
              92464225577500,
              92464211113333
            ],
            "wall_render_completion_increment_ms": -1.2184581756591797
          },
          {
            "frame": 185,
            "off_gpu_ms": null,
            "on_gpu_ms": null,
            "gpu_increment_ms": null,
            "off_gpu_ticks": [
              92464232768375,
              92464232778083,
              92464233160708,
              92464221215250
            ],
            "on_gpu_ticks": [
              92464228664333,
              92464228918625,
              92464230813041,
              92464225807000
            ],
            "wall_render_completion_increment_ms": 0.06533312797546387
          },
          {
            "frame": 186,
            "off_gpu_ms": null,
            "on_gpu_ms": null,
            "gpu_increment_ms": null,
            "off_gpu_ticks": [
              92464238154708,
              92464238165666,
              92464239598750,
              92464234429291
            ],
            "on_gpu_ticks": [
              92464242463625,
              92464242472791,
              92464243515041,
              92464231042666
            ],
            "wall_render_completion_increment_ms": 1.5890841484069824
          },
          {
            "frame": 187,
            "off_gpu_ms": null,
            "on_gpu_ms": null,
            "gpu_increment_ms": null,
            "off_gpu_ticks": [
              92464254038416,
              92464254066791,
              92464254410208,
              92464239806958
            ],
            "on_gpu_ticks": [
              92464249299000,
              92464249310833,
              92464249722708,
              92464245141750
            ],
            "wall_render_completion_increment_ms": 1.2191667556762695
          },
          {
            "frame": 188,
            "off_gpu_ms": null,
            "on_gpu_ms": null,
            "gpu_increment_ms": null,
            "off_gpu_ticks": [
              92464259206666,
              92464259219000,
              92464259514416,
              92464255738916
            ],
            "on_gpu_ticks": [
              92464262707916,
              92464262717500,
              92464263137958,
              92464251997125
            ],
            "wall_render_completion_increment_ms": -0.3864591121673584
          },
          {
            "frame": 189,
            "off_gpu_ms": null,
            "on_gpu_ms": null,
            "gpu_increment_ms": null,
            "off_gpu_ticks": [
              92464272750125,
              92464272759750,
              92464273103916,
              92464261580583
            ],
            "on_gpu_ticks": [
              92464267817333,
              92464267828416,
              92464268243583,
              92464264815916
            ],
            "wall_render_completion_increment_ms": 1.5177059173583984
          },
          {
            "frame": 190,
            "off_gpu_ms": null,
            "on_gpu_ms": null,
            "gpu_increment_ms": null,
            "off_gpu_ticks": [
              92464277632333,
              92464277677541,
              92464278430458,
              92464274469458
            ],
            "on_gpu_ticks": [
              92464281948791,
              92464281968125,
              92464282425000,
              92464270518500
            ],
            "wall_render_completion_increment_ms": 0.041957855224609375
          },
          {
            "frame": 191,
            "off_gpu_ms": null,
            "on_gpu_ms": null,
            "gpu_increment_ms": null,
            "off_gpu_ticks": [
              92464290458083,
              92464290467541,
              92464290791500,
              92464279738958
            ],
            "on_gpu_ticks": [
              92464286858416,
              92464286868958,
              92464287245458,
              92464284212666
            ],
            "wall_render_completion_increment_ms": -0.19375085830688477
          },
          {
            "frame": 192,
            "off_gpu_ms": null,
            "on_gpu_ms": null,
            "gpu_increment_ms": null,
            "off_gpu_ticks": [
              92464295624041,
              92464295651625,
              92464295968916,
              92464292232625
            ],
            "on_gpu_ticks": [
              92464299674958,
              92464299687458,
              92464300109833,
              92464288888000
            ],
            "wall_render_completion_increment_ms": 0.019875049591064453
          },
          {
            "frame": 193,
            "off_gpu_ms": null,
            "on_gpu_ms": null,
            "gpu_increment_ms": null,
            "off_gpu_ticks": [
              92464307884583,
              92464307894333,
              92464308252791,
              92464297328500
            ],
            "on_gpu_ticks": [
              92464304290833,
              92464304318833,
              92464304767208,
              92464301900875
            ],
            "wall_render_completion_increment_ms": 0.04179239273071289
          },
          {
            "frame": 194,
            "off_gpu_ms": null,
            "on_gpu_ms": null,
            "gpu_increment_ms": null,
            "off_gpu_ticks": [
              92464312876083,
              92464312903875,
              92464314430833,
              92464309649958
            ],
            "on_gpu_ticks": [
              92464316946000,
              92464316958500,
              92464317377958,
              92464306397541
            ],
            "wall_render_completion_increment_ms": 0.058415889739990234
          },
          {
            "frame": 195,
            "off_gpu_ms": null,
            "on_gpu_ms": null,
            "gpu_increment_ms": null,
            "off_gpu_ticks": [
              92464326482500,
              92464326528083,
              92464327047875,
              92464314638458
            ],
            "on_gpu_ticks": [
              92464321761541,
              92464321772583,
              92464322186416,
              92464319167000
            ],
            "wall_render_completion_increment_ms": 0.7597513198852539
          },
          {
            "frame": 196,
            "off_gpu_ms": null,
            "on_gpu_ms": null,
            "gpu_increment_ms": null,
            "off_gpu_ticks": [
              92464331336875,
              92464331349541,
              92464331672791,
              92464328522916
            ],
            "on_gpu_ticks": [
              92464334784625,
              92464334794375,
              92464335214791,
              92464323826083
            ],
            "wall_render_completion_increment_ms": 0.03645896911621094
          },
          {
            "frame": 197,
            "off_gpu_ms": null,
            "on_gpu_ms": null,
            "gpu_increment_ms": null,
            "off_gpu_ticks": [
              92464343461291,
              92464343471083,
              92464343821625,
              92464333129500
            ],
            "on_gpu_ticks": [
              92464339856125,
              92464339883916,
              92464340328916,
              92464337006750
            ],
            "wall_render_completion_increment_ms": 0.05525064468383789
          },
          {
            "frame": 198,
            "off_gpu_ms": null,
            "on_gpu_ms": null,
            "gpu_increment_ms": null,
            "off_gpu_ticks": [
              92464348695000,
              92464348706541,
              92464349004083,
              92464345252458
            ],
            "on_gpu_ticks": [
              92464352059958,
              92464352069375,
              92464354046458,
              92464342301500
            ],
            "wall_render_completion_increment_ms": 0.026207685470581055
          },
          {
            "frame": 199,
            "off_gpu_ms": null,
            "on_gpu_ms": null,
            "gpu_increment_ms": null,
            "off_gpu_ticks": [
              92464362532250,
              92464362560791,
              92464362890125,
              92464350662458
            ],
            "on_gpu_ticks": [
              92464357270000,
              92464357289708,
              92464359515875,
              92464354270875
            ],
            "wall_render_completion_increment_ms": 1.5782513618469238
          },
          {
            "frame": 200,
            "off_gpu_ms": null,
            "on_gpu_ms": null,
            "gpu_increment_ms": null,
            "off_gpu_ticks": [
              92464367517583,
              92464367530916,
              92464367873250,
              92464364361916
            ],
            "on_gpu_ticks": [
              92464372356625,
              92464372369666,
              92464372786583,
              92464359783666
            ],
            "wall_render_completion_increment_ms": 0.662208080291748
          },
          {
            "frame": 201,
            "off_gpu_ms": null,
            "on_gpu_ms": null,
            "gpu_increment_ms": null,
            "off_gpu_ticks": [
              92464382117416,
              92464382127458,
              92464382558500,
              92464369343208
            ],
            "on_gpu_ticks": [
              92464378743666,
              92464378754875,
              92464379158125,
              92464374800958
            ],
            "wall_render_completion_increment_ms": 0.011291980743408203
          },
          {
            "frame": 202,
            "off_gpu_ms": null,
            "on_gpu_ms": null,
            "gpu_increment_ms": null,
            "off_gpu_ticks": [
              92464387318208,
              92464387330791,
              92464388885708,
              92464384075000
            ],
            "on_gpu_ticks": [
              92464390886416,
              92464390896125,
              92464391379333,
              92464380944208
            ],
            "wall_render_completion_increment_ms": 1.333582878112793
          },
          {
            "frame": 203,
            "off_gpu_ms": null,
            "on_gpu_ms": null,
            "gpu_increment_ms": null,
            "off_gpu_ticks": [
              92464401123416,
              92464401133750,
              92464401504625,
              92464389109583
            ],
            "on_gpu_ticks": [
              92464397530875,
              92464397542875,
              92464397946916,
              92464393597000
            ],
            "wall_render_completion_increment_ms": 0.02779221534729004
          },
          {
            "frame": 204,
            "off_gpu_ms": null,
            "on_gpu_ms": null,
            "gpu_increment_ms": null,
            "off_gpu_ticks": [
              92464406167291,
              92464406176791,
              92464406598375,
              92464403116375
            ],
            "on_gpu_ticks": [
              92464410452625,
              92464410463583,
              92464410960833,
              92464399843291
            ],
            "wall_render_completion_increment_ms": 0.009083271026611328
          },
          {
            "frame": 205,
            "off_gpu_ms": null,
            "on_gpu_ms": null,
            "gpu_increment_ms": null,
            "off_gpu_ticks": [
              92464421593458,
              92464421606375,
              92464422496625,
              92464408070208
            ],
            "on_gpu_ticks": [
              92464415619875,
              92464415629916,
              92464416661833,
              92464412942416
            ],
            "wall_render_completion_increment_ms": 1.6267914772033691
          },
          {
            "frame": 206,
            "off_gpu_ms": null,
            "on_gpu_ms": null,
            "gpu_increment_ms": null,
            "off_gpu_ticks": [
              92464426455666,
              92464426468708,
              92464426829250,
              92464423437916
            ],
            "on_gpu_ticks": [
              92464431548916,
              92464431558791,
              92464432510250,
              92464418722083
            ],
            "wall_render_completion_increment_ms": -1.4140832424163818
          },
          {
            "frame": 207,
            "off_gpu_ms": null,
            "on_gpu_ms": null,
            "gpu_increment_ms": null,
            "off_gpu_ticks": [
              92464440371541,
              92464440381708,
              92464440855458,
              92464429130416
            ],
            "on_gpu_ticks": [
              92464436566500,
              92464436577125,
              92464438532583,
              92464434018375
            ],
            "wall_render_completion_increment_ms": -0.2250831127166748
          },
          {
            "frame": 208,
            "off_gpu_ms": null,
            "on_gpu_ms": null,
            "gpu_increment_ms": null,
            "off_gpu_ticks": [
              92464445240083,
              92464445250208,
              92464445722750,
              92464442341916
            ],
            "on_gpu_ticks": [
              92464449647666,
              92464449660750,
              92464450118875,
              92464438772750
            ],
            "wall_render_completion_increment_ms": 1.5563349723815918
          },
          {
            "frame": 209,
            "off_gpu_ms": null,
            "on_gpu_ms": null,
            "gpu_increment_ms": null,
            "off_gpu_ticks": [
              92464459730500,
              92464459740583,
              92464460114333,
              92464447121041
            ],
            "on_gpu_ticks": [
              92464455826375,
              92464455838291,
              92464456238000,
              92464451919958
            ],
            "wall_render_completion_increment_ms": 0.18354249000549316
          },
          {
            "frame": 210,
            "off_gpu_ms": null,
            "on_gpu_ms": null,
            "gpu_increment_ms": null,
            "off_gpu_ticks": [
              92464464651875,
              92464464661208,
              92464466208083,
              92464462165958
            ],
            "on_gpu_ticks": [
              92464469015916,
              92464469034250,
              92464470146541,
              92464458021500
            ],
            "wall_render_completion_increment_ms": 1.072500467300415
          },
          {
            "frame": 211,
            "off_gpu_ms": null,
            "on_gpu_ms": null,
            "gpu_increment_ms": null,
            "off_gpu_ticks": [
              92464480118875,
              92464480129166,
              92464480518333,
              92464466438666
            ],
            "on_gpu_ticks": [
              92464475066833,
              92464475078375,
              92464475487041,
              92464471901958
            ],
            "wall_render_completion_increment_ms": 2.0659162998199463
          },
          {
            "frame": 212,
            "off_gpu_ms": null,
            "on_gpu_ms": null,
            "gpu_increment_ms": null,
            "off_gpu_ticks": [
              92464484711125,
              92464484723416,
              92464485067166,
              92464481919125
            ],
            "on_gpu_ticks": [
              92464489821791,
              92464489831833,
              92464491820083,
              92464477293208
            ],
            "wall_render_completion_increment_ms": -1.3993759155273438
          },
          {
            "frame": 213,
            "off_gpu_ms": null,
            "on_gpu_ms": null,
            "gpu_increment_ms": null,
            "off_gpu_ticks": [
              92464498389041,
              92464498399125,
              92464498805041,
              92464487195750
            ],
            "on_gpu_ticks": [
              92464494872166,
              92464494882375,
              92464495294458,
              92464492044750
            ],
            "wall_render_completion_increment_ms": 0.051833152770996094
          },
          {
            "frame": 214,
            "off_gpu_ms": null,
            "on_gpu_ms": null,
            "gpu_increment_ms": null,
            "off_gpu_ticks": [
              92464502931583,
              92464502941750,
              92464503315916,
              92464500302291
            ],
            "on_gpu_ticks": [
              92464506730333,
              92464506740666,
              92464507198916,
              92464497137000
            ],
            "wall_render_completion_increment_ms": 0.0824580192565918
          },
          {
            "frame": 215,
            "off_gpu_ms": null,
            "on_gpu_ms": null,
            "gpu_increment_ms": null,
            "off_gpu_ticks": [
              92464515218291,
              92464515228583,
              92464515623458,
              92464504723833
            ],
            "on_gpu_ticks": [
              92464511640583,
              92464511650916,
              92464512063041,
              92464509077083
            ],
            "wall_render_completion_increment_ms": -0.3985419273376465
          },
          {
            "frame": 216,
            "off_gpu_ms": null,
            "on_gpu_ms": null,
            "gpu_increment_ms": null,
            "off_gpu_ticks": [
              92464520055916,
              92464520067083,
              92464520484500,
              92464517130041
            ],
            "on_gpu_ticks": [
              92464523758416,
              92464523769333,
              92464524218416,
              92464513860250
            ],
            "wall_render_completion_increment_ms": 0.44699907302856445
          },
          {
            "frame": 217,
            "off_gpu_ms": null,
            "on_gpu_ms": null,
            "gpu_increment_ms": null,
            "off_gpu_ticks": [
              92464532528375,
              92464532538916,
              92464532950458,
              92464521885541
            ],
            "on_gpu_ticks": [
              92464528552333,
              92464528562541,
              92464528991583,
              92464526084791
            ],
            "wall_render_completion_increment_ms": -0.0479578971862793
          },
          {
            "frame": 218,
            "off_gpu_ms": null,
            "on_gpu_ms": null,
            "gpu_increment_ms": null,
            "off_gpu_ticks": [
              92464537503875,
              92464537513541,
              92464539158500,
              92464534370833
            ],
            "on_gpu_ticks": [
              92464541906625,
              92464541918166,
              92464542332958,
              92464530816208
            ],
            "wall_render_completion_increment_ms": 1.5328750610351562
          },
          {
            "frame": 219,
            "off_gpu_ms": null,
            "on_gpu_ms": null,
            "gpu_increment_ms": null,
            "off_gpu_ticks": [
              92464551750541,
              92464551760375,
              92464553519750,
              92464539389041
            ],
            "on_gpu_ticks": [
              92464547881625,
              92464547891250,
              92464548314333,
              92464544761750
            ],
            "wall_render_completion_increment_ms": 0.08366608619689941
          },
          {
            "frame": 220,
            "off_gpu_ms": null,
            "on_gpu_ms": null,
            "gpu_increment_ms": null,
            "off_gpu_ticks": [
              92464557134833,
              92464557147916,
              92464557485208,
              92464554141500
            ],
            "on_gpu_ticks": [
              92464560708458,
              92464561117833,
              92464563081916,
              92464550207958
            ],
            "wall_render_completion_increment_ms": 0.16408419609069824
          },
          {
            "frame": 221,
            "off_gpu_ms": null,
            "on_gpu_ms": null,
            "gpu_increment_ms": null,
            "off_gpu_ticks": [
              92464569680583,
              92464569928208,
              92464570320250,
              92464559045083
            ],
            "on_gpu_ticks": [
              92464565740541,
              92464565750458,
              92464567798250,
              92464563313083
            ],
            "wall_render_completion_increment_ms": 0.1828758716583252
          },
          {
            "frame": 222,
            "off_gpu_ms": null,
            "on_gpu_ms": null,
            "gpu_increment_ms": null,
            "off_gpu_ticks": [
              92464574647125,
              92464574657083,
              92464575107375,
              92464571689958
            ],
            "on_gpu_ticks": [
              92464578980708,
              92464578992708,
              92464579411458,
              92464568023500
            ],
            "wall_render_completion_increment_ms": -0.13108325004577637
          },
          {
            "frame": 223,
            "off_gpu_ms": null,
            "on_gpu_ms": null,
            "gpu_increment_ms": null,
            "off_gpu_ticks": [
              92464587496291,
              92464587577375,
              92464587940166,
              92464576463083
            ],
            "on_gpu_ticks": [
              92464583963791,
              92464583975291,
              92464584395833,
              92464581214541
            ],
            "wall_render_completion_increment_ms": -0.09433317184448242
          },
          {
            "frame": 224,
            "off_gpu_ms": null,
            "on_gpu_ms": null,
            "gpu_increment_ms": null,
            "off_gpu_ticks": [
              92464592514500,
              92464592524000,
              92464592889958,
              92464589417708
            ],
            "on_gpu_ticks": [
              92464597000416,
              92464597012750,
              92464597442791,
              92464586190166
            ],
            "wall_render_completion_increment_ms": 0.0683751106262207
          },
          {
            "frame": 225,
            "off_gpu_ms": null,
            "on_gpu_ms": null,
            "gpu_increment_ms": null,
            "off_gpu_ticks": [
              92464607101416,
              92464607119541,
              92464607518625,
              92464594302041
            ],
            "on_gpu_ticks": [
              92464601995666,
              92464602006875,
              92464602403791,
              92464599363750
            ],
            "wall_render_completion_increment_ms": 1.5392093658447266
          },
          {
            "frame": 226,
            "off_gpu_ms": null,
            "on_gpu_ms": null,
            "gpu_increment_ms": null,
            "off_gpu_ticks": [
              92464612132958,
              92464612159625,
              92464613794916,
              92464608972083
            ],
            "on_gpu_ticks": [
              92464616206125,
              92464616224416,
              92464616701958,
              92464604827666
            ],
            "wall_render_completion_increment_ms": 0.12045812606811523
          },
          {
            "frame": 227,
            "off_gpu_ms": null,
            "on_gpu_ms": null,
            "gpu_increment_ms": null,
            "off_gpu_ticks": [
              92464625048083,
              92464625057916,
              92464625451541,
              92464614051958
            ],
            "on_gpu_ticks": [
              92464621044500,
              92464621055208,
              92464621464125,
              92464618489416
            ],
            "wall_render_completion_increment_ms": 0.24945926666259766
          },
          {
            "frame": 228,
            "off_gpu_ms": null,
            "on_gpu_ms": null,
            "gpu_increment_ms": null,
            "off_gpu_ticks": [
              92464630326083,
              92464630337500,
              92464630702583,
              92464626837833
            ],
            "on_gpu_ticks": [
              92464633802333,
              92464633812000,
              92464634239250,
              92464623351291
            ],
            "wall_render_completion_increment_ms": 0.30841827392578125
          },
          {
            "frame": 229,
            "off_gpu_ms": null,
            "on_gpu_ms": null,
            "gpu_increment_ms": null,
            "off_gpu_ticks": [
              92464642701041,
              92464642710833,
              92464643087791,
              92464632245625
            ],
            "on_gpu_ticks": [
              92464638782333,
              92464638792750,
              92464640776291,
              92464636195500
            ],
            "wall_render_completion_increment_ms": 0.09449958801269531
          },
          {
            "frame": 230,
            "off_gpu_ms": null,
            "on_gpu_ms": null,
            "gpu_increment_ms": null,
            "off_gpu_ticks": [
              92464647758375,
              92464647768166,
              92464648169875,
              92464644634833
            ],
            "on_gpu_ticks": [
              92464652058291,
              92464652070250,
              92464652527333,
              92464641074750
            ],
            "wall_render_completion_increment_ms": 0.6197912693023682
          },
          {
            "frame": 231,
            "off_gpu_ms": null,
            "on_gpu_ms": null,
            "gpu_increment_ms": null,
            "off_gpu_ticks": [
              92464661358750,
              92464661440875,
              92464662326916,
              92464649646000
            ],
            "on_gpu_ticks": [
              92464657338333,
              92464657348916,
              92464657811000,
              92464654905666
            ],
            "wall_render_completion_increment_ms": 0.26945924758911133
          },
          {
            "frame": 232,
            "off_gpu_ms": null,
            "on_gpu_ms": null,
            "gpu_increment_ms": null,
            "off_gpu_ticks": [
              92464666495416,
              92464666514333,
              92464666875833,
              92464663694583
            ],
            "on_gpu_ticks": [
              92464670151166,
              92464670364583,
              92464670774291,
              92464659720083
            ],
            "wall_render_completion_increment_ms": 0.03941679000854492
          },
          {
            "frame": 233,
            "off_gpu_ms": null,
            "on_gpu_ms": null,
            "gpu_increment_ms": null,
            "off_gpu_ticks": [
              92464680718500,
              92464680728625,
              92464681086041,
              92464668402750
            ],
            "on_gpu_ticks": [
              92464675637333,
              92464675649791,
              92464676063458,
              92464672610916
            ],
            "wall_render_completion_increment_ms": 1.4832100868225098
          },
          {
            "frame": 234,
            "off_gpu_ms": null,
            "on_gpu_ms": null,
            "gpu_increment_ms": null,
            "off_gpu_ticks": [
              92464685890458,
              92464685933666,
              92464688105833,
              92464682558166
            ],
            "on_gpu_ticks": [
              92464689706750,
              92464689716875,
              92464691863166,
              92464678531666
            ],
            "wall_render_completion_increment_ms": -0.2866668701171875
          },
          {
            "frame": 235,
            "off_gpu_ms": null,
            "on_gpu_ms": null,
            "gpu_increment_ms": null,
            "off_gpu_ticks": [
              92464700116833,
              92464700129500,
              92464700446625,
              92464688336666
            ],
            "on_gpu_ticks": [
              92464694665666,
              92464694675333,
              92464696063666,
              92464692102416
            ],
            "wall_render_completion_increment_ms": 1.3913753032684326
          },
          {
            "frame": 236,
            "off_gpu_ms": null,
            "on_gpu_ms": null,
            "gpu_increment_ms": null,
            "off_gpu_ticks": [
              92464704747000,
              92464704757041,
              92464705242500,
              92464702124625
            ],
            "on_gpu_ticks": [
              92464709206291,
              92464709219666,
              92464709692500,
              92464697630583
            ],
            "wall_render_completion_increment_ms": 1.469249963760376
          },
          {
            "frame": 237,
            "off_gpu_ms": null,
            "on_gpu_ms": null,
            "gpu_increment_ms": null,
            "off_gpu_ticks": [
              92464719054125,
              92464719064375,
              92464720720833,
              92464706558375
            ],
            "on_gpu_ticks": [
              92464715175875,
              92464715186041,
              92464715730000,
              92464712369916
            ],
            "wall_render_completion_increment_ms": 0.10833334922790527
          },
          {
            "frame": 238,
            "off_gpu_ms": null,
            "on_gpu_ms": null,
            "gpu_increment_ms": null,
            "off_gpu_ticks": [
              92464724052708,
              92464724064166,
              92464724533416,
              92464721707083
            ],
            "on_gpu_ticks": [
              92464728059166,
              92464728070666,
              92464728596250,
              92464717628125
            ],
            "wall_render_completion_increment_ms": -0.0018329620361328125
          },
          {
            "frame": 239,
            "off_gpu_ms": null,
            "on_gpu_ms": null,
            "gpu_increment_ms": null,
            "off_gpu_ticks": [
              92464738797750,
              92464738809166,
              92464739296666,
              92464726871875
            ],
            "on_gpu_ticks": [
              92464733542333,
              92464733555833,
              92464734040833,
              92464730535791
            ],
            "wall_render_completion_increment_ms": 1.5311274528503418
          },
          {
            "frame": 240,
            "off_gpu_ms": null,
            "on_gpu_ms": null,
            "gpu_increment_ms": null,
            "off_gpu_ticks": [
              92464744106708,
              92464744120125,
              92464744468416,
              92464740816583
            ],
            "on_gpu_ticks": [
              92464749806500,
              92464749820583,
              92464750343166,
              92464736090041
            ],
            "wall_render_completion_increment_ms": 0.21508312225341797
          },
          {
            "frame": 241,
            "off_gpu_ms": null,
            "on_gpu_ms": null,
            "gpu_increment_ms": null,
            "off_gpu_ticks": [
              92464761511375,
              92464761523208,
              92464761934208,
              92464746789125
            ],
            "on_gpu_ticks": [
              92464756295916,
              92464756308708,
              92464756750458,
              92464753241750
            ],
            "wall_render_completion_increment_ms": 1.5236661434173584
          },
          {
            "frame": 242,
            "off_gpu_ms": null,
            "on_gpu_ms": null,
            "gpu_increment_ms": null,
            "off_gpu_ticks": [
              92464766875750,
              92464766889416,
              92464769436583,
              92464763744791
            ],
            "on_gpu_ticks": [
              92464772224041,
              92464772237666,
              92464774917625,
              92464758942041
            ],
            "wall_render_completion_increment_ms": 0.32108306884765625
          },
          {
            "frame": 243,
            "off_gpu_ms": null,
            "on_gpu_ms": null,
            "gpu_increment_ms": null,
            "off_gpu_ticks": [
              92464782723625,
              92464782736750,
              92464783301875,
              92464769720625
            ],
            "on_gpu_ticks": [
              92464778820166,
              92464778832958,
              92464781261583,
              92464775264708
            ],
            "wall_render_completion_increment_ms": 0.09250116348266602
          },
          {
            "frame": 244,
            "off_gpu_ms": null,
            "on_gpu_ms": null,
            "gpu_increment_ms": null,
            "off_gpu_ticks": [
              92464787845750,
              92464787873958,
              92464788272791,
              92464785415541
            ],
            "on_gpu_ticks": [
              92464791593666,
              92464791606958,
              92464792223291,
              92464781533291
            ],
            "wall_render_completion_increment_ms": 1.5744168758392334
          },
          {
            "frame": 245,
            "off_gpu_ms": null,
            "on_gpu_ms": null,
            "gpu_increment_ms": null,
            "off_gpu_ticks": [
              92464803299708,
              92464803315291,
              92464803848041,
              92464790168583
            ],
            "on_gpu_ticks": [
              92464798356625,
              92464798370541,
              92464798926458,
              92464795318458
            ],
            "wall_render_completion_increment_ms": 1.526792287826538
          },
          {
            "frame": 246,
            "off_gpu_ms": null,
            "on_gpu_ms": null,
            "gpu_increment_ms": null,
            "off_gpu_ticks": [
              92464808333291,
              92464808346250,
              92464808896875,
              92464805784875
            ],
            "on_gpu_ticks": [
              92464812258166,
              92464812271958,
              92464812888125,
              92464801683791
            ],
            "wall_render_completion_increment_ms": 1.1674575805664062
          },
          {
            "frame": 247,
            "off_gpu_ms": null,
            "on_gpu_ms": null,
            "gpu_increment_ms": null,
            "off_gpu_ticks": [
              92464823885375,
              92464823899125,
              92464824663250,
              92464811103833
            ],
            "on_gpu_ticks": [
              92464818659166,
              92464818674708,
              92464820652666,
              92464815528625
            ],
            "wall_render_completion_increment_ms": -0.021957874298095703
          },
          {
            "frame": 248,
            "off_gpu_ms": null,
            "on_gpu_ms": null,
            "gpu_increment_ms": null,
            "off_gpu_ticks": [
              92464830790041,
              92464830806500,
              92464831258708,
              92464826933666
            ],
            "on_gpu_ticks": [
              92464836118625,
              92464836134666,
              92464836748916,
              92464822707958
            ],
            "wall_render_completion_increment_ms": -0.06587553024291992
          },
          {
            "frame": 249,
            "off_gpu_ms": null,
            "on_gpu_ms": null,
            "gpu_increment_ms": null,
            "off_gpu_ticks": [
              92464847396166,
              92464847410375,
              92464847969250,
              92464833518208
            ],
            "on_gpu_ticks": [
              92464842514625,
              92464842530458,
              92464843138708,
              92464839522916
            ],
            "wall_render_completion_increment_ms": 1.5586237907409668
          },
          {
            "frame": 250,
            "off_gpu_ms": null,
            "on_gpu_ms": null,
            "gpu_increment_ms": null,
            "off_gpu_ticks": [
              92464852564250,
              92464852580916,
              92464854936041,
              92464850132458
            ],
            "on_gpu_ticks": [
              92464857994083,
              92464858010500,
              92464858610250,
              92464845918791
            ],
            "wall_render_completion_increment_ms": 0.0874171257019043
          },
          {
            "frame": 251,
            "off_gpu_ms": null,
            "on_gpu_ms": null,
            "gpu_increment_ms": null,
            "off_gpu_ticks": [
              92464868853625,
              92464868867875,
              92464869401208,
              92464855289916
            ],
            "on_gpu_ticks": [
              92464864392958,
              92464864408541,
              92464866727000,
              92464861662750
            ],
            "wall_render_completion_increment_ms": 1.0551257133483887
          },
          {
            "frame": 252,
            "off_gpu_ms": null,
            "on_gpu_ms": null,
            "gpu_increment_ms": null,
            "off_gpu_ticks": [
              92464874147125,
              92464874163750,
              92464874595875,
              92464871557333
            ],
            "on_gpu_ticks": [
              92464879524375,
              92464879541041,
              92464880161000,
              92464867773791
            ],
            "wall_render_completion_increment_ms": 0.07608366012573242
          },
          {
            "frame": 253,
            "off_gpu_ms": null,
            "on_gpu_ms": null,
            "gpu_increment_ms": null,
            "off_gpu_ticks": [
              92464890949125,
              92464890964041,
              92464891589333,
              92464876862583
            ],
            "on_gpu_ticks": [
              92464885769833,
              92464885797291,
              92464886416083,
              92464883093458
            ],
            "wall_render_completion_increment_ms": 0.029750347137451172
          },
          {
            "frame": 254,
            "off_gpu_ms": null,
            "on_gpu_ms": null,
            "gpu_increment_ms": null,
            "off_gpu_ticks": [
              92464897732750,
              92464897749041,
              92464898169125,
              92464894012291
            ],
            "on_gpu_ticks": [
              92464902804750,
              92464902839541,
              92464903420625,
              92464889194750
            ],
            "wall_render_completion_increment_ms": 0.11116743087768555
          },
          {
            "frame": 255,
            "off_gpu_ms": null,
            "on_gpu_ms": null,
            "gpu_increment_ms": null,
            "off_gpu_ticks": [
              92464916216791,
              92464916231750,
              92464916712250,
              92464900451291
            ],
            "on_gpu_ticks": [
              92464909619708,
              92464909635958,
              92464910245083,
              92464906218791
            ],
            "wall_render_completion_increment_ms": 1.4967093467712402
          },
          {
            "frame": 256,
            "off_gpu_ms": null,
            "on_gpu_ms": null,
            "gpu_increment_ms": null,
            "off_gpu_ticks": [
              92464922714291,
              92464922730958,
              92464923161125,
              92464919826166
            ],
            "on_gpu_ticks": [
              92464928302291,
              92464928317041,
              92464931397041,
              92464913877708
            ],
            "wall_render_completion_increment_ms": -0.26216554641723633
          },
          {
            "frame": 257,
            "off_gpu_ms": null,
            "on_gpu_ms": null,
            "gpu_increment_ms": null,
            "off_gpu_ticks": [
              92464941804291,
              92464941821000,
              92464942248541,
              92464925925541
            ],
            "on_gpu_ticks": [
              92464934826583,
              92464934842375,
              92464938605041,
              92464931726666
            ],
            "wall_render_completion_increment_ms": 1.5092501640319824
          },
          {
            "frame": 258,
            "off_gpu_ms": null,
            "on_gpu_ms": null,
            "gpu_increment_ms": null,
            "off_gpu_ticks": [
              92464947762916,
              92464947774666,
              92464949948500,
              92464945335916
            ],
            "on_gpu_ticks": [
              92464951665583,
              92464951680083,
              92464953840291,
              92464938875916
            ],
            "wall_render_completion_increment_ms": 1.5094575881958008
          },
          {
            "frame": 259,
            "off_gpu_ms": null,
            "on_gpu_ms": null,
            "gpu_increment_ms": null,
            "off_gpu_ticks": [
              92464965651625,
              92464965667916,
              92464966090500,
              92464950286333
            ],
            "on_gpu_ticks": [
              92464958679625,
              92464958695625,
              92464959278583,
              92464955691541
            ],
            "wall_render_completion_increment_ms": 1.5714993476867676
          },
          {
            "frame": 260,
            "off_gpu_ms": null,
            "on_gpu_ms": null,
            "gpu_increment_ms": null,
            "off_gpu_ticks": [
              92464971795583,
              92464971808000,
              92464972310666,
              92464968354500
            ],
            "on_gpu_ticks": [
              92464975585791,
              92464975599833,
              92464976219958,
              92464962812500
            ],
            "wall_render_completion_increment_ms": 1.4354174137115479
          },
          {
            "frame": 261,
            "off_gpu_ms": null,
            "on_gpu_ms": null,
            "gpu_increment_ms": null,
            "off_gpu_ticks": [
              92464988841250,
              92464988856625,
              92464989488791,
              92464974049250
            ],
            "on_gpu_ticks": [
              92464982461500,
              92464982477875,
              92464983054708,
              92464979824458
            ],
            "wall_render_completion_increment_ms": 2.7932074069976807
          },
          {
            "frame": 262,
            "off_gpu_ms": null,
            "on_gpu_ms": null,
            "gpu_increment_ms": null,
            "off_gpu_ticks": [
              92464994094541,
              92464994113083,
              92464995979750,
              92464991519458
            ],
            "on_gpu_ticks": [
              92464999147000,
              92464999160041,
              92464999780500,
              92464985975250
            ],
            "wall_render_completion_increment_ms": 1.4657492637634277
          },
          {
            "frame": 263,
            "off_gpu_ms": null,
            "on_gpu_ms": null,
            "gpu_increment_ms": null,
            "off_gpu_ticks": [
              92465013919375,
              92465013933875,
              92465014546500,
              92464997699041
            ],
            "on_gpu_ticks": [
              92465007430916,
              92465007447375,
              92465008051416,
              92465002743333
            ],
            "wall_render_completion_increment_ms": 1.9563751220703125
          },
          {
            "frame": 264,
            "off_gpu_ms": null,
            "on_gpu_ms": null,
            "gpu_increment_ms": null,
            "off_gpu_ticks": [
              92465019917541,
              92465020124791,
              92465020655291,
              92465016662458
            ],
            "on_gpu_ticks": [
              92465025594625,
              92465025610708,
              92465028819041,
              92465011738583
            ],
            "wall_render_completion_increment_ms": 1.8213329315185547
          },
          {
            "frame": 265,
            "off_gpu_ms": null,
            "on_gpu_ms": null,
            "gpu_increment_ms": null,
            "off_gpu_ticks": [
              92465040173125,
              92465040200458,
              92465040733833,
              92465022872250
            ],
            "on_gpu_ticks": [
              92465033467708,
              92465033487375,
              92465037310458,
              92465029895958
            ],
            "wall_render_completion_increment_ms": 1.424166202545166
          },
          {
            "frame": 266,
            "off_gpu_ms": null,
            "on_gpu_ms": null,
            "gpu_increment_ms": null,
            "off_gpu_ticks": [
              92465046521000,
              92465046534708,
              92465047196333,
              92465043375125
            ],
            "on_gpu_ticks": [
              92465052343375,
              92465052362291,
              92465053879166,
              92465037646541
            ],
            "wall_render_completion_increment_ms": 1.524083137512207
          },
          {
            "frame": 267,
            "off_gpu_ms": null,
            "on_gpu_ms": null,
            "gpu_increment_ms": null,
            "off_gpu_ticks": [
              92465067323416,
              92465067344208,
              92465068004666,
              92465049403166
            ],
            "on_gpu_ticks": [
              92465060298916,
              92465060314833,
              92465062258416,
              92465056714666
            ],
            "wall_render_completion_increment_ms": 1.4906234741210938
          },
          {
            "frame": 268,
            "off_gpu_ms": null,
            "on_gpu_ms": null,
            "gpu_increment_ms": null,
            "off_gpu_ticks": [
              92465073480458,
              92465073495208,
              92465074247333,
              92465070976166
            ],
            "on_gpu_ticks": [
              92465079104750,
              92465079120875,
              92465079748666,
              92465064527416
            ],
            "wall_render_completion_increment_ms": 0.13004159927368164
          },
          {
            "frame": 269,
            "off_gpu_ms": null,
            "on_gpu_ms": null,
            "gpu_increment_ms": null,
            "off_gpu_ticks": [
              92465092935166,
              92465092957208,
              92465093396333,
              92465076853416
            ],
            "on_gpu_ticks": [
              92465086014291,
              92465086030166,
              92465086612375,
              92465082802541
            ],
            "wall_render_completion_increment_ms": 1.5200858116149902
          },
          {
            "frame": 270,
            "off_gpu_ms": null,
            "on_gpu_ms": null,
            "gpu_increment_ms": null,
            "off_gpu_ticks": [
              92465099562375,
              92465099583041,
              92465100100708,
              92465095701041
            ],
            "on_gpu_ticks": [
              92465104541583,
              92465104739291,
              92465108278333,
              92465090438500
            ],
            "wall_render_completion_increment_ms": 0.06429195404052734
          },
          {
            "frame": 271,
            "off_gpu_ms": null,
            "on_gpu_ms": null,
            "gpu_increment_ms": null,
            "off_gpu_ticks": [
              92465116641125,
              92465116658083,
              92465117258333,
              92465102400333
            ],
            "on_gpu_ticks": [
              92465111561791,
              92465111577583,
              92465112190083,
              92465108645541
            ],
            "wall_render_completion_increment_ms": 1.6130006313323975
          },
          {
            "frame": 272,
            "off_gpu_ms": null,
            "on_gpu_ms": null,
            "gpu_increment_ms": null,
            "off_gpu_ticks": [
              92465121675416,
              92465121690250,
              92465122334500,
              92465119414208
            ],
            "on_gpu_ticks": [
              92465127620583,
              92465127650458,
              92465129279000,
              92465115040833
            ],
            "wall_render_completion_increment_ms": 1.1802492141723633
          },
          {
            "frame": 273,
            "off_gpu_ms": null,
            "on_gpu_ms": null,
            "gpu_increment_ms": null,
            "off_gpu_ticks": [
              92465142403625,
              92465142419666,
              92465142919208,
              92465124780500
            ],
            "on_gpu_ticks": [
              92465135349625,
              92465135365250,
              92465136073250,
              92465132277208
            ],
            "wall_render_completion_increment_ms": 1.5209999084472656
          },
          {
            "frame": 274,
            "off_gpu_ms": null,
            "on_gpu_ms": null,
            "gpu_increment_ms": null,
            "off_gpu_ticks": [
              92465148720000,
              92465148736125,
              92465149444166,
              92465146056541
            ],
            "on_gpu_ticks": [
              92465154186875,
              92465154201833,
              92465154828000,
              92465139821041
            ],
            "wall_render_completion_increment_ms": -0.0006260871887207031
          },
          {
            "frame": 275,
            "off_gpu_ms": null,
            "on_gpu_ms": null,
            "gpu_increment_ms": null,
            "off_gpu_ticks": [
              92465166445875,
              92465166459458,
              92465167153958,
              92465151787916
            ],
            "on_gpu_ticks": [
              92465160949583,
              92465160991500,
              92465162657500,
              92465157723125
            ],
            "wall_render_completion_increment_ms": 0.09195947647094727
          },
          {
            "frame": 276,
            "off_gpu_ms": null,
            "on_gpu_ms": null,
            "gpu_increment_ms": null,
            "off_gpu_ticks": [
              92465173275916,
              92465173288958,
              92465173833000,
              92465170056666
            ],
            "on_gpu_ticks": [
              92465177253708,
              92465177267875,
              92465179199166,
              92465164902041
            ],
            "wall_render_completion_increment_ms": 1.2779581546783447
          },
          {
            "frame": 277,
            "off_gpu_ms": null,
            "on_gpu_ms": null,
            "gpu_increment_ms": null,
            "off_gpu_ticks": [
              92465189429250,
              92465189440458,
              92465189983958,
              92465175910125
            ],
            "on_gpu_ticks": [
              92465184282958,
              92465184299166,
              92465184879875,
              92465181068375
            ],
            "wall_render_completion_increment_ms": 1.516416072845459
          },
          {
            "frame": 278,
            "off_gpu_ms": null,
            "on_gpu_ms": null,
            "gpu_increment_ms": null,
            "off_gpu_ticks": [
              92465194896875,
              92465194920333,
              92465196397833,
              92465191938583
            ],
            "on_gpu_ticks": [
              92465200611250,
              92465200628041,
              92465204249791,
              92465188073791
            ],
            "wall_render_completion_increment_ms": 1.649958610534668
          },
          {
            "frame": 279,
            "off_gpu_ms": null,
            "on_gpu_ms": null,
            "gpu_increment_ms": null,
            "off_gpu_ticks": [
              92465215542416,
              92465215554833,
              92465216163375,
              92465197906958
            ],
            "on_gpu_ticks": [
              92465208778416,
              92465208794916,
              92465212399333,
              92465204531666
            ],
            "wall_render_completion_increment_ms": 3.051708698272705
          },
          {
            "frame": 280,
            "off_gpu_ms": null,
            "on_gpu_ms": null,
            "gpu_increment_ms": null,
            "off_gpu_ticks": [
              92465220682583,
              92465220694416,
              92465221211041,
              92465218260500
            ],
            "on_gpu_ticks": [
              92465225190541,
              92465225211375,
              92465225826125,
              92465212671208
            ],
            "wall_render_completion_increment_ms": 1.6625425815582275
          },
          {
            "frame": 281,
            "off_gpu_ms": null,
            "on_gpu_ms": null,
            "gpu_increment_ms": null,
            "off_gpu_ticks": [
              92465237658708,
              92465237672000,
              92465238056791,
              92465223039000
            ],
            "on_gpu_ticks": [
              92465231696916,
              92465231708666,
              92465232331375,
              92465229109458
            ],
            "wall_render_completion_increment_ms": 1.7252488136291504
          },
          {
            "frame": 282,
            "off_gpu_ms": null,
            "on_gpu_ms": null,
            "gpu_increment_ms": null,
            "off_gpu_ticks": [
              92465242812833,
              92465242829291,
              92465243259583,
              92465239952458
            ],
            "on_gpu_ticks": [
              92465248083250,
              92465248095875,
              92465248644875,
              92465235040416
            ],
            "wall_render_completion_increment_ms": 0.1964578628540039
          },
          {
            "frame": 283,
            "off_gpu_ms": null,
            "on_gpu_ms": null,
            "gpu_increment_ms": null,
            "off_gpu_ticks": [
              92465260636958,
              92465260656458,
              92465262072875,
              92465245993708
            ],
            "on_gpu_ticks": [
              92465254785000,
              92465254797125,
              92465255348500,
              92465251411458
            ],
            "wall_render_completion_increment_ms": -0.16345739364624023
          },
          {
            "frame": 284,
            "off_gpu_ms": null,
            "on_gpu_ms": null,
            "gpu_increment_ms": null,
            "off_gpu_ticks": [
              92465267157583,
              92465267173750,
              92465267792333,
              92465263721708
            ],
            "on_gpu_ticks": [
              92465272739583,
              92465272753333,
              92465273263083,
              92465257754291
            ],
            "wall_render_completion_increment_ms": -0.1550002098083496
          },
          {
            "frame": 285,
            "off_gpu_ms": null,
            "on_gpu_ms": null,
            "gpu_increment_ms": null,
            "off_gpu_ticks": [
              92465284574000,
              92465284590041,
              92465285028416,
              92465270510958
            ],
            "on_gpu_ticks": [
              92465279143625,
              92465279157291,
              92465279657041,
              92465275920333
            ],
            "wall_render_completion_increment_ms": 0.1530003547668457
          },
          {
            "frame": 286,
            "off_gpu_ms": null,
            "on_gpu_ms": null,
            "gpu_increment_ms": null,
            "off_gpu_ticks": [
              92465291022791,
              92465291039083,
              92465291442166,
              92465287075208
            ],
            "on_gpu_ticks": [
              92465296322458,
              92465296336083,
              92465296842125,
              92465281876958
            ],
            "wall_render_completion_increment_ms": 0.03175020217895508
          },
          {
            "frame": 287,
            "off_gpu_ms": null,
            "on_gpu_ms": null,
            "gpu_increment_ms": null,
            "off_gpu_ticks": [
              92465308226750,
              92465308243791,
              92465308722791,
              92465294046875
            ],
            "on_gpu_ticks": [
              92465302839166,
              92465302855625,
              92465305304875,
              92465299083333
            ],
            "wall_render_completion_increment_ms": 0.02608346939086914
          },
          {
            "frame": 288,
            "off_gpu_ms": null,
            "on_gpu_ms": null,
            "gpu_increment_ms": null,
            "off_gpu_ticks": [
              92465314508041,
              92465314522291,
              92465314853125,
              92465310971833
            ],
            "on_gpu_ticks": [
              92465319972166,
              92465319985791,
              92465320488833,
              92465305598666
            ],
            "wall_render_completion_increment_ms": 0.09595823287963867
          },
          {
            "frame": 289,
            "off_gpu_ms": null,
            "on_gpu_ms": null,
            "gpu_increment_ms": null,
            "off_gpu_ticks": [
              92465331368916,
              92465331381208,
              92465331845541,
              92465316976833
            ],
            "on_gpu_ticks": [
              92465326438625,
              92465326454500,
              92465327365416,
              92465322756416
            ],
            "wall_render_completion_increment_ms": 1.5719590187072754
          },
          {
            "frame": 290,
            "off_gpu_ms": null,
            "on_gpu_ms": null,
            "gpu_increment_ms": null,
            "off_gpu_ticks": [
              92465336656541,
              92465336670666,
              92465336987583,
              92465333917708
            ],
            "on_gpu_ticks": [
              92465340182958,
              92465340195416,
              92465340794875,
              92465329683041
            ],
            "wall_render_completion_increment_ms": 1.3305013179779053
          },
          {
            "frame": 291,
            "off_gpu_ms": null,
            "on_gpu_ms": null,
            "gpu_increment_ms": null,
            "off_gpu_ticks": [
              92465351018416,
              92465351032750,
              92465351691041,
              92465338850500
            ],
            "on_gpu_ticks": [
              92465346795833,
              92465346809500,
              92465347304208,
              92465343566250
            ],
            "wall_render_completion_increment_ms": 0.7678749561309814
          },
          {
            "frame": 292,
            "off_gpu_ms": 2.5324161052703857,
            "on_gpu_ms": null,
            "gpu_increment_ms": null,
            "off_gpu_ticks": [
              92465355967750,
              92465355978791,
              92465357001291,
              92465358500166
            ],
            "on_gpu_ticks": [
              92465361537791,
              92465361551291,
              92465364071291,
              92465349705166
            ],
            "wall_render_completion_increment_ms": 0.09645843505859375
          },
          {
            "frame": 293,
            "off_gpu_ms": null,
            "on_gpu_ms": null,
            "gpu_increment_ms": null,
            "off_gpu_ticks": [
              92465371819833,
              92465371831916,
              92465372289416,
              92465358500166
            ],
            "on_gpu_ticks": [
              92465367586208,
              92465367602666,
              92465368201958,
              92465364343041
            ],
            "wall_render_completion_increment_ms": 0.8510003089904785
          },
          {
            "frame": 294,
            "off_gpu_ms": null,
            "on_gpu_ms": null,
            "gpu_increment_ms": null,
            "off_gpu_ticks": [
              92465377131666,
              92465377147916,
              92465377495708,
              92465374088250
            ],
            "on_gpu_ticks": [
              92465380634458,
              92465380646500,
              92465381140791,
              92465370679375
            ],
            "wall_render_completion_increment_ms": 1.0567913055419922
          },
          {
            "frame": 295,
            "off_gpu_ms": null,
            "on_gpu_ms": null,
            "gpu_increment_ms": null,
            "off_gpu_ticks": [
              92465392360083,
              92465392374833,
              92465392965750,
              92465379435125
            ],
            "on_gpu_ticks": [
              92465387130541,
              92465387143666,
              92465387616791,
              92465383666833
            ],
            "wall_render_completion_increment_ms": 1.4663338661193848
          },
          {
            "frame": 296,
            "off_gpu_ms": null,
            "on_gpu_ms": null,
            "gpu_increment_ms": null,
            "off_gpu_ticks": [
              92465397589208,
              92465397603208,
              92465397925666,
              92465394964833
            ],
            "on_gpu_ticks": [
              92465402876500,
              92465402888750,
              92465403417333,
              92465389836083
            ],
            "wall_render_completion_increment_ms": -0.14949893951416016
          },
          {
            "frame": 297,
            "off_gpu_ms": null,
            "on_gpu_ms": null,
            "gpu_increment_ms": null,
            "off_gpu_ticks": [
              92465414449125,
              92465414460708,
              92465415029916,
              92465400039333
            ],
            "on_gpu_ticks": [
              92465409432916,
              92465409448750,
              92465410043333,
              92465405663875
            ],
            "wall_render_completion_increment_ms": 1.4985830783843994
          },
          {
            "frame": 298,
            "off_gpu_ms": null,
            "on_gpu_ms": null,
            "gpu_increment_ms": null,
            "off_gpu_ticks": [
              92465419448750,
              92465419463250,
              92465420085958,
              92465416934833
            ],
            "on_gpu_ticks": [
              92465423456791,
              92465423468958,
              92465424112125,
              92465413147625
            ],
            "wall_render_completion_increment_ms": 1.5802924633026123
          },
          {
            "frame": 299,
            "off_gpu_ms": null,
            "on_gpu_ms": null,
            "gpu_increment_ms": null,
            "off_gpu_ticks": [
              92465435821416,
              92465435850500,
              92465437229250,
              92465421834666
            ],
            "on_gpu_ticks": [
              92465430111208,
              92465430129125,
              92465430630625,
              92465426811500
            ],
            "wall_render_completion_increment_ms": -0.007082939147949219
          },
          {
            "frame": 300,
            "off_gpu_ms": null,
            "on_gpu_ms": null,
            "gpu_increment_ms": null,
            "off_gpu_ticks": [
              92465442267500,
              92465442284166,
              92465442938125,
              92465439099208
            ],
            "on_gpu_ticks": [
              92465447307333,
              92465447319666,
              92465449922791,
              92465433041041
            ],
            "wall_render_completion_increment_ms": 0.3122086524963379
          },
          {
            "frame": 301,
            "off_gpu_ms": null,
            "on_gpu_ms": null,
            "gpu_increment_ms": null,
            "off_gpu_ticks": [
              92465459597000,
              92465459613166,
              92465460086250,
              92465445749250
            ],
            "on_gpu_ticks": [
              92465453709208,
              92465453724333,
              92465456448000,
              92465450370458
            ],
            "wall_render_completion_increment_ms": 0.04845857620239258
          },
          {
            "frame": 302,
            "off_gpu_ms": null,
            "on_gpu_ms": null,
            "gpu_increment_ms": null,
            "off_gpu_ticks": [
              92465466058500,
              92465466074916,
              92465466450791,
              92465463203208
            ],
            "on_gpu_ticks": [
              92465470601041,
              92465470615416,
              92465471228125,
              92465456719041
            ],
            "wall_render_completion_increment_ms": 0.4101243019104004
          },
          {
            "frame": 303,
            "off_gpu_ms": null,
            "on_gpu_ms": null,
            "gpu_increment_ms": null,
            "off_gpu_ticks": [
              92465484401833,
              92465484417791,
              92465484846833,
              92465469012375
            ],
            "on_gpu_ticks": [
              92465477471125,
              92465477489791,
              92465479453000,
              92465473847541
            ],
            "wall_render_completion_increment_ms": 1.5368762016296387
          },
          {
            "frame": 304,
            "off_gpu_ms": null,
            "on_gpu_ms": null,
            "gpu_increment_ms": null,
            "off_gpu_ticks": [
              92465490812791,
              92465490829375,
              92465491264083,
              92465487977166
            ],
            "on_gpu_ticks": [
              92465495694833,
              92465495709125,
              92465496375041,
              92465481385416
            ],
            "wall_render_completion_increment_ms": 0.275998592376709
          },
          {
            "frame": 305,
            "off_gpu_ms": null,
            "on_gpu_ms": null,
            "gpu_increment_ms": null,
            "off_gpu_ticks": [
              92465509331541,
              92465509347583,
              92465509803958,
              92465493533625
            ],
            "on_gpu_ticks": [
              92465502434833,
              92465502452750,
              92465503943000,
              92465498598541
            ],
            "wall_render_completion_increment_ms": 1.4160833358764648
          },
          {
            "frame": 306,
            "off_gpu_ms": null,
            "on_gpu_ms": null,
            "gpu_increment_ms": null,
            "off_gpu_ticks": [
              92465515822458,
              92465515838666,
              92465516209000,
              92465512875333
            ],
            "on_gpu_ticks": [
              92465520820458,
              92465520835916,
              92465521403000,
              92465506375833
            ],
            "wall_render_completion_increment_ms": 0.023250102996826172
          },
          {
            "frame": 307,
            "off_gpu_ms": null,
            "on_gpu_ms": null,
            "gpu_increment_ms": null,
            "off_gpu_ticks": [
              92465532762250,
              92465532774458,
              92465533360625,
              92465518529166
            ],
            "on_gpu_ticks": [
              92465527476083,
              92465527496250,
              92465531206083,
              92465523672625
            ],
            "wall_render_completion_increment_ms": 0.041500091552734375
          },
          {
            "frame": 308,
            "off_gpu_ms": null,
            "on_gpu_ms": null,
            "gpu_increment_ms": null,
            "off_gpu_ticks": [
              92465539124541,
              92465539136250,
              92465539665333,
              92465535723750
            ],
            "on_gpu_ticks": [
              92465543024250,
              92465543038666,
              92465546865083,
              92465531477833
            ],
            "wall_render_completion_increment_ms": 1.5330007076263428
          },
          {
            "frame": 309,
            "off_gpu_ms": null,
            "on_gpu_ms": null,
            "gpu_increment_ms": null,
            "off_gpu_ticks": [
              92465556303000,
              92465556314666,
              92465556881625,
              92465541517750
            ],
            "on_gpu_ticks": [
              92465549919125,
              92465549934666,
              92465550557416,
              92465547199458
            ],
            "wall_render_completion_increment_ms": 2.718956708908081
          },
          {
            "frame": 310,
            "off_gpu_ms": null,
            "on_gpu_ms": null,
            "gpu_increment_ms": null,
            "off_gpu_ticks": [
              92465561211208,
              92465561365666,
              92465561917541,
              92465558843333
            ],
            "on_gpu_ticks": [
              92465565371625,
              92465565383708,
              92465565982541,
              92465554121958
            ],
            "wall_render_completion_increment_ms": 1.1003742218017578
          },
          {
            "frame": 311,
            "off_gpu_ms": null,
            "on_gpu_ms": null,
            "gpu_increment_ms": null,
            "off_gpu_ticks": [
              92465577277833,
              92465577294583,
              92465577710958,
              92465563943125
            ],
            "on_gpu_ticks": [
              92465571451583,
              92465571467208,
              92465572010625,
              92465568750291
            ],
            "wall_render_completion_increment_ms": 0.038498878479003906
          },
          {
            "frame": 312,
            "off_gpu_ms": null,
            "on_gpu_ms": null,
            "gpu_increment_ms": null,
            "off_gpu_ticks": [
              92465583822333,
              92465583838833,
              92465584210291,
              92465579947708
            ],
            "on_gpu_ticks": [
              92465589014666,
              92465589026166,
              92465589589916,
              92465574531416
            ],
            "wall_render_completion_increment_ms": 0.19904184341430664
          },
          {
            "frame": 313,
            "off_gpu_ms": null,
            "on_gpu_ms": null,
            "gpu_increment_ms": null,
            "off_gpu_ticks": [
              92465601461250,
              92465601477583,
              92465601916083,
              92465586547583
            ],
            "on_gpu_ticks": [
              92465595933375,
              92465595949291,
              92465596447458,
              92465592200541
            ],
            "wall_render_completion_increment_ms": 0.035250186920166016
          },
          {
            "frame": 314,
            "off_gpu_ms": null,
            "on_gpu_ms": null,
            "gpu_increment_ms": null,
            "off_gpu_ticks": [
              92465607451791,
              92465607465541,
              92465608002458,
              92465604946708
            ],
            "on_gpu_ticks": [
              92465611375416,
              92465611482041,
              92465612788125,
              92465598830833
            ],
            "wall_render_completion_increment_ms": 1.5114591121673584
          },
          {
            "frame": 315,
            "off_gpu_ms": null,
            "on_gpu_ms": null,
            "gpu_increment_ms": null,
            "off_gpu_ticks": [
              92465623718666,
              92465623732250,
              92465624308666,
              92465610153708
            ],
            "on_gpu_ticks": [
              92465618327500,
              92465618343708,
              92465621660125,
              92465615074083
            ],
            "wall_render_completion_increment_ms": 1.318958044052124
          },
          {
            "frame": 316,
            "off_gpu_ms": null,
            "on_gpu_ms": null,
            "gpu_increment_ms": null,
            "off_gpu_ticks": [
              92465629061000,
              92465629074916,
              92465629560083,
              92465626413541
            ],
            "on_gpu_ticks": [
              92465632718833,
              92465632732083,
              92465633324666,
              92465621936166
            ],
            "wall_render_completion_increment_ms": 1.5157084465026855
          },
          {
            "frame": 317,
            "off_gpu_ms": null,
            "on_gpu_ms": null,
            "gpu_increment_ms": null,
            "off_gpu_ticks": [
              92465644913375,
              92465645020625,
              92465645514041,
              92465631445750
            ],
            "on_gpu_ticks": [
              92465639298458,
              92465639310708,
              92465639857833,
              92465635820083
            ],
            "wall_render_completion_increment_ms": 1.4617493152618408
          },
          {
            "frame": 318,
            "off_gpu_ms": null,
            "on_gpu_ms": null,
            "gpu_increment_ms": null,
            "off_gpu_ticks": [
              92465650400541,
              92465650417000,
              92465650850291,
              92465647261875
            ],
            "on_gpu_ticks": [
              92465655441791,
              92465655453125,
              92465655942041,
              92465642473125
            ],
            "wall_render_completion_increment_ms": 0.3935413360595703
          },
          {
            "frame": 319,
            "off_gpu_ms": null,
            "on_gpu_ms": null,
            "gpu_increment_ms": null,
            "off_gpu_ticks": [
              92465668040041,
              92465668056000,
              92465668521083,
              92465653576250
            ],
            "on_gpu_ticks": [
              92465662167416,
              92465662393541,
              92465662899375,
              92465658569583
            ],
            "wall_render_completion_increment_ms": 0.1036672592163086
          },
          {
            "frame": 320,
            "off_gpu_ms": null,
            "on_gpu_ms": null,
            "gpu_increment_ms": null,
            "off_gpu_ticks": [
              92465674612041,
              92465674628458,
              92465675037666,
              92465671029083
            ],
            "on_gpu_ticks": [
              92465679637458,
              92465679649250,
              92465680274583,
              92465665234291
            ],
            "wall_render_completion_increment_ms": -0.5298328399658203
          },
          {
            "frame": 321,
            "off_gpu_ms": null,
            "on_gpu_ms": null,
            "gpu_increment_ms": null,
            "off_gpu_ticks": [
              92465691157583,
              92465691171333,
              92465691720250,
              92465677188958
            ],
            "on_gpu_ticks": [
              92465686031291,
              92465686053750,
              92465687333916,
              92465682619250
            ],
            "wall_render_completion_increment_ms": -0.036042213439941406
          },
          {
            "frame": 322,
            "off_gpu_ms": null,
            "on_gpu_ms": null,
            "gpu_increment_ms": null,
            "off_gpu_ticks": [
              92465697898750,
              92465697912958,
              92465698273791,
              92465694541291
            ],
            "on_gpu_ticks": [
              92465701684083,
              92465701695666,
              92465704844625,
              92465689660958
            ],
            "wall_render_completion_increment_ms": 1.6945421695709229
          },
          {
            "frame": 323,
            "off_gpu_ms": null,
            "on_gpu_ms": null,
            "gpu_increment_ms": null,
            "off_gpu_ticks": [
              92465714029458,
              92465714041875,
              92465714586416,
              92465700404375
            ],
            "on_gpu_ticks": [
              92465708778958,
              92465708795041,
              92465709468041,
              92465705115583
            ],
            "wall_render_completion_increment_ms": 1.9137918949127197
          },
          {
            "frame": 324,
            "off_gpu_ms": null,
            "on_gpu_ms": null,
            "gpu_increment_ms": null,
            "off_gpu_ticks": [
              92465718767583,
              92465719218958,
              92465719764250,
              92465716417583
            ],
            "on_gpu_ticks": [
              92465722977708,
              92465722988750,
              92465723468166,
              92465712566791
            ],
            "wall_render_completion_increment_ms": 1.6086235046386719
          },
          {
            "frame": 325,
            "off_gpu_ms": null,
            "on_gpu_ms": null,
            "gpu_increment_ms": null,
            "off_gpu_ticks": [
              92465735521083,
              92465735535416,
              92465735912916,
              92465721413208
            ],
            "on_gpu_ticks": [
              92465729927333,
              92465729941000,
              92465730449500,
              92465726977625
            ],
            "wall_render_completion_increment_ms": 0.0620417594909668
          },
          {
            "frame": 326,
            "off_gpu_ms": null,
            "on_gpu_ms": null,
            "gpu_increment_ms": null,
            "off_gpu_ticks": [
              92465742006916,
              92465742023500,
              92465742368666,
              92465738497000
            ],
            "on_gpu_ticks": [
              92465745737875,
              92465745749958,
              92465746254416,
              92465732930291
            ],
            "wall_render_completion_increment_ms": 0.1480424404144287
          },
          {
            "frame": 327,
            "off_gpu_ms": null,
            "on_gpu_ms": null,
            "gpu_increment_ms": null,
            "off_gpu_ticks": [
              92465756440208,
              92465756452333,
              92465756885833,
              92465744418666
            ],
            "on_gpu_ticks": [
              92465751213375,
              92465751229791,
              92465751778000,
              92465748539875
            ],
            "wall_render_completion_increment_ms": 0.26954078674316406
          },
          {
            "frame": 328,
            "off_gpu_ms": null,
            "on_gpu_ms": null,
            "gpu_increment_ms": null,
            "off_gpu_ticks": [
              92465762760750,
              92465762773541,
              92465763061541,
              92465759849041
            ],
            "on_gpu_ticks": [
              92465767203166,
              92465767219541,
              92465767802125,
              92465754674833
            ],
            "wall_render_completion_increment_ms": 2.5841238498687744
          },
          {
            "frame": 329,
            "off_gpu_ms": null,
            "on_gpu_ms": null,
            "gpu_increment_ms": null,
            "off_gpu_ticks": [
              92465780115041,
              92465780126208,
              92465780649958,
              92465764935166
            ],
            "on_gpu_ticks": [
              92465774940375,
              92465774956500,
              92465778361375,
              92465770875791
            ],
            "wall_render_completion_increment_ms": 1.449873685836792
          },
          {
            "frame": 330,
            "off_gpu_ms": null,
            "on_gpu_ms": null,
            "gpu_increment_ms": null,
            "off_gpu_ticks": [
              92465785216375,
              92465785245000,
              92465785593916,
              92465782359708
            ],
            "on_gpu_ticks": [
              92465788970250,
              92465788981166,
              92465791569458,
              92465778632041
            ],
            "wall_render_completion_increment_ms": 1.6640419960021973
          },
          {
            "frame": 331,
            "off_gpu_ms": null,
            "on_gpu_ms": null,
            "gpu_increment_ms": null,
            "off_gpu_ticks": [
              92465801366791,
              92465801383791,
              92465801741125,
              92465787457291
            ],
            "on_gpu_ticks": [
              92465795695583,
              92465795715000,
              92465796243041,
              92465792006791
            ],
            "wall_render_completion_increment_ms": 1.5174999237060547
          },
          {
            "frame": 332,
            "off_gpu_ms": null,
            "on_gpu_ms": null,
            "gpu_increment_ms": null,
            "off_gpu_ticks": [
              92465806300208,
              92465806314291,
              92465806817375,
              92465803581458
            ],
            "on_gpu_ticks": [
              92465811804458,
              92465811818208,
              92465812306541,
              92465798466333
            ],
            "wall_render_completion_increment_ms": 0.036375999450683594
          },
          {
            "frame": 333,
            "off_gpu_ms": null,
            "on_gpu_ms": null,
            "gpu_increment_ms": null,
            "off_gpu_ticks": [
              92465823270708,
              92465823282041,
              92465823770375,
              92465808869416
            ],
            "on_gpu_ticks": [
              92465818209291,
              92465818224791,
              92465819429500,
              92465814529000
            ],
            "wall_render_completion_increment_ms": 1.5000841617584229
          },
          {
            "frame": 334,
            "off_gpu_ms": null,
            "on_gpu_ms": null,
            "gpu_increment_ms": null,
            "off_gpu_ticks": [
              92465828120083,
              92465828131875,
              92465828543791,
              92465825920291
            ],
            "on_gpu_ticks": [
              92465832055541,
              92465832069250,
              92465832658583,
              92465821493333
            ],
            "wall_render_completion_increment_ms": 1.5167922973632812
          },
          {
            "frame": 335,
            "off_gpu_ms": null,
            "on_gpu_ms": null,
            "gpu_increment_ms": null,
            "off_gpu_ticks": [
              92465843936333,
              92465843963333,
              92465844376416,
              92465830320333
            ],
            "on_gpu_ticks": [
              92465838840541,
              92465838854625,
              92465839365166,
              92465835315125
            ],
            "wall_render_completion_increment_ms": 1.5637071132659912
          },
          {
            "frame": 336,
            "off_gpu_ms": null,
            "on_gpu_ms": null,
            "gpu_increment_ms": null,
            "off_gpu_ticks": [
              92465849102041,
              92465849118250,
              92465849473500,
              92465846186000
            ],
            "on_gpu_ticks": [
              92465854411166,
              92465854425041,
              92465856863833,
              92465841868541
            ],
            "wall_render_completion_increment_ms": 0.05716657638549805
          },
          {
            "frame": 337,
            "off_gpu_ms": null,
            "on_gpu_ms": null,
            "gpu_increment_ms": null,
            "off_gpu_ticks": [
              92465864459416,
              92465864470166,
              92465864942125,
              92465851745541
            ],
            "on_gpu_ticks": [
              92465860474125,
              92465860488166,
              92465862958958,
              92465857162541
            ],
            "wall_render_completion_increment_ms": 0.09879207611083984
          },
          {
            "frame": 338,
            "off_gpu_ms": null,
            "on_gpu_ms": null,
            "gpu_increment_ms": null,
            "off_gpu_ticks": [
              92465869524708,
              92465869553083,
              92465869911708,
              92465866922958
            ],
            "on_gpu_ticks": [
              92465873346250,
              92465873357875,
              92465873882000,
              92465863252375
            ],
            "wall_render_completion_increment_ms": 1.7367498874664307
          },
          {
            "frame": 339,
            "off_gpu_ms": null,
            "on_gpu_ms": null,
            "gpu_increment_ms": null,
            "off_gpu_ticks": [
              92465885295916,
              92465885325208,
              92465885788166,
              92465871718416
            ],
            "on_gpu_ticks": [
              92465879942291,
              92465879969166,
              92465880492208,
              92465876638750
            ],
            "wall_render_completion_increment_ms": 0.2099151611328125
          },
          {
            "frame": 340,
            "off_gpu_ms": null,
            "on_gpu_ms": null,
            "gpu_increment_ms": null,
            "off_gpu_ticks": [
              92465891250166,
              92465891265083,
              92465891947916,
              92465887719083
            ],
            "on_gpu_ticks": [
              92465895324875,
              92465895336250,
              92465895821250,
              92465882867750
            ],
            "wall_render_completion_increment_ms": 1.5195846557617188
          },
          {
            "frame": 341,
            "off_gpu_ms": null,
            "on_gpu_ms": null,
            "gpu_increment_ms": null,
            "off_gpu_ticks": [
              92465907165500,
              92465907178083,
              92465907721875,
              92465893983750
            ],
            "on_gpu_ticks": [
              92465901745458,
              92465901761291,
              92465902681625,
              92465898048291
            ],
            "wall_render_completion_increment_ms": 1.563206434249878
          },
          {
            "frame": 342,
            "off_gpu_ms": null,
            "on_gpu_ms": null,
            "gpu_increment_ms": null,
            "off_gpu_ticks": [
              92465912063125,
              92465912078208,
              92465912578375,
              92465909877583
            ],
            "on_gpu_ticks": [
              92465916068000,
              92465916081291,
              92465916664166,
              92465905091958
            ],
            "wall_render_completion_increment_ms": 1.5672919750213623
          },
          {
            "frame": 343,
            "off_gpu_ms": null,
            "on_gpu_ms": null,
            "gpu_increment_ms": null,
            "off_gpu_ticks": [
              92465928316458,
              92465928331500,
              92465928870708,
              92465914372083
            ],
            "on_gpu_ticks": [
              92465922661750,
              92465922673916,
              92465923235458,
              92465920286041
            ],
            "wall_render_completion_increment_ms": 0.4743342399597168
          },
          {
            "frame": 344,
            "off_gpu_ms": null,
            "on_gpu_ms": null,
            "gpu_increment_ms": null,
            "off_gpu_ticks": [
              92465934837791,
              92465934854000,
              92465935397541,
              92465930882833
            ],
            "on_gpu_ticks": [
              92465940009291,
              92465940022166,
              92465942989666,
              92465925822458
            ],
            "wall_render_completion_increment_ms": 0.1200404167175293
          },
          {
            "frame": 345,
            "off_gpu_ms": null,
            "on_gpu_ms": null,
            "gpu_increment_ms": null,
            "off_gpu_ticks": [
              92465952325291,
              92465952344083,
              92465953689458,
              92465938420500
            ],
            "on_gpu_ticks": [
              92465946465416,
              92465946480791,
              92465947124583,
              92465943318750
            ],
            "wall_render_completion_increment_ms": -0.031707763671875
          },
          {
            "frame": 346,
            "off_gpu_ms": null,
            "on_gpu_ms": null,
            "gpu_increment_ms": null,
            "off_gpu_ticks": [
              92465958921666,
              92465958937666,
              92465959291375,
              92465955948833
            ],
            "on_gpu_ticks": [
              92465964153916,
              92465964168166,
              92465964762083,
              92465949787458
            ],
            "wall_render_completion_increment_ms": 0.03704118728637695
          },
          {
            "frame": 347,
            "off_gpu_ms": null,
            "on_gpu_ms": null,
            "gpu_increment_ms": null,
            "off_gpu_ticks": [
              92465976406833,
              92465976422833,
              92465976865916,
              92465962419208
            ],
            "on_gpu_ticks": [
              92465970518791,
              92465970533708,
              92465971196541,
              92465967398625
            ],
            "wall_render_completion_increment_ms": 0.06641674041748047
          },
          {
            "frame": 348,
            "off_gpu_ms": null,
            "on_gpu_ms": null,
            "gpu_increment_ms": null,
            "off_gpu_ticks": [
              92465982944958,
              92465982960833,
              92465983632708,
              92465980034958
            ],
            "on_gpu_ticks": [
              92465987876666,
              92465987891250,
              92465988558666,
              92465973961833
            ],
            "wall_render_completion_increment_ms": 0.05654144287109375
          },
          {
            "frame": 349,
            "off_gpu_ms": null,
            "on_gpu_ms": null,
            "gpu_increment_ms": null,
            "off_gpu_ticks": [
              92465999855416,
              92465999869166,
              92466000401166,
              92465986499958
            ],
            "on_gpu_ticks": [
              92465994351666,
              92465994442458,
              92465995660166,
              92465990988666
            ],
            "wall_render_completion_increment_ms": 0.10183286666870117
          },
          {
            "frame": 350,
            "off_gpu_ms": null,
            "on_gpu_ms": null,
            "gpu_increment_ms": null,
            "off_gpu_ticks": [
              92466006254833,
              92466006269541,
              92466006747541,
              92466003426916
            ],
            "on_gpu_ticks": [
              92466011635750,
              92466011651166,
              92466012407666,
              92465998402250
            ],
            "wall_render_completion_increment_ms": 0.09408283233642578
          },
          {
            "frame": 351,
            "off_gpu_ms": null,
            "on_gpu_ms": null,
            "gpu_increment_ms": null,
            "off_gpu_ticks": [
              92466025247291,
              92466025263500,
              92466025674625,
              92466008819916
            ],
            "on_gpu_ticks": [
              92466018201166,
              92466018216791,
              92466022151208,
              92466015047916
            ],
            "wall_render_completion_increment_ms": 1.4962925910949707
          },
          {
            "frame": 352,
            "off_gpu_ms": null,
            "on_gpu_ms": null,
            "gpu_increment_ms": null,
            "off_gpu_ticks": [
              92466031329250,
              92466031343333,
              92466031802333,
              92466028761500
            ],
            "on_gpu_ticks": [
              92466035233458,
              92466035247833,
              92466037360666,
              92466022528375
            ],
            "wall_render_completion_increment_ms": 1.4474172592163086
          },
          {
            "frame": 353,
            "off_gpu_ms": null,
            "on_gpu_ms": null,
            "gpu_increment_ms": null,
            "off_gpu_ticks": [
              92466048278458,
              92466048289916,
              92466048936166,
              92466033900791
            ],
            "on_gpu_ticks": [
              92466042136750,
              92466042152750,
              92466042816333,
              92466039474125
            ],
            "wall_render_completion_increment_ms": 2.6429576873779297
          },
          {
            "frame": 354,
            "off_gpu_ms": null,
            "on_gpu_ms": null,
            "gpu_increment_ms": null,
            "off_gpu_ticks": [
              92466053150541,
              92466053165541,
              92466053695208,
              92466051038541
            ],
            "on_gpu_ticks": [
              92466057119041,
              92466057131000,
              92466057699500,
              92466046448750
            ],
            "wall_render_completion_increment_ms": 1.5082919597625732
          },
          {
            "frame": 355,
            "off_gpu_ms": null,
            "on_gpu_ms": null,
            "gpu_increment_ms": null,
            "off_gpu_ticks": [
              92466069404750,
              92466069438083,
              92466070753250,
              92466055923666
            ],
            "on_gpu_ticks": [
              92466063611958,
              92466063627166,
              92466064282208,
              92466060458916
            ],
            "wall_render_completion_increment_ms": 0.07949972152709961
          },
          {
            "frame": 356,
            "off_gpu_ms": null,
            "on_gpu_ms": null,
            "gpu_increment_ms": null,
            "off_gpu_ticks": [
              92466075969875,
              92466075986000,
              92466076590083,
              92466073205000
            ],
            "on_gpu_ticks": [
              92466081105166,
              92466081120000,
              92466081651791,
              92466066892875
            ],
            "wall_render_completion_increment_ms": 0.07804298400878906
          },
          {
            "frame": 357,
            "off_gpu_ms": null,
            "on_gpu_ms": null,
            "gpu_increment_ms": null,
            "off_gpu_ticks": [
              92466093925250,
              92466093947000,
              92466094421666,
              92466079588333
            ],
            "on_gpu_ticks": [
              92466088376333,
              92466088392041,
              92466089019166,
              92466084502791
            ],
            "wall_render_completion_increment_ms": 0.06424999237060547
          },
          {
            "frame": 358,
            "off_gpu_ms": null,
            "on_gpu_ms": null,
            "gpu_increment_ms": null,
            "off_gpu_ticks": [
              92466100498208,
              92466100512958,
              92466101126833,
              92466097569458
            ],
            "on_gpu_ticks": [
              92466104899208,
              92466104914041,
              92466107787083,
              92466091794083
            ],
            "wall_render_completion_increment_ms": 1.235459327697754
          },
          {
            "frame": 359,
            "off_gpu_ms": null,
            "on_gpu_ms": null,
            "gpu_increment_ms": null,
            "off_gpu_ticks": [
              92466117206625,
              92466117220666,
              92466117866916,
              92466103216666
            ],
            "on_gpu_ticks": [
              92466111919791,
              92466111936625,
              92466114394583,
              92466108096083
            ],
            "wall_render_completion_increment_ms": 1.3284993171691895
          },
          {
            "frame": 360,
            "off_gpu_ms": null,
            "on_gpu_ms": null,
            "gpu_increment_ms": null,
            "off_gpu_ticks": [
              92466122577625,
              92466122591333,
              92466124091583,
              92466119967125
            ],
            "on_gpu_ticks": [
              92466130052250,
              92466130068666,
              92466130649875,
              92466115441333
            ],
            "wall_render_completion_increment_ms": -1.6265830993652344
          },
          {
            "frame": 361,
            "off_gpu_ms": null,
            "on_gpu_ms": null,
            "gpu_increment_ms": null,
            "off_gpu_ticks": [
              92466142044041,
              92466142056458,
              92466142577333,
              92466127106875
            ],
            "on_gpu_ticks": [
              92466136379666,
              92466136404458,
              92466138410208,
              92466133384375
            ],
            "wall_render_completion_increment_ms": 0.11412620544433594
          },
          {
            "frame": 362,
            "off_gpu_ms": null,
            "on_gpu_ms": null,
            "gpu_increment_ms": null,
            "off_gpu_ticks": [
              92466148925625,
              92466148942250,
              92466151315500,
              92466144746416
            ],
            "on_gpu_ticks": [
              92466154290583,
              92466154305750,
              92466155193083,
              92466140541500
            ],
            "wall_render_completion_increment_ms": -0.22766780853271484
          },
          {
            "frame": 363,
            "off_gpu_ms": null,
            "on_gpu_ms": null,
            "gpu_increment_ms": null,
            "off_gpu_ticks": [
              92466167383875,
              92466167397625,
              92466168641791,
              92466151648958
            ],
            "on_gpu_ticks": [
              92466160995833,
              92466161014333,
              92466162615166,
              92466157594166
            ],
            "wall_render_completion_increment_ms": 2.453001022338867
          },
          {
            "frame": 364,
            "off_gpu_ms": null,
            "on_gpu_ms": null,
            "gpu_increment_ms": null,
            "off_gpu_ticks": [
              92466172722791,
              92466172753541,
              92466173195208,
              92466170100791
            ],
            "on_gpu_ticks": [
              92466178531791,
              92466178547916,
              92466179118041,
              92466165276000
            ],
            "wall_render_completion_increment_ms": 1.4818329811096191
          },
          {
            "frame": 365,
            "off_gpu_ms": null,
            "on_gpu_ms": null,
            "gpu_increment_ms": null,
            "off_gpu_ticks": [
              92466191906791,
              92466191918791,
              92466193472250,
              92466175388875
            ],
            "on_gpu_ticks": [
              92466186773000,
              92466186788875,
              92466189984208,
              92466182862958
            ],
            "wall_render_completion_increment_ms": 0.13420820236206055
          },
          {
            "frame": 366,
            "off_gpu_ms": null,
            "on_gpu_ms": null,
            "gpu_increment_ms": null,
            "off_gpu_ticks": [
              92466198487000,
              92466198498375,
              92466199123583,
              92466195566416
            ],
            "on_gpu_ticks": [
              92466204478583,
              92466204494166,
              92466207525500,
              92466190255500
            ],
            "wall_render_completion_increment_ms": -0.061041831970214844
          },
          {
            "frame": 367,
            "off_gpu_ms": null,
            "on_gpu_ms": null,
            "gpu_increment_ms": null,
            "off_gpu_ticks": [
              92466216754833,
              92466216771125,
              92466217217875,
              92466201305583
            ],
            "on_gpu_ticks": [
              92466210715083,
              92466210729958,
              92466211357958,
              92466207848958
            ],
            "wall_render_completion_increment_ms": -1.125833511352539
          },
          {
            "frame": 368,
            "off_gpu_ms": null,
            "on_gpu_ms": null,
            "gpu_increment_ms": null,
            "off_gpu_ticks": [
              92466224571166,
              92466224587916,
              92466225025583,
              92466220403500
            ],
            "on_gpu_ticks": [
              92466229884500,
              92466229899500,
              92466230531541,
              92466214204541
            ],
            "wall_render_completion_increment_ms": -0.5535001754760742
          },
          {
            "frame": 369,
            "off_gpu_ms": null,
            "on_gpu_ms": null,
            "gpu_increment_ms": null,
            "off_gpu_ticks": [
              92466243475500,
              92466243491791,
              92466243942791,
              92466227286000
            ],
            "on_gpu_ticks": [
              92466236350208,
              92466236366625,
              92466238359708,
              92466233187666
            ],
            "wall_render_completion_increment_ms": 1.538416862487793
          },
          {
            "frame": 370,
            "off_gpu_ms": null,
            "on_gpu_ms": null,
            "gpu_increment_ms": null,
            "off_gpu_ticks": [
              92466250007166,
              92466250023541,
              92466252363833,
              92466247121416
            ],
            "on_gpu_ticks": [
              92466255356708,
              92466255371083,
              92466256022541,
              92466240744708
            ],
            "wall_render_completion_increment_ms": 0.19779205322265625
          },
          {
            "frame": 371,
            "off_gpu_ms": null,
            "on_gpu_ms": null,
            "gpu_increment_ms": null,
            "off_gpu_ticks": [
              92466268056583,
              92466268072416,
              92466271279541,
              92466252721416
            ],
            "on_gpu_ticks": [
              92466261872625,
              92466262249250,
              92466262854833,
              92466258601000
            ],
            "wall_render_completion_increment_ms": -0.7649168968200684
          },
          {
            "frame": 372,
            "off_gpu_ms": null,
            "on_gpu_ms": null,
            "gpu_increment_ms": null,
            "off_gpu_ticks": [
              92466274804958,
              92466274817583,
              92466275312583,
              92466271609583
            ],
            "on_gpu_ticks": [
              92466278712875,
              92466278727416,
              92466279386750,
              92466265499125
            ],
            "wall_render_completion_increment_ms": 1.3972499370574951
          },
          {
            "frame": 373,
            "off_gpu_ms": null,
            "on_gpu_ms": null,
            "gpu_increment_ms": null,
            "off_gpu_ticks": [
              92466292357791,
              92466292373833,
              92466292811750,
              92466277472083
            ],
            "on_gpu_ticks": [
              92466285543500,
              92466285559791,
              92466289516333,
              92466281945083
            ],
            "wall_render_completion_increment_ms": 1.367332935333252
          },
          {
            "frame": 374,
            "off_gpu_ms": null,
            "on_gpu_ms": null,
            "gpu_increment_ms": null,
            "off_gpu_ticks": [
              92466298510916,
              92466298525041,
              92466299164208,
              92466295073708
            ],
            "on_gpu_ticks": [
              92466304028208,
              92466304169541,
              92466304752500,
              92466289866375
            ],
            "wall_render_completion_increment_ms": -0.21204233169555664
          },
          {
            "frame": 375,
            "off_gpu_ms": null,
            "on_gpu_ms": null,
            "gpu_increment_ms": null,
            "off_gpu_ticks": [
              92466315871625,
              92466315885208,
              92466316461958,
              92466301426000
            ],
            "on_gpu_ticks": [
              92466310776208,
              92466310792500,
              92466311399833,
              92466307530083
            ],
            "wall_render_completion_increment_ms": -0.029125213623046875
          },
          {
            "frame": 376,
            "off_gpu_ms": null,
            "on_gpu_ms": null,
            "gpu_increment_ms": null,
            "off_gpu_ticks": [
              92466322588916,
              92466322605708,
              92466323060166,
              92466318871583
            ],
            "on_gpu_ticks": [
              92466326747708,
              92466326843375,
              92466327431000,
              92466314172791
            ],
            "wall_render_completion_increment_ms": 1.4738340377807617
          },
          {
            "frame": 377,
            "off_gpu_ms": null,
            "on_gpu_ms": null,
            "gpu_increment_ms": null,
            "off_gpu_ticks": [
              92466338760958,
              92466338775166,
              92466339485791,
              92466325158083
            ],
            "on_gpu_ticks": [
              92466333808208,
              92466333824541,
              92466334449708,
              92466330213500
            ],
            "wall_render_completion_increment_ms": 1.542208194732666
          },
          {
            "frame": 378,
            "off_gpu_ms": null,
            "on_gpu_ms": null,
            "gpu_increment_ms": null,
            "off_gpu_ticks": [
              92466343831125,
              92466343845291,
              92466346203666,
              92466341406625
            ],
            "on_gpu_ticks": [
              92466347779291,
              92466347793041,
              92466348326333,
              92466337214500
            ],
            "wall_render_completion_increment_ms": 1.4182498455047607
          },
          {
            "frame": 379,
            "off_gpu_ms": null,
            "on_gpu_ms": null,
            "gpu_increment_ms": null,
            "off_gpu_ticks": [
              92466361261541,
              92466361276625,
              92466363657958,
              92466346555750
            ],
            "on_gpu_ticks": [
              92466354146958,
              92466354165875,
              92466355738625,
              92466350996625
            ],
            "wall_render_completion_increment_ms": 3.0329182147979736
          },
          {
            "frame": 380,
            "off_gpu_ms": null,
            "on_gpu_ms": null,
            "gpu_increment_ms": null,
            "off_gpu_ticks": [
              92466366534833,
              92466366550750,
              92466366929333,
              92466363986291
            ],
            "on_gpu_ticks": [
              92466372193833,
              92466372209916,
              92466375094041,
              92466358484750
            ],
            "wall_render_completion_increment_ms": 0.06858205795288086
          },
          {
            "frame": 381,
            "off_gpu_ms": null,
            "on_gpu_ms": null,
            "gpu_increment_ms": null,
            "off_gpu_ticks": [
              92466383616625,
              92466383630625,
              92466384216041,
              92466369252666
            ],
            "on_gpu_ticks": [
              92466378515416,
              92466378531666,
              92466379128625,
              92466375406208
            ],
            "wall_render_completion_increment_ms": 1.395582675933838
          },
          {
            "frame": 382,
            "off_gpu_ms": null,
            "on_gpu_ms": null,
            "gpu_increment_ms": null,
            "off_gpu_ticks": [
              92466388870166,
              92466388883875,
              92466389370458,
              92466386344625
            ],
            "on_gpu_ticks": [
              92466392791291,
              92466392806000,
              92466394900083,
              92466381957250
            ],
            "wall_render_completion_increment_ms": 1.4697916507720947
          },
          {
            "frame": 383,
            "off_gpu_ms": null,
            "on_gpu_ms": null,
            "gpu_increment_ms": null,
            "off_gpu_ticks": [
              92466405134458,
              92466405149833,
              92466405770916,
              92466391398916
            ],
            "on_gpu_ticks": [
              92466399431250,
              92466399444125,
              92466400158375,
              92466397092375
            ],
            "wall_render_completion_increment_ms": 1.6640832424163818
          },
          {
            "frame": 384,
            "off_gpu_ms": null,
            "on_gpu_ms": null,
            "gpu_increment_ms": null,
            "off_gpu_ticks": [
              92466410483500,
              92466410500125,
              92466412431041,
              92466407711250
            ],
            "on_gpu_ticks": [
              92466415400583,
              92466415413708,
              92466416104750,
              92466402804833
            ],
            "wall_render_completion_increment_ms": 0.5569586753845215
          },
          {
            "frame": 385,
            "off_gpu_ms": null,
            "on_gpu_ms": null,
            "gpu_increment_ms": null,
            "off_gpu_ticks": [
              92466428004583,
              92466428021666,
              92466429989166,
              92466413967666
            ],
            "on_gpu_ticks": [
              92466422129625,
              92466422144083,
              92466422823541,
              92466418767208
            ],
            "wall_render_completion_increment_ms": 0.21741676330566406
          },
          {
            "frame": 386,
            "off_gpu_ms": null,
            "on_gpu_ms": null,
            "gpu_increment_ms": null,
            "off_gpu_ticks": [
              92466434605041,
              92466434621458,
              92466437725166,
              92466431645625
            ],
            "on_gpu_ticks": [
              92466439877166,
              92466439888791,
              92466440377250,
              92466425402000
            ],
            "wall_render_completion_increment_ms": -0.3000826835632324
          },
          {
            "frame": 387,
            "off_gpu_ms": null,
            "on_gpu_ms": null,
            "gpu_increment_ms": null,
            "off_gpu_ticks": [
              92466451983833,
              92466452000291,
              92466455396125,
              92466438082500
            ],
            "on_gpu_ticks": [
              92466446062500,
              92466446077125,
              92466448983458,
              92466443129833
            ],
            "wall_render_completion_increment_ms": 0.009790420532226562
          },
          {
            "frame": 388,
            "off_gpu_ms": null,
            "on_gpu_ms": null,
            "gpu_increment_ms": null,
            "off_gpu_ticks": [
              92466458426916,
              92466458443291,
              92466458840708,
              92466455750958
            ],
            "on_gpu_ticks": [
              92466463535833,
              92466463550500,
              92466466450250,
              92466449294833
            ],
            "wall_render_completion_increment_ms": 0.028374195098876953
          },
          {
            "frame": 389,
            "off_gpu_ms": null,
            "on_gpu_ms": null,
            "gpu_increment_ms": null,
            "off_gpu_ticks": [
              92466476145875,
              92466476162083,
              92466476631208,
              92466461122166
            ],
            "on_gpu_ticks": [
              92466470150625,
              92466470203166,
              92466470797416,
              92466466804208
            ],
            "wall_render_completion_increment_ms": 0.05929136276245117
          },
          {
            "frame": 390,
            "off_gpu_ms": null,
            "on_gpu_ms": null,
            "gpu_increment_ms": null,
            "off_gpu_ticks": [
              92466482923333,
              92466482940541,
              92466483270500,
              92466479062125
            ],
            "on_gpu_ticks": [
              92466488145291,
              92466488160375,
              92466488718666,
              92466473491541
            ],
            "wall_render_completion_increment_ms": -0.15312480926513672
          },
          {
            "frame": 391,
            "off_gpu_ms": null,
            "on_gpu_ms": null,
            "gpu_increment_ms": null,
            "off_gpu_ticks": [
              92466502430083,
              92466502446375,
              92466504389625,
              92466485625791
            ],
            "on_gpu_ticks": [
              92466495242583,
              92466495261500,
              92466496833750,
              92466491647500
            ],
            "wall_render_completion_increment_ms": 1.4450430870056152
          },
          {
            "frame": 392,
            "off_gpu_ms": null,
            "on_gpu_ms": null,
            "gpu_increment_ms": null,
            "off_gpu_ticks": [
              92466509071208,
              92466509087791,
              92466509513791,
              92466506000458
            ],
            "on_gpu_ticks": [
              92466514140625,
              92466514155000,
              92466514767500,
              92466499482541
            ],
            "wall_render_completion_increment_ms": -0.04383373260498047
          },
          {
            "frame": 393,
            "off_gpu_ms": null,
            "on_gpu_ms": null,
            "gpu_increment_ms": null,
            "off_gpu_ticks": [
              92466526827250,
              92466526844291,
              92466528408333,
              92466512424750
            ],
            "on_gpu_ticks": [
              92466520987875,
              92466521002916,
              92466521760750,
              92466517391208
            ],
            "wall_render_completion_increment_ms": 0.3798332214355469
          },
          {
            "frame": 394,
            "off_gpu_ms": null,
            "on_gpu_ms": null,
            "gpu_increment_ms": null,
            "off_gpu_ticks": [
              92466533433916,
              92466533450291,
              92466535793333,
              92466530444875
            ],
            "on_gpu_ticks": [
              92466538610541,
              92466538624875,
              92466539369458,
              92466524367750
            ],
            "wall_render_completion_increment_ms": -0.2057499885559082
          },
          {
            "frame": 395,
            "off_gpu_ms": null,
            "on_gpu_ms": null,
            "gpu_increment_ms": null,
            "off_gpu_ticks": [
              92466550768583,
              92466550784208,
              92466553951583,
              92466536228875
            ],
            "on_gpu_ticks": [
              92466544892958,
              92466544907666,
              92466545541041,
              92466541934125
            ],
            "wall_render_completion_increment_ms": 0.08808279037475586
          },
          {
            "frame": 396,
            "off_gpu_ms": null,
            "on_gpu_ms": null,
            "gpu_increment_ms": null,
            "off_gpu_ticks": [
              92466556930166,
              92466556941250,
              92466557592458,
              92466554310375
            ],
            "on_gpu_ticks": [
              92466560876000,
              92466560890083,
              92466561474958,
              92466548356708
            ],
            "wall_render_completion_increment_ms": 1.4387907981872559
          },
          {
            "frame": 397,
            "off_gpu_ms": null,
            "on_gpu_ms": null,
            "gpu_increment_ms": null,
            "off_gpu_ticks": [
              92466574782875,
              92466574823250,
              92466575339000,
              92466559673291
            ],
            "on_gpu_ticks": [
              92466567969083,
              92466567984791,
              92466570549750,
              92466564475833
            ],
            "wall_render_completion_increment_ms": 3.015540361404419
          },
          {
            "frame": 398,
            "off_gpu_ms": null,
            "on_gpu_ms": null,
            "gpu_increment_ms": null,
            "off_gpu_ticks": [
              92466580538083,
              92466580555166,
              92466581074000,
              92466577575291
            ],
            "on_gpu_ticks": [
              92466586169416,
              92466586185791,
              92466586768000,
              92466572186875
            ],
            "wall_render_completion_increment_ms": 1.5384573936462402
          },
          {
            "frame": 399,
            "off_gpu_ms": null,
            "on_gpu_ms": null,
            "gpu_increment_ms": null,
            "off_gpu_ticks": [
              92466600412208,
              92466600428708,
              92466600866250,
              92466583323875
            ],
            "on_gpu_ticks": [
              92466594396458,
              92466594411375,
              92466595043125,
              92466590350583
            ],
            "wall_render_completion_increment_ms": 0.15704059600830078
          },
          {
            "frame": 400,
            "off_gpu_ms": null,
            "on_gpu_ms": null,
            "gpu_increment_ms": null,
            "off_gpu_ticks": [
              92466606838375,
              92466606850500,
              92466607436083,
              92466603151833
            ],
            "on_gpu_ticks": [
              92466611204541,
              92466611387500,
              92466614538458,
              92466597931416
            ],
            "wall_render_completion_increment_ms": 1.5879590511322021
          },
          {
            "frame": 401,
            "off_gpu_ms": null,
            "on_gpu_ms": null,
            "gpu_increment_ms": null,
            "off_gpu_ticks": [
              92466623573000,
              92466623584250,
              92466625639208,
              92466609590583
            ],
            "on_gpu_ticks": [
              92466618315416,
              92466619502791,
              92466619899833,
              92466614851916
            ],
            "wall_render_completion_increment_ms": 1.2672502994537354
          },
          {
            "frame": 402,
            "off_gpu_ms": null,
            "on_gpu_ms": null,
            "gpu_increment_ms": null,
            "off_gpu_ticks": [
              92466629054916,
              92466629085000,
              92466629621625,
              92466625917208
            ],
            "on_gpu_ticks": [
              92466633799583,
              92466633813416,
              92466634278416,
              92466621721375
            ],
            "wall_render_completion_increment_ms": 1.3749175071716309
          },
          {
            "frame": 403,
            "off_gpu_ms": null,
            "on_gpu_ms": null,
            "gpu_increment_ms": null,
            "off_gpu_ticks": [
              92466645929791,
              92466645941708,
              92466646409750,
              92466631316583
            ],
            "on_gpu_ticks": [
              92466640042208,
              92466640052875,
              92466642446708,
              92466637425416
            ],
            "wall_render_completion_increment_ms": 1.2494168281555176
          },
          {
            "frame": 404,
            "off_gpu_ms": null,
            "on_gpu_ms": null,
            "gpu_increment_ms": null,
            "off_gpu_ticks": [
              92466651099333,
              92466651143708,
              92466653841833,
              92466647962958
            ],
            "on_gpu_ticks": [
              92466656856041,
              92466656892500,
              92466657365833,
              92466642716625
            ],
            "wall_render_completion_increment_ms": -1.413165807723999
          },
          {
            "frame": 405,
            "off_gpu_ms": null,
            "on_gpu_ms": null,
            "gpu_increment_ms": null,
            "off_gpu_ticks": [
              92466668126041,
              92466668145541,
              92466670099666,
              92466654088041
            ],
            "on_gpu_ticks": [
              92466661989416,
              92466662041500,
              92466663077250,
              92466659548500
            ],
            "wall_render_completion_increment_ms": -0.03116607666015625
          },
          {
            "frame": 406,
            "off_gpu_ms": null,
            "on_gpu_ms": null,
            "gpu_increment_ms": null,
            "off_gpu_ticks": [
              92466674854583,
              92466674868500,
              92466675190958,
              92466670815083
            ],
            "on_gpu_ticks": [
              92466678842833,
              92466678853625,
              92466679320125,
              92466665145833
            ],
            "wall_render_completion_increment_ms": -0.1966238021850586
          },
          {
            "frame": 407,
            "off_gpu_ms": null,
            "on_gpu_ms": null,
            "gpu_increment_ms": null,
            "off_gpu_ticks": [
              92466689253625,
              92466689264166,
              92466689675916,
              92466676856166
            ],
            "on_gpu_ticks": [
              92466684350166,
              92466684362458,
              92466684821000,
              92466681358166
            ],
            "wall_render_completion_increment_ms": 1.3684158325195312
          },
          {
            "frame": 408,
            "off_gpu_ms": null,
            "on_gpu_ms": null,
            "gpu_increment_ms": null,
            "off_gpu_ticks": [
              92466694094083,
              92466694105083,
              92466694531958,
              92466691217833
            ],
            "on_gpu_ticks": [
              92466698290875,
              92466698301541,
              92466700481708,
              92466687582958
            ],
            "wall_render_completion_increment_ms": -0.16804289817810059
          },
          {
            "frame": 409,
            "off_gpu_ms": null,
            "on_gpu_ms": null,
            "gpu_increment_ms": null,
            "off_gpu_ticks": [
              92466709079416,
              92466709099500,
              92466710809500,
              92466696077083
            ],
            "on_gpu_ticks": [
              92466703570958,
              92466703613208,
              92466705195333,
              92466700755708
            ],
            "wall_render_completion_increment_ms": 1.1275420188903809
          },
          {
            "frame": 410,
            "off_gpu_ms": null,
            "on_gpu_ms": null,
            "gpu_increment_ms": null,
            "off_gpu_ticks": [
              92466714075125,
              92466714086208,
              92466714540416,
              92466711061541
            ],
            "on_gpu_ticks": [
              92466718189541,
              92466718719250,
              92466719176916,
              92466706941291
            ],
            "wall_render_completion_increment_ms": 1.3192081451416016
          },
          {
            "frame": 411,
            "off_gpu_ms": null,
            "on_gpu_ms": null,
            "gpu_increment_ms": null,
            "off_gpu_ticks": [
              92466730434166,
              92466730480625,
              92466730783416,
              92466715934583
            ],
            "on_gpu_ticks": [
              92466724608625,
              92466724618833,
              92466727591541,
              92466721146083
            ],
            "wall_render_completion_increment_ms": 1.4018750190734863
          },
          {
            "frame": 412,
            "off_gpu_ms": null,
            "on_gpu_ms": null,
            "gpu_increment_ms": null,
            "off_gpu_ticks": [
              92466735588583,
              92466735725625,
              92466737425875,
              92466732337875
            ],
            "on_gpu_ticks": [
              92466739864166,
              92466739874166,
              92466740315375,
              92466727842208
            ],
            "wall_render_completion_increment_ms": -0.030874252319335938
          },
          {
            "frame": 413,
            "off_gpu_ms": null,
            "on_gpu_ms": null,
            "gpu_increment_ms": null,
            "off_gpu_ticks": [
              92466750753791,
              92466750766375,
              92466752349125,
              92466737670750
            ],
            "on_gpu_ticks": [
              92466745050750,
              92466745093625,
              92466746659833,
              92466742279333
            ],
            "wall_render_completion_increment_ms": 0.16824960708618164
          },
          {
            "frame": 414,
            "off_gpu_ms": null,
            "on_gpu_ms": null,
            "gpu_increment_ms": null,
            "off_gpu_ticks": [
              92466756436166,
              92466756448416,
              92466756762625,
              92466753514583
            ],
            "on_gpu_ticks": [
              92466759918833,
              92466759929458,
              92466760348250,
              92466748259791
            ],
            "wall_render_completion_increment_ms": 1.8519599437713623
          },
          {
            "frame": 415,
            "off_gpu_ms": null,
            "on_gpu_ms": null,
            "gpu_increment_ms": null,
            "off_gpu_ticks": [
              92466772208833,
              92466772219583,
              92466772666666,
              92466758339250
            ],
            "on_gpu_ticks": [
              92466767018208,
              92466767031000,
              92466767477166,
              92466763074500
            ],
            "wall_render_completion_increment_ms": 1.8872501850128174
          },
          {
            "frame": 416,
            "off_gpu_ms": null,
            "on_gpu_ms": null,
            "gpu_increment_ms": null,
            "off_gpu_ticks": [
              92466777161500,
              92466777173750,
              92466777496708,
              92466774076166
            ],
            "on_gpu_ticks": [
              92466782813500,
              92466782826333,
              92466783275625,
              92466770218958
            ],
            "wall_render_completion_increment_ms": 0.14087343215942383
          },
          {
            "frame": 417,
            "off_gpu_ms": null,
            "on_gpu_ms": null,
            "gpu_increment_ms": null,
            "off_gpu_ticks": [
              92466794862791,
              92466794876083,
              92466797447666,
              92466779940458
            ],
            "on_gpu_ticks": [
              92466789297833,
              92466789310083,
              92466789755041,
              92466785459833
            ],
            "wall_render_completion_increment_ms": 0.16587591171264648
          },
          {
            "frame": 418,
            "off_gpu_ms": null,
            "on_gpu_ms": null,
            "gpu_increment_ms": null,
            "off_gpu_ticks": [
              92466801347875,
              92466801360916,
              92466801691291,
              92466797736041
            ],
            "on_gpu_ticks": [
              92466805421291,
              92466805432416,
              92466805894375,
              92466791768166
            ],
            "wall_render_completion_increment_ms": 0.1816236972808838
          },
          {
            "frame": 419,
            "off_gpu_ms": null,
            "on_gpu_ms": null,
            "gpu_increment_ms": null,
            "off_gpu_ticks": [
              92466814877541,
              92466814887625,
              92466815320625,
              92466803322875
            ],
            "on_gpu_ticks": [
              92466810764833,
              92466810776041,
              92466811381333,
              92466807797750
            ],
            "wall_render_completion_increment_ms": 0.18212628364562988
          },
          {
            "frame": 420,
            "off_gpu_ms": null,
            "on_gpu_ms": null,
            "gpu_increment_ms": null,
            "off_gpu_ticks": [
              92466820002125,
              92466820022208,
              92466822591375,
              92466816782666
            ],
            "on_gpu_ticks": [
              92466824443000,
              92466824453458,
              92466824911333,
              92466813225875
            ],
            "wall_render_completion_increment_ms": 1.8135817050933838
          },
          {
            "frame": 421,
            "off_gpu_ms": null,
            "on_gpu_ms": null,
            "gpu_increment_ms": null,
            "off_gpu_ticks": [
              92467579411125,
              92467579422583,
              92467580007333,
              92466822851208
            ],
            "on_gpu_ticks": [
              92467569251833,
              92467569295916,
              92467572072750,
              92466827669208
            ],
            "wall_render_completion_increment_ms": 5.895542144775391
          },
          {
            "frame": 422,
            "off_gpu_ms": null,
            "on_gpu_ms": null,
            "gpu_increment_ms": null,
            "off_gpu_ticks": [
              92467584980416,
              92467584994583,
              92467585349166,
              92467581809083
            ],
            "on_gpu_ticks": [
              92467590285875,
              92467590299000,
              92467591959791,
              92467577587208
            ],
            "wall_render_completion_increment_ms": -1.473165512084961
          },
          {
            "frame": 423,
            "off_gpu_ms": null,
            "on_gpu_ms": null,
            "gpu_increment_ms": null,
            "off_gpu_ticks": [
              92467601570416,
              92467601580041,
              92467601781083,
              92467587970791
            ],
            "on_gpu_ticks": [
              92467595819791,
              92467595827625,
              92467596705041,
              92467592142000
            ],
            "wall_render_completion_increment_ms": 1.3009989261627197
          },
          {
            "frame": 424,
            "off_gpu_ms": null,
            "on_gpu_ms": null,
            "gpu_increment_ms": null,
            "off_gpu_ticks": [
              92467606182208,
              92467606190791,
              92467606534833,
              92467602870458
            ],
            "on_gpu_ticks": [
              92467610558375,
              92467610567083,
              92467610937208,
              92467598130333
            ],
            "wall_render_completion_increment_ms": 0.09970808029174805
          },
          {
            "frame": 425,
            "off_gpu_ms": null,
            "on_gpu_ms": null,
            "gpu_increment_ms": null,
            "off_gpu_ticks": [
              92467619041333,
              92467619049708,
              92467620758791,
              92467607575875
            ],
            "on_gpu_ticks": [
              92467616166875,
              92467616177000,
              92467617709083,
              92467612242375
            ],
            "wall_render_completion_increment_ms": -0.07754206657409668
          },
          {
            "frame": 426,
            "off_gpu_ms": null,
            "on_gpu_ms": null,
            "gpu_increment_ms": null,
            "off_gpu_ticks": [
              92467623878041,
              92467623886625,
              92467624221458,
              92467620934750
            ],
            "on_gpu_ticks": [
              92467626324791,
              92467626332541,
              92467626695291,
              92467617891250
            ],
            "wall_render_completion_increment_ms": 1.3116248846054077
          },
          {
            "frame": 427,
            "off_gpu_ms": null,
            "on_gpu_ms": null,
            "gpu_increment_ms": null,
            "off_gpu_ticks": [
              92467635752500,
              92467635760625,
              92467636097500,
              92467625095416
            ],
            "on_gpu_ticks": [
              92467631476791,
              92467631485750,
              92467631876666,
              92467628272500
            ],
            "wall_render_completion_increment_ms": 1.7738738059997559
          },
          {
            "frame": 428,
            "off_gpu_ms": null,
            "on_gpu_ms": null,
            "gpu_increment_ms": null,
            "off_gpu_ticks": [
              92467639383708,
              92467639392000,
              92467640403166,
              92467636890375
            ],
            "on_gpu_ticks": [
              92467641855666,
              92467641863375,
              92467642197791,
              92467632966958
            ],
            "wall_render_completion_increment_ms": 1.442875862121582
          },
          {
            "frame": 429,
            "off_gpu_ms": null,
            "on_gpu_ms": null,
            "gpu_increment_ms": null,
            "off_gpu_ticks": [
              92467651434541,
              92467651443333,
              92467651641916,
              92467640569708
            ],
            "on_gpu_ticks": [
              92467647185750,
              92467647211291,
              92467647600625,
              92467643395125
            ],
            "wall_render_completion_increment_ms": 0.19516706466674805
          },
          {
            "frame": 430,
            "off_gpu_ms": null,
            "on_gpu_ms": null,
            "gpu_increment_ms": null,
            "off_gpu_ticks": [
              92467656151041,
              92467656158458,
              92467656527625,
              92467653199750
            ],
            "on_gpu_ticks": [
              92467658630041,
              92467658638000,
              92467659955625,
              92467648832458
            ],
            "wall_render_completion_increment_ms": 0.8390427827835083
          },
          {
            "frame": 431,
            "off_gpu_ms": null,
            "on_gpu_ms": null,
            "gpu_increment_ms": null,
            "off_gpu_ticks": [
              92467667764916,
              92467667805875,
              92467668793625,
              92467657388000
            ],
            "on_gpu_ticks": [
              92467663786416,
              92467663794916,
              92467664271291,
              92467660174083
            ],
            "wall_render_completion_increment_ms": 0.15024924278259277
          },
          {
            "frame": 432,
            "off_gpu_ms": null,
            "on_gpu_ms": null,
            "gpu_increment_ms": null,
            "off_gpu_ticks": [
              92467672733875,
              92467672742916,
              92467673071416,
              92467669618333
            ],
            "on_gpu_ticks": [
              92467675213375,
              92467675220708,
              92467675580208,
              92467665309291
            ],
            "wall_render_completion_increment_ms": 1.3425008058547974
          },
          {
            "frame": 433,
            "off_gpu_ms": null,
            "on_gpu_ms": null,
            "gpu_increment_ms": null,
            "off_gpu_ticks": [
              92467684993958,
              92467685003833,
              92467686611125,
              92467673892000
            ],
            "on_gpu_ticks": [
              92467680545833,
              92467680566166,
              92467681837875,
              92467677265208
            ],
            "wall_render_completion_increment_ms": 0.30499911308288574
          },
          {
            "frame": 434,
            "off_gpu_ms": null,
            "on_gpu_ms": null,
            "gpu_increment_ms": null,
            "off_gpu_ticks": [
              92467689566791,
              92467689574416,
              92467689981875,
              92467686777458
            ],
            "on_gpu_ticks": [
              92467691995416,
              92467692003041,
              92467692319791,
              92467682005833
            ],
            "wall_render_completion_increment_ms": 1.486835241317749
          },
          {
            "frame": 435,
            "off_gpu_ms": null,
            "on_gpu_ms": null,
            "gpu_increment_ms": null,
            "off_gpu_ticks": [
              92467701740625,
              92467701750458,
              92467701956166,
              92467690777083
            ],
            "on_gpu_ticks": [
              92467697243000,
              92467697250583,
              92467697631875,
              92467693530916
            ],
            "wall_render_completion_increment_ms": 0.10166645050048828
          },
          {
            "frame": 436,
            "off_gpu_ms": null,
            "on_gpu_ms": null,
            "gpu_increment_ms": null,
            "off_gpu_ticks": [
              92467706287041,
              92467706295500,
              92467707308166,
              92467702964875
            ],
            "on_gpu_ticks": [
              92467708728875,
              92467708736458,
              92467710624625,
              92467698725416
            ],
            "wall_render_completion_increment_ms": 1.4804168939590454
          },
          {
            "frame": 437,
            "off_gpu_ms": null,
            "on_gpu_ms": null,
            "gpu_increment_ms": null,
            "off_gpu_ticks": [
              92467718037125,
              92467718045250,
              92467718360833,
              92467707468958
            ],
            "on_gpu_ticks": [
              92467713926916,
              92467713944791,
              92467714395333,
              92467710790000
            ],
            "wall_render_completion_increment_ms": 1.574999451637268
          },
          {
            "frame": 438,
            "off_gpu_ms": null,
            "on_gpu_ms": null,
            "gpu_increment_ms": null,
            "off_gpu_ticks": [
              92467721928833,
              92467721937791,
              92467722255166,
              92467719243583
            ],
            "on_gpu_ticks": [
              92467725977916,
              92467725987083,
              92467726295666,
              92467715484333
            ],
            "wall_render_completion_increment_ms": 0.07583332061767578
          },
          {
            "frame": 439,
            "off_gpu_ms": null,
            "on_gpu_ms": null,
            "gpu_increment_ms": null,
            "off_gpu_ticks": [
              92467734906625,
              92467734916375,
              92467735121250,
              92467723250166
            ],
            "on_gpu_ticks": [
              92467730471791,
              92467730518208,
              92467730961041,
              92467727499416
            ],
            "wall_render_completion_increment_ms": 0.1782512664794922
          },
          {
            "frame": 440,
            "off_gpu_ms": null,
            "on_gpu_ms": null,
            "gpu_increment_ms": null,
            "off_gpu_ticks": [
              92467739610916,
              92467739619666,
              92467739962291,
              92467736154166
            ],
            "on_gpu_ticks": [
              92467742047916,
              92467742055666,
              92467742383333,
              92467732168583
            ],
            "wall_render_completion_increment_ms": 1.4114160537719727
          },
          {
            "frame": 441,
            "off_gpu_ms": null,
            "on_gpu_ms": null,
            "gpu_increment_ms": null,
            "off_gpu_ticks": [
              92467751112583,
              92467751120708,
              92467752719916,
              92467740862416
            ],
            "on_gpu_ticks": [
              92467747113291,
              92467747121875,
              92467747553375,
              92467743659791
            ],
            "wall_render_completion_increment_ms": -0.3842899799346924
          },
          {
            "frame": 442,
            "off_gpu_ms": null,
            "on_gpu_ms": null,
            "gpu_increment_ms": null,
            "off_gpu_ticks": [
              92467755747750,
              92467755765916,
              92467756141833,
              92467752895375
            ],
            "on_gpu_ticks": [
              92467758292458,
              92467758300416,
              92467758654166,
              92467748680458
            ],
            "wall_render_completion_increment_ms": 1.1025426387786865
          },
          {
            "frame": 443,
            "off_gpu_ms": null,
            "on_gpu_ms": null,
            "gpu_increment_ms": null,
            "off_gpu_ticks": [
              92467767269750,
              92467767279416,
              92467767498375,
              92467756971250
            ],
            "on_gpu_ticks": [
              92467763320291,
              92467763329583,
              92467763686958,
              92467760489833
            ],
            "wall_render_completion_increment_ms": 0.02120804786682129
          },
          {
            "frame": 444,
            "off_gpu_ms": null,
            "on_gpu_ms": null,
            "gpu_increment_ms": null,
            "off_gpu_ticks": [
              92467771936750,
              92467771954333,
              92467773070750,
              92467768564458
            ],
            "on_gpu_ticks": [
              92467776358166,
              92467776367625,
              92467778354083,
              92467764874166
            ],
            "wall_render_completion_increment_ms": -0.1390843391418457
          },
          {
            "frame": 445,
            "off_gpu_ms": null,
            "on_gpu_ms": null,
            "gpu_increment_ms": null,
            "off_gpu_ticks": [
              92467784680000,
              92467784688208,
              92467785002500,
              92467773237250
            ],
            "on_gpu_ticks": [
              92467781318208,
              92467781328041,
              92467781632416,
              92467778525583
            ],
            "wall_render_completion_increment_ms": 0.3964993953704834
          },
          {
            "frame": 446,
            "off_gpu_ms": null,
            "on_gpu_ms": null,
            "gpu_increment_ms": null,
            "off_gpu_ticks": [
              92467789289000,
              92467789298166,
              92467789640166,
              92467785976375
            ],
            "on_gpu_ticks": [
              92467793266416,
              92467793313708,
              92467793797250,
              92467782963958
            ],
            "wall_render_completion_increment_ms": 0.4223332405090332
          },
          {
            "frame": 447,
            "off_gpu_ms": null,
            "on_gpu_ms": null,
            "gpu_increment_ms": null,
            "off_gpu_ticks": [
              92467801040125,
              92467801048500,
              92467801346666,
              92467790607250
            ],
            "on_gpu_ticks": [
              92467798107041,
              92467798116625,
              92467799623958,
              92467795087541
            ],
            "wall_render_completion_increment_ms": -0.43774890899658203
          },
          {
            "frame": 448,
            "off_gpu_ms": null,
            "on_gpu_ms": null,
            "gpu_increment_ms": null,
            "off_gpu_ticks": [
              92467806533750,
              92467806542833,
              92467806779166,
              92467802428333
            ],
            "on_gpu_ticks": [
              92467810539916,
              92467810549958,
              92467810888333,
              92467799802791
            ],
            "wall_render_completion_increment_ms": 0.04141712188720703
          },
          {
            "frame": 449,
            "off_gpu_ms": null,
            "on_gpu_ms": null,
            "gpu_increment_ms": null,
            "off_gpu_ticks": [
              92467819032166,
              92467819040708,
              92467820238625,
              92467807938708
            ],
            "on_gpu_ticks": [
              92467815596541,
              92467815606541,
              92467815938250,
              92467812240125
            ],
            "wall_render_completion_increment_ms": 0.41587376594543457
          },
          {
            "frame": 450,
            "off_gpu_ms": null,
            "on_gpu_ms": null,
            "gpu_increment_ms": null,
            "off_gpu_ticks": [
              92467823699875,
              92467823727833,
              92467824079708,
              92467820425416
            ],
            "on_gpu_ticks": [
              92467827832333,
              92467827842166,
              92467828159541,
              92467817334791
            ],
            "wall_render_completion_increment_ms": 0.007250070571899414
          },
          {
            "frame": 451,
            "off_gpu_ms": null,
            "on_gpu_ms": null,
            "gpu_increment_ms": null,
            "off_gpu_ticks": [
              92467836218750,
              92467836228000,
              92467836776625,
              92467825220625
            ],
            "on_gpu_ticks": [
              92467832548666,
              92467832576041,
              92467832984041,
              92467829554041
            ],
            "wall_render_completion_increment_ms": 0.03983306884765625
          },
          {
            "frame": 452,
            "off_gpu_ms": null,
            "on_gpu_ms": null,
            "gpu_increment_ms": null,
            "off_gpu_ticks": [
              92467841630250,
              92467841640000,
              92467842838875,
              92467837640958
            ],
            "on_gpu_ticks": [
              92467845290750,
              92467845309916,
              92467845991375,
              92467834372791
            ],
            "wall_render_completion_increment_ms": -0.31537389755249023
          },
          {
            "frame": 453,
            "off_gpu_ms": null,
            "on_gpu_ms": null,
            "gpu_increment_ms": null,
            "off_gpu_ticks": [
              92467853437166,
              92467853446041,
              92467853737458,
              92467843020083
            ],
            "on_gpu_ticks": [
              92467850097125,
              92467850107041,
              92467850441000,
              92467847072791
            ],
            "wall_render_completion_increment_ms": 0.5896661281585693
          },
          {
            "frame": 454,
            "off_gpu_ms": null,
            "on_gpu_ms": null,
            "gpu_increment_ms": null,
            "off_gpu_ticks": [
              92467858483250,
              92467858522083,
              92467859033875,
              92467854812416
            ],
            "on_gpu_ticks": [
              92467861857500,
              92467861865583,
              92467862210833,
              92467851833416
            ],
            "wall_render_completion_increment_ms": 0.01749897003173828
          },
          {
            "frame": 455,
            "off_gpu_ms": null,
            "on_gpu_ms": null,
            "gpu_increment_ms": null,
            "off_gpu_ticks": [
              92467870628666,
              92467870636708,
              92467870975250,
              92467860179250
            ],
            "on_gpu_ticks": [
              92467867249250,
              92467867260000,
              92467868842916,
              92467863592083
            ],
            "wall_render_completion_increment_ms": 0.046500205993652344
          },
          {
            "frame": 456,
            "off_gpu_ms": null,
            "on_gpu_ms": null,
            "gpu_increment_ms": null,
            "off_gpu_ticks": [
              92467875944708,
              92467875955083,
              92467876199083,
              92467872014291
            ],
            "on_gpu_ticks": [
              92467879651125,
              92467879669000,
              92467880010625,
              92467869060750
            ],
            "wall_render_completion_increment_ms": 0.010416746139526367
          },
          {
            "frame": 457,
            "off_gpu_ms": null,
            "on_gpu_ms": null,
            "gpu_increment_ms": null,
            "off_gpu_ticks": [
              92467887990958,
              92467887999333,
              92467889246208,
              92467877448916
            ],
            "on_gpu_ticks": [
              92467884595541,
              92467884606208,
              92467884963500,
              92467881399416
            ],
            "wall_render_completion_increment_ms": 0.13854193687438965
          },
          {
            "frame": 458,
            "off_gpu_ms": null,
            "on_gpu_ms": null,
            "gpu_increment_ms": null,
            "off_gpu_ticks": [
              92467892839500,
              92467892849833,
              92467893125458,
              92467889430833
            ],
            "on_gpu_ticks": [
              92467897303583,
              92467897314041,
              92467898887458,
              92467886462541
            ],
            "wall_render_completion_increment_ms": -0.06487488746643066
          },
          {
            "frame": 459,
            "off_gpu_ms": null,
            "on_gpu_ms": null,
            "gpu_increment_ms": null,
            "off_gpu_ticks": [
              92467905557166,
              92467905565958,
              92467905952000,
              92467894342708
            ],
            "on_gpu_ticks": [
              92467902048833,
              92467902058958,
              92467902452916,
              92467899077958
            ],
            "wall_render_completion_increment_ms": 0.19341707229614258
          },
          {
            "frame": 460,
            "off_gpu_ms": null,
            "on_gpu_ms": null,
            "gpu_increment_ms": null,
            "off_gpu_ticks": [
              92467910257291,
              92467910266458,
              92467911549000,
              92467906985083
            ],
            "on_gpu_ticks": [
              92467914296125,
              92467914304666,
              92467914695666,
              92467903950375
            ],
            "wall_render_completion_increment_ms": 0.12641596794128418
          },
          {
            "frame": 461,
            "off_gpu_ms": null,
            "on_gpu_ms": null,
            "gpu_increment_ms": null,
            "off_gpu_ticks": [
              92467923358625,
              92467923367541,
              92467923678791,
              92467911742250
            ],
            "on_gpu_ticks": [
              92467919366083,
              92467919375416,
              92467919741250,
              92467916315833
            ],
            "wall_render_completion_increment_ms": 0.0182497501373291
          },
          {
            "frame": 462,
            "off_gpu_ms": null,
            "on_gpu_ms": null,
            "gpu_increment_ms": null,
            "off_gpu_ticks": [
              92467928435500,
              92467928446625,
              92467928806333,
              92467924934333
            ],
            "on_gpu_ticks": [
              92467932976666,
              92467932987375,
              92467933348583,
              92467921230208
            ],
            "wall_render_completion_increment_ms": -0.05616617202758789
          },
          {
            "frame": 463,
            "off_gpu_ms": null,
            "on_gpu_ms": null,
            "gpu_increment_ms": null,
            "off_gpu_ticks": [
              92467941832750,
              92467941843791,
              92467942209125,
              92467929961000
            ],
            "on_gpu_ticks": [
              92467937416375,
              92467937425916,
              92467937884041,
              92467934988125
            ],
            "wall_render_completion_increment_ms": -0.11666703224182129
          },
          {
            "frame": 464,
            "off_gpu_ms": null,
            "on_gpu_ms": null,
            "gpu_increment_ms": null,
            "off_gpu_ticks": [
              92467946795666,
              92467946805583,
              92467947076125,
              92467943431125
            ],
            "on_gpu_ticks": [
              92467950813041,
              92467950824000,
              92467951189208,
              92467939358250
            ],
            "wall_render_completion_increment_ms": 1.525249719619751
          },
          {
            "frame": 465,
            "off_gpu_ms": null,
            "on_gpu_ms": null,
            "gpu_increment_ms": null,
            "off_gpu_ticks": [
              92467960670833,
              92467960710625,
              92467962528333,
              92467948332166
            ],
            "on_gpu_ticks": [
              92467956796333,
              92467956806916,
              92467957179875,
              92467953395458
            ],
            "wall_render_completion_increment_ms": 0.06737589836120605
          },
          {
            "frame": 466,
            "off_gpu_ms": null,
            "on_gpu_ms": null,
            "gpu_increment_ms": null,
            "off_gpu_ticks": [
              92467966274541,
              92467966285416,
              92467966560708,
              92467962741875
            ],
            "on_gpu_ticks": [
              92467969798250,
              92467969807875,
              92467971580125,
              92467958800875
            ],
            "wall_render_completion_increment_ms": 0.04583382606506348
          },
          {
            "frame": 467,
            "off_gpu_ms": null,
            "on_gpu_ms": null,
            "gpu_increment_ms": null,
            "off_gpu_ticks": [
              92467978710708,
              92467978720166,
              92467979067041,
              92467967901291
            ],
            "on_gpu_ticks": [
              92467975214458,
              92467975225750,
              92467975600333,
              92467971840958
            ],
            "wall_render_completion_increment_ms": 0.19095706939697266
          },
          {
            "frame": 468,
            "off_gpu_ms": null,
            "on_gpu_ms": null,
            "gpu_increment_ms": null,
            "off_gpu_ticks": [
              92467984089708,
              92467984101125,
              92467985652541,
              92467980377000
            ],
            "on_gpu_ticks": [
              92467987741958,
              92467987751125,
              92467988130125,
              92467977397208
            ],
            "wall_render_completion_increment_ms": 0.18337392807006836
          },
          {
            "frame": 469,
            "off_gpu_ms": null,
            "on_gpu_ms": null,
            "gpu_increment_ms": null,
            "off_gpu_ticks": [
              92467998532416,
              92467998543500,
              92467998781208,
              92467986316083
            ],
            "on_gpu_ticks": [
              92467993101291,
              92467993112916,
              92467995508041,
              92467989753750
            ],
            "wall_render_completion_increment_ms": 1.4653759002685547
          },
          {
            "frame": 470,
            "off_gpu_ms": null,
            "on_gpu_ms": null,
            "gpu_increment_ms": null,
            "off_gpu_ticks": [
              92468002989250,
              92468003212166,
              92468003540875,
              92468000275166
            ],
            "on_gpu_ticks": [
              92468007369041,
              92468007380791,
              92468007780416,
              92467995716666
            ],
            "wall_render_completion_increment_ms": -0.025583267211914062
          },
          {
            "frame": 471,
            "off_gpu_ms": null,
            "on_gpu_ms": null,
            "gpu_increment_ms": null,
            "off_gpu_ticks": [
              92468016112208,
              92468016124083,
              92468016375458,
              92468004802875
            ],
            "on_gpu_ticks": [
              92468011891875,
              92468011901625,
              92468012292541,
              92468009566333
            ],
            "wall_render_completion_increment_ms": 0.06283330917358398
          },
          {
            "frame": 472,
            "off_gpu_ms": null,
            "on_gpu_ms": null,
            "gpu_increment_ms": null,
            "off_gpu_ticks": [
              92468020661291,
              92468020670333,
              92468021041166,
              92468017874375
            ],
            "on_gpu_ticks": [
              92468025077083,
              92468025088875,
              92468025490708,
              92468013945208
            ],
            "wall_render_completion_increment_ms": 1.5910425186157227
          },
          {
            "frame": 473,
            "off_gpu_ms": null,
            "on_gpu_ms": null,
            "gpu_increment_ms": null,
            "off_gpu_ticks": [
              92468034910333,
              92468034920291,
              92468037087916,
              92468022318791
            ],
            "on_gpu_ticks": [
              92468031020958,
              92468031032750,
              92468031409208,
              92468027442625
            ],
            "wall_render_completion_increment_ms": 0.020956754684448242
          },
          {
            "frame": 474,
            "off_gpu_ms": null,
            "on_gpu_ms": null,
            "gpu_increment_ms": null,
            "off_gpu_ticks": [
              92468039769750,
              92468039778208,
              92468040154875,
              92468037302125
            ],
            "on_gpu_ticks": [
              92468044105125,
              92468044116916,
              92468045461958,
              92468033141916
            ],
            "wall_render_completion_increment_ms": 1.516458511352539
          },
          {
            "frame": 475,
            "off_gpu_ms": null,
            "on_gpu_ms": null,
            "gpu_increment_ms": null,
            "off_gpu_ticks": [
              92468055622458,
              92468055673291,
              92468055974041,
              92468041507916
            ],
            "on_gpu_ticks": [
              92468050601666,
              92468050613166,
              92468051016791,
              92468046974375
            ],
            "wall_render_completion_increment_ms": 1.1253330707550049
          },
          {
            "frame": 476,
            "off_gpu_ms": null,
            "on_gpu_ms": null,
            "gpu_increment_ms": null,
            "off_gpu_ticks": [
              92468060778500,
              92468060798250,
              92468062908583,
              92468057382208
            ],
            "on_gpu_ticks": [
              92468066315250,
              92468066327000,
              92468066726791,
              92468053403750
            ],
            "wall_render_completion_increment_ms": -1.2014579772949219
          },
          {
            "frame": 477,
            "off_gpu_ms": null,
            "on_gpu_ms": null,
            "gpu_increment_ms": null,
            "off_gpu_ticks": [
              92468074789875,
              92468074799625,
              92468075199875,
              92468063139833
            ],
            "on_gpu_ticks": [
              92468070789000,
              92468070799250,
              92468071703708,
              92468068512750
            ],
            "wall_render_completion_increment_ms": 0.04820895195007324
          },
          {
            "frame": 478,
            "off_gpu_ms": null,
            "on_gpu_ms": null,
            "gpu_increment_ms": null,
            "off_gpu_ticks": [
              92468080075541,
              92468080086500,
              92468080421416,
              92468076542583
            ],
            "on_gpu_ticks": [
              92468083719833,
              92468083729666,
              92468084157375,
              92468073100291
            ],
            "wall_render_completion_increment_ms": 0.1092522144317627
          },
          {
            "frame": 479,
            "off_gpu_ms": null,
            "on_gpu_ms": null,
            "gpu_increment_ms": null,
            "off_gpu_ticks": [
              92468092701041,
              92468092710833,
              92468093097875,
              92468081940500
            ],
            "on_gpu_ticks": [
              92468088739083,
              92468088749125,
              92468089147500,
              92468085937875
            ],
            "wall_render_completion_increment_ms": 0.12566614151000977
          }
        ]
      },
      "swarm": {
        "frames": 0,
        "valid_gpu_frames": 0,
        "invalid_gpu_frames": 0,
        "gpu_increment_ms": null,
        "mean_gpu_increment_ms": null,
        "wall_render_completion_increment_ms": null,
        "mean_wall_render_completion_increment_ms": null,
        "wall_render_completion_mean_95pct_ci_ms": null,
        "wall_mean_upper_95pct_under_1ms": null,
        "off_first_frames": 0,
        "on_first_frames": 0,
        "off_first_mean_wall_increment_ms": null,
        "on_first_mean_wall_increment_ms": null,
        "encode_increment_ms": null,
        "cpu_gpu_increment_ms": null,
        "gpu_increment_under_1ms_p99": null,
        "all_gpu_increments_under_1ms": null,
        "frame_results": []
      },
      "after": {
        "frames": 0,
        "valid_gpu_frames": 0,
        "invalid_gpu_frames": 0,
        "gpu_increment_ms": null,
        "mean_gpu_increment_ms": null,
        "wall_render_completion_increment_ms": null,
        "mean_wall_render_completion_increment_ms": null,
        "wall_render_completion_mean_95pct_ci_ms": null,
        "wall_mean_upper_95pct_under_1ms": null,
        "off_first_frames": 0,
        "on_first_frames": 0,
        "off_first_mean_wall_increment_ms": null,
        "on_first_mean_wall_increment_ms": null,
        "encode_increment_ms": null,
        "cpu_gpu_increment_ms": null,
        "gpu_increment_under_1ms_p99": null,
        "all_gpu_increments_under_1ms": null,
        "frame_results": []
      }
    }
  },
  "sprite_area_method": "Sum of half-width times (half-width plus half-tail) over squared camera distance, before GPU clipping; an angular overdraw proxy, not pixel coverage.",
  "particle_comparison": null,
  "flash_light_comparison": null,
  "phases": {
    "before": {
      "frames": 480,
      "frame_ms": {
        "p50": 6.111292839050293,
        "p99": 11.39695930480957,
        "max": 135.67391967773438
      },
      "continuous_iteration_ms": {
        "p50": 10.26058292388916,
        "p99": 748.7389526367188,
        "max": 1455.939208984375
      },
      "component_sum_ms": {
        "p50": 6.111292839050293,
        "p99": 11.39695930480957,
        "max": 135.67391967773438
      },
      "tick_ms": {
        "p50": 0.1385829895734787,
        "p99": 0.485291987657547,
        "max": 0.5875830054283142
      },
      "dynamic_mesh_ms": {
        "p50": 0.8338339924812317,
        "p99": 1.0588749647140503,
        "max": 1.3448749780654907
      },
      "encode_ms": {
        "p50": 0.8528340458869934,
        "p99": 1.401458978652954,
        "max": 119.06841278076172
      },
      "gpu_wait_ms": {
        "p50": 4.22237491607666,
        "p99": 9.233292579650879,
        "max": 15.628707885742188
      },
      "town_swarm_ms": {
        "p50": 0.0017089999746531248,
        "p99": 0.003874999936670065,
        "max": 0.005541999824345112
      },
      "town_physics_ms": {
        "p50": 0.000375000003259629,
        "p99": 0.0009589999681338668,
        "max": 0.00229199999012053
      },
      "physics_detect_ms": {
        "p50": 0.0,
        "p99": 0.0,
        "max": 0.0
      },
      "physics_solve_ms": {
        "p50": 0.0,
        "p99": 0.0,
        "max": 0.0
      },
      "physics_step_ms": {
        "p50": 0.0,
        "p99": 0.0,
        "max": 0.0
      },
      "physics_steps_max": 0,
      "geometry_updates_max": 0,
      "body_records_max": 1,
      "collider_records_max": 1,
      "town_sync_ms": {
        "p50": 0.0024160000029951334,
        "p99": 0.35454198718070984,
        "max": 0.3963330090045929
      },
      "town_pose_ms": {
        "p50": 0.0005829999572597444,
        "p99": 0.0012080000014975667,
        "max": 0.0015829999465495348
      },
      "town_solids_ms": {
        "p50": 0.0,
        "p99": 0.0,
        "max": 0.0012080000014975667
      },
      "chunks_max": 0,
      "posed_vertices_max": 0,
      "rigid_instances_max": 0,
      "awake_bodies_max": 0,
      "sleeping_bodies_max": 0,
      "merged_chunks_max": 0,
      "static_parts_max": 0,
      "static_groups_max": 0,
      "static_vertices_max": 0,
      "static_transformed_vertices_cumulative": 0,
      "static_rebuilds_cumulative": 0,
      "contact_points_max": 0,
      "warm_candidates_max": 0,
      "debris_end": {
        "frame": 479,
        "rigid_instances": 0,
        "awake_bodies": 0,
        "sleeping_bodies": 0,
        "merged_chunks": 0,
        "contact_points": 0,
        "warm_candidates": 0,
        "static_parts": 0,
        "static_groups": 0,
        "static_vertices": 0,
        "static_transformed_vertices_cumulative": 0,
        "static_rebuilds_cumulative": 0
      },
      "sprites_max": 0,
      "ribbons_max": 0,
      "ribbon_segments_max": 0,
      "draws_max": 577,
      "triangles_max": 544092,
      "flash_lights_selected_max": 0,
      "lit_alpha_max": 0,
      "density_max": 0.0,
      "most_sprites_snapshot": {
        "frame": 479,
        "sprites": 0,
        "lit_alpha": 0,
        "density_max": 0.0,
        "sprite_angular_area": 0.0,
        "lit_alpha_angular_area": 0.0
      },
      "most_sprite_area_snapshot": {
        "frame": 479,
        "sprites": 0,
        "lit_alpha": 0,
        "density_max": 0.0,
        "sprite_angular_area": 0.0,
        "lit_alpha_angular_area": 0.0
      },
      "most_lit_alpha_area_snapshot": {
        "frame": 479,
        "sprites": 0,
        "lit_alpha": 0,
        "density_max": 0.0,
        "sprite_angular_area": 0.0,
        "lit_alpha_angular_area": 0.0
      }
    },
    "swarm": {
      "frames": 0,
      "frame_ms": null,
      "continuous_iteration_ms": null,
      "component_sum_ms": null,
      "tick_ms": null,
      "dynamic_mesh_ms": null,
      "encode_ms": null,
      "gpu_wait_ms": null,
      "town_swarm_ms": null,
      "town_physics_ms": null,
      "physics_detect_ms": null,
      "physics_solve_ms": null,
      "physics_step_ms": null,
      "physics_steps_max": 0,
      "geometry_updates_max": 0,
      "body_records_max": 0,
      "collider_records_max": 0,
      "town_sync_ms": null,
      "town_pose_ms": null,
      "town_solids_ms": null,
      "chunks_max": 0,
      "posed_vertices_max": 0,
      "rigid_instances_max": 0,
      "awake_bodies_max": 0,
      "sleeping_bodies_max": 0,
      "merged_chunks_max": 0,
      "static_parts_max": 0,
      "static_groups_max": 0,
      "static_vertices_max": 0,
      "static_transformed_vertices_cumulative": 0,
      "static_rebuilds_cumulative": 0,
      "contact_points_max": 0,
      "warm_candidates_max": 0,
      "debris_end": null,
      "sprites_max": 0,
      "ribbons_max": 0,
      "ribbon_segments_max": 0,
      "draws_max": 0,
      "triangles_max": 0,
      "flash_lights_selected_max": 0,
      "lit_alpha_max": 0,
      "density_max": 0.0,
      "most_sprites_snapshot": null,
      "most_sprite_area_snapshot": null,
      "most_lit_alpha_area_snapshot": null
    },
    "after": {
      "frames": 0,
      "frame_ms": null,
      "continuous_iteration_ms": null,
      "component_sum_ms": null,
      "tick_ms": null,
      "dynamic_mesh_ms": null,
      "encode_ms": null,
      "gpu_wait_ms": null,
      "town_swarm_ms": null,
      "town_physics_ms": null,
      "physics_detect_ms": null,
      "physics_solve_ms": null,
      "physics_step_ms": null,
      "physics_steps_max": 0,
      "geometry_updates_max": 0,
      "body_records_max": 0,
      "collider_records_max": 0,
      "town_sync_ms": null,
      "town_pose_ms": null,
      "town_solids_ms": null,
      "chunks_max": 0,
      "posed_vertices_max": 0,
      "rigid_instances_max": 0,
      "awake_bodies_max": 0,
      "sleeping_bodies_max": 0,
      "merged_chunks_max": 0,
      "static_parts_max": 0,
      "static_groups_max": 0,
      "static_vertices_max": 0,
      "static_transformed_vertices_cumulative": 0,
      "static_rebuilds_cumulative": 0,
      "contact_points_max": 0,
      "warm_candidates_max": 0,
      "debris_end": null,
      "sprites_max": 0,
      "ribbons_max": 0,
      "ribbon_segments_max": 0,
      "draws_max": 0,
      "triangles_max": 0,
      "flash_lights_selected_max": 0,
      "lit_alpha_max": 0,
      "density_max": 0.0,
      "most_sprites_snapshot": null,
      "most_sprite_area_snapshot": null,
      "most_lit_alpha_area_snapshot": null
    }
  }
}
slowest frame to render: 297 ms; most sprites in a frame: 0
