kit: licensed
baking the light
t 0.0 s · summed work 4404.3 ms (tick 0.0, mesh 1.2, encode 4377.1, wait 26.0) · raised 0 · pieces 0 · chunks 0 · sprites 0 · Meteor Showcase · 0 meteors in flight · 1: cast eight · R: rebuild · the caster casts again after each rebuild
t 1.0 s · summed work 1.9 ms (tick 0.3, mesh 0.8, encode 0.7, wait 0.0) · raised 0 · pieces 0 · chunks 0 · sprites 0 · Meteor Showcase · 0 meteors in flight · 1: cast eight · R: rebuild · the caster casts again after each rebuild
t 2.0 s · summed work 4.8 ms (tick 0.1, mesh 0.8, encode 0.7, wait 3.1) · raised 0 · pieces 0 · chunks 0 · sprites 0 · Meteor Showcase · 0 meteors in flight · 1: cast eight · R: rebuild · the caster casts again after each rebuild
t 3.0 s · summed work 2.4 ms (tick 0.1, mesh 1.0, encode 1.2, wait 0.0) · raised 0 · pieces 0 · chunks 0 · sprites 1 · Meteor Showcase · 0 meteors in flight · 1: cast eight · R: rebuild · the caster casts again after each rebuild
t 4.0 s · summed work 2.3 ms (tick 0.2, mesh 1.0, encode 1.1, wait 0.1) · raised 0 · pieces 0 · chunks 0 · sprites 63 · Meteor Showcase · 0 meteors in flight · 1: cast eight · R: rebuild · the caster casts again after each rebuild
t 5.0 s · summed work 2.5 ms (tick 0.1, mesh 1.2, encode 1.2, wait 0.0) · raised 0 · pieces 0 · chunks 0 · sprites 60 · Meteor Showcase · 0 meteors in flight · 1: cast eight · R: rebuild · the caster casts again after each rebuild
t 6.0 s · summed work 2.2 ms (tick 0.1, mesh 1.0, encode 1.0, wait 0.0) · raised 0 · pieces 0 · chunks 0 · sprites 141 · Meteor Showcase · 0 meteors in flight · 1: cast eight · R: rebuild · the caster casts again after each rebuild
t 7.0 s · summed work 12.4 ms (tick 8.9, mesh 1.1, encode 2.3, wait 0.0) · raised 2 · pieces 184 · chunks 479 · sprites 1161 · Meteor Showcase · 0 meteors in flight · 1: cast eight · R: rebuild · the caster casts again after each rebuild
t 8.0 s · summed work 8.1 ms (tick 4.3, mesh 1.2, encode 2.6, wait 0.1) · raised 2 · pieces 184 · chunks 491 · sprites 1544 · Meteor Showcase · 0 meteors in flight · 1: cast eight · R: rebuild · the caster casts again after each rebuild
t 9.0 s · summed work 9.0 ms (tick 5.4, mesh 1.2, encode 2.4, wait 0.0) · raised 2 · pieces 184 · chunks 502 · sprites 1024 · Meteor Showcase · 0 meteors in flight · 1: cast eight · R: rebuild · the caster casts again after each rebuild
t 10.0 s · summed work 15.0 ms (tick 5.7, mesh 1.0, encode 2.0, wait 6.2) · raised 2 · pieces 184 · chunks 509 · sprites 466 · Meteor Showcase · 0 meteors in flight · 1: cast eight · R: rebuild · the caster casts again after each rebuild
t 11.0 s · summed work 9.1 ms (tick 5.8, mesh 1.0, encode 2.2, wait 0.0) · raised 2 · pieces 184 · chunks 509 · sprites 387 · Meteor Showcase · 0 meteors in flight · 1: cast eight · R: rebuild · the caster casts again after each rebuild
t 12.0 s · summed work 6.3 ms (tick 3.3, mesh 1.0, encode 2.0, wait 0.0) · raised 2 · pieces 184 · chunks 509 · sprites 380 · Meteor Showcase · 0 meteors in flight · 1: cast eight · R: rebuild · the caster casts again after each rebuild
t 13.0 s · summed work 4.4 ms (tick 1.6, mesh 1.0, encode 1.8, wait 0.0) · raised 2 · pieces 184 · chunks 509 · sprites 348 · Meteor Showcase · 0 meteors in flight · 1: cast eight · R: rebuild · the caster casts again after each rebuild
t 14.0 s · summed work 4.4 ms (tick 1.3, mesh 1.1, encode 2.0, wait 0.0) · raised 2 · pieces 184 · chunks 509 · sprites 320 · Meteor Showcase · 0 meteors in flight · 1: cast eight · R: rebuild · the caster casts again after each rebuild
t 15.0 s · summed work 11.8 ms (tick 0.9, mesh 2.0, encode 3.7, wait 5.2) · raised 2 · pieces 184 · chunks 509 · sprites 308 · Meteor Showcase · 0 meteors in flight · 1: cast eight · R: rebuild · the caster casts again after each rebuild
{
  "mode": "live",
  "camera_path": "director",
  "static_houses": false,
  "sequence_frames": null,
  "readback_every_frame": false,
  "submission_timing": {
    "policy": "bounded_two_frames",
    "serial_frames_flag": false,
    "pending_frame_limit": 2,
    "maximum_pending_frames": 2,
    "submitted_frames": 960,
    "completed_frames": 960,
    "temporal_baseline_submitted_frames": null,
    "temporal_baseline_completed_frames": null,
    "elapsed_through_final_drain_ms": 9201.586292,
    "completed_frames_per_second": 104.32983721889765,
    "final_drain_ms": 3.054917097091675,
    "final_drain_charged_to_frame": 959,
    "warmup_submissions": 0,
    "warmup_drain_ms": 0.0,
    "warmup_method": "This stage required no separate exposure warm-up submissions.",
    "png_writes_and_progress_logs_deferred": true,
    "deferred_png_memory_bound_bytes": 1073741824,
    "continuous_iteration_ms": {
      "p50": 4.324625015258789,
      "p99": 11.365750312805176,
      "max": 4404.787109375
    },
    "start_to_observed_completion_ms": {
      "p50": 7.667375087738037,
      "p99": 18.535999298095703,
      "max": 4402.78125
    },
    "submit_to_observed_completion_ms": {
      "p50": 3.4745841026306152,
      "p99": 7.919875144958496,
      "max": 24.528541564941406
    },
    "frames": [
      {
        "index": 0,
        "started_ms": 0.0,
        "submitted_ms": 4378.252542,
        "observed_completed_ms": 4402.781084,
        "start_to_observed_completion_ms": 4402.781084,
        "submit_to_observed_completion_ms": 24.528542000000016,
        "continuous_iteration_ms": 4404.787109375,
        "frame_ms": 4404.787109375,
        "component_sum_ms": 4404.2626953125,
        "tick_ms": 0.0,
        "dynamic_mesh_ms": 1.1603330373764038,
        "encode_ms": 4377.0615234375,
        "admission_or_completion_ms": 26.040998458862305
      },
      {
        "index": 1,
        "started_ms": 4404.786959,
        "submitted_ms": 4407.5803750000005,
        "observed_completed_ms": 4411.729709,
        "start_to_observed_completion_ms": 6.94275000000016,
        "submit_to_observed_completion_ms": 4.149333999999726,
        "continuous_iteration_ms": 2.8019161224365234,
        "frame_ms": 2.8019161224365234,
        "component_sum_ms": 2.793790102005005,
        "tick_ms": 0.3030409812927246,
        "dynamic_mesh_ms": 0.873540997505188,
        "encode_ms": 1.6134159564971924,
        "admission_or_completion_ms": 0.003792000003159046
      },
      {
        "index": 2,
        "started_ms": 4407.588875,
        "submitted_ms": 4410.571,
        "observed_completed_ms": 4414.613292,
        "start_to_observed_completion_ms": 7.02441699999963,
        "submit_to_observed_completion_ms": 4.042292000000089,
        "continuous_iteration_ms": 2.9896249771118164,
        "frame_ms": 2.9896249771118164,
        "component_sum_ms": 2.9816248416900635,
        "tick_ms": 0.24187499284744263,
        "dynamic_mesh_ms": 0.8893749713897705,
        "encode_ms": 1.847458004951477,
        "admission_or_completion_ms": 0.0029169998597353697
      },
      {
        "index": 3,
        "started_ms": 4410.5785,
        "submitted_ms": 4413.288667,
        "observed_completed_ms": 4416.869084,
        "start_to_observed_completion_ms": 6.290584000000308,
        "submit_to_observed_completion_ms": 3.580417000000125,
        "continuous_iteration_ms": 2.717250108718872,
        "frame_ms": 2.717250108718872,
        "component_sum_ms": 2.709792137145996,
        "tick_ms": 0.24916699528694153,
        "dynamic_mesh_ms": 0.8479999899864197,
        "encode_ms": 1.5579999685287476,
        "admission_or_completion_ms": 0.054625000804662704
      },
      {
        "index": 4,
        "started_ms": 4413.295749999999,
        "submitted_ms": 4415.720125,
        "observed_completed_ms": 4418.917958999999,
        "start_to_observed_completion_ms": 5.622209000000112,
        "submit_to_observed_completion_ms": 3.1978339999996024,
        "continuous_iteration_ms": 2.43387508392334,
        "frame_ms": 2.43387508392334,
        "component_sum_ms": 2.4235830307006836,
        "tick_ms": 0.41133299469947815,
        "dynamic_mesh_ms": 0.8684999942779541,
        "encode_ms": 1.1061660051345825,
        "admission_or_completion_ms": 0.03758400306105614
      },
      {
        "index": 5,
        "started_ms": 4415.729625,
        "submitted_ms": 4417.840917,
        "observed_completed_ms": 4420.85375,
        "start_to_observed_completion_ms": 5.1241250000002765,
        "submit_to_observed_completion_ms": 3.012832999999773,
        "continuous_iteration_ms": 2.118542194366455,
        "frame_ms": 2.118542194366455,
        "component_sum_ms": 2.1110830307006836,
        "tick_ms": 0.14862500131130219,
        "dynamic_mesh_ms": 0.9530829787254333,
        "encode_ms": 0.9709579944610596,
        "admission_or_completion_ms": 0.03841700032353401
      },
      {
        "index": 6,
        "started_ms": 4417.848167,
        "submitted_ms": 4419.8324170000005,
        "observed_completed_ms": 4422.84975,
        "start_to_observed_completion_ms": 5.00158300000021,
        "submit_to_observed_completion_ms": 3.0173329999997804,
        "continuous_iteration_ms": 1.9877921342849731,
        "frame_ms": 1.9877921342849731,
        "component_sum_ms": 1.9834591150283813,
        "tick_ms": 0.16475000977516174,
        "dynamic_mesh_ms": 0.8692499995231628,
        "encode_ms": 0.9132919907569885,
        "admission_or_completion_ms": 0.036166999489068985
      },
      {
        "index": 7,
        "started_ms": 4419.835959,
        "submitted_ms": 4421.663917,
        "observed_completed_ms": 4423.956209,
        "start_to_observed_completion_ms": 4.120249999999942,
        "submit_to_observed_completion_ms": 2.2922920000000886,
        "continuous_iteration_ms": 1.831333041191101,
        "frame_ms": 1.831333041191101,
        "component_sum_ms": 1.827873945236206,
        "tick_ms": 0.1596670001745224,
        "dynamic_mesh_ms": 0.8300829529762268,
        "encode_ms": 0.809499979019165,
        "admission_or_completion_ms": 0.028624000027775764
      },
      {
        "index": 8,
        "started_ms": 4421.667292,
        "submitted_ms": 4423.957584,
        "observed_completed_ms": 4425.998500000001,
        "start_to_observed_completion_ms": 4.331208000000515,
        "submit_to_observed_completion_ms": 2.040916000000834,
        "continuous_iteration_ms": 2.2960829734802246,
        "frame_ms": 2.2960829734802246,
        "component_sum_ms": 2.2902488708496094,
        "tick_ms": 0.32579100131988525,
        "dynamic_mesh_ms": 0.8267499804496765,
        "encode_ms": 1.1072920560836792,
        "admission_or_completion_ms": 0.03041599877178669
      },
      {
        "index": 9,
        "started_ms": 4423.963374999999,
        "submitted_ms": 4425.9992090000005,
        "observed_completed_ms": 4428.18925,
        "start_to_observed_completion_ms": 4.225875000000997,
        "submit_to_observed_completion_ms": 2.1900409999998374,
        "continuous_iteration_ms": 2.0397088527679443,
        "frame_ms": 2.0397088527679443,
        "component_sum_ms": 2.0346670150756836,
        "tick_ms": 0.25816699862480164,
        "dynamic_mesh_ms": 0.8672919869422913,
        "encode_ms": 0.9079999923706055,
        "admission_or_completion_ms": 0.0012080001179128885
      },
      {
        "index": 10,
        "started_ms": 4426.003084,
        "submitted_ms": 4428.191334,
        "observed_completed_ms": 4430.198417,
        "start_to_observed_completion_ms": 4.195332999999664,
        "submit_to_observed_completion_ms": 2.0070829999995112,
        "continuous_iteration_ms": 2.198124885559082,
        "frame_ms": 2.198124885559082,
        "component_sum_ms": 2.1885828971862793,
        "tick_ms": 0.2213750034570694,
        "dynamic_mesh_ms": 0.8742079734802246,
        "encode_ms": 1.090250015258789,
        "admission_or_completion_ms": 0.002749999985098839
      },
      {
        "index": 11,
        "started_ms": 4428.201209,
        "submitted_ms": 4430.199167,
        "observed_completed_ms": 4432.255459,
        "start_to_observed_completion_ms": 4.054250000000138,
        "submit_to_observed_completion_ms": 2.0562920000002123,
        "continuous_iteration_ms": 2.001415967941284,
        "frame_ms": 2.001415967941284,
        "component_sum_ms": 1.9973340034484863,
        "tick_ms": 0.17258299887180328,
        "dynamic_mesh_ms": 0.8880830407142639,
        "encode_ms": 0.9349170327186584,
        "admission_or_completion_ms": 0.0017510000616312027
      },
      {
        "index": 12,
        "started_ms": 4430.202625,
        "submitted_ms": 4432.259084,
        "observed_completed_ms": 4434.155834,
        "start_to_observed_completion_ms": 3.9532090000002427,
        "submit_to_observed_completion_ms": 1.8967499999998836,
        "continuous_iteration_ms": 2.0654590129852295,
        "frame_ms": 2.0654590129852295,
        "component_sum_ms": 2.0589170455932617,
        "tick_ms": 0.21825000643730164,
        "dynamic_mesh_ms": 0.840749979019165,
        "encode_ms": 0.9965000152587891,
        "admission_or_completion_ms": 0.0034169999416917562
      },
      {
        "index": 13,
        "started_ms": 4432.268084,
        "submitted_ms": 4434.632500000001,
        "observed_completed_ms": 4436.581459,
        "start_to_observed_completion_ms": 4.3133749999997235,
        "submit_to_observed_completion_ms": 1.9489589999993768,
        "continuous_iteration_ms": 2.3701248168945312,
        "frame_ms": 2.3701248168945312,
        "component_sum_ms": 2.363375186920166,
        "tick_ms": 0.4192499816417694,
        "dynamic_mesh_ms": 0.8735840320587158,
        "encode_ms": 1.0671249628067017,
        "admission_or_completion_ms": 0.003415999934077263
      },
      {
        "index": 14,
        "started_ms": 4434.638209,
        "submitted_ms": 4436.582292,
        "observed_completed_ms": 4438.394959,
        "start_to_observed_completion_ms": 3.7567500000004657,
        "submit_to_observed_completion_ms": 1.8126670000001468,
        "continuous_iteration_ms": 1.9478329420089722,
        "frame_ms": 1.9478329420089722,
        "component_sum_ms": 1.9433331489562988,
        "tick_ms": 0.2198750078678131,
        "dynamic_mesh_ms": 0.8398750424385071,
        "encode_ms": 0.8822919726371765,
        "admission_or_completion_ms": 0.0012910000514239073
      },
      {
        "index": 15,
        "started_ms": 4436.586042,
        "submitted_ms": 4438.395375,
        "observed_completed_ms": 4440.0086249999995,
        "start_to_observed_completion_ms": 3.4225829999995767,
        "submit_to_observed_completion_ms": 1.6132499999994252,
        "continuous_iteration_ms": 1.8119580745697021,
        "frame_ms": 1.8119580745697021,
        "component_sum_ms": 1.808791995048523,
        "tick_ms": 0.1783750057220459,
        "dynamic_mesh_ms": 0.816208004951477,
        "encode_ms": 0.8135830163955688,
        "admission_or_completion_ms": 0.0006259999936446548
      },
      {
        "index": 16,
        "started_ms": 4438.398,
        "submitted_ms": 4440.545625000001,
        "observed_completed_ms": 4442.529750000001,
        "start_to_observed_completion_ms": 4.131750000000466,
        "submit_to_observed_completion_ms": 1.984124999999949,
        "continuous_iteration_ms": 2.1565001010894775,
        "frame_ms": 2.1565001010894775,
        "component_sum_ms": 2.1478331089019775,
        "tick_ms": 0.22987499833106995,
        "dynamic_mesh_ms": 0.8037500381469727,
        "encode_ms": 1.1130409240722656,
        "admission_or_completion_ms": 0.001167000038549304
      },
      {
        "index": 17,
        "started_ms": 4440.5545,
        "submitted_ms": 4442.531042,
        "observed_completed_ms": 4444.412584000001,
        "start_to_observed_completion_ms": 3.8580840000004173,
        "submit_to_observed_completion_ms": 1.8815420000009908,
        "continuous_iteration_ms": 1.981583833694458,
        "frame_ms": 1.981583833694458,
        "component_sum_ms": 1.9754570722579956,
        "tick_ms": 0.16200000047683716,
        "dynamic_mesh_ms": 0.8547080159187317,
        "encode_ms": 0.957207977771759,
        "admission_or_completion_ms": 0.001540999859571457
      },
      {
        "index": 18,
        "started_ms": 4442.536084,
        "submitted_ms": 4444.413584,
        "observed_completed_ms": 4446.437584,
        "start_to_observed_completion_ms": 3.901499999999942,
        "submit_to_observed_completion_ms": 2.024000000000342,
        "continuous_iteration_ms": 1.8845829963684082,
        "frame_ms": 1.8845829963684082,
        "component_sum_ms": 1.8773740530014038,
        "tick_ms": 0.14879199862480164,
        "dynamic_mesh_ms": 0.8277080059051514,
        "encode_ms": 0.8992499709129333,
        "admission_or_completion_ms": 0.0016240000259131193
      },
      {
        "index": 19,
        "started_ms": 4444.420667,
        "submitted_ms": 4446.438459,
        "observed_completed_ms": 4448.3607919999995,
        "start_to_observed_completion_ms": 3.9401249999991705,
        "submit_to_observed_completion_ms": 1.9223329999995258,
        "continuous_iteration_ms": 2.0208330154418945,
        "frame_ms": 2.0208330154418945,
        "component_sum_ms": 2.0174169540405273,
        "tick_ms": 0.2901659905910492,
        "dynamic_mesh_ms": 0.8428750038146973,
        "encode_ms": 0.8833340406417847,
        "admission_or_completion_ms": 0.0010420000180602074
      },
      {
        "index": 20,
        "started_ms": 4446.4415,
        "submitted_ms": 4448.3615,
        "observed_completed_ms": 4449.925375000001,
        "start_to_observed_completion_ms": 3.4838750000008076,
        "submit_to_observed_completion_ms": 1.5638750000007349,
        "continuous_iteration_ms": 1.9232919216156006,
        "frame_ms": 1.9232919216156006,
        "component_sum_ms": 1.9199589490890503,
        "tick_ms": 0.18150000274181366,
        "dynamic_mesh_ms": 0.7994589805603027,
        "encode_ms": 0.9382500052452087,
        "admission_or_completion_ms": 0.000750000006519258
      },
      {
        "index": 21,
        "started_ms": 4448.364791999999,
        "submitted_ms": 4450.357459,
        "observed_completed_ms": 4452.291959,
        "start_to_observed_completion_ms": 3.927167000000736,
        "submit_to_observed_completion_ms": 1.9345000000002983,
        "continuous_iteration_ms": 1.9966249465942383,
        "frame_ms": 1.9966249465942383,
        "component_sum_ms": 1.9921669960021973,
        "tick_ms": 0.1374169886112213,
        "dynamic_mesh_ms": 0.8924999833106995,
        "encode_ms": 0.9601250290870667,
        "admission_or_completion_ms": 0.0021249998826533556
      },
      {
        "index": 22,
        "started_ms": 4450.361417,
        "submitted_ms": 4452.292875,
        "observed_completed_ms": 4453.856167,
        "start_to_observed_completion_ms": 3.49474999999984,
        "submit_to_observed_completion_ms": 1.5632919999998194,
        "continuous_iteration_ms": 1.9350829124450684,
        "frame_ms": 1.9350829124450684,
        "component_sum_ms": 1.9307920932769775,
        "tick_ms": 0.16595900058746338,
        "dynamic_mesh_ms": 0.8655419945716858,
        "encode_ms": 0.8980000019073486,
        "admission_or_completion_ms": 0.0012910000514239073
      },
      {
        "index": 23,
        "started_ms": 4452.2965,
        "submitted_ms": 4454.227584,
        "observed_completed_ms": 4456.145167,
        "start_to_observed_completion_ms": 3.8486669999992955,
        "submit_to_observed_completion_ms": 1.9175829999994676,
        "continuous_iteration_ms": 1.9338750839233398,
        "frame_ms": 1.9338750839233398,
        "component_sum_ms": 1.930873990058899,
        "tick_ms": 0.3067080080509186,
        "dynamic_mesh_ms": 0.8178330063819885,
        "encode_ms": 0.8051249980926514,
        "admission_or_completion_ms": 0.0012080001179128885
      },
      {
        "index": 24,
        "started_ms": 4454.230375,
        "submitted_ms": 4456.145667000001,
        "observed_completed_ms": 4458.124334,
        "start_to_observed_completion_ms": 3.8939589999999953,
        "submit_to_observed_completion_ms": 1.9786669999994047,
        "continuous_iteration_ms": 1.9173749685287476,
        "frame_ms": 1.9173749685287476,
        "component_sum_ms": 1.9152089357376099,
        "tick_ms": 0.19670900702476501,
        "dynamic_mesh_ms": 0.8467919826507568,
        "encode_ms": 0.8709999918937683,
        "admission_or_completion_ms": 0.000708000035956502
      },
      {
        "index": 25,
        "started_ms": 4456.14775,
        "submitted_ms": 4458.125,
        "observed_completed_ms": 4459.982792,
        "start_to_observed_completion_ms": 3.835041999999703,
        "submit_to_observed_completion_ms": 1.8577919999997903,
        "continuous_iteration_ms": 1.9805841445922852,
        "frame_ms": 1.9805841445922852,
        "component_sum_ms": 1.9772499799728394,
        "tick_ms": 0.1874159872531891,
        "dynamic_mesh_ms": 0.8780420422554016,
        "encode_ms": 0.910457968711853,
        "admission_or_completion_ms": 0.0013340000296011567
      },
      {
        "index": 26,
        "started_ms": 4458.128334,
        "submitted_ms": 4459.984209,
        "observed_completed_ms": 4462.182667,
        "start_to_observed_completion_ms": 4.054333000000042,
        "submit_to_observed_completion_ms": 2.198457999999846,
        "continuous_iteration_ms": 1.859624981880188,
        "frame_ms": 1.859624981880188,
        "component_sum_ms": 1.855958104133606,
        "tick_ms": 0.20937499403953552,
        "dynamic_mesh_ms": 0.8245410323143005,
        "encode_ms": 0.821042001247406,
        "admission_or_completion_ms": 0.0009999999310821295
      },
      {
        "index": 27,
        "started_ms": 4459.987959,
        "submitted_ms": 4462.183167,
        "observed_completed_ms": 4463.879542,
        "start_to_observed_completion_ms": 3.8915829999996276,
        "submit_to_observed_completion_ms": 1.6963749999995343,
        "continuous_iteration_ms": 2.198624849319458,
        "frame_ms": 2.198624849319458,
        "component_sum_ms": 2.194957971572876,
        "tick_ms": 0.32591700553894043,
        "dynamic_mesh_ms": 0.824042022228241,
        "encode_ms": 1.0437079668045044,
        "admission_or_completion_ms": 0.0012910000514239073
      },
      {
        "index": 28,
        "started_ms": 4462.186584,
        "submitted_ms": 4463.879959,
        "observed_completed_ms": 4465.721667000001,
        "start_to_observed_completion_ms": 3.535083000000668,
        "submit_to_observed_completion_ms": 1.8417080000008355,
        "continuous_iteration_ms": 1.6952910423278809,
        "frame_ms": 1.6952910423278809,
        "component_sum_ms": 1.6932510137557983,
        "tick_ms": 0.13041700422763824,
        "dynamic_mesh_ms": 0.8137919902801514,
        "encode_ms": 0.7484590411186218,
        "admission_or_completion_ms": 0.0005830000154674053
      },
      {
        "index": 29,
        "started_ms": 4463.881875,
        "submitted_ms": 4465.722125,
        "observed_completed_ms": 4467.588125,
        "start_to_observed_completion_ms": 3.706250000000182,
        "submit_to_observed_completion_ms": 1.8659999999999854,
        "continuous_iteration_ms": 1.8433339595794678,
        "frame_ms": 1.8433339595794678,
        "component_sum_ms": 1.8404580354690552,
        "tick_ms": 0.13187499344348907,
        "dynamic_mesh_ms": 0.8026660084724426,
        "encode_ms": 0.9051250219345093,
        "admission_or_completion_ms": 0.0007919999770820141
      },
      {
        "index": 30,
        "started_ms": 4465.725209,
        "submitted_ms": 4467.589,
        "observed_completed_ms": 4469.372792,
        "start_to_observed_completion_ms": 3.6475829999999405,
        "submit_to_observed_completion_ms": 1.783792000000176,
        "continuous_iteration_ms": 1.8668749332427979,
        "frame_ms": 1.8668749332427979,
        "component_sum_ms": 1.863332986831665,
        "tick_ms": 0.1681250035762787,
        "dynamic_mesh_ms": 0.795415997505188,
        "encode_ms": 0.8989999890327454,
        "admission_or_completion_ms": 0.0007919999770820141
      },
      {
        "index": 31,
        "started_ms": 4467.592084,
        "submitted_ms": 4469.3735,
        "observed_completed_ms": 4471.163500000001,
        "start_to_observed_completion_ms": 3.5714160000006814,
        "submit_to_observed_completion_ms": 1.7900000000008731,
        "continuous_iteration_ms": 1.7838330268859863,
        "frame_ms": 1.7838330268859863,
        "component_sum_ms": 1.7813749313354492,
        "tick_ms": 0.23158399760723114,
        "dynamic_mesh_ms": 0.7854999899864197,
        "encode_ms": 0.7634159922599792,
        "admission_or_completion_ms": 0.0008750000270083547
      },
      {
        "index": 32,
        "started_ms": 4469.375916999999,
        "submitted_ms": 4471.163834,
        "observed_completed_ms": 4472.816917,
        "start_to_observed_completion_ms": 3.441000000000713,
        "submit_to_observed_completion_ms": 1.6530830000001515,
        "continuous_iteration_ms": 1.79116690158844,
        "frame_ms": 1.79116690158844,
        "component_sum_ms": 1.7877490520477295,
        "tick_ms": 0.18308299779891968,
        "dynamic_mesh_ms": 0.806958019733429,
        "encode_ms": 0.7970840334892273,
        "admission_or_completion_ms": 0.000623999978415668
      },
      {
        "index": 33,
        "started_ms": 4471.167084000001,
        "submitted_ms": 4472.817209000001,
        "observed_completed_ms": 4474.752374999999,
        "start_to_observed_completion_ms": 3.585290999998506,
        "submit_to_observed_completion_ms": 1.9351659999983895,
        "continuous_iteration_ms": 1.6520830392837524,
        "frame_ms": 1.6520830392837524,
        "component_sum_ms": 1.6500409841537476,
        "tick_ms": 0.12858299911022186,
        "dynamic_mesh_ms": 0.7987080216407776,
        "encode_ms": 0.7222089767456055,
        "admission_or_completion_ms": 0.0005410000449046493
      },
      {
        "index": 34,
        "started_ms": 4472.819167,
        "submitted_ms": 4474.753125,
        "observed_completed_ms": 4476.554834,
        "start_to_observed_completion_ms": 3.7356669999999212,
        "submit_to_observed_completion_ms": 1.8017089999993914,
        "continuous_iteration_ms": 1.9375829696655273,
        "frame_ms": 1.9375829696655273,
        "component_sum_ms": 1.934249997138977,
        "tick_ms": 0.13179199397563934,
        "dynamic_mesh_ms": 0.9168750047683716,
        "encode_ms": 0.8843330144882202,
        "admission_or_completion_ms": 0.0012499999720603228
      },
      {
        "index": 35,
        "started_ms": 4474.7567500000005,
        "submitted_ms": 4476.555334000001,
        "observed_completed_ms": 4478.68775,
        "start_to_observed_completion_ms": 3.9309999999995853,
        "submit_to_observed_completion_ms": 2.1324159999994663,
        "continuous_iteration_ms": 1.8012089729309082,
        "frame_ms": 1.8012089729309082,
        "component_sum_ms": 1.7985420227050781,
        "tick_ms": 0.20679199695587158,
        "dynamic_mesh_ms": 0.8034999966621399,
        "encode_ms": 0.7875000238418579,
        "admission_or_completion_ms": 0.000750000006519258
      },
      {
        "index": 36,
        "started_ms": 4476.557959,
        "submitted_ms": 4478.688625,
        "observed_completed_ms": 4480.741209,
        "start_to_observed_completion_ms": 4.183250000000044,
        "submit_to_observed_completion_ms": 2.0525840000000244,
        "continuous_iteration_ms": 2.1346659660339355,
        "frame_ms": 2.1346659660339355,
        "component_sum_ms": 2.1308748722076416,
        "tick_ms": 0.3068750202655792,
        "dynamic_mesh_ms": 0.7924590110778809,
        "encode_ms": 1.0304579734802246,
        "admission_or_completion_ms": 0.00108299998100847
      },
      {
        "index": 37,
        "started_ms": 4478.692625,
        "submitted_ms": 4480.742,
        "observed_completed_ms": 4482.745167,
        "start_to_observed_completion_ms": 4.052542000000358,
        "submit_to_observed_completion_ms": 2.0031669999998485,
        "continuous_iteration_ms": 2.0527091026306152,
        "frame_ms": 2.0527091026306152,
        "component_sum_ms": 2.0490000247955322,
        "tick_ms": 0.21229200065135956,
        "dynamic_mesh_ms": 0.8219999670982361,
        "encode_ms": 1.013916015625,
        "admission_or_completion_ms": 0.0007919999770820141
      },
      {
        "index": 38,
        "started_ms": 4480.745334,
        "submitted_ms": 4482.7463339999995,
        "observed_completed_ms": 4484.608375,
        "start_to_observed_completion_ms": 3.863040999999612,
        "submit_to_observed_completion_ms": 1.8620410000003176,
        "continuous_iteration_ms": 2.004499912261963,
        "frame_ms": 2.004499912261963,
        "component_sum_ms": 2.000916004180908,
        "tick_ms": 0.18083299696445465,
        "dynamic_mesh_ms": 0.9017499685287476,
        "encode_ms": 0.9161669611930847,
        "admission_or_completion_ms": 0.00216599996201694
      },
      {
        "index": 39,
        "started_ms": 4482.749834,
        "submitted_ms": 4484.608834000001,
        "observed_completed_ms": 4486.445834,
        "start_to_observed_completion_ms": 3.6959999999999127,
        "submit_to_observed_completion_ms": 1.8369999999995343,
        "continuous_iteration_ms": 1.861665964126587,
        "frame_ms": 1.861665964126587,
        "component_sum_ms": 1.858667016029358,
        "tick_ms": 0.3008340001106262,
        "dynamic_mesh_ms": 0.7971660494804382,
        "encode_ms": 0.7602089643478394,
        "admission_or_completion_ms": 0.0004579999949783087
      },
      {
        "index": 40,
        "started_ms": 4484.6115,
        "submitted_ms": 4486.447417,
        "observed_completed_ms": 4488.2723750000005,
        "start_to_observed_completion_ms": 3.6608750000004875,
        "submit_to_observed_completion_ms": 1.8249580000001515,
        "continuous_iteration_ms": 1.8430839776992798,
        "frame_ms": 1.8430839776992798,
        "component_sum_ms": 1.836292028427124,
        "tick_ms": 0.13099999725818634,
        "dynamic_mesh_ms": 0.8000420331954956,
        "encode_ms": 0.9041669964790344,
        "admission_or_completion_ms": 0.00108299998100847
      },
      {
        "index": 41,
        "started_ms": 4486.454584,
        "submitted_ms": 4488.27275,
        "observed_completed_ms": 4490.186209,
        "start_to_observed_completion_ms": 3.7316250000003492,
        "submit_to_observed_completion_ms": 1.91345900000033,
        "continuous_iteration_ms": 1.82041597366333,
        "frame_ms": 1.82041597366333,
        "component_sum_ms": 1.8175830841064453,
        "tick_ms": 0.16037499904632568,
        "dynamic_mesh_ms": 0.8363330364227295,
        "encode_ms": 0.8200830221176147,
        "admission_or_completion_ms": 0.000792000035289675
      },
      {
        "index": 42,
        "started_ms": 4488.275,
        "submitted_ms": 4490.186624999999,
        "observed_completed_ms": 4492.112625,
        "start_to_observed_completion_ms": 3.8376250000001164,
        "submit_to_observed_completion_ms": 1.9260000000003856,
        "continuous_iteration_ms": 1.9136669635772705,
        "frame_ms": 1.9136669635772705,
        "component_sum_ms": 1.911666989326477,
        "tick_ms": 0.258124977350235,
        "dynamic_mesh_ms": 0.8278329968452454,
        "encode_ms": 0.8244999647140503,
        "admission_or_completion_ms": 0.00120900000911206
      },
      {
        "index": 43,
        "started_ms": 4490.188667,
        "submitted_ms": 4492.113417,
        "observed_completed_ms": 4493.82075,
        "start_to_observed_completion_ms": 3.6320829999995112,
        "submit_to_observed_completion_ms": 1.7073330000002898,
        "continuous_iteration_ms": 1.928125023841858,
        "frame_ms": 1.928125023841858,
        "component_sum_ms": 1.9245829582214355,
        "tick_ms": 0.2762080132961273,
        "dynamic_mesh_ms": 0.7994169592857361,
        "encode_ms": 0.847582995891571,
        "admission_or_completion_ms": 0.0013749999925494194
      },
      {
        "index": 44,
        "started_ms": 4492.116792,
        "submitted_ms": 4493.821084,
        "observed_completed_ms": 4495.483834,
        "start_to_observed_completion_ms": 3.3670419999998558,
        "submit_to_observed_completion_ms": 1.6627499999995052,
        "continuous_iteration_ms": 1.7062499523162842,
        "frame_ms": 1.7062499523162842,
        "component_sum_ms": 1.704292893409729,
        "tick_ms": 0.13499999046325684,
        "dynamic_mesh_ms": 0.7925840020179749,
        "encode_ms": 0.7759590148925781,
        "admission_or_completion_ms": 0.000750000006519258
      },
      {
        "index": 45,
        "started_ms": 4493.823042,
        "submitted_ms": 4495.484167,
        "observed_completed_ms": 4498.2844589999995,
        "start_to_observed_completion_ms": 4.461416999999528,
        "submit_to_observed_completion_ms": 2.8002919999998994,
        "continuous_iteration_ms": 1.6625829935073853,
        "frame_ms": 1.6625829935073853,
        "component_sum_ms": 1.6610409021377563,
        "tick_ms": 0.14379200339317322,
        "dynamic_mesh_ms": 0.7904159426689148,
        "encode_ms": 0.7263330221176147,
        "admission_or_completion_ms": 0.0005000000237487257
      },
      {
        "index": 46,
        "started_ms": 4495.485624999999,
        "submitted_ms": 4497.313417,
        "observed_completed_ms": 4499.054417,
        "start_to_observed_completion_ms": 3.56879200000094,
        "submit_to_observed_completion_ms": 1.7409999999999854,
        "continuous_iteration_ms": 1.8293750286102295,
        "frame_ms": 1.8293750286102295,
        "component_sum_ms": 1.8274569511413574,
        "tick_ms": 0.22483299672603607,
        "dynamic_mesh_ms": 0.7971660494804382,
        "encode_ms": 0.8045000433921814,
        "admission_or_completion_ms": 0.0009580000187270343
      },
      {
        "index": 47,
        "started_ms": 4497.3150000000005,
        "submitted_ms": 4499.054667,
        "observed_completed_ms": 4500.76875,
        "start_to_observed_completion_ms": 3.4537499999996726,
        "submit_to_observed_completion_ms": 1.714082999999846,
        "continuous_iteration_ms": 1.7412089109420776,
        "frame_ms": 1.7412089109420776,
        "component_sum_ms": 1.739791989326477,
        "tick_ms": 0.13566699624061584,
        "dynamic_mesh_ms": 0.8093750476837158,
        "encode_ms": 0.7698749899864197,
        "admission_or_completion_ms": 0.02487499825656414
      },
      {
        "index": 48,
        "started_ms": 4499.056209,
        "submitted_ms": 4500.76925,
        "observed_completed_ms": 4502.528292,
        "start_to_observed_completion_ms": 3.4720829999996567,
        "submit_to_observed_completion_ms": 1.7590419999996811,
        "continuous_iteration_ms": 1.7154580354690552,
        "frame_ms": 1.7154580354690552,
        "component_sum_ms": 1.713041067123413,
        "tick_ms": 0.14212501049041748,
        "dynamic_mesh_ms": 0.7816669940948486,
        "encode_ms": 0.7885830402374268,
        "admission_or_completion_ms": 0.0006660000653937459
      },
      {
        "index": 49,
        "started_ms": 4500.771667,
        "submitted_ms": 4502.528667,
        "observed_completed_ms": 4504.188042,
        "start_to_observed_completion_ms": 3.416374999999789,
        "submit_to_observed_completion_ms": 1.659375000000182,
        "continuous_iteration_ms": 1.7587080001831055,
        "frame_ms": 1.7587080001831055,
        "component_sum_ms": 1.756874918937683,
        "tick_ms": 0.15016700327396393,
        "dynamic_mesh_ms": 0.8124579787254333,
        "encode_ms": 0.7935829758644104,
        "admission_or_completion_ms": 0.0006670000148005784
      },
      {
        "index": 50,
        "started_ms": 4502.530375,
        "submitted_ms": 4504.18825,
        "observed_completed_ms": 4505.818459,
        "start_to_observed_completion_ms": 3.288083999999799,
        "submit_to_observed_completion_ms": 1.6302089999999225,
        "continuous_iteration_ms": 1.6593340635299683,
        "frame_ms": 1.6593340635299683,
        "component_sum_ms": 1.657791018486023,
        "tick_ms": 0.13554100692272186,
        "dynamic_mesh_ms": 0.7907080054283142,
        "encode_ms": 0.7309159636497498,
        "admission_or_completion_ms": 0.0006259999936446548
      },
      {
        "index": 51,
        "started_ms": 4504.189709,
        "submitted_ms": 4505.818625,
        "observed_completed_ms": 4507.715125,
        "start_to_observed_completion_ms": 3.5254159999994954,
        "submit_to_observed_completion_ms": 1.8964999999998327,
        "continuous_iteration_ms": 1.6303330659866333,
        "frame_ms": 1.6303330659866333,
        "component_sum_ms": 1.6288750171661377,
        "tick_ms": 0.14329199492931366,
        "dynamic_mesh_ms": 0.7816669940948486,
        "encode_ms": 0.7034159898757935,
        "admission_or_completion_ms": 0.0005000000237487257
      },
      {
        "index": 52,
        "started_ms": 4505.820042,
        "submitted_ms": 4507.716209,
        "observed_completed_ms": 4509.574584,
        "start_to_observed_completion_ms": 3.754541999999674,
        "submit_to_observed_completion_ms": 1.8583749999997963,
        "continuous_iteration_ms": 1.9002920389175415,
        "frame_ms": 1.9002920389175415,
        "component_sum_ms": 1.8966660499572754,
        "tick_ms": 0.13541600108146667,
        "dynamic_mesh_ms": 0.800832986831665,
        "encode_ms": 0.9591249823570251,
        "admission_or_completion_ms": 0.0012920000590384007
      },
      {
        "index": 53,
        "started_ms": 4507.720334,
        "submitted_ms": 4509.575084,
        "observed_completed_ms": 4511.325292,
        "start_to_observed_completion_ms": 3.6049580000008064,
        "submit_to_observed_completion_ms": 1.7502080000003843,
        "continuous_iteration_ms": 1.857582926750183,
        "frame_ms": 1.857582926750183,
        "component_sum_ms": 1.8544999361038208,
        "tick_ms": 0.16620799899101257,
        "dynamic_mesh_ms": 0.8504170179367065,
        "encode_ms": 0.8370839953422546,
        "admission_or_completion_ms": 0.0007910000276751816
      },
      {
        "index": 54,
        "started_ms": 4509.577917,
        "submitted_ms": 4511.325709000001,
        "observed_completed_ms": 4513.087500000001,
        "start_to_observed_completion_ms": 3.50958300000093,
        "submit_to_observed_completion_ms": 1.7617909999999029,
        "continuous_iteration_ms": 1.7496670484542847,
        "frame_ms": 1.7496670484542847,
        "component_sum_ms": 1.7476259469985962,
        "tick_ms": 0.1602499932050705,
        "dynamic_mesh_ms": 0.8197500109672546,
        "encode_ms": 0.766959011554718,
        "admission_or_completion_ms": 0.0006670000148005784
      },
      {
        "index": 55,
        "started_ms": 4511.327584,
        "submitted_ms": 4513.087875,
        "observed_completed_ms": 4515.901417,
        "start_to_observed_completion_ms": 4.573833000000377,
        "submit_to_observed_completion_ms": 2.8135419999998703,
        "continuous_iteration_ms": 1.7632079124450684,
        "frame_ms": 1.7632079124450684,
        "component_sum_ms": 1.7603740692138672,
        "tick_ms": 0.14204099774360657,
        "dynamic_mesh_ms": 0.8127500414848328,
        "encode_ms": 0.8047500252723694,
        "admission_or_completion_ms": 0.0008330000564455986
      },
      {
        "index": 56,
        "started_ms": 4513.090792,
        "submitted_ms": 4514.8348750000005,
        "observed_completed_ms": 4516.839833999999,
        "start_to_observed_completion_ms": 3.749041999999463,
        "submit_to_observed_completion_ms": 2.004958999998962,
        "continuous_iteration_ms": 1.7458750009536743,
        "frame_ms": 1.7458750009536743,
        "component_sum_ms": 1.743791937828064,
        "tick_ms": 0.1456250101327896,
        "dynamic_mesh_ms": 0.8011670112609863,
        "encode_ms": 0.7963749766349792,
        "admission_or_completion_ms": 0.0006249999860301614
      },
      {
        "index": 57,
        "started_ms": 4514.836667,
        "submitted_ms": 4516.8405,
        "observed_completed_ms": 4518.6174169999995,
        "start_to_observed_completion_ms": 3.780749999999898,
        "submit_to_observed_completion_ms": 1.77691699999923,
        "continuous_iteration_ms": 2.008167028427124,
        "frame_ms": 2.008167028427124,
        "component_sum_ms": 2.003916025161743,
        "tick_ms": 0.13383300602436066,
        "dynamic_mesh_ms": 0.8958749771118164,
        "encode_ms": 0.9384580254554749,
        "admission_or_completion_ms": 0.035749997943639755
      },
      {
        "index": 58,
        "started_ms": 4516.844834,
        "submitted_ms": 4518.617834000001,
        "observed_completed_ms": 4520.322,
        "start_to_observed_completion_ms": 3.47716599999967,
        "submit_to_observed_completion_ms": 1.7041659999995318,
        "continuous_iteration_ms": 1.7755000591278076,
        "frame_ms": 1.7755000591278076,
        "component_sum_ms": 1.7729600667953491,
        "tick_ms": 0.16466699540615082,
        "dynamic_mesh_ms": 0.8259170055389404,
        "encode_ms": 0.7815840244293213,
        "admission_or_completion_ms": 0.0007919999770820141
      },
      {
        "index": 59,
        "started_ms": 4518.620333999999,
        "submitted_ms": 4520.322292000001,
        "observed_completed_ms": 4523.572459,
        "start_to_observed_completion_ms": 4.952125000000706,
        "submit_to_observed_completion_ms": 3.2501669999992373,
        "continuous_iteration_ms": 1.7038750648498535,
        "frame_ms": 1.7038750648498535,
        "component_sum_ms": 1.7018340826034546,
        "tick_ms": 0.1426670104265213,
        "dynamic_mesh_ms": 0.808542013168335,
        "encode_ms": 0.7500419616699219,
        "admission_or_completion_ms": 0.0005830000154674053
      },
      {
        "index": 60,
        "started_ms": 4520.324209,
        "submitted_ms": 4522.222334,
        "observed_completed_ms": 4524.017959,
        "start_to_observed_completion_ms": 3.6937499999994543,
        "submit_to_observed_completion_ms": 1.7956249999997453,
        "continuous_iteration_ms": 1.9033750295639038,
        "frame_ms": 1.9033750295639038,
        "component_sum_ms": 1.8983750343322754,
        "tick_ms": 0.33608299493789673,
        "dynamic_mesh_ms": 0.8132500052452087,
        "encode_ms": 0.7481669783592224,
        "admission_or_completion_ms": 0.0008750000270083547
      },
      {
        "index": 61,
        "started_ms": 4522.227584,
        "submitted_ms": 4524.480917,
        "observed_completed_ms": 4526.278917,
        "start_to_observed_completion_ms": 4.051332999999431,
        "submit_to_observed_completion_ms": 1.7979999999997744,
        "continuous_iteration_ms": 2.2565410137176514,
        "frame_ms": 2.2565410137176514,
        "component_sum_ms": 2.2533748149871826,
        "tick_ms": 0.476624995470047,
        "dynamic_mesh_ms": 0.8378750085830688,
        "encode_ms": 0.9079999923706055,
        "admission_or_completion_ms": 0.03087499924004078
      },
      {
        "index": 62,
        "started_ms": 4524.484125,
        "submitted_ms": 4526.637167,
        "observed_completed_ms": 4528.204374999999,
        "start_to_observed_completion_ms": 3.720249999999396,
        "submit_to_observed_completion_ms": 1.5672079999994821,
        "continuous_iteration_ms": 2.1557090282440186,
        "frame_ms": 2.1557090282440186,
        "component_sum_ms": 2.152582883834839,
        "tick_ms": 0.5242919921875,
        "dynamic_mesh_ms": 0.8221250176429749,
        "encode_ms": 0.8052079677581787,
        "admission_or_completion_ms": 0.0009580000187270343
      },
      {
        "index": 63,
        "started_ms": 4526.639834,
        "submitted_ms": 4528.517374999999,
        "observed_completed_ms": 4531.360000000001,
        "start_to_observed_completion_ms": 4.720166000000972,
        "submit_to_observed_completion_ms": 2.842625000001135,
        "continuous_iteration_ms": 1.8794161081314087,
        "frame_ms": 1.8794161081314087,
        "component_sum_ms": 1.8773750066757202,
        "tick_ms": 0.33879098296165466,
        "dynamic_mesh_ms": 0.806958019733429,
        "encode_ms": 0.7308750152587891,
        "admission_or_completion_ms": 0.0007510000141337514
      },
      {
        "index": 64,
        "started_ms": 4528.51925,
        "submitted_ms": 4530.31375,
        "observed_completed_ms": 4532.287499999999,
        "start_to_observed_completion_ms": 3.7682499999991705,
        "submit_to_observed_completion_ms": 1.9737499999991996,
        "continuous_iteration_ms": 1.797624945640564,
        "frame_ms": 1.797624945640564,
        "component_sum_ms": 1.7941250801086426,
        "tick_ms": 0.22133401036262512,
        "dynamic_mesh_ms": 0.8092080354690552,
        "encode_ms": 0.7630000114440918,
        "admission_or_completion_ms": 0.0005830000154674053
      },
      {
        "index": 65,
        "started_ms": 4530.316875,
        "submitted_ms": 4532.288417,
        "observed_completed_ms": 4534.215042,
        "start_to_observed_completion_ms": 3.8981669999993755,
        "submit_to_observed_completion_ms": 1.9266250000000582,
        "continuous_iteration_ms": 1.9752089977264404,
        "frame_ms": 1.9752089977264404,
        "component_sum_ms": 1.9714179039001465,
        "tick_ms": 0.20387499034404755,
        "dynamic_mesh_ms": 0.8142499923706055,
        "encode_ms": 0.9279170036315918,
        "admission_or_completion_ms": 0.02537599951028824
      },
      {
        "index": 66,
        "started_ms": 4532.292084,
        "submitted_ms": 4534.215875,
        "observed_completed_ms": 4535.999709000001,
        "start_to_observed_completion_ms": 3.7076250000009168,
        "submit_to_observed_completion_ms": 1.783834000000752,
        "continuous_iteration_ms": 1.9270000457763672,
        "frame_ms": 1.9270000457763672,
        "component_sum_ms": 1.9236260652542114,
        "tick_ms": 0.210875004529953,
        "dynamic_mesh_ms": 0.8190419673919678,
        "encode_ms": 0.892166018486023,
        "admission_or_completion_ms": 0.0015429999912157655
      },
      {
        "index": 67,
        "started_ms": 4534.219084,
        "submitted_ms": 4536.0001250000005,
        "observed_completed_ms": 4537.698292,
        "start_to_observed_completion_ms": 3.479207999999744,
        "submit_to_observed_completion_ms": 1.6981669999995574,
        "continuous_iteration_ms": 1.7833330631256104,
        "frame_ms": 1.7833330631256104,
        "component_sum_ms": 1.780708909034729,
        "tick_ms": 0.20195800065994263,
        "dynamic_mesh_ms": 0.8078339695930481,
        "encode_ms": 0.7703329920768738,
        "admission_or_completion_ms": 0.0005840000230818987
      },
      {
        "index": 68,
        "started_ms": 4536.002417,
        "submitted_ms": 4537.698584,
        "observed_completed_ms": 4539.475708999999,
        "start_to_observed_completion_ms": 3.473291999999674,
        "submit_to_observed_completion_ms": 1.7771249999996144,
        "continuous_iteration_ms": 1.6980420351028442,
        "frame_ms": 1.6980420351028442,
        "component_sum_ms": 1.6964600086212158,
        "tick_ms": 0.17945800721645355,
        "dynamic_mesh_ms": 0.7974590063095093,
        "encode_ms": 0.7184590101242065,
        "admission_or_completion_ms": 0.0010839999886229634
      },
      {
        "index": 69,
        "started_ms": 4537.700459,
        "submitted_ms": 4539.476084,
        "observed_completed_ms": 4541.282917,
        "start_to_observed_completion_ms": 3.58245800000077,
        "submit_to_observed_completion_ms": 1.8068330000005517,
        "continuous_iteration_ms": 1.7771660089492798,
        "frame_ms": 1.7771660089492798,
        "component_sum_ms": 1.7755420207977295,
        "tick_ms": 0.23983299732208252,
        "dynamic_mesh_ms": 0.7885839939117432,
        "encode_ms": 0.7465839982032776,
        "admission_or_completion_ms": 0.0005409999866969883
      },
      {
        "index": 70,
        "started_ms": 4539.4776249999995,
        "submitted_ms": 4541.283792,
        "observed_completed_ms": 4543.115917,
        "start_to_observed_completion_ms": 3.638292000000547,
        "submit_to_observed_completion_ms": 1.8321249999999054,
        "continuous_iteration_ms": 1.8093750476837158,
        "frame_ms": 1.8093750476837158,
        "component_sum_ms": 1.806333065032959,
        "tick_ms": 0.12604199349880219,
        "dynamic_mesh_ms": 0.8142499923706055,
        "encode_ms": 0.8651250004768372,
        "admission_or_completion_ms": 0.0009159999899566174
      },
      {
        "index": 71,
        "started_ms": 4541.286999999999,
        "submitted_ms": 4543.116459,
        "observed_completed_ms": 4544.8445839999995,
        "start_to_observed_completion_ms": 3.5575840000001335,
        "submit_to_observed_completion_ms": 1.7281249999996362,
        "continuous_iteration_ms": 1.8314999341964722,
        "frame_ms": 1.8314999341964722,
        "component_sum_ms": 1.8289600610733032,
        "tick_ms": 0.2337920069694519,
        "dynamic_mesh_ms": 0.8074589967727661,
        "encode_ms": 0.7871670126914978,
        "admission_or_completion_ms": 0.0005420000525191426
      },
      {
        "index": 72,
        "started_ms": 4543.1185000000005,
        "submitted_ms": 4544.844834,
        "observed_completed_ms": 4546.599999999999,
        "start_to_observed_completion_ms": 3.4814999999989595,
        "submit_to_observed_completion_ms": 1.755165999999008,
        "continuous_iteration_ms": 1.7277499437332153,
        "frame_ms": 1.7277499437332153,
        "component_sum_ms": 1.7262489795684814,
        "tick_ms": 0.18400000035762787,
        "dynamic_mesh_ms": 0.8095830082893372,
        "encode_ms": 0.7321250438690186,
        "admission_or_completion_ms": 0.0005410000449046493
      },
      {
        "index": 73,
        "started_ms": 4544.84625,
        "submitted_ms": 4546.600125,
        "observed_completed_ms": 4549.43775,
        "start_to_observed_completion_ms": 4.591500000000451,
        "submit_to_observed_completion_ms": 2.8376250000001164,
        "continuous_iteration_ms": 1.755167007446289,
        "frame_ms": 1.755167007446289,
        "component_sum_ms": 1.7539161443710327,
        "tick_ms": 0.19004200398921967,
        "dynamic_mesh_ms": 0.8090829849243164,
        "encode_ms": 0.7542080283164978,
        "admission_or_completion_ms": 0.0005830000154674053
      },
      {
        "index": 74,
        "started_ms": 4546.601417,
        "submitted_ms": 4548.411209,
        "observed_completed_ms": 4550.368917,
        "start_to_observed_completion_ms": 3.7674999999999272,
        "submit_to_observed_completion_ms": 1.9577079999999114,
        "continuous_iteration_ms": 1.8113750219345093,
        "frame_ms": 1.8113750219345093,
        "component_sum_ms": 1.8098739385604858,
        "tick_ms": 0.3055410087108612,
        "dynamic_mesh_ms": 0.7937080264091492,
        "encode_ms": 0.7100839614868164,
        "admission_or_completion_ms": 0.0005410000449046493
      },
      {
        "index": 75,
        "started_ms": 4548.412792,
        "submitted_ms": 4550.369959000001,
        "observed_completed_ms": 4552.140375000001,
        "start_to_observed_completion_ms": 3.7275830000007772,
        "submit_to_observed_completion_ms": 1.7704160000002958,
        "continuous_iteration_ms": 1.9613330364227295,
        "frame_ms": 1.9613330364227295,
        "component_sum_ms": 1.9570000171661377,
        "tick_ms": 0.1542080044746399,
        "dynamic_mesh_ms": 0.8352500200271606,
        "encode_ms": 0.9315840005874634,
        "admission_or_completion_ms": 0.035958003252744675
      },
      {
        "index": 76,
        "started_ms": 4550.374125,
        "submitted_ms": 4552.140834,
        "observed_completed_ms": 4553.916459,
        "start_to_observed_completion_ms": 3.542333999999755,
        "submit_to_observed_completion_ms": 1.7756250000002183,
        "continuous_iteration_ms": 1.7694590091705322,
        "frame_ms": 1.7694590091705322,
        "component_sum_ms": 1.76687490940094,
        "tick_ms": 0.15833300352096558,
        "dynamic_mesh_ms": 0.8215000033378601,
        "encode_ms": 0.7859169840812683,
        "admission_or_completion_ms": 0.0011249999515712261
      },
      {
        "index": 77,
        "started_ms": 4552.1435839999995,
        "submitted_ms": 4553.916792,
        "observed_completed_ms": 4555.525208999999,
        "start_to_observed_completion_ms": 3.3816249999999854,
        "submit_to_observed_completion_ms": 1.6084169999994629,
        "continuous_iteration_ms": 1.7748329639434814,
        "frame_ms": 1.7748329639434814,
        "component_sum_ms": 1.7729569673538208,
        "tick_ms": 0.2283329963684082,
        "dynamic_mesh_ms": 0.7929999828338623,
        "encode_ms": 0.7512500286102295,
        "admission_or_completion_ms": 0.00037399999564513564
      },
      {
        "index": 78,
        "started_ms": 4553.918417,
        "submitted_ms": 4555.525459,
        "observed_completed_ms": 4557.178709000001,
        "start_to_observed_completion_ms": 3.2602920000008453,
        "submit_to_observed_completion_ms": 1.6532500000002983,
        "continuous_iteration_ms": 1.608667016029358,
        "frame_ms": 1.608667016029358,
        "component_sum_ms": 1.6069170236587524,
        "tick_ms": 0.12333299964666367,
        "dynamic_mesh_ms": 0.7830000519752502,
        "encode_ms": 0.7000840306282043,
        "admission_or_completion_ms": 0.0005000000237487257
      },
      {
        "index": 79,
        "started_ms": 4555.527083999999,
        "submitted_ms": 4557.178917,
        "observed_completed_ms": 4559.068709,
        "start_to_observed_completion_ms": 3.5416250000007494,
        "submit_to_observed_completion_ms": 1.889791999999943,
        "continuous_iteration_ms": 1.6536660194396973,
        "frame_ms": 1.6536660194396973,
        "component_sum_ms": 1.6518750190734863,
        "tick_ms": 0.12725000083446503,
        "dynamic_mesh_ms": 0.7974170446395874,
        "encode_ms": 0.7266669869422913,
        "admission_or_completion_ms": 0.0005409999866969883
      },
      {
        "index": 80,
        "started_ms": 4557.1807499999995,
        "submitted_ms": 4559.078917,
        "observed_completed_ms": 4560.751167,
        "start_to_observed_completion_ms": 3.570417000000816,
        "submit_to_observed_completion_ms": 1.6722500000005311,
        "continuous_iteration_ms": 1.9029170274734497,
        "frame_ms": 1.9029170274734497,
        "component_sum_ms": 1.8988330364227295,
        "tick_ms": 0.2452080100774765,
        "dynamic_mesh_ms": 0.7863750457763672,
        "encode_ms": 0.8654580116271973,
        "admission_or_completion_ms": 0.0017920000245794654
      },
      {
        "index": 81,
        "started_ms": 4559.083667000001,
        "submitted_ms": 4561.15825,
        "observed_completed_ms": 4563.001792,
        "start_to_observed_completion_ms": 3.918124999999236,
        "submit_to_observed_completion_ms": 1.8435419999996157,
        "continuous_iteration_ms": 2.0780417919158936,
        "frame_ms": 2.0780417919158936,
        "component_sum_ms": 2.0742909908294678,
        "tick_ms": 0.2948330044746399,
        "dynamic_mesh_ms": 0.8769580125808716,
        "encode_ms": 0.9004160165786743,
        "admission_or_completion_ms": 0.0020840000361204147
      },
      {
        "index": 82,
        "started_ms": 4561.161709,
        "submitted_ms": 4563.0022500000005,
        "observed_completed_ms": 4565.751334,
        "start_to_observed_completion_ms": 4.589624999999614,
        "submit_to_observed_completion_ms": 2.7490839999991294,
        "continuous_iteration_ms": 1.8428750038146973,
        "frame_ms": 1.8428750038146973,
        "component_sum_ms": 1.840458869934082,
        "tick_ms": 0.2543340027332306,
        "dynamic_mesh_ms": 0.809249997138977,
        "encode_ms": 0.7759580016136169,
        "admission_or_completion_ms": 0.0009169999975711107
      },
      {
        "index": 83,
        "started_ms": 4563.004583999999,
        "submitted_ms": 4564.726375,
        "observed_completed_ms": 4566.575667,
        "start_to_observed_completion_ms": 3.5710830000007263,
        "submit_to_observed_completion_ms": 1.8492919999998776,
        "continuous_iteration_ms": 1.7238749265670776,
        "frame_ms": 1.7238749265670776,
        "component_sum_ms": 1.7213741540908813,
        "tick_ms": 0.13158300518989563,
        "dynamic_mesh_ms": 0.7985410094261169,
        "encode_ms": 0.7897500395774841,
        "admission_or_completion_ms": 0.001500000013038516
      },
      {
        "index": 84,
        "started_ms": 4564.728459,
        "submitted_ms": 4566.5758749999995,
        "observed_completed_ms": 4568.227834,
        "start_to_observed_completion_ms": 3.4993750000003274,
        "submit_to_observed_completion_ms": 1.6519590000007156,
        "continuous_iteration_ms": 1.849250078201294,
        "frame_ms": 1.849250078201294,
        "component_sum_ms": 1.8474589586257935,
        "tick_ms": 0.1909170001745224,
        "dynamic_mesh_ms": 0.8060829639434814,
        "encode_ms": 0.8240829706192017,
        "admission_or_completion_ms": 0.02637599967420101
      },
      {
        "index": 85,
        "started_ms": 4566.577709,
        "submitted_ms": 4568.228042000001,
        "observed_completed_ms": 4569.971334,
        "start_to_observed_completion_ms": 3.3936249999997017,
        "submit_to_observed_completion_ms": 1.743291999999201,
        "continuous_iteration_ms": 1.6519159078598022,
        "frame_ms": 1.6519159078598022,
        "component_sum_ms": 1.6502101421356201,
        "tick_ms": 0.12891700863838196,
        "dynamic_mesh_ms": 0.7947090268135071,
        "encode_ms": 0.7261670231819153,
        "admission_or_completion_ms": 0.00041700000292621553
      },
      {
        "index": 86,
        "started_ms": 4568.229625,
        "submitted_ms": 4569.971458999999,
        "observed_completed_ms": 4571.6052500000005,
        "start_to_observed_completion_ms": 3.375625000000582,
        "submit_to_observed_completion_ms": 1.6337910000011107,
        "continuous_iteration_ms": 1.743291974067688,
        "frame_ms": 1.743291974067688,
        "component_sum_ms": 1.741623878479004,
        "tick_ms": 0.24954098463058472,
        "dynamic_mesh_ms": 0.7794579863548279,
        "encode_ms": 0.7121250033378601,
        "admission_or_completion_ms": 0.0005000000237487257
      },
      {
        "index": 87,
        "started_ms": 4569.972917,
        "submitted_ms": 4571.605375,
        "observed_completed_ms": 4574.259792000001,
        "start_to_observed_completion_ms": 4.286875000000691,
        "submit_to_observed_completion_ms": 2.654417000000649,
        "continuous_iteration_ms": 1.6337080001831055,
        "frame_ms": 1.6337080001831055,
        "component_sum_ms": 1.632457971572876,
        "tick_ms": 0.13783299922943115,
        "dynamic_mesh_ms": 0.7813330292701721,
        "encode_ms": 0.7128750085830688,
        "admission_or_completion_ms": 0.00041700000292621553
      },
      {
        "index": 88,
        "started_ms": 4571.606625,
        "submitted_ms": 4573.302959000001,
        "observed_completed_ms": 4575.078834,
        "start_to_observed_completion_ms": 3.472208999999566,
        "submit_to_observed_completion_ms": 1.7758749999993597,
        "continuous_iteration_ms": 1.6979999542236328,
        "frame_ms": 1.6979999542236328,
        "component_sum_ms": 1.6963750123977661,
        "tick_ms": 0.13587500154972076,
        "dynamic_mesh_ms": 0.7823749780654907,
        "encode_ms": 0.777541995048523,
        "admission_or_completion_ms": 0.0005830000154674053
      },
      {
        "index": 89,
        "started_ms": 4573.304625000001,
        "submitted_ms": 4575.079334,
        "observed_completed_ms": 4576.785042,
        "start_to_observed_completion_ms": 3.480416999999761,
        "submit_to_observed_completion_ms": 1.7057080000004134,
        "continuous_iteration_ms": 1.7774590253829956,
        "frame_ms": 1.7774590253829956,
        "component_sum_ms": 1.77504301071167,
        "tick_ms": 0.13508400321006775,
        "dynamic_mesh_ms": 0.7932090163230896,
        "encode_ms": 0.8189589977264404,
        "admission_or_completion_ms": 0.02779099904000759
      },
      {
        "index": 90,
        "started_ms": 4575.082084,
        "submitted_ms": 4577.122917,
        "observed_completed_ms": 4578.742125,
        "start_to_observed_completion_ms": 3.660041000000092,
        "submit_to_observed_completion_ms": 1.6192080000000715,
        "continuous_iteration_ms": 2.0422909259796143,
        "frame_ms": 2.0422909259796143,
        "component_sum_ms": 2.0407509803771973,
        "tick_ms": 0.48499998450279236,
        "dynamic_mesh_ms": 0.8045420050621033,
        "encode_ms": 0.7506670355796814,
        "admission_or_completion_ms": 0.0005420000525191426
      },
      {
        "index": 91,
        "started_ms": 4577.124375,
        "submitted_ms": 4579.050417,
        "observed_completed_ms": 4581.755459,
        "start_to_observed_completion_ms": 4.631083999999646,
        "submit_to_observed_completion_ms": 2.705041999999594,
        "continuous_iteration_ms": 1.9272499084472656,
        "frame_ms": 1.9272499084472656,
        "component_sum_ms": 1.9259589910507202,
        "tick_ms": 0.36991697549819946,
        "dynamic_mesh_ms": 0.7890000343322754,
        "encode_ms": 0.7664170265197754,
        "admission_or_completion_ms": 0.0006249999860301614
      },
      {
        "index": 92,
        "started_ms": 4579.051625,
        "submitted_ms": 4580.764625000001,
        "observed_completed_ms": 4582.503209,
        "start_to_observed_completion_ms": 3.4515840000003664,
        "submit_to_observed_completion_ms": 1.7385839999997188,
        "continuous_iteration_ms": 1.7148749828338623,
        "frame_ms": 1.7148749828338623,
        "component_sum_ms": 1.7131260633468628,
        "tick_ms": 0.20366699993610382,
        "dynamic_mesh_ms": 0.7940840125083923,
        "encode_ms": 0.7147080302238464,
        "admission_or_completion_ms": 0.0006669999565929174
      },
      {
        "index": 93,
        "started_ms": 4580.766500000001,
        "submitted_ms": 4582.5035419999995,
        "observed_completed_ms": 4584.237834,
        "start_to_observed_completion_ms": 3.471333999998933,
        "submit_to_observed_completion_ms": 1.7342920000000959,
        "continuous_iteration_ms": 1.7384589910507202,
        "frame_ms": 1.7384589910507202,
        "component_sum_ms": 1.7369170188903809,
        "tick_ms": 0.1653749942779541,
        "dynamic_mesh_ms": 0.7984170317649841,
        "encode_ms": 0.7475829720497131,
        "admission_or_completion_ms": 0.02554200030863285
      },
      {
        "index": 94,
        "started_ms": 4582.504959,
        "submitted_ms": 4584.238042,
        "observed_completed_ms": 4585.976291999999,
        "start_to_observed_completion_ms": 3.471332999999504,
        "submit_to_observed_completion_ms": 1.7382499999994252,
        "continuous_iteration_ms": 1.734624981880188,
        "frame_ms": 1.734624981880188,
        "component_sum_ms": 1.7329589128494263,
        "tick_ms": 0.18912500143051147,
        "dynamic_mesh_ms": 0.8007499575614929,
        "encode_ms": 0.7425419688224792,
        "admission_or_completion_ms": 0.0005420000525191426
      },
      {
        "index": 95,
        "started_ms": 4584.239584,
        "submitted_ms": 4585.9765,
        "observed_completed_ms": 4587.7080000000005,
        "start_to_observed_completion_ms": 3.468416000000616,
        "submit_to_observed_completion_ms": 1.7315000000007785,
        "continuous_iteration_ms": 1.738416075706482,
        "frame_ms": 1.738416075706482,
        "component_sum_ms": 1.7369170188903809,
        "tick_ms": 0.16962499916553497,
        "dynamic_mesh_ms": 0.7900840044021606,
        "encode_ms": 0.7767080068588257,
        "admission_or_completion_ms": 0.0005000000237487257
      },
      {
        "index": 96,
        "started_ms": 4585.978,
        "submitted_ms": 4587.708334,
        "observed_completed_ms": 4589.4267500000005,
        "start_to_observed_completion_ms": 3.448750000000473,
        "submit_to_observed_completion_ms": 1.718416000000616,
        "continuous_iteration_ms": 1.7314590215682983,
        "frame_ms": 1.7314590215682983,
        "component_sum_ms": 1.7302500009536743,
        "tick_ms": 0.22133299708366394,
        "dynamic_mesh_ms": 0.7859169840812683,
        "encode_ms": 0.7225840091705322,
        "admission_or_completion_ms": 0.00041599999531172216
      },
      {
        "index": 97,
        "started_ms": 4587.709459,
        "submitted_ms": 4589.426958999999,
        "observed_completed_ms": 4591.145334,
        "start_to_observed_completion_ms": 3.4358750000001237,
        "submit_to_observed_completion_ms": 1.7183750000003783,
        "continuous_iteration_ms": 1.7186249494552612,
        "frame_ms": 1.7186249494552612,
        "component_sum_ms": 1.7174160480499268,
        "tick_ms": 0.22345800697803497,
        "dynamic_mesh_ms": 0.7803329825401306,
        "encode_ms": 0.7131670117378235,
        "admission_or_completion_ms": 0.0004579999949783087
      },
      {
        "index": 98,
        "started_ms": 4589.428084,
        "submitted_ms": 4591.147417,
        "observed_completed_ms": 4592.909292,
        "start_to_observed_completion_ms": 3.4812080000001515,
        "submit_to_observed_completion_ms": 1.7618750000001455,
        "continuous_iteration_ms": 1.7246249914169312,
        "frame_ms": 1.7246249914169312,
        "component_sum_ms": 1.7198328971862793,
        "tick_ms": 0.12404199689626694,
        "dynamic_mesh_ms": 0.7977920174598694,
        "encode_ms": 0.796999990940094,
        "admission_or_completion_ms": 0.000999000039882958
      },
      {
        "index": 99,
        "started_ms": 4591.152709,
        "submitted_ms": 4592.909584,
        "observed_completed_ms": 4594.712708999999,
        "start_to_observed_completion_ms": 3.5599999999994907,
        "submit_to_observed_completion_ms": 1.8031249999994543,
        "continuous_iteration_ms": 1.7590000629425049,
        "frame_ms": 1.7590000629425049,
        "component_sum_ms": 1.7568750381469727,
        "tick_ms": 0.1666250079870224,
        "dynamic_mesh_ms": 0.7961249947547913,
        "encode_ms": 0.7935000061988831,
        "admission_or_completion_ms": 0.0006249999860301614
      },
      {
        "index": 100,
        "started_ms": 4592.911709,
        "submitted_ms": 4594.713000000001,
        "observed_completed_ms": 4596.440667,
        "start_to_observed_completion_ms": 3.528957999999875,
        "submit_to_observed_completion_ms": 1.727666999999201,
        "continuous_iteration_ms": 1.8028749227523804,
        "frame_ms": 1.8028749227523804,
        "component_sum_ms": 1.8010410070419312,
        "tick_ms": 0.28949999809265137,
        "dynamic_mesh_ms": 0.7857080101966858,
        "encode_ms": 0.725208044052124,
        "admission_or_completion_ms": 0.0006249999860301614
      },
      {
        "index": 101,
        "started_ms": 4594.714584,
        "submitted_ms": 4596.440959,
        "observed_completed_ms": 4599.226417,
        "start_to_observed_completion_ms": 4.511832999999569,
        "submit_to_observed_completion_ms": 2.7854580000002898,
        "continuous_iteration_ms": 1.7278329133987427,
        "frame_ms": 1.7278329133987427,
        "component_sum_ms": 1.726417064666748,
        "tick_ms": 0.17616699635982513,
        "dynamic_mesh_ms": 0.8007920384407043,
        "encode_ms": 0.7489169836044312,
        "admission_or_completion_ms": 0.0005409999866969883
      },
      {
        "index": 102,
        "started_ms": 4596.442417,
        "submitted_ms": 4598.176542,
        "observed_completed_ms": 4599.9915,
        "start_to_observed_completion_ms": 3.5490829999998823,
        "submit_to_observed_completion_ms": 1.8149579999999332,
        "continuous_iteration_ms": 1.7356250286102295,
        "frame_ms": 1.7356250286102295,
        "component_sum_ms": 1.7341660261154175,
        "tick_ms": 0.132082998752594,
        "dynamic_mesh_ms": 0.8583750128746033,
        "encode_ms": 0.743291974067688,
        "admission_or_completion_ms": 0.0004160000244155526
      },
      {
        "index": 103,
        "started_ms": 4598.178042,
        "submitted_ms": 4599.9918339999995,
        "observed_completed_ms": 4601.571833999999,
        "start_to_observed_completion_ms": 3.3937919999998485,
        "submit_to_observed_completion_ms": 1.5799999999999272,
        "continuous_iteration_ms": 1.8155829906463623,
        "frame_ms": 1.8155829906463623,
        "component_sum_ms": 1.8137909173965454,
        "tick_ms": 0.1681250035762787,
        "dynamic_mesh_ms": 0.8552500009536743,
        "encode_ms": 0.7652919888496399,
        "admission_or_completion_ms": 0.025123998522758484
      },
      {
        "index": 104,
        "started_ms": 4599.993625,
        "submitted_ms": 4601.887291999999,
        "observed_completed_ms": 4603.6689590000005,
        "start_to_observed_completion_ms": 3.6753340000004755,
        "submit_to_observed_completion_ms": 1.7816670000011072,
        "continuous_iteration_ms": 1.895042061805725,
        "frame_ms": 1.895042061805725,
        "component_sum_ms": 1.893373966217041,
        "tick_ms": 0.3063330054283142,
        "dynamic_mesh_ms": 0.8412500023841858,
        "encode_ms": 0.7452500462532043,
        "admission_or_completion_ms": 0.0005409999866969883
      },
      {
        "index": 105,
        "started_ms": 4601.888667,
        "submitted_ms": 4603.6692920000005,
        "observed_completed_ms": 4605.451666999999,
        "start_to_observed_completion_ms": 3.5629999999991924,
        "submit_to_observed_completion_ms": 1.782374999998865,
        "continuous_iteration_ms": 1.7820420265197754,
        "frame_ms": 1.7820420265197754,
        "component_sum_ms": 1.7805830240249634,
        "tick_ms": 0.2536250054836273,
        "dynamic_mesh_ms": 0.8068749904632568,
        "encode_ms": 0.7196249961853027,
        "admission_or_completion_ms": 0.0004579999949783087
      },
      {
        "index": 106,
        "started_ms": 4603.670709,
        "submitted_ms": 4605.451999999999,
        "observed_completed_ms": 4607.496959,
        "start_to_observed_completion_ms": 3.8262500000000728,
        "submit_to_observed_completion_ms": 2.0449590000007447,
        "continuous_iteration_ms": 1.7836660146713257,
        "frame_ms": 1.7836660146713257,
        "component_sum_ms": 1.781459093093872,
        "tick_ms": 0.15937501192092896,
        "dynamic_mesh_ms": 0.8050410151481628,
        "encode_ms": 0.8163750171661377,
        "admission_or_completion_ms": 0.0006680000224150717
      },
      {
        "index": 107,
        "started_ms": 4605.454375,
        "submitted_ms": 4607.497834,
        "observed_completed_ms": 4609.416834000001,
        "start_to_observed_completion_ms": 3.962459000000308,
        "submit_to_observed_completion_ms": 1.9190000000007785,
        "continuous_iteration_ms": 2.047374963760376,
        "frame_ms": 2.047374963760376,
        "component_sum_ms": 2.0435829162597656,
        "tick_ms": 0.3147909939289093,
        "dynamic_mesh_ms": 0.8292919993400574,
        "encode_ms": 0.8979589939117432,
        "admission_or_completion_ms": 0.0015410000924021006
      },
      {
        "index": 108,
        "started_ms": 4607.50175,
        "submitted_ms": 4609.4175000000005,
        "observed_completed_ms": 4611.231250000001,
        "start_to_observed_completion_ms": 3.729500000000371,
        "submit_to_observed_completion_ms": 1.8137500000002547,
        "continuous_iteration_ms": 1.9190839529037476,
        "frame_ms": 1.9190839529037476,
        "component_sum_ms": 1.9157929420471191,
        "tick_ms": 0.13383398950099945,
        "dynamic_mesh_ms": 0.845209002494812,
        "encode_ms": 0.9356659650802612,
        "admission_or_completion_ms": 0.0010839999886229634
      },
      {
        "index": 109,
        "started_ms": 4609.420834,
        "submitted_ms": 4611.231709,
        "observed_completed_ms": 4612.95475,
        "start_to_observed_completion_ms": 3.5339160000003176,
        "submit_to_observed_completion_ms": 1.723041000000194,
        "continuous_iteration_ms": 1.8133330345153809,
        "frame_ms": 1.8133330345153809,
        "component_sum_ms": 1.8108761310577393,
        "tick_ms": 0.19870799779891968,
        "dynamic_mesh_ms": 0.8147090077400208,
        "encode_ms": 0.796750009059906,
        "admission_or_completion_ms": 0.0007089999853633344
      },
      {
        "index": 110,
        "started_ms": 4611.2341670000005,
        "submitted_ms": 4612.955084,
        "observed_completed_ms": 4614.605209,
        "start_to_observed_completion_ms": 3.371041999999761,
        "submit_to_observed_completion_ms": 1.6501250000001164,
        "continuous_iteration_ms": 1.722458004951477,
        "frame_ms": 1.722458004951477,
        "component_sum_ms": 1.720958948135376,
        "tick_ms": 0.16758400201797485,
        "dynamic_mesh_ms": 0.8014999628067017,
        "encode_ms": 0.7511669993400574,
        "admission_or_completion_ms": 0.000708000035956502
      },
      {
        "index": 111,
        "started_ms": 4612.956625,
        "submitted_ms": 4614.605458999999,
        "observed_completed_ms": 4616.4220000000005,
        "start_to_observed_completion_ms": 3.4653750000006767,
        "submit_to_observed_completion_ms": 1.8165410000010525,
        "continuous_iteration_ms": 1.6502089500427246,
        "frame_ms": 1.6502089500427246,
        "component_sum_ms": 1.6489589214324951,
        "tick_ms": 0.1280839890241623,
        "dynamic_mesh_ms": 0.8043339848518372,
        "encode_ms": 0.715999960899353,
        "admission_or_completion_ms": 0.0005410000449046493
      },
      {
        "index": 112,
        "started_ms": 4614.606834,
        "submitted_ms": 4616.422334,
        "observed_completed_ms": 4618.148875,
        "start_to_observed_completion_ms": 3.542040999999699,
        "submit_to_observed_completion_ms": 1.7265409999999974,
        "continuous_iteration_ms": 1.8174160718917847,
        "frame_ms": 1.8174160718917847,
        "component_sum_ms": 1.815458059310913,
        "tick_ms": 0.20970800518989563,
        "dynamic_mesh_ms": 0.8270000219345093,
        "encode_ms": 0.7782090306282043,
        "admission_or_completion_ms": 0.0005410000449046493
      },
      {
        "index": 113,
        "started_ms": 4616.42425,
        "submitted_ms": 4618.149084,
        "observed_completed_ms": 4619.823167,
        "start_to_observed_completion_ms": 3.3989169999995283,
        "submit_to_observed_completion_ms": 1.6740829999998823,
        "continuous_iteration_ms": 1.7263339757919312,
        "frame_ms": 1.7263339757919312,
        "component_sum_ms": 1.7247910499572754,
        "tick_ms": 0.20387499034404755,
        "dynamic_mesh_ms": 0.7921249866485596,
        "encode_ms": 0.7282500267028809,
        "admission_or_completion_ms": 0.0005409999866969883
      },
      {
        "index": 114,
        "started_ms": 4618.150584,
        "submitted_ms": 4619.823291999999,
        "observed_completed_ms": 4621.613584000001,
        "start_to_observed_completion_ms": 3.4630000000006476,
        "submit_to_observed_completion_ms": 1.7902920000015001,
        "continuous_iteration_ms": 1.6741249561309814,
        "frame_ms": 1.6741249561309814,
        "component_sum_ms": 1.672667145729065,
        "tick_ms": 0.164124995470047,
        "dynamic_mesh_ms": 0.7830420136451721,
        "encode_ms": 0.7249580025672913,
        "admission_or_completion_ms": 0.0005419999943114817
      },
      {
        "index": 115,
        "started_ms": 4619.8247089999995,
        "submitted_ms": 4621.6137499999995,
        "observed_completed_ms": 4624.292292,
        "start_to_observed_completion_ms": 4.467583000000559,
        "submit_to_observed_completion_ms": 2.6785420000005615,
        "continuous_iteration_ms": 1.7902499437332153,
        "frame_ms": 1.7902499437332153,
        "component_sum_ms": 1.789167046546936,
        "tick_ms": 0.3241249918937683,
        "dynamic_mesh_ms": 0.7733749747276306,
        "encode_ms": 0.6910830140113831,
        "admission_or_completion_ms": 0.0005840000230818987
      },
      {
        "index": 116,
        "started_ms": 4621.614959,
        "submitted_ms": 4623.347459,
        "observed_completed_ms": 4625.165584,
        "start_to_observed_completion_ms": 3.5506249999998545,
        "submit_to_observed_completion_ms": 1.8181250000006912,
        "continuous_iteration_ms": 1.7335830926895142,
        "frame_ms": 1.7335830926895142,
        "component_sum_ms": 1.7320430278778076,
        "tick_ms": 0.11895899474620819,
        "dynamic_mesh_ms": 0.7804590463638306,
        "encode_ms": 0.8320840001106262,
        "admission_or_completion_ms": 0.0005410000449046493
      },
      {
        "index": 117,
        "started_ms": 4623.348542000001,
        "submitted_ms": 4625.165833999999,
        "observed_completed_ms": 4626.872542,
        "start_to_observed_completion_ms": 3.5239999999994325,
        "submit_to_observed_completion_ms": 1.7067080000006172,
        "continuous_iteration_ms": 1.8191670179367065,
        "frame_ms": 1.8191670179367065,
        "component_sum_ms": 1.8174580335617065,
        "tick_ms": 0.12845800817012787,
        "dynamic_mesh_ms": 0.7942500114440918,
        "encode_ms": 0.8732919692993164,
        "admission_or_completion_ms": 0.02145800180733204
      },
      {
        "index": 118,
        "started_ms": 4625.167709,
        "submitted_ms": 4626.872708999999,
        "observed_completed_ms": 4628.542167,
        "start_to_observed_completion_ms": 3.374457999999322,
        "submit_to_observed_completion_ms": 1.6694580000003043,
        "continuous_iteration_ms": 1.706333041191101,
        "frame_ms": 1.706333041191101,
        "component_sum_ms": 1.7049180269241333,
        "tick_ms": 0.1961670070886612,
        "dynamic_mesh_ms": 0.7872090339660645,
        "encode_ms": 0.7211250066757202,
        "admission_or_completion_ms": 0.00041700000292621553
      },
      {
        "index": 119,
        "started_ms": 4626.8740419999995,
        "submitted_ms": 4628.542375,
        "observed_completed_ms": 4630.190667,
        "start_to_observed_completion_ms": 3.3166250000003856,
        "submit_to_observed_completion_ms": 1.6482919999998558,
        "continuous_iteration_ms": 1.6696250438690186,
        "frame_ms": 1.6696250438690186,
        "component_sum_ms": 1.6684999465942383,
        "tick_ms": 0.17145800590515137,
        "dynamic_mesh_ms": 0.7855839729309082,
        "encode_ms": 0.7110000252723694,
        "admission_or_completion_ms": 0.0004579999949783087
      },
      {
        "index": 120,
        "started_ms": 4628.543667,
        "submitted_ms": 4630.190834,
        "observed_completed_ms": 4633.0091250000005,
        "start_to_observed_completion_ms": 4.465458000000581,
        "submit_to_observed_completion_ms": 2.8182910000004995,
        "continuous_iteration_ms": 5.3541669845581055,
        "frame_ms": 5.3541669845581055,
        "component_sum_ms": 4.770374298095703,
        "tick_ms": 0.12199999392032623,
        "dynamic_mesh_ms": 0.7861250042915344,
        "encode_ms": 0.7386669516563416,
        "admission_or_completion_ms": 3.123582124710083
      },
      {
        "index": 121,
        "started_ms": 4633.897834,
        "submitted_ms": 4635.618042,
        "observed_completed_ms": 4638.381875,
        "start_to_observed_completion_ms": 4.484040999999706,
        "submit_to_observed_completion_ms": 2.763832999999977,
        "continuous_iteration_ms": 1.7220410108566284,
        "frame_ms": 1.7220410108566284,
        "component_sum_ms": 1.7202919721603394,
        "tick_ms": 0.14750000834465027,
        "dynamic_mesh_ms": 0.7804170250892639,
        "encode_ms": 0.7910000085830688,
        "admission_or_completion_ms": 0.0013749999925494194
      },
      {
        "index": 122,
        "started_ms": 4635.619874999999,
        "submitted_ms": 4637.439292,
        "observed_completed_ms": 4640.1028750000005,
        "start_to_observed_completion_ms": 4.483000000001084,
        "submit_to_observed_completion_ms": 2.6635830000004717,
        "continuous_iteration_ms": 1.8211669921875,
        "frame_ms": 1.8211669921875,
        "component_sum_ms": 1.8192919492721558,
        "tick_ms": 0.3196669816970825,
        "dynamic_mesh_ms": 0.784125030040741,
        "encode_ms": 0.7148749828338623,
        "admission_or_completion_ms": 0.0006249999860301614
      },
      {
        "index": 123,
        "started_ms": 4637.4410419999995,
        "submitted_ms": 4639.137959000001,
        "observed_completed_ms": 4641.905334000001,
        "start_to_observed_completion_ms": 4.464292000001478,
        "submit_to_observed_completion_ms": 2.7673750000003565,
        "continuous_iteration_ms": 1.6985000371932983,
        "frame_ms": 1.6985000371932983,
        "component_sum_ms": 1.696748971939087,
        "tick_ms": 0.13520799577236176,
        "dynamic_mesh_ms": 0.7842079997062683,
        "encode_ms": 0.7556250095367432,
        "admission_or_completion_ms": 0.02170800045132637
      },
      {
        "index": 124,
        "started_ms": 4639.139542,
        "submitted_ms": 4640.905834,
        "observed_completed_ms": 4642.671875,
        "start_to_observed_completion_ms": 3.532333000000108,
        "submit_to_observed_completion_ms": 1.7660409999998592,
        "continuous_iteration_ms": 1.7689169645309448,
        "frame_ms": 1.7689169645309448,
        "component_sum_ms": 1.7662919759750366,
        "tick_ms": 0.1395839899778366,
        "dynamic_mesh_ms": 0.7997499704360962,
        "encode_ms": 0.8025000095367432,
        "admission_or_completion_ms": 0.02445800043642521
      },
      {
        "index": 125,
        "started_ms": 4640.908459,
        "submitted_ms": 4642.6722500000005,
        "observed_completed_ms": 4644.486042,
        "start_to_observed_completion_ms": 3.5775830000002316,
        "submit_to_observed_completion_ms": 1.8137919999999212,
        "continuous_iteration_ms": 1.76658296585083,
        "frame_ms": 1.76658296585083,
        "component_sum_ms": 1.7636239528656006,
        "tick_ms": 0.16008299589157104,
        "dynamic_mesh_ms": 0.8090000152587891,
        "encode_ms": 0.7662500143051147,
        "admission_or_completion_ms": 0.028290998190641403
      },
      {
        "index": 126,
        "started_ms": 4642.675042000001,
        "submitted_ms": 4644.486667,
        "observed_completed_ms": 4647.213167,
        "start_to_observed_completion_ms": 4.538124999999127,
        "submit_to_observed_completion_ms": 2.72649999999976,
        "continuous_iteration_ms": 1.8139169216156006,
        "frame_ms": 1.8139169216156006,
        "component_sum_ms": 1.8117090463638306,
        "tick_ms": 0.14741699397563934,
        "dynamic_mesh_ms": 0.8352919816970825,
        "encode_ms": 0.8279170393943787,
        "admission_or_completion_ms": 0.00108299998100847
      },
      {
        "index": 127,
        "started_ms": 4644.488959,
        "submitted_ms": 4646.251249999999,
        "observed_completed_ms": 4647.982416999999,
        "start_to_observed_completion_ms": 3.493457999999009,
        "submit_to_observed_completion_ms": 1.731166999999914,
        "continuous_iteration_ms": 1.7641249895095825,
        "frame_ms": 1.7641249895095825,
        "component_sum_ms": 1.7619189023971558,
        "tick_ms": 0.1408340036869049,
        "dynamic_mesh_ms": 0.8311669826507568,
        "encode_ms": 0.7885000109672546,
        "admission_or_completion_ms": 0.001417999854311347
      },
      {
        "index": 128,
        "started_ms": 4646.253084,
        "submitted_ms": 4647.98275,
        "observed_completed_ms": 4649.634167,
        "start_to_observed_completion_ms": 3.381083000000217,
        "submit_to_observed_completion_ms": 1.6514170000000377,
        "continuous_iteration_ms": 1.7332500219345093,
        "frame_ms": 1.7332500219345093,
        "component_sum_ms": 1.7295011281967163,
        "tick_ms": 0.14116699993610382,
        "dynamic_mesh_ms": 0.7929590344429016,
        "encode_ms": 0.7692080140113831,
        "admission_or_completion_ms": 0.026166999712586403
      },
      {
        "index": 129,
        "started_ms": 4647.986334,
        "submitted_ms": 4649.634375,
        "observed_completed_ms": 4651.29125,
        "start_to_observed_completion_ms": 3.3049160000000484,
        "submit_to_observed_completion_ms": 1.656875000000582,
        "continuous_iteration_ms": 1.650499939918518,
        "frame_ms": 1.650499939918518,
        "component_sum_ms": 1.6479159593582153,
        "tick_ms": 0.1381250023841858,
        "dynamic_mesh_ms": 0.7827500104904175,
        "encode_ms": 0.7267909646034241,
        "admission_or_completion_ms": 0.00024999998277053237
      },
      {
        "index": 130,
        "started_ms": 4649.636834,
        "submitted_ms": 4651.291417,
        "observed_completed_ms": 4652.9047089999995,
        "start_to_observed_completion_ms": 3.267874999999549,
        "submit_to_observed_completion_ms": 1.6132919999990918,
        "continuous_iteration_ms": 1.6559580564498901,
        "frame_ms": 1.6559580564498901,
        "component_sum_ms": 1.6539599895477295,
        "tick_ms": 0.1355840116739273,
        "dynamic_mesh_ms": 0.7810840010643005,
        "encode_ms": 0.7368330359458923,
        "admission_or_completion_ms": 0.00045900000259280205
      },
      {
        "index": 131,
        "started_ms": 4651.292791999999,
        "submitted_ms": 4652.904875,
        "observed_completed_ms": 4654.619959,
        "start_to_observed_completion_ms": 3.3271670000003724,
        "submit_to_observed_completion_ms": 1.7150839999994787,
        "continuous_iteration_ms": 1.6132500171661377,
        "frame_ms": 1.6132500171661377,
        "component_sum_ms": 1.612123966217041,
        "tick_ms": 0.13483299314975739,
        "dynamic_mesh_ms": 0.781624972820282,
        "encode_ms": 0.6952909827232361,
        "admission_or_completion_ms": 0.000375000003259629
      },
      {
        "index": 132,
        "started_ms": 4652.906042,
        "submitted_ms": 4654.620417,
        "observed_completed_ms": 4656.244834,
        "start_to_observed_completion_ms": 3.338792000000467,
        "submit_to_observed_completion_ms": 1.624416999999994,
        "continuous_iteration_ms": 1.716249942779541,
        "frame_ms": 1.716249942779541,
        "component_sum_ms": 1.7142919301986694,
        "tick_ms": 0.13337500393390656,
        "dynamic_mesh_ms": 0.781624972820282,
        "encode_ms": 0.7985420227050781,
        "admission_or_completion_ms": 0.000750000006519258
      },
      {
        "index": 133,
        "started_ms": 4654.622292,
        "submitted_ms": 4656.2451249999995,
        "observed_completed_ms": 4658.03375,
        "start_to_observed_completion_ms": 3.411457999999584,
        "submit_to_observed_completion_ms": 1.7886250000001382,
        "continuous_iteration_ms": 1.6244579553604126,
        "frame_ms": 1.6244579553604126,
        "component_sum_ms": 1.6227929592132568,
        "tick_ms": 0.1423339992761612,
        "dynamic_mesh_ms": 0.7752090096473694,
        "encode_ms": 0.7047500014305115,
        "admission_or_completion_ms": 0.0005000000237487257
      },
      {
        "index": 134,
        "started_ms": 4656.24675,
        "submitted_ms": 4658.034125,
        "observed_completed_ms": 4659.6921250000005,
        "start_to_observed_completion_ms": 3.44537500000024,
        "submit_to_observed_completion_ms": 1.6580000000003565,
        "continuous_iteration_ms": 1.7892498970031738,
        "frame_ms": 1.7892498970031738,
        "component_sum_ms": 1.7873759269714355,
        "tick_ms": 0.13474999368190765,
        "dynamic_mesh_ms": 0.8513340353965759,
        "encode_ms": 0.7999579906463623,
        "admission_or_completion_ms": 0.0013340000296011567
      },
      {
        "index": 135,
        "started_ms": 4658.036,
        "submitted_ms": 4660.002834,
        "observed_completed_ms": 4661.66175,
        "start_to_observed_completion_ms": 3.625750000000153,
        "submit_to_observed_completion_ms": 1.6589160000003176,
        "continuous_iteration_ms": 1.9684590101242065,
        "frame_ms": 1.9684590101242065,
        "component_sum_ms": 1.9666659832000732,
        "tick_ms": 0.47783300280570984,
        "dynamic_mesh_ms": 0.781374990940094,
        "encode_ms": 0.7069170475006104,
        "admission_or_completion_ms": 0.0005409999866969883
      },
      {
        "index": 136,
        "started_ms": 4660.004459,
        "submitted_ms": 4661.959792000001,
        "observed_completed_ms": 4664.960959,
        "start_to_observed_completion_ms": 4.956500000000233,
        "submit_to_observed_completion_ms": 3.001166999999441,
        "continuous_iteration_ms": 1.9566248655319214,
        "frame_ms": 1.9566248655319214,
        "component_sum_ms": 1.955082893371582,
        "tick_ms": 0.4652079939842224,
        "dynamic_mesh_ms": 0.7784169912338257,
        "encode_ms": 0.7110829949378967,
        "admission_or_completion_ms": 0.000375000003259629
      },
      {
        "index": 137,
        "started_ms": 4661.961084,
        "submitted_ms": 4663.8975,
        "observed_completed_ms": 4665.770917,
        "start_to_observed_completion_ms": 3.8098330000002534,
        "submit_to_observed_completion_ms": 1.8734169999997903,
        "continuous_iteration_ms": 1.9377080202102661,
        "frame_ms": 1.9377080202102661,
        "component_sum_ms": 1.9362919330596924,
        "tick_ms": 0.32499998807907104,
        "dynamic_mesh_ms": 0.7835000157356262,
        "encode_ms": 0.8271249532699585,
        "admission_or_completion_ms": 0.0006670000148005784
      },
      {
        "index": 138,
        "started_ms": 4663.898792,
        "submitted_ms": 4665.7712089999995,
        "observed_completed_ms": 4667.578458999999,
        "start_to_observed_completion_ms": 3.6796669999994265,
        "submit_to_observed_completion_ms": 1.80724999999984,
        "continuous_iteration_ms": 1.8743330240249634,
        "frame_ms": 1.8743330240249634,
        "component_sum_ms": 1.872499942779541,
        "tick_ms": 0.24541601538658142,
        "dynamic_mesh_ms": 0.792792022228241,
        "encode_ms": 0.8096669912338257,
        "admission_or_completion_ms": 0.02462499961256981
      },
      {
        "index": 139,
        "started_ms": 4665.773125000001,
        "submitted_ms": 4667.578834000001,
        "observed_completed_ms": 4669.286542,
        "start_to_observed_completion_ms": 3.513416999999208,
        "submit_to_observed_completion_ms": 1.707707999999002,
        "continuous_iteration_ms": 1.8075839281082153,
        "frame_ms": 1.8075839281082153,
        "component_sum_ms": 1.8056249618530273,
        "tick_ms": 0.2105419933795929,
        "dynamic_mesh_ms": 0.791208028793335,
        "encode_ms": 0.8029170036315918,
        "admission_or_completion_ms": 0.0009580000769346952
      },
      {
        "index": 140,
        "started_ms": 4667.580709,
        "submitted_ms": 4669.286834,
        "observed_completed_ms": 4671.064209,
        "start_to_observed_completion_ms": 3.4835000000002765,
        "submit_to_observed_completion_ms": 1.7773749999996653,
        "continuous_iteration_ms": 1.70741605758667,
        "frame_ms": 1.70741605758667,
        "component_sum_ms": 1.706041932106018,
        "tick_ms": 0.17616699635982513,
        "dynamic_mesh_ms": 0.7955419421195984,
        "encode_ms": 0.7338749766349792,
        "admission_or_completion_ms": 0.0004579999949783087
      },
      {
        "index": 141,
        "started_ms": 4669.288124999999,
        "submitted_ms": 4671.064375,
        "observed_completed_ms": 4673.730584,
        "start_to_observed_completion_ms": 4.442459000000781,
        "submit_to_observed_completion_ms": 2.6662089999999807,
        "continuous_iteration_ms": 1.7775421142578125,
        "frame_ms": 1.7775421142578125,
        "component_sum_ms": 1.7762080430984497,
        "tick_ms": 0.22812500596046448,
        "dynamic_mesh_ms": 0.782584011554718,
        "encode_ms": 0.7650409936904907,
        "admission_or_completion_ms": 0.0004579999949783087
      },
      {
        "index": 142,
        "started_ms": 4671.065667,
        "submitted_ms": 4672.706125000001,
        "observed_completed_ms": 4674.612584,
        "start_to_observed_completion_ms": 3.546917000000576,
        "submit_to_observed_completion_ms": 1.9064589999998134,
        "continuous_iteration_ms": 1.6422920227050781,
        "frame_ms": 1.6422920227050781,
        "component_sum_ms": 1.640625,
        "tick_ms": 0.13704200088977814,
        "dynamic_mesh_ms": 0.7859580516815186,
        "encode_ms": 0.7171249985694885,
        "admission_or_completion_ms": 0.0005000000237487257
      },
      {
        "index": 143,
        "started_ms": 4672.707959,
        "submitted_ms": 4674.613209,
        "observed_completed_ms": 4676.3535,
        "start_to_observed_completion_ms": 3.6455409999998665,
        "submit_to_observed_completion_ms": 1.7402910000000702,
        "continuous_iteration_ms": 1.9076659679412842,
        "frame_ms": 1.9076659679412842,
        "component_sum_ms": 1.9052081108093262,
        "tick_ms": 0.13499999046325684,
        "dynamic_mesh_ms": 0.8614580035209656,
        "encode_ms": 0.8823750019073486,
        "admission_or_completion_ms": 0.026375001296401024
      },
      {
        "index": 144,
        "started_ms": 4674.615625,
        "submitted_ms": 4676.353917,
        "observed_completed_ms": 4678.094875,
        "start_to_observed_completion_ms": 3.4792499999994106,
        "submit_to_observed_completion_ms": 1.7409579999994094,
        "continuous_iteration_ms": 1.7408339977264404,
        "frame_ms": 1.7408339977264404,
        "component_sum_ms": 1.738374948501587,
        "tick_ms": 0.1433749943971634,
        "dynamic_mesh_ms": 0.7903749942779541,
        "encode_ms": 0.8041250109672546,
        "admission_or_completion_ms": 0.0005000000237487257
      },
      {
        "index": 145,
        "started_ms": 4676.356459,
        "submitted_ms": 4678.095125000001,
        "observed_completed_ms": 4680.9675,
        "start_to_observed_completion_ms": 4.611041000000114,
        "submit_to_observed_completion_ms": 2.8723749999990105,
        "continuous_iteration_ms": 1.740625023841858,
        "frame_ms": 1.740625023841858,
        "component_sum_ms": 1.7387510538101196,
        "tick_ms": 0.1252090036869049,
        "dynamic_mesh_ms": 0.8289170265197754,
        "encode_ms": 0.7839999794960022,
        "admission_or_completion_ms": 0.0006249999860301614
      },
      {
        "index": 146,
        "started_ms": 4678.097084,
        "submitted_ms": 4680.00725,
        "observed_completed_ms": 4681.785167,
        "start_to_observed_completion_ms": 3.688083000000006,
        "submit_to_observed_completion_ms": 1.7779170000003433,
        "continuous_iteration_ms": 1.9120409488677979,
        "frame_ms": 1.9120409488677979,
        "component_sum_ms": 1.9100010395050049,
        "tick_ms": 0.11866699904203415,
        "dynamic_mesh_ms": 0.8141670227050781,
        "encode_ms": 0.9767500162124634,
        "admission_or_completion_ms": 0.00041700000292621553
      },
      {
        "index": 147,
        "started_ms": 4680.009125,
        "submitted_ms": 4681.785417,
        "observed_completed_ms": 4683.603125000001,
        "start_to_observed_completion_ms": 3.5940000000009604,
        "submit_to_observed_completion_ms": 1.8177080000004935,
        "continuous_iteration_ms": 1.7778340578079224,
        "frame_ms": 1.7778340578079224,
        "component_sum_ms": 1.7762489318847656,
        "tick_ms": 0.11833300441503525,
        "dynamic_mesh_ms": 0.8165410161018372,
        "encode_ms": 0.8177079558372498,
        "admission_or_completion_ms": 0.023666998371481895
      },
      {
        "index": 148,
        "started_ms": 4681.786959,
        "submitted_ms": 4683.604,
        "observed_completed_ms": 4685.320042,
        "start_to_observed_completion_ms": 3.5330830000002607,
        "submit_to_observed_completion_ms": 1.7160420000000158,
        "continuous_iteration_ms": 1.8203330039978027,
        "frame_ms": 1.8203330039978027,
        "component_sum_ms": 1.8167920112609863,
        "tick_ms": 0.11700000613927841,
        "dynamic_mesh_ms": 0.7999999523162842,
        "encode_ms": 0.8990409970283508,
        "admission_or_completion_ms": 0.0007510000141337514
      },
      {
        "index": 149,
        "started_ms": 4683.607292,
        "submitted_ms": 4685.320375,
        "observed_completed_ms": 4687.045,
        "start_to_observed_completion_ms": 3.4377080000003843,
        "submit_to_observed_completion_ms": 1.7246249999998327,
        "continuous_iteration_ms": 1.7148749828338623,
        "frame_ms": 1.7148749828338623,
        "component_sum_ms": 1.713001012802124,
        "tick_ms": 0.12870799005031586,
        "dynamic_mesh_ms": 0.8219590187072754,
        "encode_ms": 0.7617499828338623,
        "admission_or_completion_ms": 0.0005840000230818987
      },
      {
        "index": 150,
        "started_ms": 4685.322167,
        "submitted_ms": 4687.045292,
        "observed_completed_ms": 4689.647375,
        "start_to_observed_completion_ms": 4.325207999999293,
        "submit_to_observed_completion_ms": 2.602082999999766,
        "continuous_iteration_ms": 1.7246670722961426,
        "frame_ms": 1.7246670722961426,
        "component_sum_ms": 1.7231669425964355,
        "tick_ms": 0.12179200351238251,
        "dynamic_mesh_ms": 0.7969160079956055,
        "encode_ms": 0.8040419816970825,
        "admission_or_completion_ms": 0.000417000032030046
      },
      {
        "index": 151,
        "started_ms": 4687.046834000001,
        "submitted_ms": 4688.709334,
        "observed_completed_ms": 4691.411167,
        "start_to_observed_completion_ms": 4.364332999999533,
        "submit_to_observed_completion_ms": 2.7018330000000788,
        "continuous_iteration_ms": 1.663915991783142,
        "frame_ms": 1.663915991783142,
        "component_sum_ms": 1.6623330116271973,
        "tick_ms": 0.11679200083017349,
        "dynamic_mesh_ms": 0.7905830144882202,
        "encode_ms": 0.7546669840812683,
        "admission_or_completion_ms": 0.000291000003926456
      },
      {
        "index": 152,
        "started_ms": 4688.71075,
        "submitted_ms": 4690.446749999999,
        "observed_completed_ms": 4692.241209,
        "start_to_observed_completion_ms": 3.5304589999996097,
        "submit_to_observed_completion_ms": 1.7944590000006428,
        "continuous_iteration_ms": 1.7382500171661377,
        "frame_ms": 1.7382500171661377,
        "component_sum_ms": 1.7362070083618164,
        "tick_ms": 0.1150830015540123,
        "dynamic_mesh_ms": 0.7987500429153442,
        "encode_ms": 0.7991659641265869,
        "admission_or_completion_ms": 0.023207999765872955
      },
      {
        "index": 153,
        "started_ms": 4690.4490000000005,
        "submitted_ms": 4692.241542,
        "observed_completed_ms": 4693.9325,
        "start_to_observed_completion_ms": 3.483499999999367,
        "submit_to_observed_completion_ms": 1.690958000000137,
        "continuous_iteration_ms": 1.7944999933242798,
        "frame_ms": 1.7944999933242798,
        "component_sum_ms": 1.791916012763977,
        "tick_ms": 0.12183299660682678,
        "dynamic_mesh_ms": 0.8092080354690552,
        "encode_ms": 0.8298749923706055,
        "admission_or_completion_ms": 0.03100000135600567
      },
      {
        "index": 154,
        "started_ms": 4692.2435,
        "submitted_ms": 4693.932709000001,
        "observed_completed_ms": 4695.589916999999,
        "start_to_observed_completion_ms": 3.3464169999997466,
        "submit_to_observed_completion_ms": 1.6572079999987182,
        "continuous_iteration_ms": 1.6908750534057617,
        "frame_ms": 1.6908750534057617,
        "component_sum_ms": 1.688999056816101,
        "tick_ms": 0.11891600489616394,
        "dynamic_mesh_ms": 0.8086250424385071,
        "encode_ms": 0.7607920169830322,
        "admission_or_completion_ms": 0.000666000007186085
      },
      {
        "index": 155,
        "started_ms": 4693.934375,
        "submitted_ms": 4695.590334,
        "observed_completed_ms": 4698.409334,
        "start_to_observed_completion_ms": 4.474959000000126,
        "submit_to_observed_completion_ms": 2.8189999999995052,
        "continuous_iteration_ms": 1.6577500104904175,
        "frame_ms": 1.6577500104904175,
        "component_sum_ms": 1.6560419797897339,
        "tick_ms": 0.11945800483226776,
        "dynamic_mesh_ms": 0.793042004108429,
        "encode_ms": 0.7428749799728394,
        "admission_or_completion_ms": 0.0006670000148005784
      },
      {
        "index": 156,
        "started_ms": 4695.592125,
        "submitted_ms": 4697.446375,
        "observed_completed_ms": 4700.160042,
        "start_to_observed_completion_ms": 4.567917000000307,
        "submit_to_observed_completion_ms": 2.7136669999999867,
        "continuous_iteration_ms": 1.8557920455932617,
        "frame_ms": 1.8557920455932617,
        "component_sum_ms": 1.8542500734329224,
        "tick_ms": 0.1163330003619194,
        "dynamic_mesh_ms": 0.8027499914169312,
        "encode_ms": 0.9345000386238098,
        "admission_or_completion_ms": 0.0006670000148005784
      },
      {
        "index": 157,
        "started_ms": 4697.4479169999995,
        "submitted_ms": 4699.212375,
        "observed_completed_ms": 4700.899042,
        "start_to_observed_completion_ms": 3.451125000000502,
        "submit_to_observed_completion_ms": 1.686666999999943,
        "continuous_iteration_ms": 1.7664169073104858,
        "frame_ms": 1.7664169073104858,
        "component_sum_ms": 1.7643749713897705,
        "tick_ms": 0.11595799773931503,
        "dynamic_mesh_ms": 0.8207919597625732,
        "encode_ms": 0.8025000095367432,
        "admission_or_completion_ms": 0.02512499876320362
      },
      {
        "index": 158,
        "started_ms": 4699.214333999999,
        "submitted_ms": 4700.89925,
        "observed_completed_ms": 4702.537708999999,
        "start_to_observed_completion_ms": 3.323374999999942,
        "submit_to_observed_completion_ms": 1.6384589999988748,
        "continuous_iteration_ms": 1.6862499713897705,
        "frame_ms": 1.6862499713897705,
        "component_sum_ms": 1.68483304977417,
        "tick_ms": 0.125,
        "dynamic_mesh_ms": 0.7919169664382935,
        "encode_ms": 0.7389159798622131,
        "admission_or_completion_ms": 0.029000001028180122
      },
      {
        "index": 159,
        "started_ms": 4700.900584,
        "submitted_ms": 4702.537875,
        "observed_completed_ms": 4704.2074170000005,
        "start_to_observed_completion_ms": 3.3068330000005517,
        "submit_to_observed_completion_ms": 1.669542000000547,
        "continuous_iteration_ms": 1.6385830640792847,
        "frame_ms": 1.6385830640792847,
        "component_sum_ms": 1.6372919082641602,
        "tick_ms": 0.11966700106859207,
        "dynamic_mesh_ms": 0.8006250262260437,
        "encode_ms": 0.7165409922599792,
        "admission_or_completion_ms": 0.00045900000259280205
      },
      {
        "index": 160,
        "started_ms": 4702.539167,
        "submitted_ms": 4704.207875,
        "observed_completed_ms": 4706.883042,
        "start_to_observed_completion_ms": 4.34387500000048,
        "submit_to_observed_completion_ms": 2.6751670000003287,
        "continuous_iteration_ms": 1.67091703414917,
        "frame_ms": 1.67091703414917,
        "component_sum_ms": 1.6690000295639038,
        "tick_ms": 0.11770900338888168,
        "dynamic_mesh_ms": 0.7972909808158875,
        "encode_ms": 0.7534160017967224,
        "admission_or_completion_ms": 0.0005840000230818987
      },
      {
        "index": 161,
        "started_ms": 4704.210083999999,
        "submitted_ms": 4705.885042,
        "observed_completed_ms": 4707.752084,
        "start_to_observed_completion_ms": 3.542000000000371,
        "submit_to_observed_completion_ms": 1.8670419999998558,
        "continuous_iteration_ms": 1.676082968711853,
        "frame_ms": 1.676082968711853,
        "component_sum_ms": 1.6749579906463623,
        "tick_ms": 0.13095799088478088,
        "dynamic_mesh_ms": 0.8374999761581421,
        "encode_ms": 0.706125020980835,
        "admission_or_completion_ms": 0.000375000003259629
      },
      {
        "index": 162,
        "started_ms": 4705.886167,
        "submitted_ms": 4707.75275,
        "observed_completed_ms": 4709.475542,
        "start_to_observed_completion_ms": 3.589375000000473,
        "submit_to_observed_completion_ms": 1.7227920000004815,
        "continuous_iteration_ms": 1.8690000772476196,
        "frame_ms": 1.8690000772476196,
        "component_sum_ms": 1.8664170503616333,
        "tick_ms": 0.12195800244808197,
        "dynamic_mesh_ms": 0.8500419855117798,
        "encode_ms": 0.8694999814033508,
        "admission_or_completion_ms": 0.0249170009046793
      },
      {
        "index": 163,
        "started_ms": 4707.755167,
        "submitted_ms": 4709.476125,
        "observed_completed_ms": 4711.186334,
        "start_to_observed_completion_ms": 3.431166999999732,
        "submit_to_observed_completion_ms": 1.7102089999998498,
        "continuous_iteration_ms": 1.722499966621399,
        "frame_ms": 1.722499966621399,
        "component_sum_ms": 1.7208750247955322,
        "tick_ms": 0.13716699182987213,
        "dynamic_mesh_ms": 0.8324999809265137,
        "encode_ms": 0.7506660223007202,
        "admission_or_completion_ms": 0.0005420000525191426
      },
      {
        "index": 164,
        "started_ms": 4709.477667,
        "submitted_ms": 4711.1864590000005,
        "observed_completed_ms": 4712.927125,
        "start_to_observed_completion_ms": 3.4494580000000497,
        "submit_to_observed_completion_ms": 1.7406659999996918,
        "continuous_iteration_ms": 1.7102919816970825,
        "frame_ms": 1.7102919816970825,
        "component_sum_ms": 1.7087920904159546,
        "tick_ms": 0.12600000202655792,
        "dynamic_mesh_ms": 0.8286670446395874,
        "encode_ms": 0.7537090182304382,
        "admission_or_completion_ms": 0.0004160000244155526
      },
      {
        "index": 165,
        "started_ms": 4711.187959,
        "submitted_ms": 4712.927417,
        "observed_completed_ms": 4715.7255,
        "start_to_observed_completion_ms": 4.537540999999692,
        "submit_to_observed_completion_ms": 2.7980829999996786,
        "continuous_iteration_ms": 1.7409999370574951,
        "frame_ms": 1.7409999370574951,
        "component_sum_ms": 1.7394591569900513,
        "tick_ms": 0.13175000250339508,
        "dynamic_mesh_ms": 0.827875018119812,
        "encode_ms": 0.7792920470237732,
        "admission_or_completion_ms": 0.0005419999943114817
      },
      {
        "index": 166,
        "started_ms": 4712.928959,
        "submitted_ms": 4714.635542,
        "observed_completed_ms": 4716.57275,
        "start_to_observed_completion_ms": 3.6437910000004194,
        "submit_to_observed_completion_ms": 1.9372080000002825,
        "continuous_iteration_ms": 1.7088329792022705,
        "frame_ms": 1.7088329792022705,
        "component_sum_ms": 1.7066240310668945,
        "tick_ms": 0.1314999908208847,
        "dynamic_mesh_ms": 0.8398750424385071,
        "encode_ms": 0.7347079515457153,
        "admission_or_completion_ms": 0.0005409999866969883
      },
      {
        "index": 167,
        "started_ms": 4714.6377919999995,
        "submitted_ms": 4716.573084000001,
        "observed_completed_ms": 4718.3658749999995,
        "start_to_observed_completion_ms": 3.7280829999999696,
        "submit_to_observed_completion_ms": 1.7927909999989424,
        "continuous_iteration_ms": 1.9372080564498901,
        "frame_ms": 1.9372080564498901,
        "component_sum_ms": 1.9344160556793213,
        "tick_ms": 0.12962499260902405,
        "dynamic_mesh_ms": 0.9251660108566284,
        "encode_ms": 0.8471249938011169,
        "admission_or_completion_ms": 0.0325000025331974
      },
      {
        "index": 168,
        "started_ms": 4716.575,
        "submitted_ms": 4718.36625,
        "observed_completed_ms": 4720.153209,
        "start_to_observed_completion_ms": 3.5782090000002427,
        "submit_to_observed_completion_ms": 1.7869590000000244,
        "continuous_iteration_ms": 1.7931249141693115,
        "frame_ms": 1.7931249141693115,
        "component_sum_ms": 1.7912499904632568,
        "tick_ms": 0.13620799779891968,
        "dynamic_mesh_ms": 0.8382499814033508,
        "encode_ms": 0.816332995891571,
        "admission_or_completion_ms": 0.00045900000259280205
      },
      {
        "index": 169,
        "started_ms": 4718.368125,
        "submitted_ms": 4720.153584000001,
        "observed_completed_ms": 4723.003000000001,
        "start_to_observed_completion_ms": 4.634875000000648,
        "submit_to_observed_completion_ms": 2.8494160000000193,
        "continuous_iteration_ms": 1.7877089977264404,
        "frame_ms": 1.7877089977264404,
        "component_sum_ms": 1.7855829000473022,
        "tick_ms": 0.13633298873901367,
        "dynamic_mesh_ms": 0.8217500448226929,
        "encode_ms": 0.8267499804496765,
        "admission_or_completion_ms": 0.000750000006519258
      },
      {
        "index": 170,
        "started_ms": 4720.155834,
        "submitted_ms": 4721.981584,
        "observed_completed_ms": 4723.877334,
        "start_to_observed_completion_ms": 3.7214999999996508,
        "submit_to_observed_completion_ms": 1.8957499999996799,
        "continuous_iteration_ms": 1.8276249170303345,
        "frame_ms": 1.8276249170303345,
        "component_sum_ms": 1.8250819444656372,
        "tick_ms": 0.13270799815654755,
        "dynamic_mesh_ms": 0.8825000524520874,
        "encode_ms": 0.8084169626235962,
        "admission_or_completion_ms": 0.0014569999184459448
      },
      {
        "index": 171,
        "started_ms": 4721.983459000001,
        "submitted_ms": 4723.877625,
        "observed_completed_ms": 4725.599167,
        "start_to_observed_completion_ms": 3.6157079999993584,
        "submit_to_observed_completion_ms": 1.7215420000002268,
        "continuous_iteration_ms": 1.8962080478668213,
        "frame_ms": 1.8962080478668213,
        "component_sum_ms": 1.894083023071289,
        "tick_ms": 0.12333299964666367,
        "dynamic_mesh_ms": 0.8702920079231262,
        "encode_ms": 0.8742910027503967,
        "admission_or_completion_ms": 0.026167001575231552
      },
      {
        "index": 172,
        "started_ms": 4723.879667,
        "submitted_ms": 4725.599416999999,
        "observed_completed_ms": 4727.3486250000005,
        "start_to_observed_completion_ms": 3.4689580000003843,
        "submit_to_observed_completion_ms": 1.7492080000010901,
        "continuous_iteration_ms": 1.721250057220459,
        "frame_ms": 1.721250057220459,
        "component_sum_ms": 1.7196669578552246,
        "tick_ms": 0.1332080066204071,
        "dynamic_mesh_ms": 0.828249990940094,
        "encode_ms": 0.7577919960021973,
        "admission_or_completion_ms": 0.000417000032030046
      },
      {
        "index": 173,
        "started_ms": 4725.600917,
        "submitted_ms": 4727.348792,
        "observed_completed_ms": 4729.018792,
        "start_to_observed_completion_ms": 3.4178750000000946,
        "submit_to_observed_completion_ms": 1.6700000000000728,
        "continuous_iteration_ms": 1.7492079734802246,
        "frame_ms": 1.7492079734802246,
        "component_sum_ms": 1.7479159832000732,
        "tick_ms": 0.13220800459384918,
        "dynamic_mesh_ms": 0.8245410323143005,
        "encode_ms": 0.7907500267028809,
        "admission_or_completion_ms": 0.000417000032030046
      },
      {
        "index": 174,
        "started_ms": 4727.350125,
        "submitted_ms": 4729.018917,
        "observed_completed_ms": 4731.7943749999995,
        "start_to_observed_completion_ms": 4.444249999999556,
        "submit_to_observed_completion_ms": 2.775457999999162,
        "continuous_iteration_ms": 1.6700420379638672,
        "frame_ms": 1.6700420379638672,
        "component_sum_ms": 1.6687490940093994,
        "tick_ms": 0.131291002035141,
        "dynamic_mesh_ms": 0.8185830116271973,
        "encode_ms": 0.7184579968452454,
        "admission_or_completion_ms": 0.00041700000292621553
      },
      {
        "index": 175,
        "started_ms": 4729.020167,
        "submitted_ms": 4730.742417,
        "observed_completed_ms": 4732.761417,
        "start_to_observed_completion_ms": 3.7412500000000364,
        "submit_to_observed_completion_ms": 2.0189999999993233,
        "continuous_iteration_ms": 1.7236249446868896,
        "frame_ms": 1.7236249446868896,
        "component_sum_ms": 1.7222919464111328,
        "tick_ms": 0.1294579952955246,
        "dynamic_mesh_ms": 0.8720830082893372,
        "encode_ms": 0.7202919721603394,
        "admission_or_completion_ms": 0.00045900000259280205
      },
      {
        "index": 176,
        "started_ms": 4730.743792,
        "submitted_ms": 4732.761959,
        "observed_completed_ms": 4734.66525,
        "start_to_observed_completion_ms": 3.9214579999998023,
        "submit_to_observed_completion_ms": 1.9032909999996264,
        "continuous_iteration_ms": 2.02066707611084,
        "frame_ms": 2.02066707611084,
        "component_sum_ms": 2.0181241035461426,
        "tick_ms": 0.12995800375938416,
        "dynamic_mesh_ms": 0.8925410509109497,
        "encode_ms": 0.9671249985694885,
        "admission_or_completion_ms": 0.02850000001490116
      },
      {
        "index": 177,
        "started_ms": 4732.764459,
        "submitted_ms": 4734.665584,
        "observed_completed_ms": 4736.487417,
        "start_to_observed_completion_ms": 3.7229580000002898,
        "submit_to_observed_completion_ms": 1.8218329999999696,
        "continuous_iteration_ms": 1.9030829668045044,
        "frame_ms": 1.9030829668045044,
        "component_sum_ms": 1.9011248350143433,
        "tick_ms": 0.1357080042362213,
        "dynamic_mesh_ms": 0.8768329620361328,
        "encode_ms": 0.8878340125083923,
        "admission_or_completion_ms": 0.000750000006519258
      },
      {
        "index": 178,
        "started_ms": 4734.667542,
        "submitted_ms": 4736.487667,
        "observed_completed_ms": 4739.668167,
        "start_to_observed_completion_ms": 5.000624999999673,
        "submit_to_observed_completion_ms": 3.1804999999994834,
        "continuous_iteration_ms": 1.821708083152771,
        "frame_ms": 1.821708083152771,
        "component_sum_ms": 1.820085048675537,
        "tick_ms": 0.13462500274181366,
        "dynamic_mesh_ms": 0.8735420107841492,
        "encode_ms": 0.8114169836044312,
        "admission_or_completion_ms": 0.000501000031363219
      },
      {
        "index": 179,
        "started_ms": 4736.48925,
        "submitted_ms": 4738.347124999999,
        "observed_completed_ms": 4740.222667,
        "start_to_observed_completion_ms": 3.7334170000003724,
        "submit_to_observed_completion_ms": 1.875542000000678,
        "continuous_iteration_ms": 1.8594999313354492,
        "frame_ms": 1.8594999313354492,
        "component_sum_ms": 1.857666015625,
        "tick_ms": 0.13324999809265137,
        "dynamic_mesh_ms": 0.8697080016136169,
        "encode_ms": 0.8530409932136536,
        "admission_or_completion_ms": 0.0016670000040903687
      },
      {
        "index": 180,
        "started_ms": 4738.34875,
        "submitted_ms": 4740.887709,
        "observed_completed_ms": 4744.232042000001,
        "start_to_observed_completion_ms": 5.883292000000438,
        "submit_to_observed_completion_ms": 3.3443330000009155,
        "continuous_iteration_ms": 2.545250177383423,
        "frame_ms": 2.545250177383423,
        "component_sum_ms": 2.392124891281128,
        "tick_ms": 0.14116699993610382,
        "dynamic_mesh_ms": 1.0057910680770874,
        "encode_ms": 1.2193748950958252,
        "admission_or_completion_ms": 0.02579200081527233
      },
      {
        "index": 181,
        "started_ms": 4740.894,
        "submitted_ms": 4743.065125,
        "observed_completed_ms": 4745.172667000001,
        "start_to_observed_completion_ms": 4.278667000000496,
        "submit_to_observed_completion_ms": 2.107542000000649,
        "continuous_iteration_ms": 2.1734588146209717,
        "frame_ms": 2.1734588146209717,
        "component_sum_ms": 2.17104172706604,
        "tick_ms": 0.13591699302196503,
        "dynamic_mesh_ms": 0.9817919731140137,
        "encode_ms": 1.0527080297470093,
        "admission_or_completion_ms": 0.0006249999860301614
      },
      {
        "index": 182,
        "started_ms": 4743.067459,
        "submitted_ms": 4745.173334,
        "observed_completed_ms": 4748.506292,
        "start_to_observed_completion_ms": 5.438833000000159,
        "submit_to_observed_completion_ms": 3.3329579999999623,
        "continuous_iteration_ms": 2.1075830459594727,
        "frame_ms": 2.1075830459594727,
        "component_sum_ms": 2.1052513122558594,
        "tick_ms": 0.13499999046325684,
        "dynamic_mesh_ms": 0.9863340258598328,
        "encode_ms": 0.9407090544700623,
        "admission_or_completion_ms": 0.04320800304412842
      },
      {
        "index": 183,
        "started_ms": 4745.175042,
        "submitted_ms": 4747.346667000001,
        "observed_completed_ms": 4749.491667,
        "start_to_observed_completion_ms": 4.316625000000386,
        "submit_to_observed_completion_ms": 2.144999999999527,
        "continuous_iteration_ms": 2.173375129699707,
        "frame_ms": 2.173375129699707,
        "component_sum_ms": 2.1714601516723633,
        "tick_ms": 0.13108399510383606,
        "dynamic_mesh_ms": 0.9470420479774475,
        "encode_ms": 1.0929170846939087,
        "admission_or_completion_ms": 0.000417000032030046
      },
      {
        "index": 184,
        "started_ms": 4747.348416999999,
        "submitted_ms": 4749.4925840000005,
        "observed_completed_ms": 4751.5567089999995,
        "start_to_observed_completion_ms": 4.208292000000256,
        "submit_to_observed_completion_ms": 2.064124999998967,
        "continuous_iteration_ms": 2.146250009536743,
        "frame_ms": 2.146250009536743,
        "component_sum_ms": 2.1439173221588135,
        "tick_ms": 0.13066700100898743,
        "dynamic_mesh_ms": 0.9924160838127136,
        "encode_ms": 0.9858340620994568,
        "admission_or_completion_ms": 0.03500000014901161
      },
      {
        "index": 185,
        "started_ms": 4749.494667000001,
        "submitted_ms": 4751.557417,
        "observed_completed_ms": 4753.558709,
        "start_to_observed_completion_ms": 4.064041999999063,
        "submit_to_observed_completion_ms": 2.0012919999999212,
        "continuous_iteration_ms": 2.064167022705078,
        "frame_ms": 2.064167022705078,
        "component_sum_ms": 2.062376022338867,
        "tick_ms": 0.13625000417232513,
        "dynamic_mesh_ms": 0.981374979019165,
        "encode_ms": 0.9442920088768005,
        "admission_or_completion_ms": 0.00045900000259280205
      },
      {
        "index": 186,
        "started_ms": 4751.5588339999995,
        "submitted_ms": 4753.559375,
        "observed_completed_ms": 4756.994917,
        "start_to_observed_completion_ms": 5.436083000000508,
        "submit_to_observed_completion_ms": 3.4355420000001686,
        "continuous_iteration_ms": 2.0021250247955322,
        "frame_ms": 2.0021250247955322,
        "component_sum_ms": 1.9999159574508667,
        "tick_ms": 0.1358330100774765,
        "dynamic_mesh_ms": 0.9512079954147339,
        "encode_ms": 0.9122080206871033,
        "admission_or_completion_ms": 0.0006670000148005784
      },
      {
        "index": 187,
        "started_ms": 4753.5609589999995,
        "submitted_ms": 4755.798334,
        "observed_completed_ms": 4757.983249999999,
        "start_to_observed_completion_ms": 4.422290999999859,
        "submit_to_observed_completion_ms": 2.184915999999248,
        "continuous_iteration_ms": 2.2392079830169678,
        "frame_ms": 2.2392079830169678,
        "component_sum_ms": 2.236959934234619,
        "tick_ms": 0.13566699624061584,
        "dynamic_mesh_ms": 0.973708987236023,
        "encode_ms": 1.1271250247955322,
        "admission_or_completion_ms": 0.00045900000259280205
      },
      {
        "index": 188,
        "started_ms": 4755.800167,
        "submitted_ms": 4757.984375,
        "observed_completed_ms": 4760.059792,
        "start_to_observed_completion_ms": 4.259624999999687,
        "submit_to_observed_completion_ms": 2.075417000000016,
        "continuous_iteration_ms": 2.186999797821045,
        "frame_ms": 2.186999797821045,
        "component_sum_ms": 2.1843760013580322,
        "tick_ms": 0.13329198956489563,
        "dynamic_mesh_ms": 1.0268750190734863,
        "encode_ms": 0.9890409708023071,
        "admission_or_completion_ms": 0.03516799956560135
      },
      {
        "index": 189,
        "started_ms": 4757.987166999999,
        "submitted_ms": 4760.060584,
        "observed_completed_ms": 4762.049916999999,
        "start_to_observed_completion_ms": 4.062750000000051,
        "submit_to_observed_completion_ms": 1.989332999999533,
        "continuous_iteration_ms": 2.0750420093536377,
        "frame_ms": 2.0750420093536377,
        "component_sum_ms": 2.0731661319732666,
        "tick_ms": 0.13670799136161804,
        "dynamic_mesh_ms": 0.9855000376701355,
        "encode_ms": 0.9504590034484863,
        "admission_or_completion_ms": 0.0004990000161342323
      },
      {
        "index": 190,
        "started_ms": 4760.062209,
        "submitted_ms": 4762.050334,
        "observed_completed_ms": 4765.535167,
        "start_to_observed_completion_ms": 5.47295800000029,
        "submit_to_observed_completion_ms": 3.4848330000004353,
        "continuous_iteration_ms": 1.9899159669876099,
        "frame_ms": 1.9899159669876099,
        "component_sum_ms": 1.9880000352859497,
        "tick_ms": 0.1386670023202896,
        "dynamic_mesh_ms": 0.9612500071525574,
        "encode_ms": 0.8874170184135437,
        "admission_or_completion_ms": 0.000666000007186085
      },
      {
        "index": 191,
        "started_ms": 4762.052125,
        "submitted_ms": 4764.28125,
        "observed_completed_ms": 4766.564125000001,
        "start_to_observed_completion_ms": 4.512000000000626,
        "submit_to_observed_completion_ms": 2.282875000000786,
        "continuous_iteration_ms": 2.2309999465942383,
        "frame_ms": 2.2309999465942383,
        "component_sum_ms": 2.2287919521331787,
        "tick_ms": 0.1334580034017563,
        "dynamic_mesh_ms": 0.9930840730667114,
        "encode_ms": 1.1017910242080688,
        "admission_or_completion_ms": 0.00045900000259280205
      },
      {
        "index": 192,
        "started_ms": 4764.283125000001,
        "submitted_ms": 4766.565042,
        "observed_completed_ms": 4768.6393339999995,
        "start_to_observed_completion_ms": 4.356208999998671,
        "submit_to_observed_completion_ms": 2.074291999999332,
        "continuous_iteration_ms": 2.284374952316284,
        "frame_ms": 2.284374952316284,
        "component_sum_ms": 2.281583070755005,
        "tick_ms": 0.13574999570846558,
        "dynamic_mesh_ms": 1.0749170780181885,
        "encode_ms": 1.0291669368743896,
        "admission_or_completion_ms": 0.041749000549316406
      },
      {
        "index": 193,
        "started_ms": 4766.5675,
        "submitted_ms": 4768.640334,
        "observed_completed_ms": 4770.639375,
        "start_to_observed_completion_ms": 4.071874999999636,
        "submit_to_observed_completion_ms": 1.9990410000000338,
        "continuous_iteration_ms": 2.07450008392334,
        "frame_ms": 2.07450008392334,
        "component_sum_ms": 2.0721662044525146,
        "tick_ms": 0.139833003282547,
        "dynamic_mesh_ms": 0.9990410208702087,
        "encode_ms": 0.9330000281333923,
        "admission_or_completion_ms": 0.00029200001154094934
      },
      {
        "index": 194,
        "started_ms": 4768.642,
        "submitted_ms": 4770.640084,
        "observed_completed_ms": 4774.005625,
        "start_to_observed_completion_ms": 5.363624999999956,
        "submit_to_observed_completion_ms": 3.365541000000121,
        "continuous_iteration_ms": 1.9996249675750732,
        "frame_ms": 1.9996249675750732,
        "component_sum_ms": 1.997623085975647,
        "tick_ms": 0.15904100239276886,
        "dynamic_mesh_ms": 0.9689580202102661,
        "encode_ms": 0.8691250085830688,
        "admission_or_completion_ms": 0.0004990000161342323
      },
      {
        "index": 195,
        "started_ms": 4770.641624999999,
        "submitted_ms": 4772.775084,
        "observed_completed_ms": 4775.067459,
        "start_to_observed_completion_ms": 4.425834000000577,
        "submit_to_observed_completion_ms": 2.2923749999999927,
        "continuous_iteration_ms": 2.1359171867370605,
        "frame_ms": 2.1359171867370605,
        "component_sum_ms": 2.133582830429077,
        "tick_ms": 0.13699999451637268,
        "dynamic_mesh_ms": 0.9776250123977661,
        "encode_ms": 1.018333911895752,
        "admission_or_completion_ms": 0.000623999978415668
      },
      {
        "index": 196,
        "started_ms": 4772.777542,
        "submitted_ms": 4775.068625,
        "observed_completed_ms": 4777.133084,
        "start_to_observed_completion_ms": 4.355542000000241,
        "submit_to_observed_completion_ms": 2.06445900000017,
        "continuous_iteration_ms": 2.294416904449463,
        "frame_ms": 2.294416904449463,
        "component_sum_ms": 2.2900431156158447,
        "tick_ms": 0.13341699540615082,
        "dynamic_mesh_ms": 1.046083927154541,
        "encode_ms": 1.0623750686645508,
        "admission_or_completion_ms": 0.048166997730731964
      },
      {
        "index": 197,
        "started_ms": 4775.071959,
        "submitted_ms": 4777.133667,
        "observed_completed_ms": 4779.16025,
        "start_to_observed_completion_ms": 4.0882910000000265,
        "submit_to_observed_completion_ms": 2.026582999999846,
        "continuous_iteration_ms": 2.0635828971862793,
        "frame_ms": 2.0635828971862793,
        "component_sum_ms": 2.0615007877349854,
        "tick_ms": 0.13804200291633606,
        "dynamic_mesh_ms": 0.9929579496383667,
        "encode_ms": 0.930042028427124,
        "admission_or_completion_ms": 0.00045900000259280205
      },
      {
        "index": 198,
        "started_ms": 4777.135542,
        "submitted_ms": 4779.160834,
        "observed_completed_ms": 4782.388417,
        "start_to_observed_completion_ms": 5.252875000000131,
        "submit_to_observed_completion_ms": 3.2275829999998678,
        "continuous_iteration_ms": 2.027082920074463,
        "frame_ms": 2.027082920074463,
        "component_sum_ms": 2.0249581336975098,
        "tick_ms": 0.13349999487400055,
        "dynamic_mesh_ms": 0.9635420441627502,
        "encode_ms": 0.927541971206665,
        "admission_or_completion_ms": 0.00037399999564513564
      },
      {
        "index": 199,
        "started_ms": 4779.162625,
        "submitted_ms": 4781.176334,
        "observed_completed_ms": 4783.374375,
        "start_to_observed_completion_ms": 4.211750000000393,
        "submit_to_observed_completion_ms": 2.1980410000005577,
        "continuous_iteration_ms": 2.015625,
        "frame_ms": 2.015625,
        "component_sum_ms": 2.013291120529175,
        "tick_ms": 0.1414160132408142,
        "dynamic_mesh_ms": 0.984250009059906,
        "encode_ms": 0.8871669769287109,
        "admission_or_completion_ms": 0.0004579999949783087
      },
      {
        "index": 200,
        "started_ms": 4781.17825,
        "submitted_ms": 4783.375084,
        "observed_completed_ms": 4785.372292,
        "start_to_observed_completion_ms": 4.194042000000081,
        "submit_to_observed_completion_ms": 1.9972079999997732,
        "continuous_iteration_ms": 2.198709011077881,
        "frame_ms": 2.198709011077881,
        "component_sum_ms": 2.1965420246124268,
        "tick_ms": 0.13691700994968414,
        "dynamic_mesh_ms": 1.0332920551300049,
        "encode_ms": 0.9857920408248901,
        "admission_or_completion_ms": 0.04054099693894386
      },
      {
        "index": 201,
        "started_ms": 4783.376959,
        "submitted_ms": 4785.372834000001,
        "observed_completed_ms": 4787.358209,
        "start_to_observed_completion_ms": 3.981249999999818,
        "submit_to_observed_completion_ms": 1.9853749999992942,
        "continuous_iteration_ms": 1.9971660375595093,
        "frame_ms": 1.9971660375595093,
        "component_sum_ms": 1.9954580068588257,
        "tick_ms": 0.1347080022096634,
        "dynamic_mesh_ms": 0.9513329863548279,
        "encode_ms": 0.9090420007705688,
        "admission_or_completion_ms": 0.000375000003259629
      },
      {
        "index": 202,
        "started_ms": 4785.374124999999,
        "submitted_ms": 4787.358542,
        "observed_completed_ms": 4790.571584,
        "start_to_observed_completion_ms": 5.19745900000089,
        "submit_to_observed_completion_ms": 3.213042000000314,
        "continuous_iteration_ms": 1.986083984375,
        "frame_ms": 1.986083984375,
        "component_sum_ms": 1.9844160079956055,
        "tick_ms": 0.1354999989271164,
        "dynamic_mesh_ms": 0.9511249661445618,
        "encode_ms": 0.8971250057220459,
        "admission_or_completion_ms": 0.000666000007186085
      },
      {
        "index": 203,
        "started_ms": 4787.360209,
        "submitted_ms": 4789.366709,
        "observed_completed_ms": 4791.740584,
        "start_to_observed_completion_ms": 4.380374999999731,
        "submit_to_observed_completion_ms": 2.3738750000002256,
        "continuous_iteration_ms": 2.0082080364227295,
        "frame_ms": 2.0082080364227295,
        "component_sum_ms": 2.006500005722046,
        "tick_ms": 0.13591699302196503,
        "dynamic_mesh_ms": 0.9699999690055847,
        "encode_ms": 0.9000419974327087,
        "admission_or_completion_ms": 0.0005410000449046493
      },
      {
        "index": 204,
        "started_ms": 4789.368417000001,
        "submitted_ms": 4791.741209,
        "observed_completed_ms": 4793.7825,
        "start_to_observed_completion_ms": 4.414082999999664,
        "submit_to_observed_completion_ms": 2.041291000000456,
        "continuous_iteration_ms": 2.3749170303344727,
        "frame_ms": 2.3749170303344727,
        "component_sum_ms": 2.3723740577697754,
        "tick_ms": 0.13124999403953552,
        "dynamic_mesh_ms": 1.0323330163955688,
        "encode_ms": 1.1691670417785645,
        "admission_or_completion_ms": 0.03962399810552597
      },
      {
        "index": 205,
        "started_ms": 4791.743334,
        "submitted_ms": 4793.7832499999995,
        "observed_completed_ms": 4795.766209,
        "start_to_observed_completion_ms": 4.0228750000005675,
        "submit_to_observed_completion_ms": 1.9829590000008466,
        "continuous_iteration_ms": 2.041666030883789,
        "frame_ms": 2.041666030883789,
        "component_sum_ms": 2.03974986076355,
        "tick_ms": 0.140749990940094,
        "dynamic_mesh_ms": 0.9690420031547546,
        "encode_ms": 0.9294580221176147,
        "admission_or_completion_ms": 0.0005000000237487257
      },
      {
        "index": 206,
        "started_ms": 4793.785,
        "submitted_ms": 4795.766542,
        "observed_completed_ms": 4798.907792,
        "start_to_observed_completion_ms": 5.122792000000118,
        "submit_to_observed_completion_ms": 3.1412499999996726,
        "continuous_iteration_ms": 1.9831249713897705,
        "frame_ms": 1.9831249713897705,
        "component_sum_ms": 1.9812500476837158,
        "tick_ms": 0.13429200649261475,
        "dynamic_mesh_ms": 0.9623750448226929,
        "encode_ms": 0.8842080235481262,
        "admission_or_completion_ms": 0.000375000003259629
      },
      {
        "index": 207,
        "started_ms": 4795.7681250000005,
        "submitted_ms": 4797.733542,
        "observed_completed_ms": 4801.009209,
        "start_to_observed_completion_ms": 5.241083999999319,
        "submit_to_observed_completion_ms": 3.275666999999885,
        "continuous_iteration_ms": 1.9670839309692383,
        "frame_ms": 1.9670839309692383,
        "component_sum_ms": 1.9652080535888672,
        "tick_ms": 0.1367499977350235,
        "dynamic_mesh_ms": 0.9601250290870667,
        "encode_ms": 0.8678749799728394,
        "admission_or_completion_ms": 0.0004579999949783087
      },
      {
        "index": 208,
        "started_ms": 4797.7352089999995,
        "submitted_ms": 4799.879917,
        "observed_completed_ms": 4801.900417,
        "start_to_observed_completion_ms": 4.165208000000348,
        "submit_to_observed_completion_ms": 2.020499999999629,
        "continuous_iteration_ms": 2.147125005722046,
        "frame_ms": 2.147125005722046,
        "component_sum_ms": 2.144416093826294,
        "tick_ms": 0.12891599535942078,
        "dynamic_mesh_ms": 1.0077919960021973,
        "encode_ms": 0.9717079997062683,
        "admission_or_completion_ms": 0.036000002175569534
      },
      {
        "index": 209,
        "started_ms": 4799.882334,
        "submitted_ms": 4801.901,
        "observed_completed_ms": 4803.856334,
        "start_to_observed_completion_ms": 3.97400000000016,
        "submit_to_observed_completion_ms": 1.9553340000002208,
        "continuous_iteration_ms": 2.020250082015991,
        "frame_ms": 2.020250082015991,
        "component_sum_ms": 2.018125057220459,
        "tick_ms": 0.13608399033546448,
        "dynamic_mesh_ms": 0.9582500457763672,
        "encode_ms": 0.8915829658508301,
        "admission_or_completion_ms": 0.032207999378442764
      },
      {
        "index": 210,
        "started_ms": 4801.902584,
        "submitted_ms": 4803.85675,
        "observed_completed_ms": 4806.987792,
        "start_to_observed_completion_ms": 5.085207999999511,
        "submit_to_observed_completion_ms": 3.1310419999999795,
        "continuous_iteration_ms": 1.9555829763412476,
        "frame_ms": 1.9555829763412476,
        "component_sum_ms": 1.9539580345153809,
        "tick_ms": 0.13512499630451202,
        "dynamic_mesh_ms": 0.9457080364227295,
        "encode_ms": 0.8726660013198853,
        "admission_or_completion_ms": 0.00045900000259280205
      },
      {
        "index": 211,
        "started_ms": 4803.858166999999,
        "submitted_ms": 4805.868958999999,
        "observed_completed_ms": 4808.143125,
        "start_to_observed_completion_ms": 4.284958000000188,
        "submit_to_observed_completion_ms": 2.2741660000001502,
        "continuous_iteration_ms": 2.012666940689087,
        "frame_ms": 2.012666940689087,
        "component_sum_ms": 2.0107080936431885,
        "tick_ms": 0.13349999487400055,
        "dynamic_mesh_ms": 0.994208037853241,
        "encode_ms": 0.8824589848518372,
        "admission_or_completion_ms": 0.0005410000449046493
      },
      {
        "index": 212,
        "started_ms": 4805.870834,
        "submitted_ms": 4808.143875,
        "observed_completed_ms": 4810.212625,
        "start_to_observed_completion_ms": 4.34179099999983,
        "submit_to_observed_completion_ms": 2.068750000000364,
        "continuous_iteration_ms": 2.2757909297943115,
        "frame_ms": 2.2757909297943115,
        "component_sum_ms": 2.272831916809082,
        "tick_ms": 0.1279579997062683,
        "dynamic_mesh_ms": 0.9559579491615295,
        "encode_ms": 1.1558330059051514,
        "admission_or_completion_ms": 0.0330829992890358
      },
      {
        "index": 213,
        "started_ms": 4808.146625,
        "submitted_ms": 4810.213292,
        "observed_completed_ms": 4812.181417,
        "start_to_observed_completion_ms": 4.03479199999947,
        "submit_to_observed_completion_ms": 1.968124999999418,
        "continuous_iteration_ms": 2.068833827972412,
        "frame_ms": 2.068833827972412,
        "component_sum_ms": 2.066291093826294,
        "tick_ms": 0.13545800745487213,
        "dynamic_mesh_ms": 0.9887500405311584,
        "encode_ms": 0.9415419697761536,
        "admission_or_completion_ms": 0.0005409999866969883
      },
      {
        "index": 214,
        "started_ms": 4810.215459,
        "submitted_ms": 4812.18175,
        "observed_completed_ms": 4815.298459,
        "start_to_observed_completion_ms": 5.082999999999629,
        "submit_to_observed_completion_ms": 3.1167089999999007,
        "continuous_iteration_ms": 1.967790961265564,
        "frame_ms": 1.967790961265564,
        "component_sum_ms": 1.9659168720245361,
        "tick_ms": 0.13887499272823334,
        "dynamic_mesh_ms": 0.9493749737739563,
        "encode_ms": 0.8772079944610596,
        "admission_or_completion_ms": 0.00045900000259280205
      },
      {
        "index": 215,
        "started_ms": 4812.18325,
        "submitted_ms": 4814.160583999999,
        "observed_completed_ms": 4816.474999999999,
        "start_to_observed_completion_ms": 4.291749999999411,
        "submit_to_observed_completion_ms": 2.314416000000165,
        "continuous_iteration_ms": 1.9790420532226562,
        "frame_ms": 1.9790420532226562,
        "component_sum_ms": 1.9772489070892334,
        "tick_ms": 0.13308300077915192,
        "dynamic_mesh_ms": 0.9594579935073853,
        "encode_ms": 0.8842089772224426,
        "admission_or_completion_ms": 0.0004990000161342323
      },
      {
        "index": 216,
        "started_ms": 4814.162292,
        "submitted_ms": 4816.476584,
        "observed_completed_ms": 4818.751959,
        "start_to_observed_completion_ms": 4.5896670000001905,
        "submit_to_observed_completion_ms": 2.2753750000001673,
        "continuous_iteration_ms": 2.319000005722046,
        "frame_ms": 2.319000005722046,
        "component_sum_ms": 2.3140411376953125,
        "tick_ms": 0.12675000727176666,
        "dynamic_mesh_ms": 0.9729160070419312,
        "encode_ms": 1.1776670217514038,
        "admission_or_completion_ms": 0.03670799732208252
      },
      {
        "index": 217,
        "started_ms": 4816.4812919999995,
        "submitted_ms": 4818.752959,
        "observed_completed_ms": 4820.796334,
        "start_to_observed_completion_ms": 4.315042000000176,
        "submit_to_observed_completion_ms": 2.043374999999287,
        "continuous_iteration_ms": 2.274458169937134,
        "frame_ms": 2.274458169937134,
        "component_sum_ms": 2.270664930343628,
        "tick_ms": 0.15804100036621094,
        "dynamic_mesh_ms": 1.0209579467773438,
        "encode_ms": 1.090499997138977,
        "admission_or_completion_ms": 0.0011660000309348106
      },
      {
        "index": 218,
        "started_ms": 4818.75575,
        "submitted_ms": 4820.796959,
        "observed_completed_ms": 4822.808209,
        "start_to_observed_completion_ms": 4.052458999999544,
        "submit_to_observed_completion_ms": 2.0112499999995634,
        "continuous_iteration_ms": 2.0432090759277344,
        "frame_ms": 2.0432090759277344,
        "component_sum_ms": 2.040956974029541,
        "tick_ms": 0.13604100048542023,
        "dynamic_mesh_ms": 0.9697499871253967,
        "encode_ms": 0.9345000386238098,
        "admission_or_completion_ms": 0.000666000007186085
      },
      {
        "index": 219,
        "started_ms": 4820.798959000001,
        "submitted_ms": 4822.8088339999995,
        "observed_completed_ms": 4825.141042,
        "start_to_observed_completion_ms": 4.342082999999548,
        "submit_to_observed_completion_ms": 2.332208000000719,
        "continuous_iteration_ms": 2.011582851409912,
        "frame_ms": 2.011582851409912,
        "component_sum_ms": 2.0095431804656982,
        "tick_ms": 0.1372089982032776,
        "dynamic_mesh_ms": 0.9568749666213989,
        "encode_ms": 0.9150840044021606,
        "admission_or_completion_ms": 0.000375000003259629
      },
      {
        "index": 220,
        "started_ms": 4822.810542,
        "submitted_ms": 4825.142209,
        "observed_completed_ms": 4827.34475,
        "start_to_observed_completion_ms": 4.534208000000035,
        "submit_to_observed_completion_ms": 2.202541000000565,
        "continuous_iteration_ms": 2.335791826248169,
        "frame_ms": 2.335791826248169,
        "component_sum_ms": 2.331541061401367,
        "tick_ms": 0.13533300161361694,
        "dynamic_mesh_ms": 1.0199999809265137,
        "encode_ms": 1.1749999523162842,
        "admission_or_completion_ms": 0.0012080000014975667
      },
      {
        "index": 221,
        "started_ms": 4825.146334,
        "submitted_ms": 4827.346042,
        "observed_completed_ms": 4829.4256669999995,
        "start_to_observed_completion_ms": 4.279332999999497,
        "submit_to_observed_completion_ms": 2.079624999999396,
        "continuous_iteration_ms": 2.2032501697540283,
        "frame_ms": 2.2032501697540283,
        "component_sum_ms": 2.1989998817443848,
        "tick_ms": 0.1345829963684082,
        "dynamic_mesh_ms": 1.016332983970642,
        "encode_ms": 1.0472079515457153,
        "admission_or_completion_ms": 0.000876000034622848
      },
      {
        "index": 222,
        "started_ms": 4827.3495840000005,
        "submitted_ms": 4829.426334,
        "observed_completed_ms": 4832.72025,
        "start_to_observed_completion_ms": 5.370665999999801,
        "submit_to_observed_completion_ms": 3.293916000000536,
        "continuous_iteration_ms": 2.078458070755005,
        "frame_ms": 2.078458070755005,
        "component_sum_ms": 2.0764589309692383,
        "tick_ms": 0.14008300006389618,
        "dynamic_mesh_ms": 0.9839170575141907,
        "encode_ms": 0.9519999623298645,
        "admission_or_completion_ms": 0.00045900000259280205
      },
      {
        "index": 223,
        "started_ms": 4829.428042,
        "submitted_ms": 4831.456959,
        "observed_completed_ms": 4833.798709,
        "start_to_observed_completion_ms": 4.3706670000001395,
        "submit_to_observed_completion_ms": 2.3417499999995925,
        "continuous_iteration_ms": 2.030750036239624,
        "frame_ms": 2.030750036239624,
        "component_sum_ms": 2.028710126876831,
        "tick_ms": 0.1366250067949295,
        "dynamic_mesh_ms": 0.9637919664382935,
        "encode_ms": 0.9278340339660645,
        "admission_or_completion_ms": 0.00045900000259280205
      },
      {
        "index": 224,
        "started_ms": 4831.458792,
        "submitted_ms": 4833.799709,
        "observed_completed_ms": 4835.8289589999995,
        "start_to_observed_completion_ms": 4.370166999999128,
        "submit_to_observed_completion_ms": 2.0292499999995925,
        "continuous_iteration_ms": 2.3451671600341797,
        "frame_ms": 2.3451671600341797,
        "component_sum_ms": 2.340541124343872,
        "tick_ms": 0.13808301091194153,
        "dynamic_mesh_ms": 1.0827500820159912,
        "encode_ms": 1.0789999961853027,
        "admission_or_completion_ms": 0.04070799797773361
      },
      {
        "index": 225,
        "started_ms": 4833.803959,
        "submitted_ms": 4835.829667000001,
        "observed_completed_ms": 4837.831875,
        "start_to_observed_completion_ms": 4.027916000000005,
        "submit_to_observed_completion_ms": 2.002207999998973,
        "continuous_iteration_ms": 2.027750015258789,
        "frame_ms": 2.027750015258789,
        "component_sum_ms": 2.0252089500427246,
        "tick_ms": 0.13950000703334808,
        "dynamic_mesh_ms": 0.9859589338302612,
        "encode_ms": 0.8992499709129333,
        "admission_or_completion_ms": 0.0004999999655410647
      },
      {
        "index": 226,
        "started_ms": 4835.831709,
        "submitted_ms": 4837.8325,
        "observed_completed_ms": 4841.032542,
        "start_to_observed_completion_ms": 5.200832999999875,
        "submit_to_observed_completion_ms": 3.2000419999994847,
        "continuous_iteration_ms": 2.002333164215088,
        "frame_ms": 2.002333164215088,
        "component_sum_ms": 2.000417947769165,
        "tick_ms": 0.1395839899778366,
        "dynamic_mesh_ms": 0.9520419836044312,
        "encode_ms": 0.9083750247955322,
        "admission_or_completion_ms": 0.00041700000292621553
      },
      {
        "index": 227,
        "started_ms": 4837.8340419999995,
        "submitted_ms": 4839.867875000001,
        "observed_completed_ms": 4842.2755,
        "start_to_observed_completion_ms": 4.441458000000239,
        "submit_to_observed_completion_ms": 2.407624999998916,
        "continuous_iteration_ms": 2.0358328819274902,
        "frame_ms": 2.0358328819274902,
        "component_sum_ms": 2.0336670875549316,
        "tick_ms": 0.1423330008983612,
        "dynamic_mesh_ms": 0.9603750109672546,
        "encode_ms": 0.9302499890327454,
        "admission_or_completion_ms": 0.0007090000435709953
      },
      {
        "index": 228,
        "started_ms": 4839.869874999999,
        "submitted_ms": 4842.276584,
        "observed_completed_ms": 4844.379084,
        "start_to_observed_completion_ms": 4.509209000000737,
        "submit_to_observed_completion_ms": 2.1024999999999636,
        "continuous_iteration_ms": 2.410583972930908,
        "frame_ms": 2.410583972930908,
        "component_sum_ms": 2.4062089920043945,
        "tick_ms": 0.12587499618530273,
        "dynamic_mesh_ms": 0.9902920722961426,
        "encode_ms": 1.2431249618530273,
        "admission_or_completion_ms": 0.04691699892282486
      },
      {
        "index": 229,
        "started_ms": 4842.2804590000005,
        "submitted_ms": 4844.37975,
        "observed_completed_ms": 4846.424334,
        "start_to_observed_completion_ms": 4.143874999999753,
        "submit_to_observed_completion_ms": 2.0445840000002136,
        "continuous_iteration_ms": 2.10166597366333,
        "frame_ms": 2.10166597366333,
        "component_sum_ms": 2.0985820293426514,
        "tick_ms": 0.14683300256729126,
        "dynamic_mesh_ms": 1.0050410032272339,
        "encode_ms": 0.9461659789085388,
        "admission_or_completion_ms": 0.0005419999943114817
      },
      {
        "index": 230,
        "started_ms": 4844.382125,
        "submitted_ms": 4846.425208999999,
        "observed_completed_ms": 4848.472084,
        "start_to_observed_completion_ms": 4.089958999999908,
        "submit_to_observed_completion_ms": 2.0468750000009095,
        "continuous_iteration_ms": 2.0450000762939453,
        "frame_ms": 2.0450000762939453,
        "component_sum_ms": 2.0422489643096924,
        "tick_ms": 0.1435829997062683,
        "dynamic_mesh_ms": 0.9865829348564148,
        "encode_ms": 0.9115419983863831,
        "admission_or_completion_ms": 0.0005409999866969883
      },
      {
        "index": 231,
        "started_ms": 4846.427125,
        "submitted_ms": 4848.47275,
        "observed_completed_ms": 4850.6650420000005,
        "start_to_observed_completion_ms": 4.23791700000038,
        "submit_to_observed_completion_ms": 2.1922920000006343,
        "continuous_iteration_ms": 2.0482499599456787,
        "frame_ms": 2.0482499599456787,
        "component_sum_ms": 2.0453739166259766,
        "tick_ms": 0.13216599822044373,
        "dynamic_mesh_ms": 0.9721249938011169,
        "encode_ms": 0.9405829906463623,
        "admission_or_completion_ms": 0.0005000000237487257
      },
      {
        "index": 232,
        "started_ms": 4848.475375,
        "submitted_ms": 4850.665834,
        "observed_completed_ms": 4852.739584,
        "start_to_observed_completion_ms": 4.264208999999937,
        "submit_to_observed_completion_ms": 2.0737499999995634,
        "continuous_iteration_ms": 2.19350004196167,
        "frame_ms": 2.19350004196167,
        "component_sum_ms": 2.1902079582214355,
        "tick_ms": 0.12845800817012787,
        "dynamic_mesh_ms": 0.9820000529289246,
        "encode_ms": 1.0782920122146606,
        "admission_or_completion_ms": 0.00145800004247576
      },
      {
        "index": 233,
        "started_ms": 4850.668875,
        "submitted_ms": 4852.7402090000005,
        "observed_completed_ms": 4854.731834,
        "start_to_observed_completion_ms": 4.062958999999864,
        "submit_to_observed_completion_ms": 1.991624999999658,
        "continuous_iteration_ms": 2.0740840435028076,
        "frame_ms": 2.0740840435028076,
        "component_sum_ms": 2.0703749656677246,
        "tick_ms": 0.1402920037508011,
        "dynamic_mesh_ms": 0.9820000529289246,
        "encode_ms": 0.9475839734077454,
        "admission_or_completion_ms": 0.0004990000161342323
      },
      {
        "index": 234,
        "started_ms": 4852.742959,
        "submitted_ms": 4854.732292,
        "observed_completed_ms": 4858.012624999999,
        "start_to_observed_completion_ms": 5.2696659999992335,
        "submit_to_observed_completion_ms": 3.2803329999997004,
        "continuous_iteration_ms": 1.9910409450531006,
        "frame_ms": 1.9910409450531006,
        "component_sum_ms": 1.988832950592041,
        "tick_ms": 0.1456659883260727,
        "dynamic_mesh_ms": 0.9511670470237732,
        "encode_ms": 0.8915829658508301,
        "admission_or_completion_ms": 0.00041700000292621553
      },
      {
        "index": 235,
        "started_ms": 4854.7339999999995,
        "submitted_ms": 4856.8382090000005,
        "observed_completed_ms": 4859.067084,
        "start_to_observed_completion_ms": 4.333084000000781,
        "submit_to_observed_completion_ms": 2.228874999999789,
        "continuous_iteration_ms": 2.1067919731140137,
        "frame_ms": 2.1067919731140137,
        "component_sum_ms": 2.1039159297943115,
        "tick_ms": 0.13383300602436066,
        "dynamic_mesh_ms": 0.9792919754981995,
        "encode_ms": 0.9902500510215759,
        "admission_or_completion_ms": 0.0005410000449046493
      },
      {
        "index": 236,
        "started_ms": 4856.840792,
        "submitted_ms": 4859.068042,
        "observed_completed_ms": 4861.117125,
        "start_to_observed_completion_ms": 4.276332999999795,
        "submit_to_observed_completion_ms": 2.0490829999998823,
        "continuous_iteration_ms": 2.2302918434143066,
        "frame_ms": 2.2302918434143066,
        "component_sum_ms": 2.2266252040863037,
        "tick_ms": 0.14845800399780273,
        "dynamic_mesh_ms": 0.9780840277671814,
        "encode_ms": 1.054582953453064,
        "admission_or_completion_ms": 0.045499999076128006
      },
      {
        "index": 237,
        "started_ms": 4859.071084,
        "submitted_ms": 4861.117958999999,
        "observed_completed_ms": 4863.1104589999995,
        "start_to_observed_completion_ms": 4.0393749999993815,
        "submit_to_observed_completion_ms": 1.992500000000291,
        "continuous_iteration_ms": 2.0492501258850098,
        "frame_ms": 2.0492501258850098,
        "component_sum_ms": 2.04591703414917,
        "tick_ms": 0.1433749943971634,
        "dynamic_mesh_ms": 0.9482499957084656,
        "encode_ms": 0.9536250233650208,
        "admission_or_completion_ms": 0.0006670000148005784
      },
      {
        "index": 238,
        "started_ms": 4861.120334,
        "submitted_ms": 4863.110959000001,
        "observed_completed_ms": 4866.402499999999,
        "start_to_observed_completion_ms": 5.282165999999052,
        "submit_to_observed_completion_ms": 3.2915409999986878,
        "continuous_iteration_ms": 1.9927499294281006,
        "frame_ms": 1.9927499294281006,
        "component_sum_ms": 1.990333080291748,
        "tick_ms": 0.14516600966453552,
        "dynamic_mesh_ms": 0.9500830173492432,
        "encode_ms": 0.8945840001106262,
        "admission_or_completion_ms": 0.0005000000237487257
      },
      {
        "index": 239,
        "started_ms": 4863.1130840000005,
        "submitted_ms": 4865.2175,
        "observed_completed_ms": 4867.492917,
        "start_to_observed_completion_ms": 4.379832999999053,
        "submit_to_observed_completion_ms": 2.275416999999834,
        "continuous_iteration_ms": 2.107874870300293,
        "frame_ms": 2.107874870300293,
        "component_sum_ms": 2.104123830795288,
        "tick_ms": 0.140625,
        "dynamic_mesh_ms": 0.9835830330848694,
        "encode_ms": 0.9793329238891602,
        "admission_or_completion_ms": 0.0005830000154674053
      },
      {
        "index": 240,
        "started_ms": 4865.220959,
        "submitted_ms": 4867.494084000001,
        "observed_completed_ms": 4869.52825,
        "start_to_observed_completion_ms": 4.3072910000000775,
        "submit_to_observed_completion_ms": 2.034165999999459,
        "continuous_iteration_ms": 2.2798750400543213,
        "frame_ms": 2.2798750400543213,
        "component_sum_ms": 2.2722082138061523,
        "tick_ms": 0.15625,
        "dynamic_mesh_ms": 0.9742500185966492,
        "encode_ms": 1.0910000801086426,
        "admission_or_completion_ms": 0.05070799961686134
      },
      {
        "index": 241,
        "started_ms": 4867.500834,
        "submitted_ms": 4869.528875,
        "observed_completed_ms": 4872.705833999999,
        "start_to_observed_completion_ms": 5.204999999999018,
        "submit_to_observed_completion_ms": 3.1769589999994423,
        "continuous_iteration_ms": 2.0297911167144775,
        "frame_ms": 2.0297911167144775,
        "component_sum_ms": 2.0277090072631836,
        "tick_ms": 0.14741699397563934,
        "dynamic_mesh_ms": 0.9486249685287476,
        "encode_ms": 0.9309999942779541,
        "admission_or_completion_ms": 0.0006670000148005784
      },
      {
        "index": 242,
        "started_ms": 4869.530625,
        "submitted_ms": 4871.550042,
        "observed_completed_ms": 4874.85675,
        "start_to_observed_completion_ms": 5.3261249999995925,
        "submit_to_observed_completion_ms": 3.3067080000000715,
        "continuous_iteration_ms": 2.021291971206665,
        "frame_ms": 2.021291971206665,
        "component_sum_ms": 2.0192909240722656,
        "tick_ms": 0.13741600513458252,
        "dynamic_mesh_ms": 0.9594170451164246,
        "encode_ms": 0.921875,
        "admission_or_completion_ms": 0.0005830000154674053
      },
      {
        "index": 243,
        "started_ms": 4871.551917,
        "submitted_ms": 4873.728459,
        "observed_completed_ms": 4876.950084,
        "start_to_observed_completion_ms": 5.398167000000285,
        "submit_to_observed_completion_ms": 3.221625000000131,
        "continuous_iteration_ms": 2.1791670322418213,
        "frame_ms": 2.1791670322418213,
        "component_sum_ms": 2.1765410900115967,
        "tick_ms": 0.1357080042362213,
        "dynamic_mesh_ms": 0.9806660413742065,
        "encode_ms": 1.0223339796066284,
        "admission_or_completion_ms": 0.03783299773931503
      },
      {
        "index": 244,
        "started_ms": 4873.731084,
        "submitted_ms": 4875.849292,
        "observed_completed_ms": 4877.897667,
        "start_to_observed_completion_ms": 4.166583000000173,
        "submit_to_observed_completion_ms": 2.0483750000003056,
        "continuous_iteration_ms": 2.120832920074463,
        "frame_ms": 2.120832920074463,
        "component_sum_ms": 2.1178319454193115,
        "tick_ms": 0.12612499296665192,
        "dynamic_mesh_ms": 0.9551659822463989,
        "encode_ms": 0.9918330311775208,
        "admission_or_completion_ms": 0.044708002358675
      },
      {
        "index": 245,
        "started_ms": 4875.851917,
        "submitted_ms": 4877.898542,
        "observed_completed_ms": 4881.102417,
        "start_to_observed_completion_ms": 5.250500000000102,
        "submit_to_observed_completion_ms": 3.203875000000153,
        "continuous_iteration_ms": 2.0491249561309814,
        "frame_ms": 2.0491249561309814,
        "component_sum_ms": 2.045833110809326,
        "tick_ms": 0.12787500023841858,
        "dynamic_mesh_ms": 0.9319159984588623,
        "encode_ms": 0.9479169845581055,
        "admission_or_completion_ms": 0.03812500089406967
      },
      {
        "index": 246,
        "started_ms": 4877.9010419999995,
        "submitted_ms": 4879.915999999999,
        "observed_completed_ms": 4882.2302500000005,
        "start_to_observed_completion_ms": 4.329208000001017,
        "submit_to_observed_completion_ms": 2.314250000001266,
        "continuous_iteration_ms": 2.01716685295105,
        "frame_ms": 2.01716685295105,
        "component_sum_ms": 2.014206886291504,
        "tick_ms": 0.1263750046491623,
        "dynamic_mesh_ms": 0.9314159750938416,
        "encode_ms": 0.9559159874916077,
        "admission_or_completion_ms": 0.0005000000237487257
      },
      {
        "index": 247,
        "started_ms": 4879.9182089999995,
        "submitted_ms": 4882.231459,
        "observed_completed_ms": 4884.394542,
        "start_to_observed_completion_ms": 4.476333000000523,
        "submit_to_observed_completion_ms": 2.16308300000037,
        "continuous_iteration_ms": 2.31612491607666,
        "frame_ms": 2.31612491607666,
        "component_sum_ms": 2.312999963760376,
        "tick_ms": 0.14441700279712677,
        "dynamic_mesh_ms": 1.0010000467300415,
        "encode_ms": 1.1287919282913208,
        "admission_or_completion_ms": 0.038791000843048096
      },
      {
        "index": 248,
        "started_ms": 4882.234334,
        "submitted_ms": 4884.395167,
        "observed_completed_ms": 4886.409584,
        "start_to_observed_completion_ms": 4.175250000000233,
        "submit_to_observed_completion_ms": 2.0144170000003214,
        "continuous_iteration_ms": 2.162874937057495,
        "frame_ms": 2.162874937057495,
        "component_sum_ms": 2.160125255584717,
        "tick_ms": 0.16700001060962677,
        "dynamic_mesh_ms": 0.9852499961853027,
        "encode_ms": 1.0071250200271606,
        "admission_or_completion_ms": 0.0007499999483115971
      },
      {
        "index": 249,
        "started_ms": 4884.397209000001,
        "submitted_ms": 4886.410167,
        "observed_completed_ms": 4889.713042,
        "start_to_observed_completion_ms": 5.315832999999657,
        "submit_to_observed_completion_ms": 3.302875000000313,
        "continuous_iteration_ms": 2.014457941055298,
        "frame_ms": 2.014457941055298,
        "component_sum_ms": 2.012500047683716,
        "tick_ms": 0.13416700065135956,
        "dynamic_mesh_ms": 0.9444580078125,
        "encode_ms": 0.9334999918937683,
        "admission_or_completion_ms": 0.000375000003259629
      },
      {
        "index": 250,
        "started_ms": 4886.411667,
        "submitted_ms": 4888.533584,
        "observed_completed_ms": 4890.871,
        "start_to_observed_completion_ms": 4.459332999999788,
        "submit_to_observed_completion_ms": 2.337416000000303,
        "continuous_iteration_ms": 2.1243748664855957,
        "frame_ms": 2.1243748664855957,
        "component_sum_ms": 2.1216259002685547,
        "tick_ms": 0.14058400690555573,
        "dynamic_mesh_ms": 0.9828749895095825,
        "encode_ms": 0.997624933719635,
        "admission_or_completion_ms": 0.0005419999943114817
      },
      {
        "index": 251,
        "started_ms": 4888.536042,
        "submitted_ms": 4890.871959,
        "observed_completed_ms": 4893.127791999999,
        "start_to_observed_completion_ms": 4.5917499999995925,
        "submit_to_observed_completion_ms": 2.2558329999992566,
        "continuous_iteration_ms": 2.339082956314087,
        "frame_ms": 2.339082956314087,
        "component_sum_ms": 2.3359169960021973,
        "tick_ms": 0.14066700637340546,
        "dynamic_mesh_ms": 1.0067499876022339,
        "encode_ms": 1.1585420370101929,
        "admission_or_completion_ms": 0.029958000406622887
      },
      {
        "index": 252,
        "started_ms": 4890.875125,
        "submitted_ms": 4893.128667,
        "observed_completed_ms": 4895.269167,
        "start_to_observed_completion_ms": 4.394042000000809,
        "submit_to_observed_completion_ms": 2.1405000000004293,
        "continuous_iteration_ms": 2.2567920684814453,
        "frame_ms": 2.2567920684814453,
        "component_sum_ms": 2.249875783920288,
        "tick_ms": 0.13625000417232513,
        "dynamic_mesh_ms": 1.0789169073104858,
        "encode_ms": 1.033666968345642,
        "admission_or_completion_ms": 0.0010420000180602074
      },
      {
        "index": 253,
        "started_ms": 4893.131917,
        "submitted_ms": 4895.269709,
        "observed_completed_ms": 4898.712041999999,
        "start_to_observed_completion_ms": 5.580124999999498,
        "submit_to_observed_completion_ms": 3.442332999999053,
        "continuous_iteration_ms": 2.139624834060669,
        "frame_ms": 2.139624834060669,
        "component_sum_ms": 2.1371259689331055,
        "tick_ms": 0.14841701090335846,
        "dynamic_mesh_ms": 1.0147089958190918,
        "encode_ms": 0.9734170436859131,
        "admission_or_completion_ms": 0.0005830000154674053
      },
      {
        "index": 254,
        "started_ms": 4895.2715419999995,
        "submitted_ms": 4897.408334,
        "observed_completed_ms": 4899.893666999999,
        "start_to_observed_completion_ms": 4.622124999999869,
        "submit_to_observed_completion_ms": 2.4853329999996276,
        "continuous_iteration_ms": 2.138792037963867,
        "frame_ms": 2.138792037963867,
        "component_sum_ms": 2.136291742324829,
        "tick_ms": 0.14466600120067596,
        "dynamic_mesh_ms": 1.0108749866485596,
        "encode_ms": 0.9802089929580688,
        "admission_or_completion_ms": 0.0005420000525191426
      },
      {
        "index": 255,
        "started_ms": 4897.410334,
        "submitted_ms": 4899.894584,
        "observed_completed_ms": 4902.054,
        "start_to_observed_completion_ms": 4.643665999999939,
        "submit_to_observed_completion_ms": 2.1594160000004194,
        "continuous_iteration_ms": 2.4871251583099365,
        "frame_ms": 2.4871251583099365,
        "component_sum_ms": 2.4837489128112793,
        "tick_ms": 0.13666599988937378,
        "dynamic_mesh_ms": 1.1207499504089355,
        "encode_ms": 1.1821669340133667,
        "admission_or_completion_ms": 0.044165998697280884
      },
      {
        "index": 256,
        "started_ms": 4899.897459,
        "submitted_ms": 4902.054666999999,
        "observed_completed_ms": 4904.1855,
        "start_to_observed_completion_ms": 4.288040999999794,
        "submit_to_observed_completion_ms": 2.130833000000166,
        "continuous_iteration_ms": 2.1625001430511475,
        "frame_ms": 2.1625001430511475,
        "component_sum_ms": 2.156625986099243,
        "tick_ms": 0.14854200184345245,
        "dynamic_mesh_ms": 1.0147089958190918,
        "encode_ms": 0.992917001247406,
        "admission_or_completion_ms": 0.0004579999949783087
      },
      {
        "index": 257,
        "started_ms": 4902.059959,
        "submitted_ms": 4904.186250000001,
        "observed_completed_ms": 4907.660833999999,
        "start_to_observed_completion_ms": 5.600874999999178,
        "submit_to_observed_completion_ms": 3.4745839999986856,
        "continuous_iteration_ms": 2.130500078201294,
        "frame_ms": 2.130500078201294,
        "component_sum_ms": 2.126081943511963,
        "tick_ms": 0.1439579874277115,
        "dynamic_mesh_ms": 1.0090830326080322,
        "encode_ms": 0.9720830321311951,
        "admission_or_completion_ms": 0.0009579999605193734
      },
      {
        "index": 258,
        "started_ms": 4904.1904589999995,
        "submitted_ms": 4906.359084,
        "observed_completed_ms": 4908.717459,
        "start_to_observed_completion_ms": 4.527000000000953,
        "submit_to_observed_completion_ms": 2.3583750000007058,
        "continuous_iteration_ms": 2.171165943145752,
        "frame_ms": 2.171165943145752,
        "component_sum_ms": 2.1676249504089355,
        "tick_ms": 0.147832989692688,
        "dynamic_mesh_ms": 1.0673749446868896,
        "encode_ms": 0.9519170522689819,
        "admission_or_completion_ms": 0.0005000000237487257
      },
      {
        "index": 259,
        "started_ms": 4906.361625,
        "submitted_ms": 4908.71825,
        "observed_completed_ms": 4910.809209,
        "start_to_observed_completion_ms": 4.447584000000461,
        "submit_to_observed_completion_ms": 2.0909590000001117,
        "continuous_iteration_ms": 2.3607089519500732,
        "frame_ms": 2.3607089519500732,
        "component_sum_ms": 2.3560829162597656,
        "tick_ms": 0.20008300244808197,
        "dynamic_mesh_ms": 1.0543749332427979,
        "encode_ms": 1.05649995803833,
        "admission_or_completion_ms": 0.045124996453523636
      },
      {
        "index": 260,
        "started_ms": 4908.722334,
        "submitted_ms": 4910.809792,
        "observed_completed_ms": 4914.052667,
        "start_to_observed_completion_ms": 5.330332999999882,
        "submit_to_observed_completion_ms": 3.2428749999999127,
        "continuous_iteration_ms": 2.0898749828338623,
        "frame_ms": 2.0898749828338623,
        "component_sum_ms": 2.0870840549468994,
        "tick_ms": 0.1458750069141388,
        "dynamic_mesh_ms": 1.001792073249817,
        "encode_ms": 0.9389169812202454,
        "admission_or_completion_ms": 0.0004999999655410647
      },
      {
        "index": 261,
        "started_ms": 4910.812209000001,
        "submitted_ms": 4912.867834,
        "observed_completed_ms": 4916.282416999999,
        "start_to_observed_completion_ms": 5.47020799999882,
        "submit_to_observed_completion_ms": 3.414582999999766,
        "continuous_iteration_ms": 2.059832811355591,
        "frame_ms": 2.059832811355591,
        "component_sum_ms": 2.0555830001831055,
        "tick_ms": 0.14691700041294098,
        "dynamic_mesh_ms": 0.9875410199165344,
        "encode_ms": 0.920458972454071,
        "admission_or_completion_ms": 0.000666000007186085
      },
      {
        "index": 262,
        "started_ms": 4912.872042,
        "submitted_ms": 4915.0434589999995,
        "observed_completed_ms": 4917.324292,
        "start_to_observed_completion_ms": 4.4522500000002765,
        "submit_to_observed_completion_ms": 2.2808330000007118,
        "continuous_iteration_ms": 2.1745829582214355,
        "frame_ms": 2.1745829582214355,
        "component_sum_ms": 2.1713738441467285,
        "tick_ms": 0.14487498998641968,
        "dynamic_mesh_ms": 1.0054999589920044,
        "encode_ms": 0.990416944026947,
        "admission_or_completion_ms": 0.030581999570131302
      },
      {
        "index": 263,
        "started_ms": 4915.046625000001,
        "submitted_ms": 4917.325167,
        "observed_completed_ms": 4919.491083999999,
        "start_to_observed_completion_ms": 4.44445899999846,
        "submit_to_observed_completion_ms": 2.1659169999993537,
        "continuous_iteration_ms": 2.28125,
        "frame_ms": 2.28125,
        "component_sum_ms": 2.278249979019165,
        "tick_ms": 0.13779199123382568,
        "dynamic_mesh_ms": 1.0558749437332153,
        "encode_ms": 1.041707992553711,
        "admission_or_completion_ms": 0.04287499934434891
      },
      {
        "index": 264,
        "started_ms": 4917.327875,
        "submitted_ms": 4919.492542,
        "observed_completed_ms": 4921.731084,
        "start_to_observed_completion_ms": 4.403209000000061,
        "submit_to_observed_completion_ms": 2.238542000000052,
        "continuous_iteration_ms": 2.1681668758392334,
        "frame_ms": 2.1681668758392334,
        "component_sum_ms": 2.16474986076355,
        "tick_ms": 0.13762499392032623,
        "dynamic_mesh_ms": 0.9849170446395874,
        "encode_ms": 1.0415420532226562,
        "admission_or_completion_ms": 0.000666000007186085
      },
      {
        "index": 265,
        "started_ms": 4919.496042000001,
        "submitted_ms": 4921.73225,
        "observed_completed_ms": 4924.0305,
        "start_to_observed_completion_ms": 4.5344579999991765,
        "submit_to_observed_completion_ms": 2.2982499999998254,
        "continuous_iteration_ms": 2.2396249771118164,
        "frame_ms": 2.2396249771118164,
        "component_sum_ms": 2.2356669902801514,
        "tick_ms": 0.14354199171066284,
        "dynamic_mesh_ms": 1.0452090501785278,
        "encode_ms": 1.0462909936904907,
        "admission_or_completion_ms": 0.0006249999860301614
      },
      {
        "index": 266,
        "started_ms": 4921.735667,
        "submitted_ms": 4924.031167,
        "observed_completed_ms": 4926.235167,
        "start_to_observed_completion_ms": 4.499499999999898,
        "submit_to_observed_completion_ms": 2.2039999999997235,
        "continuous_iteration_ms": 2.298707962036133,
        "frame_ms": 2.298707962036133,
        "component_sum_ms": 2.295167922973633,
        "tick_ms": 0.1552089899778366,
        "dynamic_mesh_ms": 1.0038340091705322,
        "encode_ms": 1.1355420351028442,
        "admission_or_completion_ms": 0.0005830000154674053
      },
      {
        "index": 267,
        "started_ms": 4924.034375,
        "submitted_ms": 4926.2357919999995,
        "observed_completed_ms": 4928.35675,
        "start_to_observed_completion_ms": 4.322374999999738,
        "submit_to_observed_completion_ms": 2.120958000000428,
        "continuous_iteration_ms": 2.203667163848877,
        "frame_ms": 2.203667163848877,
        "component_sum_ms": 2.2007081508636475,
        "tick_ms": 0.1375410109758377,
        "dynamic_mesh_ms": 1.0606670379638672,
        "encode_ms": 1.0018750429153442,
        "admission_or_completion_ms": 0.0006249999860301614
      },
      {
        "index": 268,
        "started_ms": 4926.238042,
        "submitted_ms": 4928.357167,
        "observed_completed_ms": 4931.770875,
        "start_to_observed_completion_ms": 5.53283300000021,
        "submit_to_observed_completion_ms": 3.4137080000000424,
        "continuous_iteration_ms": 2.120832920074463,
        "frame_ms": 2.120832920074463,
        "component_sum_ms": 2.1183741092681885,
        "tick_ms": 0.14216600358486176,
        "dynamic_mesh_ms": 1.012666940689087,
        "encode_ms": 0.9632079601287842,
        "admission_or_completion_ms": 0.0003330000035930425
      },
      {
        "index": 269,
        "started_ms": 4928.358875,
        "submitted_ms": 4930.526209,
        "observed_completed_ms": 4934.05325,
        "start_to_observed_completion_ms": 5.694375000000036,
        "submit_to_observed_completion_ms": 3.527041000000281,
        "continuous_iteration_ms": 2.1691250801086426,
        "frame_ms": 2.1691250801086426,
        "component_sum_ms": 2.166999101638794,
        "tick_ms": 0.1387920081615448,
        "dynamic_mesh_ms": 0.9955829977989197,
        "encode_ms": 1.0321669578552246,
        "admission_or_completion_ms": 0.00045700001646764576
      },
      {
        "index": 270,
        "started_ms": 4930.528,
        "submitted_ms": 4932.830375,
        "observed_completed_ms": 4935.000417,
        "start_to_observed_completion_ms": 4.47241699999995,
        "submit_to_observed_completion_ms": 2.170042000000649,
        "continuous_iteration_ms": 2.305500030517578,
        "frame_ms": 2.305500030517578,
        "component_sum_ms": 2.301914930343628,
        "tick_ms": 0.13420800864696503,
        "dynamic_mesh_ms": 1.0729159116744995,
        "encode_ms": 1.0589159727096558,
        "admission_or_completion_ms": 0.035875000059604645
      },
      {
        "index": 271,
        "started_ms": 4932.8335,
        "submitted_ms": 4935.001042,
        "observed_completed_ms": 4938.217124999999,
        "start_to_observed_completion_ms": 5.383624999999483,
        "submit_to_observed_completion_ms": 3.216082999999344,
        "continuous_iteration_ms": 2.1695001125335693,
        "frame_ms": 2.1695001125335693,
        "component_sum_ms": 2.1669161319732666,
        "tick_ms": 0.14775000512599945,
        "dynamic_mesh_ms": 1.0320420265197754,
        "encode_ms": 0.9474999904632568,
        "admission_or_completion_ms": 0.03962400183081627
      },
      {
        "index": 272,
        "started_ms": 4935.003,
        "submitted_ms": 4937.022042,
        "observed_completed_ms": 4940.547792,
        "start_to_observed_completion_ms": 5.544792000000598,
        "submit_to_observed_completion_ms": 3.5257500000006985,
        "continuous_iteration_ms": 2.0209591388702393,
        "frame_ms": 2.0209591388702393,
        "component_sum_ms": 2.0185000896453857,
        "tick_ms": 0.1400420069694519,
        "dynamic_mesh_ms": 0.9910409450531006,
        "encode_ms": 0.886916995048523,
        "admission_or_completion_ms": 0.0005000000237487257
      },
      {
        "index": 273,
        "started_ms": 4937.023959,
        "submitted_ms": 4939.321542,
        "observed_completed_ms": 4942.811,
        "start_to_observed_completion_ms": 5.78704099999959,
        "submit_to_observed_completion_ms": 3.4894580000000133,
        "continuous_iteration_ms": 2.299708127975464,
        "frame_ms": 2.299708127975464,
        "component_sum_ms": 2.297416925430298,
        "tick_ms": 0.13724999129772186,
        "dynamic_mesh_ms": 1.0250420570373535,
        "encode_ms": 1.1042920351028442,
        "admission_or_completion_ms": 0.03083300031721592
      },
      {
        "index": 274,
        "started_ms": 4939.323667,
        "submitted_ms": 4941.612334,
        "observed_completed_ms": 4943.7781669999995,
        "start_to_observed_completion_ms": 4.454499999999825,
        "submit_to_observed_completion_ms": 2.165832999999111,
        "continuous_iteration_ms": 2.2922918796539307,
        "frame_ms": 2.2922918796539307,
        "component_sum_ms": 2.2884159088134766,
        "tick_ms": 0.13512499630451202,
        "dynamic_mesh_ms": 1.0544580221176147,
        "encode_ms": 1.0640000104904175,
        "admission_or_completion_ms": 0.03483299911022186
      },
      {
        "index": 275,
        "started_ms": 4941.615959,
        "submitted_ms": 4943.778792,
        "observed_completed_ms": 4947.034542,
        "start_to_observed_completion_ms": 5.418583000000581,
        "submit_to_observed_completion_ms": 3.255750000000262,
        "continuous_iteration_ms": 2.16474986076355,
        "frame_ms": 2.16474986076355,
        "component_sum_ms": 2.1622910499572754,
        "tick_ms": 0.15379200875759125,
        "dynamic_mesh_ms": 1.0014580488204956,
        "encode_ms": 0.9674999713897705,
        "admission_or_completion_ms": 0.03954100236296654
      },
      {
        "index": 276,
        "started_ms": 4943.780709000001,
        "submitted_ms": 4945.807999999999,
        "observed_completed_ms": 4949.356917,
        "start_to_observed_completion_ms": 5.576207999999497,
        "submit_to_observed_completion_ms": 3.5489170000009835,
        "continuous_iteration_ms": 2.0293331146240234,
        "frame_ms": 2.0293331146240234,
        "component_sum_ms": 2.027000904083252,
        "tick_ms": 0.14691700041294098,
        "dynamic_mesh_ms": 0.9767919778823853,
        "encode_ms": 0.9027079939842224,
        "admission_or_completion_ms": 0.0005840000230818987
      },
      {
        "index": 277,
        "started_ms": 4945.810042,
        "submitted_ms": 4948.037875,
        "observed_completed_ms": 4951.616834,
        "start_to_observed_completion_ms": 5.806792000000314,
        "submit_to_observed_completion_ms": 3.5789590000003955,
        "continuous_iteration_ms": 2.230332851409912,
        "frame_ms": 2.230332851409912,
        "component_sum_ms": 2.2271671295166016,
        "tick_ms": 0.13683399558067322,
        "dynamic_mesh_ms": 1.0411250591278076,
        "encode_ms": 1.002458095550537,
        "admission_or_completion_ms": 0.04674999788403511
      },
      {
        "index": 278,
        "started_ms": 4948.040375,
        "submitted_ms": 4950.412084,
        "observed_completed_ms": 4952.55025,
        "start_to_observed_completion_ms": 4.509875000000648,
        "submit_to_observed_completion_ms": 2.1381660000006377,
        "continuous_iteration_ms": 2.3748748302459717,
        "frame_ms": 2.3748748302459717,
        "component_sum_ms": 2.371458053588867,
        "tick_ms": 0.14379200339317322,
        "dynamic_mesh_ms": 1.122833013534546,
        "encode_ms": 1.054834008216858,
        "admission_or_completion_ms": 0.04999900236725807
      },
      {
        "index": 279,
        "started_ms": 4950.41525,
        "submitted_ms": 4952.5511670000005,
        "observed_completed_ms": 4955.79075,
        "start_to_observed_completion_ms": 5.375500000000102,
        "submit_to_observed_completion_ms": 3.239582999999584,
        "continuous_iteration_ms": 2.1384589672088623,
        "frame_ms": 2.1384589672088623,
        "component_sum_ms": 2.134958028793335,
        "tick_ms": 0.147707998752594,
        "dynamic_mesh_ms": 1.014165997505188,
        "encode_ms": 0.9340000152587891,
        "admission_or_completion_ms": 0.039083998650312424
      },
      {
        "index": 280,
        "started_ms": 4952.553709,
        "submitted_ms": 4954.582875,
        "observed_completed_ms": 4958.219792,
        "start_to_observed_completion_ms": 5.6660830000000715,
        "submit_to_observed_completion_ms": 3.636916999999812,
        "continuous_iteration_ms": 2.0316250324249268,
        "frame_ms": 2.0316250324249268,
        "component_sum_ms": 2.0288751125335693,
        "tick_ms": 0.13941699266433716,
        "dynamic_mesh_ms": 0.9933749437332153,
        "encode_ms": 0.8954160213470459,
        "admission_or_completion_ms": 0.0006670000148005784
      },
      {
        "index": 281,
        "started_ms": 4954.585334,
        "submitted_ms": 4957.027459,
        "observed_completed_ms": 4959.249167,
        "start_to_observed_completion_ms": 4.663832999999613,
        "submit_to_observed_completion_ms": 2.221708000000035,
        "continuous_iteration_ms": 2.446000099182129,
        "frame_ms": 2.446000099182129,
        "component_sum_ms": 2.441833972930908,
        "tick_ms": 0.13495899736881256,
        "dynamic_mesh_ms": 1.035707950592041,
        "encode_ms": 1.2361249923706055,
        "admission_or_completion_ms": 0.03504200279712677
      },
      {
        "index": 282,
        "started_ms": 4957.031334,
        "submitted_ms": 4959.250083999999,
        "observed_completed_ms": 4962.621959,
        "start_to_observed_completion_ms": 5.590624999999818,
        "submit_to_observed_completion_ms": 3.3718750000007276,
        "continuous_iteration_ms": 2.221250057220459,
        "frame_ms": 2.221250057220459,
        "component_sum_ms": 2.2184178829193115,
        "tick_ms": 0.13641700148582458,
        "dynamic_mesh_ms": 1.007959008216858,
        "encode_ms": 1.0295839309692383,
        "admission_or_completion_ms": 0.04445800185203552
      },
      {
        "index": 283,
        "started_ms": 4959.252584,
        "submitted_ms": 4961.426209,
        "observed_completed_ms": 4964.823625,
        "start_to_observed_completion_ms": 5.57104100000015,
        "submit_to_observed_completion_ms": 3.3974159999997937,
        "continuous_iteration_ms": 2.1770830154418945,
        "frame_ms": 2.1770830154418945,
        "component_sum_ms": 2.1730399131774902,
        "tick_ms": 0.14345800876617432,
        "dynamic_mesh_ms": 0.9765410423278809,
        "encode_ms": 1.0524169206619263,
        "admission_or_completion_ms": 0.000623999978415668
      },
      {
        "index": 284,
        "started_ms": 4961.429667,
        "submitted_ms": 4963.626959,
        "observed_completed_ms": 4966.073375,
        "start_to_observed_completion_ms": 4.643707999999606,
        "submit_to_observed_completion_ms": 2.446415999999772,
        "continuous_iteration_ms": 2.2004170417785645,
        "frame_ms": 2.2004170417785645,
        "component_sum_ms": 2.1970407962799072,
        "tick_ms": 0.14766599237918854,
        "dynamic_mesh_ms": 1.0016670227050781,
        "encode_ms": 1.004499912261963,
        "admission_or_completion_ms": 0.04320799931883812
      },
      {
        "index": 285,
        "started_ms": 4963.630084,
        "submitted_ms": 4966.074542,
        "observed_completed_ms": 4968.295375000001,
        "start_to_observed_completion_ms": 4.665291000000252,
        "submit_to_observed_completion_ms": 2.2208330000003116,
        "continuous_iteration_ms": 2.449957847595215,
        "frame_ms": 2.449957847595215,
        "component_sum_ms": 2.444166898727417,
        "tick_ms": 0.15541699528694153,
        "dynamic_mesh_ms": 1.004499912261963,
        "encode_ms": 1.2505829334259033,
        "admission_or_completion_ms": 0.033667001873254776
      },
      {
        "index": 286,
        "started_ms": 4966.080042,
        "submitted_ms": 4968.296209,
        "observed_completed_ms": 4971.559542,
        "start_to_observed_completion_ms": 5.479500000000371,
        "submit_to_observed_completion_ms": 3.263332999999875,
        "continuous_iteration_ms": 2.2193331718444824,
        "frame_ms": 2.2193331718444824,
        "component_sum_ms": 2.215456962585449,
        "tick_ms": 0.15345799922943115,
        "dynamic_mesh_ms": 1.0510410070419312,
        "encode_ms": 1.0099999904632568,
        "admission_or_completion_ms": 0.0009579999605193734
      },
      {
        "index": 287,
        "started_ms": 4968.299375,
        "submitted_ms": 4970.3675,
        "observed_completed_ms": 4973.825334,
        "start_to_observed_completion_ms": 5.525959000000512,
        "submit_to_observed_completion_ms": 3.4578339999998207,
        "continuous_iteration_ms": 2.0702919960021973,
        "frame_ms": 2.0702919960021973,
        "component_sum_ms": 2.067708969116211,
        "tick_ms": 0.14524999260902405,
        "dynamic_mesh_ms": 1.0043751001358032,
        "encode_ms": 0.9176249504089355,
        "admission_or_completion_ms": 0.00045900000259280205
      },
      {
        "index": 288,
        "started_ms": 4970.369667,
        "submitted_ms": 4972.534792,
        "observed_completed_ms": 4976.148792,
        "start_to_observed_completion_ms": 5.779125000000022,
        "submit_to_observed_completion_ms": 3.613999999999578,
        "continuous_iteration_ms": 2.1670000553131104,
        "frame_ms": 2.1670000553131104,
        "component_sum_ms": 2.163874864578247,
        "tick_ms": 0.13808301091194153,
        "dynamic_mesh_ms": 1.0058749914169312,
        "encode_ms": 0.9746670126914978,
        "admission_or_completion_ms": 0.045250002294778824
      },
      {
        "index": 289,
        "started_ms": 4972.536667,
        "submitted_ms": 4974.92075,
        "observed_completed_ms": 4977.113209,
        "start_to_observed_completion_ms": 4.57654199999979,
        "submit_to_observed_completion_ms": 2.1924589999998716,
        "continuous_iteration_ms": 2.3879168033599854,
        "frame_ms": 2.3879168033599854,
        "component_sum_ms": 2.383582830429077,
        "tick_ms": 0.13404199481010437,
        "dynamic_mesh_ms": 1.1168749332427979,
        "encode_ms": 1.0951249599456787,
        "admission_or_completion_ms": 0.03754099830985069
      },
      {
        "index": 290,
        "started_ms": 4974.924584,
        "submitted_ms": 4977.114167,
        "observed_completed_ms": 4979.285584,
        "start_to_observed_completion_ms": 4.360999999999876,
        "submit_to_observed_completion_ms": 2.171417000000474,
        "continuous_iteration_ms": 2.1928329467773438,
        "frame_ms": 2.1928329467773438,
        "component_sum_ms": 2.189333200454712,
        "tick_ms": 0.14179199934005737,
        "dynamic_mesh_ms": 1.0405409336090088,
        "encode_ms": 0.9650000333786011,
        "admission_or_completion_ms": 0.041999999433755875
      },
      {
        "index": 291,
        "started_ms": 4977.1174169999995,
        "submitted_ms": 4979.286417,
        "observed_completed_ms": 4982.87375,
        "start_to_observed_completion_ms": 5.756333000000268,
        "submit_to_observed_completion_ms": 3.5873329999994894,
        "continuous_iteration_ms": 2.1725831031799316,
        "frame_ms": 2.1725831031799316,
        "component_sum_ms": 2.168875217437744,
        "tick_ms": 0.1443749964237213,
        "dynamic_mesh_ms": 0.9885419607162476,
        "encode_ms": 1.0352500677108765,
        "admission_or_completion_ms": 0.000708000035956502
      },
      {
        "index": 292,
        "started_ms": 4979.29,
        "submitted_ms": 4981.579459,
        "observed_completed_ms": 4983.998584,
        "start_to_observed_completion_ms": 4.7085839999999735,
        "submit_to_observed_completion_ms": 2.4191250000003492,
        "continuous_iteration_ms": 2.292917013168335,
        "frame_ms": 2.292917013168335,
        "component_sum_ms": 2.289124011993408,
        "tick_ms": 0.14362500607967377,
        "dynamic_mesh_ms": 1.0492080450057983,
        "encode_ms": 1.095292091369629,
        "admission_or_completion_ms": 0.000998999923467636
      },
      {
        "index": 293,
        "started_ms": 4981.582917,
        "submitted_ms": 4983.9995420000005,
        "observed_completed_ms": 4987.287875,
        "start_to_observed_completion_ms": 5.704958000000261,
        "submit_to_observed_completion_ms": 3.2883329999995112,
        "continuous_iteration_ms": 2.4206249713897705,
        "frame_ms": 2.4206249713897705,
        "component_sum_ms": 2.416207790374756,
        "tick_ms": 0.13762499392032623,
        "dynamic_mesh_ms": 1.097957968711853,
        "encode_ms": 1.1242079734802246,
        "admission_or_completion_ms": 0.05641699954867363
      },
      {
        "index": 294,
        "started_ms": 4984.003542,
        "submitted_ms": 4986.103459,
        "observed_completed_ms": 4989.806041999999,
        "start_to_observed_completion_ms": 5.802499999998872,
        "submit_to_observed_completion_ms": 3.702582999999322,
        "continuous_iteration_ms": 2.1029579639434814,
        "frame_ms": 2.1029579639434814,
        "component_sum_ms": 2.099332094192505,
        "tick_ms": 0.15304099023342133,
        "dynamic_mesh_ms": 0.9985830187797546,
        "encode_ms": 0.9472920298576355,
        "admission_or_completion_ms": 0.00041599999531172216
      },
      {
        "index": 295,
        "started_ms": 4986.1065,
        "submitted_ms": 4988.571875,
        "observed_completed_ms": 4991.055584,
        "start_to_observed_completion_ms": 4.949083999999857,
        "submit_to_observed_completion_ms": 2.48370900000009,
        "continuous_iteration_ms": 2.4681670665740967,
        "frame_ms": 2.4681670665740967,
        "component_sum_ms": 2.4647490978240967,
        "tick_ms": 0.1389160007238388,
        "dynamic_mesh_ms": 1.0042920112609863,
        "encode_ms": 1.2837079763412476,
        "admission_or_completion_ms": 0.03783300146460533
      },
      {
        "index": 296,
        "started_ms": 4988.574667,
        "submitted_ms": 4991.056834,
        "observed_completed_ms": 4993.297792,
        "start_to_observed_completion_ms": 4.723125000000437,
        "submit_to_observed_completion_ms": 2.240958000000319,
        "continuous_iteration_ms": 2.4867918491363525,
        "frame_ms": 2.4867918491363525,
        "component_sum_ms": 2.481666088104248,
        "tick_ms": 0.1325410008430481,
        "dynamic_mesh_ms": 1.045875072479248,
        "encode_ms": 1.2501250505447388,
        "admission_or_completion_ms": 0.05312499776482582
      },
      {
        "index": 297,
        "started_ms": 4991.061459,
        "submitted_ms": 4993.298917,
        "observed_completed_ms": 4995.462124999999,
        "start_to_observed_completion_ms": 4.400665999999546,
        "submit_to_observed_completion_ms": 2.163207999999031,
        "continuous_iteration_ms": 2.241000175476074,
        "frame_ms": 2.241000175476074,
        "component_sum_ms": 2.2367911338806152,
        "tick_ms": 0.1645830124616623,
        "dynamic_mesh_ms": 1.0594580173492432,
        "encode_ms": 1.011916995048523,
        "admission_or_completion_ms": 0.0008329999982379377
      },
      {
        "index": 298,
        "started_ms": 4993.3024589999995,
        "submitted_ms": 4995.462959,
        "observed_completed_ms": 4998.952,
        "start_to_observed_completion_ms": 5.649541000000681,
        "submit_to_observed_completion_ms": 3.4890409999998155,
        "continuous_iteration_ms": 2.163332939147949,
        "frame_ms": 2.163332939147949,
        "component_sum_ms": 2.15987491607666,
        "tick_ms": 0.13691700994968414,
        "dynamic_mesh_ms": 1.027750015258789,
        "encode_ms": 0.9945420026779175,
        "admission_or_completion_ms": 0.000666000007186085
      },
      {
        "index": 299,
        "started_ms": 4995.465792,
        "submitted_ms": 4997.616584,
        "observed_completed_ms": 5001.418874999999,
        "start_to_observed_completion_ms": 5.953082999999424,
        "submit_to_observed_completion_ms": 3.802290999999059,
        "continuous_iteration_ms": 2.1535418033599854,
        "frame_ms": 2.1535418033599854,
        "component_sum_ms": 2.150583028793335,
        "tick_ms": 0.1474580019712448,
        "dynamic_mesh_ms": 1.0115420818328857,
        "encode_ms": 0.9909169673919678,
        "admission_or_completion_ms": 0.000666000007186085
      },
      {
        "index": 300,
        "started_ms": 4997.619334,
        "submitted_ms": 5000.151667,
        "observed_completed_ms": 5002.4704169999995,
        "start_to_observed_completion_ms": 4.851082999999562,
        "submit_to_observed_completion_ms": 2.3187499999994543,
        "continuous_iteration_ms": 2.5414578914642334,
        "frame_ms": 2.5414578914642334,
        "component_sum_ms": 2.5315001010894775,
        "tick_ms": 0.1309169977903366,
        "dynamic_mesh_ms": 1.1562080383300781,
        "encode_ms": 1.1990000009536743,
        "admission_or_completion_ms": 0.045375000685453415
      },
      {
        "index": 301,
        "started_ms": 5000.160792,
        "submitted_ms": 5002.471625,
        "observed_completed_ms": 5005.8994999999995,
        "start_to_observed_completion_ms": 5.7387079999998605,
        "submit_to_observed_completion_ms": 3.4278749999994034,
        "continuous_iteration_ms": 2.3150830268859863,
        "frame_ms": 2.3150830268859863,
        "component_sum_ms": 2.310166835784912,
        "tick_ms": 0.15412499010562897,
        "dynamic_mesh_ms": 1.0648750066757202,
        "encode_ms": 1.0521249771118164,
        "admission_or_completion_ms": 0.039041999727487564
      },
      {
        "index": 302,
        "started_ms": 5002.475875,
        "submitted_ms": 5004.705917,
        "observed_completed_ms": 5008.118084000001,
        "start_to_observed_completion_ms": 5.642209000000548,
        "submit_to_observed_completion_ms": 3.4121670000004087,
        "continuous_iteration_ms": 2.232959032058716,
        "frame_ms": 2.232959032058716,
        "component_sum_ms": 2.229665994644165,
        "tick_ms": 0.15162500739097595,
        "dynamic_mesh_ms": 1.0296670198440552,
        "encode_ms": 1.04783296585083,
        "admission_or_completion_ms": 0.0005409999866969883
      },
      {
        "index": 303,
        "started_ms": 5004.708834,
        "submitted_ms": 5006.887917,
        "observed_completed_ms": 5009.25775,
        "start_to_observed_completion_ms": 4.5489159999997355,
        "submit_to_observed_completion_ms": 2.369832999999744,
        "continuous_iteration_ms": 2.181791067123413,
        "frame_ms": 2.181791067123413,
        "component_sum_ms": 2.1789989471435547,
        "tick_ms": 0.13958300650119781,
        "dynamic_mesh_ms": 1.019333004951477,
        "encode_ms": 0.9882500171661377,
        "admission_or_completion_ms": 0.031832996755838394
      },
      {
        "index": 304,
        "started_ms": 5006.890625,
        "submitted_ms": 5009.258667,
        "observed_completed_ms": 5012.7005420000005,
        "start_to_observed_completion_ms": 5.809917000000496,
        "submit_to_observed_completion_ms": 3.4418750000004366,
        "continuous_iteration_ms": 2.371709108352661,
        "frame_ms": 2.371709108352661,
        "component_sum_ms": 2.3674161434173584,
        "tick_ms": 0.13474999368190765,
        "dynamic_mesh_ms": 1.0487920045852661,
        "encode_ms": 1.1400829553604126,
        "admission_or_completion_ms": 0.04379099979996681
      },
      {
        "index": 305,
        "started_ms": 5009.262334,
        "submitted_ms": 5011.471167,
        "observed_completed_ms": 5014.8920419999995,
        "start_to_observed_completion_ms": 5.629707999999482,
        "submit_to_observed_completion_ms": 3.4208749999997963,
        "continuous_iteration_ms": 2.214625120162964,
        "frame_ms": 2.214625120162964,
        "component_sum_ms": 2.2091262340545654,
        "tick_ms": 0.1480420082807541,
        "dynamic_mesh_ms": 0.9853330254554749,
        "encode_ms": 1.074666976928711,
        "admission_or_completion_ms": 0.0010839999886229634
      },
      {
        "index": 306,
        "started_ms": 5011.4769590000005,
        "submitted_ms": 5013.693292,
        "observed_completed_ms": 5017.094459,
        "start_to_observed_completion_ms": 5.6174999999993815,
        "submit_to_observed_completion_ms": 3.4011669999999867,
        "continuous_iteration_ms": 2.219083070755005,
        "frame_ms": 2.219083070755005,
        "component_sum_ms": 2.2156240940093994,
        "tick_ms": 0.14425000548362732,
        "dynamic_mesh_ms": 1.0425829887390137,
        "encode_ms": 0.9923749566078186,
        "admission_or_completion_ms": 0.03641600161790848
      },
      {
        "index": 307,
        "started_ms": 5013.6960420000005,
        "submitted_ms": 5015.8919590000005,
        "observed_completed_ms": 5018.1518750000005,
        "start_to_observed_completion_ms": 4.455832999999984,
        "submit_to_observed_completion_ms": 2.2599159999999756,
        "continuous_iteration_ms": 2.1994168758392334,
        "frame_ms": 2.1994168758392334,
        "component_sum_ms": 2.195876121520996,
        "tick_ms": 0.13608399033546448,
        "dynamic_mesh_ms": 1.0266250371932983,
        "encode_ms": 0.9994589686393738,
        "admission_or_completion_ms": 0.03370799869298935
      },
      {
        "index": 308,
        "started_ms": 5015.895459,
        "submitted_ms": 5018.152625,
        "observed_completed_ms": 5021.456875,
        "start_to_observed_completion_ms": 5.561415999999554,
        "submit_to_observed_completion_ms": 3.3042500000001382,
        "continuous_iteration_ms": 2.2600409984588623,
        "frame_ms": 2.2600409984588623,
        "component_sum_ms": 2.2564589977264404,
        "tick_ms": 0.13841700553894043,
        "dynamic_mesh_ms": 1.0209169387817383,
        "encode_ms": 1.057541012763977,
        "admission_or_completion_ms": 0.03958400338888168
      },
      {
        "index": 309,
        "started_ms": 5018.1555,
        "submitted_ms": 5020.239917,
        "observed_completed_ms": 5023.643875000001,
        "start_to_observed_completion_ms": 5.488375000000815,
        "submit_to_observed_completion_ms": 3.4039580000007845,
        "continuous_iteration_ms": 2.0875420570373535,
        "frame_ms": 2.0875420570373535,
        "component_sum_ms": 2.084249973297119,
        "tick_ms": 0.14362500607967377,
        "dynamic_mesh_ms": 0.994583010673523,
        "encode_ms": 0.9454579949378967,
        "admission_or_completion_ms": 0.0005840000230818987
      },
      {
        "index": 310,
        "started_ms": 5020.243042,
        "submitted_ms": 5022.415584,
        "observed_completed_ms": 5025.939542,
        "start_to_observed_completion_ms": 5.6965000000000146,
        "submit_to_observed_completion_ms": 3.523957999999766,
        "continuous_iteration_ms": 2.174833059310913,
        "frame_ms": 2.174833059310913,
        "component_sum_ms": 2.1721668243408203,
        "tick_ms": 0.14662499725818634,
        "dynamic_mesh_ms": 1.025291919708252,
        "encode_ms": 0.9580419659614563,
        "admission_or_completion_ms": 0.042208001017570496
      },
      {
        "index": 311,
        "started_ms": 5022.417875,
        "submitted_ms": 5024.706334,
        "observed_completed_ms": 5027.086584,
        "start_to_observed_completion_ms": 4.6687089999995806,
        "submit_to_observed_completion_ms": 2.3802499999992506,
        "continuous_iteration_ms": 2.2920000553131104,
        "frame_ms": 2.2920000553131104,
        "component_sum_ms": 2.28837513923645,
        "tick_ms": 0.13600000739097595,
        "dynamic_mesh_ms": 1.0489580631256104,
        "encode_ms": 1.061792016029358,
        "admission_or_completion_ms": 0.0416250005364418
      },
      {
        "index": 312,
        "started_ms": 5024.7098750000005,
        "submitted_ms": 5027.087500000001,
        "observed_completed_ms": 5030.3674169999995,
        "start_to_observed_completion_ms": 5.657541999999012,
        "submit_to_observed_completion_ms": 3.2799169999989317,
        "continuous_iteration_ms": 2.3813750743865967,
        "frame_ms": 2.3813750743865967,
        "component_sum_ms": 2.3770830631256104,
        "tick_ms": 0.13600000739097595,
        "dynamic_mesh_ms": 1.0455410480499268,
        "encode_ms": 1.1472910642623901,
        "admission_or_completion_ms": 0.04825099930167198
      },
      {
        "index": 313,
        "started_ms": 5027.0912499999995,
        "submitted_ms": 5029.190875,
        "observed_completed_ms": 5032.463959000001,
        "start_to_observed_completion_ms": 5.372709000001123,
        "submit_to_observed_completion_ms": 3.273084000000381,
        "continuous_iteration_ms": 2.102250099182129,
        "frame_ms": 2.102250099182129,
        "component_sum_ms": 2.099125862121582,
        "tick_ms": 0.15037499368190765,
        "dynamic_mesh_ms": 1.017791986465454,
        "encode_ms": 0.9303750395774841,
        "admission_or_completion_ms": 0.0005840000230818987
      },
      {
        "index": 314,
        "started_ms": 5029.1935,
        "submitted_ms": 5031.262917,
        "observed_completed_ms": 5033.5355420000005,
        "start_to_observed_completion_ms": 4.34204200000022,
        "submit_to_observed_completion_ms": 2.2726250000005166,
        "continuous_iteration_ms": 2.0715420246124268,
        "frame_ms": 2.0715420246124268,
        "component_sum_ms": 2.068958044052124,
        "tick_ms": 0.14504100382328033,
        "dynamic_mesh_ms": 0.9993749856948853,
        "encode_ms": 0.8948330283164978,
        "admission_or_completion_ms": 0.029709002003073692
      },
      {
        "index": 315,
        "started_ms": 5031.265042,
        "submitted_ms": 5033.536375,
        "observed_completed_ms": 5036.824625,
        "start_to_observed_completion_ms": 5.5595830000002024,
        "submit_to_observed_completion_ms": 3.2882500000005166,
        "continuous_iteration_ms": 2.2739579677581787,
        "frame_ms": 2.2739579677581787,
        "component_sum_ms": 2.2708752155303955,
        "tick_ms": 0.14012500643730164,
        "dynamic_mesh_ms": 1.0215409994125366,
        "encode_ms": 1.0721250772476196,
        "admission_or_completion_ms": 0.03708399832248688
      },
      {
        "index": 316,
        "started_ms": 5033.539,
        "submitted_ms": 5035.64075,
        "observed_completed_ms": 5038.940334,
        "start_to_observed_completion_ms": 5.4013340000001335,
        "submit_to_observed_completion_ms": 3.2995840000003227,
        "continuous_iteration_ms": 2.1035001277923584,
        "frame_ms": 2.1035001277923584,
        "component_sum_ms": 2.101500988006592,
        "tick_ms": 0.14454200863838196,
        "dynamic_mesh_ms": 1.0003750324249268,
        "encode_ms": 0.9561660289764404,
        "admission_or_completion_ms": 0.0004180000105407089
      },
      {
        "index": 317,
        "started_ms": 5035.6425,
        "submitted_ms": 5037.750792,
        "observed_completed_ms": 5041.154417,
        "start_to_observed_completion_ms": 5.511916999999812,
        "submit_to_observed_completion_ms": 3.40362499999992,
        "continuous_iteration_ms": 2.110041856765747,
        "frame_ms": 2.110041856765747,
        "component_sum_ms": 2.1081252098083496,
        "tick_ms": 0.14862500131130219,
        "dynamic_mesh_ms": 1.0052080154418945,
        "encode_ms": 0.925832986831665,
        "admission_or_completion_ms": 0.02845899946987629
      },
      {
        "index": 318,
        "started_ms": 5037.752542,
        "submitted_ms": 5039.976959,
        "observed_completed_ms": 5043.373167000001,
        "start_to_observed_completion_ms": 5.620625000000473,
        "submit_to_observed_completion_ms": 3.3962080000010246,
        "continuous_iteration_ms": 2.226707935333252,
        "frame_ms": 2.226707935333252,
        "component_sum_ms": 2.2238337993621826,
        "tick_ms": 0.14241699874401093,
        "dynamic_mesh_ms": 1.003416895866394,
        "encode_ms": 1.0353339910507202,
        "admission_or_completion_ms": 0.0426659993827343
      },
      {
        "index": 319,
        "started_ms": 5039.97925,
        "submitted_ms": 5042.171167,
        "observed_completed_ms": 5045.4833340000005,
        "start_to_observed_completion_ms": 5.504084000000148,
        "submit_to_observed_completion_ms": 3.312167000000045,
        "continuous_iteration_ms": 2.195333957672119,
        "frame_ms": 2.195333957672119,
        "component_sum_ms": 2.1914570331573486,
        "tick_ms": 0.13429099321365356,
        "dynamic_mesh_ms": 1.0028750896453857,
        "encode_ms": 1.0162079334259033,
        "admission_or_completion_ms": 0.038082998245954514
      },
      {
        "index": 320,
        "started_ms": 5042.174583999999,
        "submitted_ms": 5044.305959,
        "observed_completed_ms": 5047.747042,
        "start_to_observed_completion_ms": 5.572458000000552,
        "submit_to_observed_completion_ms": 3.4410829999997077,
        "continuous_iteration_ms": 2.134124994277954,
        "frame_ms": 2.134124994277954,
        "component_sum_ms": 2.130958080291748,
        "tick_ms": 0.13983400166034698,
        "dynamic_mesh_ms": 1.0243330001831055,
        "encode_ms": 0.9323750138282776,
        "admission_or_completion_ms": 0.03441600129008293
      },
      {
        "index": 321,
        "started_ms": 5044.308709,
        "submitted_ms": 5046.548667,
        "observed_completed_ms": 5049.870583999999,
        "start_to_observed_completion_ms": 5.561874999999418,
        "submit_to_observed_completion_ms": 3.321916999999303,
        "continuous_iteration_ms": 2.2425408363342285,
        "frame_ms": 2.2425408363342285,
        "component_sum_ms": 2.2395830154418945,
        "tick_ms": 0.13637501001358032,
        "dynamic_mesh_ms": 1.0080410242080688,
        "encode_ms": 1.0649999380111694,
        "admission_or_completion_ms": 0.030166998505592346
      },
      {
        "index": 322,
        "started_ms": 5046.55125,
        "submitted_ms": 5048.688542,
        "observed_completed_ms": 5051.9705,
        "start_to_observed_completion_ms": 5.41924999999992,
        "submit_to_observed_completion_ms": 3.281958000000486,
        "continuous_iteration_ms": 2.13966703414917,
        "frame_ms": 2.13966703414917,
        "component_sum_ms": 2.137500047683716,
        "tick_ms": 0.13554100692272186,
        "dynamic_mesh_ms": 1.029209017753601,
        "encode_ms": 0.9411249756813049,
        "admission_or_completion_ms": 0.03162500262260437
      },
      {
        "index": 323,
        "started_ms": 5048.690917,
        "submitted_ms": 5050.807167,
        "observed_completed_ms": 5054.002875,
        "start_to_observed_completion_ms": 5.3119580000002316,
        "submit_to_observed_completion_ms": 3.195708000000195,
        "continuous_iteration_ms": 2.1184580326080322,
        "frame_ms": 2.1184580326080322,
        "component_sum_ms": 2.1159579753875732,
        "tick_ms": 0.13562500476837158,
        "dynamic_mesh_ms": 1.0155830383300781,
        "encode_ms": 0.9363750219345093,
        "admission_or_completion_ms": 0.02837499976158142
      },
      {
        "index": 324,
        "started_ms": 5050.809375,
        "submitted_ms": 5052.829042,
        "observed_completed_ms": 5056.101667,
        "start_to_observed_completion_ms": 5.292292000000089,
        "submit_to_observed_completion_ms": 3.272624999999607,
        "continuous_iteration_ms": 2.021458864212036,
        "frame_ms": 2.021458864212036,
        "component_sum_ms": 2.0195839405059814,
        "tick_ms": 0.1347920000553131,
        "dynamic_mesh_ms": 0.9990419745445251,
        "encode_ms": 0.8582500219345093,
        "admission_or_completion_ms": 0.027499999850988388
      },
      {
        "index": 325,
        "started_ms": 5052.830834,
        "submitted_ms": 5054.883542,
        "observed_completed_ms": 5058.21375,
        "start_to_observed_completion_ms": 5.382915999999568,
        "submit_to_observed_completion_ms": 3.3302080000003116,
        "continuous_iteration_ms": 2.05479097366333,
        "frame_ms": 2.05479097366333,
        "component_sum_ms": 2.052541971206665,
        "tick_ms": 0.1344590038061142,
        "dynamic_mesh_ms": 1.0092920064926147,
        "encode_ms": 0.8803749680519104,
        "admission_or_completion_ms": 0.028416000306606293
      },
      {
        "index": 326,
        "started_ms": 5054.885625,
        "submitted_ms": 5057.031959,
        "observed_completed_ms": 5060.243709,
        "start_to_observed_completion_ms": 5.358084000000417,
        "submit_to_observed_completion_ms": 3.211750000000393,
        "continuous_iteration_ms": 2.148458957672119,
        "frame_ms": 2.148458957672119,
        "component_sum_ms": 2.1459579467773438,
        "tick_ms": 0.13516700267791748,
        "dynamic_mesh_ms": 1.0497499704360962,
        "encode_ms": 0.9299169778823853,
        "admission_or_completion_ms": 0.031124001368880272
      },
      {
        "index": 327,
        "started_ms": 5057.034084,
        "submitted_ms": 5059.083334,
        "observed_completed_ms": 5062.269875,
        "start_to_observed_completion_ms": 5.235791000000063,
        "submit_to_observed_completion_ms": 3.186541000000034,
        "continuous_iteration_ms": 2.0507500171661377,
        "frame_ms": 2.0507500171661377,
        "component_sum_ms": 2.049207925796509,
        "tick_ms": 0.13533300161361694,
        "dynamic_mesh_ms": 1.016332983970642,
        "encode_ms": 0.8693749904632568,
        "admission_or_completion_ms": 0.02816700004041195
      },
      {
        "index": 328,
        "started_ms": 5059.084834,
        "submitted_ms": 5061.102124999999,
        "observed_completed_ms": 5064.204417,
        "start_to_observed_completion_ms": 5.119582999999693,
        "submit_to_observed_completion_ms": 3.1022920000004888,
        "continuous_iteration_ms": 2.019041061401367,
        "frame_ms": 2.019041061401367,
        "component_sum_ms": 2.017125129699707,
        "tick_ms": 0.13329100608825684,
        "dynamic_mesh_ms": 0.9990000128746033,
        "encode_ms": 0.8582500219345093,
        "admission_or_completion_ms": 0.026583999395370483
      },
      {
        "index": 329,
        "started_ms": 5061.103875,
        "submitted_ms": 5063.126417,
        "observed_completed_ms": 5066.288459,
        "start_to_observed_completion_ms": 5.184584000000541,
        "submit_to_observed_completion_ms": 3.1620419999999285,
        "continuous_iteration_ms": 2.0240418910980225,
        "frame_ms": 2.0240418910980225,
        "component_sum_ms": 2.0223331451416016,
        "tick_ms": 0.13329198956489563,
        "dynamic_mesh_ms": 1.0028750896453857,
        "encode_ms": 0.856374979019165,
        "admission_or_completion_ms": 0.029790999367833138
      },
      {
        "index": 330,
        "started_ms": 5063.127917,
        "submitted_ms": 5065.20175,
        "observed_completed_ms": 5068.266709,
        "start_to_observed_completion_ms": 5.138792000000649,
        "submit_to_observed_completion_ms": 3.0649590000002718,
        "continuous_iteration_ms": 2.0758330821990967,
        "frame_ms": 2.0758330821990967,
        "component_sum_ms": 2.0736260414123535,
        "tick_ms": 0.13520900905132294,
        "dynamic_mesh_ms": 0.9167090058326721,
        "encode_ms": 0.9969580173492432,
        "admission_or_completion_ms": 0.02474999986588955
      },
      {
        "index": 331,
        "started_ms": 5065.203750000001,
        "submitted_ms": 5067.179417,
        "observed_completed_ms": 5070.319542,
        "start_to_observed_completion_ms": 5.115791999999601,
        "submit_to_observed_completion_ms": 3.140124999999898,
        "continuous_iteration_ms": 1.9776250123977661,
        "frame_ms": 1.9776250123977661,
        "component_sum_ms": 1.9754990339279175,
        "tick_ms": 0.13966599106788635,
        "dynamic_mesh_ms": 0.9132500290870667,
        "encode_ms": 0.890749990940094,
        "admission_or_completion_ms": 0.03183300048112869
      },
      {
        "index": 332,
        "started_ms": 5067.181374999999,
        "submitted_ms": 5069.23775,
        "observed_completed_ms": 5072.529084,
        "start_to_observed_completion_ms": 5.347709000000577,
        "submit_to_observed_completion_ms": 3.2913339999995515,
        "continuous_iteration_ms": 2.0584170818328857,
        "frame_ms": 2.0584170818328857,
        "component_sum_ms": 2.0562500953674316,
        "tick_ms": 0.13837499916553497,
        "dynamic_mesh_ms": 0.9186670184135437,
        "encode_ms": 0.9707079529762268,
        "admission_or_completion_ms": 0.02850000001490116
      },
      {
        "index": 333,
        "started_ms": 5069.239792,
        "submitted_ms": 5071.384542,
        "observed_completed_ms": 5074.684084,
        "start_to_observed_completion_ms": 5.444292000000132,
        "submit_to_observed_completion_ms": 3.299542000000656,
        "continuous_iteration_ms": 2.146250009536743,
        "frame_ms": 2.146250009536743,
        "component_sum_ms": 2.1445000171661377,
        "tick_ms": 0.13270799815654755,
        "dynamic_mesh_ms": 0.9220829606056213,
        "encode_ms": 1.064666986465454,
        "admission_or_completion_ms": 0.02504199929535389
      },
      {
        "index": 334,
        "started_ms": 5071.386042,
        "submitted_ms": 5073.560792,
        "observed_completed_ms": 5076.779167,
        "start_to_observed_completion_ms": 5.3931249999996,
        "submit_to_observed_completion_ms": 3.218374999999469,
        "continuous_iteration_ms": 2.1771249771118164,
        "frame_ms": 2.1771249771118164,
        "component_sum_ms": 2.174041986465454,
        "tick_ms": 0.15929099917411804,
        "dynamic_mesh_ms": 0.9584589600563049,
        "encode_ms": 1.03125,
        "admission_or_completion_ms": 0.02504199929535389
      },
      {
        "index": 335,
        "started_ms": 5073.563166999999,
        "submitted_ms": 5075.663584,
        "observed_completed_ms": 5079.04925,
        "start_to_observed_completion_ms": 5.48608300000069,
        "submit_to_observed_completion_ms": 3.3856660000001284,
        "continuous_iteration_ms": 2.102250099182129,
        "frame_ms": 2.102250099182129,
        "component_sum_ms": 2.1000421047210693,
        "tick_ms": 0.13179101049900055,
        "dynamic_mesh_ms": 0.9567919969558716,
        "encode_ms": 0.9790840744972229,
        "admission_or_completion_ms": 0.03237500414252281
      },
      {
        "index": 336,
        "started_ms": 5075.665417,
        "submitted_ms": 5077.900625,
        "observed_completed_ms": 5081.3400839999995,
        "start_to_observed_completion_ms": 5.674666999999317,
        "submit_to_observed_completion_ms": 3.4394589999992604,
        "continuous_iteration_ms": 2.2375831604003906,
        "frame_ms": 2.2375831604003906,
        "component_sum_ms": 2.2347490787506104,
        "tick_ms": 0.13008300960063934,
        "dynamic_mesh_ms": 0.9465829730033875,
        "encode_ms": 1.1209160089492798,
        "admission_or_completion_ms": 0.03716700151562691
      },
      {
        "index": 337,
        "started_ms": 5077.903,
        "submitted_ms": 5080.213334,
        "observed_completed_ms": 5083.525209,
        "start_to_observed_completion_ms": 5.622209000000112,
        "submit_to_observed_completion_ms": 3.3118750000003274,
        "continuous_iteration_ms": 2.312666893005371,
        "frame_ms": 2.312666893005371,
        "component_sum_ms": 2.309666872024536,
        "tick_ms": 0.13300000131130219,
        "dynamic_mesh_ms": 0.9764999747276306,
        "encode_ms": 1.1637499332427979,
        "admission_or_completion_ms": 0.036416999995708466
      },
      {
        "index": 338,
        "started_ms": 5080.215667,
        "submitted_ms": 5082.399084000001,
        "observed_completed_ms": 5085.568959,
        "start_to_observed_completion_ms": 5.353291999999783,
        "submit_to_observed_completion_ms": 3.1698749999995925,
        "continuous_iteration_ms": 2.1863749027252197,
        "frame_ms": 2.1863749027252197,
        "component_sum_ms": 2.1829159259796143,
        "tick_ms": 0.1359580010175705,
        "dynamic_mesh_ms": 0.9579160213470459,
        "encode_ms": 1.0583750009536743,
        "admission_or_completion_ms": 0.030667001381516457
      },
      {
        "index": 339,
        "started_ms": 5082.402042,
        "submitted_ms": 5084.447667,
        "observed_completed_ms": 5087.723333999999,
        "start_to_observed_completion_ms": 5.32129199999963,
        "submit_to_observed_completion_ms": 3.2756669999989754,
        "continuous_iteration_ms": 2.047374963760376,
        "frame_ms": 2.047374963760376,
        "component_sum_ms": 2.045207977294922,
        "tick_ms": 0.14066600799560547,
        "dynamic_mesh_ms": 0.9490000009536743,
        "encode_ms": 0.9220829606056213,
        "admission_or_completion_ms": 0.033459000289440155
      },
      {
        "index": 340,
        "started_ms": 5084.449417,
        "submitted_ms": 5086.62775,
        "observed_completed_ms": 5091.351875,
        "start_to_observed_completion_ms": 6.902458000000479,
        "submit_to_observed_completion_ms": 4.72412500000064,
        "continuous_iteration_ms": 2.180042028427124,
        "frame_ms": 2.180042028427124,
        "component_sum_ms": 2.177833080291748,
        "tick_ms": 0.1376670002937317,
        "dynamic_mesh_ms": 0.9502500295639038,
        "encode_ms": 1.0584579706192017,
        "admission_or_completion_ms": 0.03145799785852432
      },
      {
        "index": 341,
        "started_ms": 5086.629459,
        "submitted_ms": 5088.681875,
        "observed_completed_ms": 5092.357792,
        "start_to_observed_completion_ms": 5.7283330000000205,
        "submit_to_observed_completion_ms": 3.675916999999572,
        "continuous_iteration_ms": 2.0544161796569824,
        "frame_ms": 2.0544161796569824,
        "component_sum_ms": 2.05191707611084,
        "tick_ms": 0.13670799136161804,
        "dynamic_mesh_ms": 0.9255409836769104,
        "encode_ms": 0.9582500457763672,
        "admission_or_completion_ms": 0.031418003141880035
      },
      {
        "index": 342,
        "started_ms": 5088.683875,
        "submitted_ms": 5092.358459,
        "observed_completed_ms": 5095.564292,
        "start_to_observed_completion_ms": 6.880417000000307,
        "submit_to_observed_completion_ms": 3.205832999999984,
        "continuous_iteration_ms": 3.6768341064453125,
        "frame_ms": 3.6768341064453125,
        "component_sum_ms": 3.6741251945495605,
        "tick_ms": 0.1341250091791153,
        "dynamic_mesh_ms": 0.9936250448226929,
        "encode_ms": 1.0058749914169312,
        "admission_or_completion_ms": 1.5405000448226929
      },
      {
        "index": 343,
        "started_ms": 5092.3607090000005,
        "submitted_ms": 5094.429292,
        "observed_completed_ms": 5097.653834,
        "start_to_observed_completion_ms": 5.293124999999236,
        "submit_to_observed_completion_ms": 3.2245419999999285,
        "continuous_iteration_ms": 2.0706660747528076,
        "frame_ms": 2.0706660747528076,
        "component_sum_ms": 2.0682919025421143,
        "tick_ms": 0.1429169923067093,
        "dynamic_mesh_ms": 0.937749981880188,
        "encode_ms": 0.9871249794960022,
        "admission_or_completion_ms": 0.0005000000237487257
      },
      {
        "index": 344,
        "started_ms": 5094.431375,
        "submitted_ms": 5096.536792,
        "observed_completed_ms": 5099.7816250000005,
        "start_to_observed_completion_ms": 5.350250000000415,
        "submit_to_observed_completion_ms": 3.2448330000006536,
        "continuous_iteration_ms": 2.107416868209839,
        "frame_ms": 2.107416868209839,
        "component_sum_ms": 2.1050829887390137,
        "tick_ms": 0.14137500524520874,
        "dynamic_mesh_ms": 0.9635829925537109,
        "encode_ms": 0.9722079634666443,
        "admission_or_completion_ms": 0.02791699953377247
      },
      {
        "index": 345,
        "started_ms": 5096.538791999999,
        "submitted_ms": 5098.660792000001,
        "observed_completed_ms": 5101.928,
        "start_to_observed_completion_ms": 5.389208000000508,
        "submit_to_observed_completion_ms": 3.2672079999993002,
        "continuous_iteration_ms": 2.1242079734802246,
        "frame_ms": 2.1242079734802246,
        "component_sum_ms": 2.1214599609375,
        "tick_ms": 0.13329198956489563,
        "dynamic_mesh_ms": 0.9533339738845825,
        "encode_ms": 1.0066670179367065,
        "admission_or_completion_ms": 0.02816700004041195
      },
      {
        "index": 346,
        "started_ms": 5098.6630000000005,
        "submitted_ms": 5100.773459,
        "observed_completed_ms": 5104.1201249999995,
        "start_to_observed_completion_ms": 5.457124999998996,
        "submit_to_observed_completion_ms": 3.346665999999459,
        "continuous_iteration_ms": 2.1159591674804688,
        "frame_ms": 2.1159591674804688,
        "component_sum_ms": 2.1100010871887207,
        "tick_ms": 0.1321669965982437,
        "dynamic_mesh_ms": 0.9549590349197388,
        "encode_ms": 0.9913749694824219,
        "admission_or_completion_ms": 0.03149999678134918
      },
      {
        "index": 347,
        "started_ms": 5100.778959,
        "submitted_ms": 5102.972709000001,
        "observed_completed_ms": 5106.254292,
        "start_to_observed_completion_ms": 5.475332999999409,
        "submit_to_observed_completion_ms": 3.2815829999990456,
        "continuous_iteration_ms": 2.1961660385131836,
        "frame_ms": 2.1961660385131836,
        "component_sum_ms": 2.193082809448242,
        "tick_ms": 0.1342500001192093,
        "dynamic_mesh_ms": 0.9802499413490295,
        "encode_ms": 1.0444589853286743,
        "admission_or_completion_ms": 0.03412400186061859
      },
      {
        "index": 348,
        "started_ms": 5102.975125000001,
        "submitted_ms": 5105.115,
        "observed_completed_ms": 5108.413625,
        "start_to_observed_completion_ms": 5.438499999999294,
        "submit_to_observed_completion_ms": 3.2986250000003565,
        "continuous_iteration_ms": 2.1419999599456787,
        "frame_ms": 2.1419999599456787,
        "component_sum_ms": 2.1392900943756104,
        "tick_ms": 0.13795800507068634,
        "dynamic_mesh_ms": 0.9750829935073853,
        "encode_ms": 0.994583010673523,
        "admission_or_completion_ms": 0.031665999442338943
      },
      {
        "index": 349,
        "started_ms": 5105.117125,
        "submitted_ms": 5107.28775,
        "observed_completed_ms": 5110.588167000001,
        "start_to_observed_completion_ms": 5.4710420000010345,
        "submit_to_observed_completion_ms": 3.3004170000003796,
        "continuous_iteration_ms": 2.173542022705078,
        "frame_ms": 2.173542022705078,
        "component_sum_ms": 2.170207977294922,
        "tick_ms": 0.13370800018310547,
        "dynamic_mesh_ms": 0.9736250042915344,
        "encode_ms": 1.0332499742507935,
        "admission_or_completion_ms": 0.029625000432133675
      },
      {
        "index": 350,
        "started_ms": 5107.290667,
        "submitted_ms": 5109.454624999999,
        "observed_completed_ms": 5112.687417,
        "start_to_observed_completion_ms": 5.396749999999884,
        "submit_to_observed_completion_ms": 3.2327920000006998,
        "continuous_iteration_ms": 2.166375160217285,
        "frame_ms": 2.166375160217285,
        "component_sum_ms": 2.1633338928222656,
        "tick_ms": 0.13745799660682678,
        "dynamic_mesh_ms": 0.9478330016136169,
        "encode_ms": 1.0406250953674316,
        "admission_or_completion_ms": 0.037418000400066376
      },
      {
        "index": 351,
        "started_ms": 5109.457042,
        "submitted_ms": 5111.553334,
        "observed_completed_ms": 5116.31,
        "start_to_observed_completion_ms": 6.852958000000399,
        "submit_to_observed_completion_ms": 4.756666000000223,
        "continuous_iteration_ms": 2.098416805267334,
        "frame_ms": 2.098416805267334,
        "component_sum_ms": 2.0956668853759766,
        "tick_ms": 0.1350420117378235,
        "dynamic_mesh_ms": 0.9638749957084656,
        "encode_ms": 0.9648749828338623,
        "admission_or_completion_ms": 0.03187499940395355
      },
      {
        "index": 352,
        "started_ms": 5111.555459,
        "submitted_ms": 5113.666209,
        "observed_completed_ms": 5117.48425,
        "start_to_observed_completion_ms": 5.928791000000274,
        "submit_to_observed_completion_ms": 3.8180410000004485,
        "continuous_iteration_ms": 2.113375186920166,
        "frame_ms": 2.113375186920166,
        "component_sum_ms": 2.11029314994812,
        "tick_ms": 0.14320901036262512,
        "dynamic_mesh_ms": 0.9548750519752502,
        "encode_ms": 0.9785000085830688,
        "admission_or_completion_ms": 0.03370899707078934
      },
      {
        "index": 353,
        "started_ms": 5113.668834,
        "submitted_ms": 5117.48525,
        "observed_completed_ms": 5120.788084,
        "start_to_observed_completion_ms": 7.119249999999738,
        "submit_to_observed_completion_ms": 3.3028340000000753,
        "continuous_iteration_ms": 3.8187079429626465,
        "frame_ms": 3.8187079429626465,
        "component_sum_ms": 3.8153328895568848,
        "tick_ms": 0.1334580034017563,
        "dynamic_mesh_ms": 0.9537079930305481,
        "encode_ms": 1.174625039100647,
        "admission_or_completion_ms": 1.5535420179367065
      },
      {
        "index": 354,
        "started_ms": 5117.487542,
        "submitted_ms": 5119.632917,
        "observed_completed_ms": 5122.948375,
        "start_to_observed_completion_ms": 5.460833000000093,
        "submit_to_observed_completion_ms": 3.315458000000035,
        "continuous_iteration_ms": 2.148082971572876,
        "frame_ms": 2.148082971572876,
        "component_sum_ms": 2.1447908878326416,
        "tick_ms": 0.1341250091791153,
        "dynamic_mesh_ms": 0.9547080397605896,
        "encode_ms": 1.055332899093628,
        "admission_or_completion_ms": 0.0006249999860301614
      },
      {
        "index": 355,
        "started_ms": 5119.635625,
        "submitted_ms": 5121.819875,
        "observed_completed_ms": 5125.078459,
        "start_to_observed_completion_ms": 5.442834000000403,
        "submit_to_observed_completion_ms": 3.2585840000001554,
        "continuous_iteration_ms": 2.186000108718872,
        "frame_ms": 2.186000108718872,
        "component_sum_ms": 2.1837499141693115,
        "tick_ms": 0.14112499356269836,
        "dynamic_mesh_ms": 0.9679589867591858,
        "encode_ms": 1.0315001010894775,
        "admission_or_completion_ms": 0.04316600039601326
      },
      {
        "index": 356,
        "started_ms": 5121.821625,
        "submitted_ms": 5123.95175,
        "observed_completed_ms": 5127.314542,
        "start_to_observed_completion_ms": 5.492917000000489,
        "submit_to_observed_completion_ms": 3.3627919999998994,
        "continuous_iteration_ms": 2.132124900817871,
        "frame_ms": 2.132124900817871,
        "component_sum_ms": 2.129415988922119,
        "tick_ms": 0.1450829952955246,
        "dynamic_mesh_ms": 0.9473329782485962,
        "encode_ms": 1.0028330087661743,
        "admission_or_completion_ms": 0.03416699916124344
      },
      {
        "index": 357,
        "started_ms": 5123.95375,
        "submitted_ms": 5126.166459,
        "observed_completed_ms": 5129.5356249999995,
        "start_to_observed_completion_ms": 5.5818749999998545,
        "submit_to_observed_completion_ms": 3.3691659999994954,
        "continuous_iteration_ms": 2.214792013168335,
        "frame_ms": 2.214792013168335,
        "component_sum_ms": 2.2121660709381104,
        "tick_ms": 0.13312499225139618,
        "dynamic_mesh_ms": 0.9583330154418945,
        "encode_ms": 1.0874170064926147,
        "admission_or_completion_ms": 0.03329100087285042
      },
      {
        "index": 358,
        "started_ms": 5126.168542,
        "submitted_ms": 5128.386875,
        "observed_completed_ms": 5131.707708999999,
        "start_to_observed_completion_ms": 5.539166999998997,
        "submit_to_observed_completion_ms": 3.320833999999195,
        "continuous_iteration_ms": 2.220874786376953,
        "frame_ms": 2.220874786376953,
        "component_sum_ms": 2.2179179191589355,
        "tick_ms": 0.13829199969768524,
        "dynamic_mesh_ms": 0.977042019367218,
        "encode_ms": 1.0721659660339355,
        "admission_or_completion_ms": 0.030418001115322113
      },
      {
        "index": 359,
        "started_ms": 5128.389417,
        "submitted_ms": 5130.563292,
        "observed_completed_ms": 5133.8971249999995,
        "start_to_observed_completion_ms": 5.507707999999184,
        "submit_to_observed_completion_ms": 3.333832999999686,
        "continuous_iteration_ms": 2.175916910171509,
        "frame_ms": 2.175916910171509,
        "component_sum_ms": 2.1733322143554688,
        "tick_ms": 0.1455409973859787,
        "dynamic_mesh_ms": 0.9693329930305481,
        "encode_ms": 1.0273749828338623,
        "admission_or_completion_ms": 0.03108300268650055
      },
      {
        "index": 360,
        "started_ms": 5130.565334,
        "submitted_ms": 5132.73775,
        "observed_completed_ms": 5136.045459,
        "start_to_observed_completion_ms": 5.480125000000044,
        "submit_to_observed_completion_ms": 3.3077089999997042,
        "continuous_iteration_ms": 2.179499864578247,
        "frame_ms": 2.179499864578247,
        "component_sum_ms": 2.171790838241577,
        "tick_ms": 0.14283299446105957,
        "dynamic_mesh_ms": 0.9700829982757568,
        "encode_ms": 1.0298329591751099,
        "admission_or_completion_ms": 0.029041999951004982
      },
      {
        "index": 361,
        "started_ms": 5132.744834,
        "submitted_ms": 5134.92175,
        "observed_completed_ms": 5138.216209,
        "start_to_observed_completion_ms": 5.47137500000008,
        "submit_to_observed_completion_ms": 3.2944589999997334,
        "continuous_iteration_ms": 2.1790411472320557,
        "frame_ms": 2.1790411472320557,
        "component_sum_ms": 2.1763761043548584,
        "tick_ms": 0.14308400452136993,
        "dynamic_mesh_ms": 0.9815000295639038,
        "encode_ms": 1.0244159698486328,
        "admission_or_completion_ms": 0.027375999838113785
      },
      {
        "index": 362,
        "started_ms": 5134.923875,
        "submitted_ms": 5137.072334,
        "observed_completed_ms": 5140.513417,
        "start_to_observed_completion_ms": 5.58954199999971,
        "submit_to_observed_completion_ms": 3.4410829999997077,
        "continuous_iteration_ms": 2.151959180831909,
        "frame_ms": 2.151959180831909,
        "component_sum_ms": 2.1478350162506104,
        "tick_ms": 0.13312499225139618,
        "dynamic_mesh_ms": 0.9579170346260071,
        "encode_ms": 1.0265839099884033,
        "admission_or_completion_ms": 0.030208999291062355
      },
      {
        "index": 363,
        "started_ms": 5137.075834,
        "submitted_ms": 5139.36375,
        "observed_completed_ms": 5142.7805419999995,
        "start_to_observed_completion_ms": 5.7047079999993,
        "submit_to_observed_completion_ms": 3.4167919999990772,
        "continuous_iteration_ms": 2.2904160022735596,
        "frame_ms": 2.2904160022735596,
        "component_sum_ms": 2.2872910499572754,
        "tick_ms": 0.14137500524520874,
        "dynamic_mesh_ms": 0.9700829982757568,
        "encode_ms": 1.1472910642623901,
        "admission_or_completion_ms": 0.02854200080037117
      },
      {
        "index": 364,
        "started_ms": 5139.36625,
        "submitted_ms": 5141.646291999999,
        "observed_completed_ms": 5145.05575,
        "start_to_observed_completion_ms": 5.6895000000004075,
        "submit_to_observed_completion_ms": 3.4094580000009955,
        "continuous_iteration_ms": 2.2829999923706055,
        "frame_ms": 2.2829999923706055,
        "component_sum_ms": 2.2791240215301514,
        "tick_ms": 0.13499999046325684,
        "dynamic_mesh_ms": 0.9750410318374634,
        "encode_ms": 1.1323750019073486,
        "admission_or_completion_ms": 0.036708004772663116
      },
      {
        "index": 365,
        "started_ms": 5141.64925,
        "submitted_ms": 5143.885584000001,
        "observed_completed_ms": 5147.297209,
        "start_to_observed_completion_ms": 5.647958999999901,
        "submit_to_observed_completion_ms": 3.411624999999731,
        "continuous_iteration_ms": 2.239084005355835,
        "frame_ms": 2.239084005355835,
        "component_sum_ms": 2.2356250286102295,
        "tick_ms": 0.13783399760723114,
        "dynamic_mesh_ms": 0.9605000019073486,
        "encode_ms": 1.1046669483184814,
        "admission_or_completion_ms": 0.03262399882078171
      },
      {
        "index": 366,
        "started_ms": 5143.888333999999,
        "submitted_ms": 5146.144667,
        "observed_completed_ms": 5149.48825,
        "start_to_observed_completion_ms": 5.599916000001031,
        "submit_to_observed_completion_ms": 3.3435830000007627,
        "continuous_iteration_ms": 2.258500099182129,
        "frame_ms": 2.258500099182129,
        "component_sum_ms": 2.2555830478668213,
        "tick_ms": 0.13895799219608307,
        "dynamic_mesh_ms": 0.9949579834938049,
        "encode_ms": 1.0886250734329224,
        "admission_or_completion_ms": 0.033041998744010925
      },
      {
        "index": 367,
        "started_ms": 5146.146833999999,
        "submitted_ms": 5148.339833999999,
        "observed_completed_ms": 5151.657166999999,
        "start_to_observed_completion_ms": 5.510333000000173,
        "submit_to_observed_completion_ms": 3.3173329999999623,
        "continuous_iteration_ms": 2.1952080726623535,
        "frame_ms": 2.1952080726623535,
        "component_sum_ms": 2.191917896270752,
        "tick_ms": 0.1383340060710907,
        "dynamic_mesh_ms": 0.9807089567184448,
        "encode_ms": 1.0422919988632202,
        "admission_or_completion_ms": 0.03058299981057644
      },
      {
        "index": 368,
        "started_ms": 5148.342042,
        "submitted_ms": 5150.511084,
        "observed_completed_ms": 5154.81575,
        "start_to_observed_completion_ms": 6.473707999999533,
        "submit_to_observed_completion_ms": 4.304665999999997,
        "continuous_iteration_ms": 2.171250104904175,
        "frame_ms": 2.171250104904175,
        "component_sum_ms": 2.1682093143463135,
        "tick_ms": 0.13487499952316284,
        "dynamic_mesh_ms": 0.9792089462280273,
        "encode_ms": 1.022584080696106,
        "admission_or_completion_ms": 0.03154100105166435
      },
      {
        "index": 369,
        "started_ms": 5150.513292000001,
        "submitted_ms": 5152.681459,
        "observed_completed_ms": 5157.113875,
        "start_to_observed_completion_ms": 6.60058299999946,
        "submit_to_observed_completion_ms": 4.432415999999648,
        "continuous_iteration_ms": 2.1702919006347656,
        "frame_ms": 2.1702919006347656,
        "component_sum_ms": 2.1673338413238525,
        "tick_ms": 0.14295899868011475,
        "dynamic_mesh_ms": 0.9680839776992798,
        "encode_ms": 1.0237919092178345,
        "admission_or_completion_ms": 0.03249899670481682
      },
      {
        "index": 370,
        "started_ms": 5152.683584,
        "submitted_ms": 5155.942959,
        "observed_completed_ms": 5159.575625,
        "start_to_observed_completion_ms": 6.892041000000063,
        "submit_to_observed_completion_ms": 3.6326660000004267,
        "continuous_iteration_ms": 3.2628748416900635,
        "frame_ms": 3.2628748416900635,
        "component_sum_ms": 3.2582929134368896,
        "tick_ms": 0.1375419944524765,
        "dynamic_mesh_ms": 0.9357500076293945,
        "encode_ms": 1.126459002494812,
        "admission_or_completion_ms": 1.058542013168335
      },
      {
        "index": 371,
        "started_ms": 5155.946459,
        "submitted_ms": 5158.3727499999995,
        "observed_completed_ms": 5161.917458999999,
        "start_to_observed_completion_ms": 5.970999999999549,
        "submit_to_observed_completion_ms": 3.5447089999997843,
        "continuous_iteration_ms": 2.432666063308716,
        "frame_ms": 2.432666063308716,
        "component_sum_ms": 2.4250850677490234,
        "tick_ms": 0.1473339945077896,
        "dynamic_mesh_ms": 0.9820839762687683,
        "encode_ms": 1.2583329677581787,
        "admission_or_completion_ms": 0.03733399882912636
      },
      {
        "index": 372,
        "started_ms": 5158.3791249999995,
        "submitted_ms": 5160.720375000001,
        "observed_completed_ms": 5164.282834,
        "start_to_observed_completion_ms": 5.903709000000163,
        "submit_to_observed_completion_ms": 3.562458999998853,
        "continuous_iteration_ms": 2.3445420265197754,
        "frame_ms": 2.3445420265197754,
        "component_sum_ms": 2.340040922164917,
        "tick_ms": 0.1429160088300705,
        "dynamic_mesh_ms": 1.0135409832000732,
        "encode_ms": 1.1442079544067383,
        "admission_or_completion_ms": 0.039375998079776764
      },
      {
        "index": 373,
        "started_ms": 5160.723667,
        "submitted_ms": 5163.084459000001,
        "observed_completed_ms": 5166.722375,
        "start_to_observed_completion_ms": 5.998708000000079,
        "submit_to_observed_completion_ms": 3.6379159999996773,
        "continuous_iteration_ms": 2.363208055496216,
        "frame_ms": 2.363208055496216,
        "component_sum_ms": 2.3597500324249268,
        "tick_ms": 0.15229099988937378,
        "dynamic_mesh_ms": 1.0086669921875,
        "encode_ms": 1.1665000915527344,
        "admission_or_completion_ms": 0.03229200094938278
      },
      {
        "index": 374,
        "started_ms": 5163.086875,
        "submitted_ms": 5165.511750000001,
        "observed_completed_ms": 5169.089792000001,
        "start_to_observed_completion_ms": 6.002917000000707,
        "submit_to_observed_completion_ms": 3.578042000000096,
        "continuous_iteration_ms": 2.429708957672119,
        "frame_ms": 2.429708957672119,
        "component_sum_ms": 2.4239580631256104,
        "tick_ms": 0.14220799505710602,
        "dynamic_mesh_ms": 1.0180000066757202,
        "encode_ms": 1.2285830974578857,
        "admission_or_completion_ms": 0.03516700118780136
      },
      {
        "index": 375,
        "started_ms": 5165.516584,
        "submitted_ms": 5167.872042,
        "observed_completed_ms": 5171.455334,
        "start_to_observed_completion_ms": 5.938750000000255,
        "submit_to_observed_completion_ms": 3.583292000000256,
        "continuous_iteration_ms": 2.3589999675750732,
        "frame_ms": 2.3589999675750732,
        "component_sum_ms": 2.3545830249786377,
        "tick_ms": 0.15220899879932404,
        "dynamic_mesh_ms": 1.014415979385376,
        "encode_ms": 1.1492499113082886,
        "admission_or_completion_ms": 0.038708001375198364
      },
      {
        "index": 376,
        "started_ms": 5167.875584,
        "submitted_ms": 5170.201042000001,
        "observed_completed_ms": 5173.802792,
        "start_to_observed_completion_ms": 5.927208000000064,
        "submit_to_observed_completion_ms": 3.601749999999811,
        "continuous_iteration_ms": 2.328624963760376,
        "frame_ms": 2.328624963760376,
        "component_sum_ms": 2.324291944503784,
        "tick_ms": 0.15641699731349945,
        "dynamic_mesh_ms": 1.0234999656677246,
        "encode_ms": 1.1107920408248901,
        "admission_or_completion_ms": 0.03358300030231476
      },
      {
        "index": 377,
        "started_ms": 5170.2042089999995,
        "submitted_ms": 5172.574791999999,
        "observed_completed_ms": 5176.276584,
        "start_to_observed_completion_ms": 6.072375000000648,
        "submit_to_observed_completion_ms": 3.7017920000007507,
        "continuous_iteration_ms": 2.372875213623047,
        "frame_ms": 2.372875213623047,
        "component_sum_ms": 2.3696658611297607,
        "tick_ms": 0.15279100835323334,
        "dynamic_mesh_ms": 1.051542043685913,
        "encode_ms": 1.118791937828064,
        "admission_or_completion_ms": 0.0465410016477108
      },
      {
        "index": 378,
        "started_ms": 5172.5770840000005,
        "submitted_ms": 5175.0505,
        "observed_completed_ms": 5178.622667,
        "start_to_observed_completion_ms": 6.045582999999169,
        "submit_to_observed_completion_ms": 3.5721669999993537,
        "continuous_iteration_ms": 2.4767909049987793,
        "frame_ms": 2.4767909049987793,
        "component_sum_ms": 2.472500801086426,
        "tick_ms": 0.14716699719429016,
        "dynamic_mesh_ms": 1.0432089567184448,
        "encode_ms": 1.2472909688949585,
        "admission_or_completion_ms": 0.03483400121331215
      },
      {
        "index": 379,
        "started_ms": 5175.053875,
        "submitted_ms": 5177.400167,
        "observed_completed_ms": 5180.995583999999,
        "start_to_observed_completion_ms": 5.941708999999719,
        "submit_to_observed_completion_ms": 3.595416999999543,
        "continuous_iteration_ms": 2.3486251831054688,
        "frame_ms": 2.3486251831054688,
        "component_sum_ms": 2.345499038696289,
        "tick_ms": 0.14858299493789673,
        "dynamic_mesh_ms": 1.0340410470962524,
        "encode_ms": 1.1232500076293945,
        "admission_or_completion_ms": 0.03962500020861626
      },
      {
        "index": 380,
        "started_ms": 5177.4025,
        "submitted_ms": 5179.7915,
        "observed_completed_ms": 5183.534667,
        "start_to_observed_completion_ms": 6.132166999999754,
        "submit_to_observed_completion_ms": 3.74316699999963,
        "continuous_iteration_ms": 2.3918750286102295,
        "frame_ms": 2.3918750286102295,
        "component_sum_ms": 2.3881258964538574,
        "tick_ms": 0.1441670060157776,
        "dynamic_mesh_ms": 1.0437920093536377,
        "encode_ms": 1.1684579849243164,
        "admission_or_completion_ms": 0.03170899674296379
      },
      {
        "index": 381,
        "started_ms": 5179.794375,
        "submitted_ms": 5182.308917,
        "observed_completed_ms": 5185.84175,
        "start_to_observed_completion_ms": 6.047374999999192,
        "submit_to_observed_completion_ms": 3.5328329999993002,
        "continuous_iteration_ms": 2.5180420875549316,
        "frame_ms": 2.5180420875549316,
        "component_sum_ms": 2.513582944869995,
        "tick_ms": 0.1474590003490448,
        "dynamic_mesh_ms": 1.0205830335617065,
        "encode_ms": 1.312999963760376,
        "admission_or_completion_ms": 0.032541003078222275
      },
      {
        "index": 382,
        "started_ms": 5182.312417,
        "submitted_ms": 5184.661084,
        "observed_completed_ms": 5189.719625000001,
        "start_to_observed_completion_ms": 7.407208000000537,
        "submit_to_observed_completion_ms": 5.058541000000332,
        "continuous_iteration_ms": 2.351207971572876,
        "frame_ms": 2.351207971572876,
        "component_sum_ms": 2.347377061843872,
        "tick_ms": 0.14958399534225464,
        "dynamic_mesh_ms": 1.0384999513626099,
        "encode_ms": 1.125959038734436,
        "admission_or_completion_ms": 0.033334001898765564
      },
      {
        "index": 383,
        "started_ms": 5184.663625,
        "submitted_ms": 5186.988625,
        "observed_completed_ms": 5191.000167,
        "start_to_observed_completion_ms": 6.336542000000009,
        "submit_to_observed_completion_ms": 4.0115420000001905,
        "continuous_iteration_ms": 2.3282501697540283,
        "frame_ms": 2.3282501697540283,
        "component_sum_ms": 2.324084997177124,
        "tick_ms": 0.14520899951457977,
        "dynamic_mesh_ms": 1.0012919902801514,
        "encode_ms": 1.1465829610824585,
        "admission_or_completion_ms": 0.031001001596450806
      },
      {
        "index": 384,
        "started_ms": 5186.991875000001,
        "submitted_ms": 5191.00125,
        "observed_completed_ms": 5193.3865,
        "start_to_observed_completion_ms": 6.394624999998996,
        "submit_to_observed_completion_ms": 2.3852499999993597,
        "continuous_iteration_ms": 4.012709140777588,
        "frame_ms": 4.012709140777588,
        "component_sum_ms": 4.008001327514648,
        "tick_ms": 0.14420899748802185,
        "dynamic_mesh_ms": 1.0293749570846558,
        "encode_ms": 1.2812910079956055,
        "admission_or_completion_ms": 1.5531260967254639
      },
      {
        "index": 385,
        "started_ms": 5191.004584,
        "submitted_ms": 5193.3869589999995,
        "observed_completed_ms": 5196.971459,
        "start_to_observed_completion_ms": 5.966875000000073,
        "submit_to_observed_completion_ms": 3.584500000000844,
        "continuous_iteration_ms": 2.38462495803833,
        "frame_ms": 2.38462495803833,
        "component_sum_ms": 2.380999803543091,
        "tick_ms": 0.15483300387859344,
        "dynamic_mesh_ms": 1.0112919807434082,
        "encode_ms": 1.21445894241333,
        "admission_or_completion_ms": 0.00041599999531172216
      },
      {
        "index": 386,
        "started_ms": 5193.389209,
        "submitted_ms": 5195.68725,
        "observed_completed_ms": 5199.390625,
        "start_to_observed_completion_ms": 6.001416000000063,
        "submit_to_observed_completion_ms": 3.703375000000051,
        "continuous_iteration_ms": 2.3020830154418945,
        "frame_ms": 2.3020830154418945,
        "component_sum_ms": 2.2971251010894775,
        "tick_ms": 0.1500840038061142,
        "dynamic_mesh_ms": 0.9952910542488098,
        "encode_ms": 1.1510000228881836,
        "admission_or_completion_ms": 0.000750000006519258
      },
      {
        "index": 387,
        "started_ms": 5195.691292,
        "submitted_ms": 5198.141041999999,
        "observed_completed_ms": 5201.9037499999995,
        "start_to_observed_completion_ms": 6.21245799999906,
        "submit_to_observed_completion_ms": 3.7627080000002024,
        "continuous_iteration_ms": 2.452291965484619,
        "frame_ms": 2.452291965484619,
        "component_sum_ms": 2.448791980743408,
        "tick_ms": 0.16599999368190765,
        "dynamic_mesh_ms": 1.0789169073104858,
        "encode_ms": 1.1690829992294312,
        "admission_or_completion_ms": 0.03479200229048729
      },
      {
        "index": 388,
        "started_ms": 5198.143584,
        "submitted_ms": 5200.675792,
        "observed_completed_ms": 5204.342209,
        "start_to_observed_completion_ms": 6.198624999999993,
        "submit_to_observed_completion_ms": 3.666417000000365,
        "continuous_iteration_ms": 2.5361249446868896,
        "frame_ms": 2.5361249446868896,
        "component_sum_ms": 2.5307509899139404,
        "tick_ms": 0.14383399486541748,
        "dynamic_mesh_ms": 1.0610419511795044,
        "encode_ms": 1.2845829725265503,
        "admission_or_completion_ms": 0.04129200056195259
      },
      {
        "index": 389,
        "started_ms": 5200.679709,
        "submitted_ms": 5203.112083999999,
        "observed_completed_ms": 5206.774834,
        "start_to_observed_completion_ms": 6.095124999999825,
        "submit_to_observed_completion_ms": 3.6627500000004147,
        "continuous_iteration_ms": 2.4351658821105957,
        "frame_ms": 2.4351658821105957,
        "component_sum_ms": 2.4310860633850098,
        "tick_ms": 0.1525840014219284,
        "dynamic_mesh_ms": 1.035209059715271,
        "encode_ms": 1.2079590559005737,
        "admission_or_completion_ms": 0.03533399850130081
      },
      {
        "index": 390,
        "started_ms": 5203.114875,
        "submitted_ms": 5205.530417,
        "observed_completed_ms": 5209.483584,
        "start_to_observed_completion_ms": 6.368708999999399,
        "submit_to_observed_completion_ms": 3.9531669999996666,
        "continuous_iteration_ms": 2.417541980743408,
        "frame_ms": 2.417541980743408,
        "component_sum_ms": 2.4144182205200195,
        "tick_ms": 0.16133399307727814,
        "dynamic_mesh_ms": 1.0298750400543213,
        "encode_ms": 1.1877920627593994,
        "admission_or_completion_ms": 0.03541700169444084
      },
      {
        "index": 391,
        "started_ms": 5205.532416999999,
        "submitted_ms": 5208.233709,
        "observed_completed_ms": 5211.9095,
        "start_to_observed_completion_ms": 6.377083000000312,
        "submit_to_observed_completion_ms": 3.6757909999996627,
        "continuous_iteration_ms": 2.7057080268859863,
        "frame_ms": 2.7057080268859863,
        "component_sum_ms": 2.7000410556793213,
        "tick_ms": 0.14350000023841858,
        "dynamic_mesh_ms": 1.0612080097198486,
        "encode_ms": 1.4585000276565552,
        "admission_or_completion_ms": 0.03683299943804741
      },
      {
        "index": 392,
        "started_ms": 5208.238125,
        "submitted_ms": 5210.691125,
        "observed_completed_ms": 5214.395041999999,
        "start_to_observed_completion_ms": 6.156916999999339,
        "submit_to_observed_completion_ms": 3.70391699999891,
        "continuous_iteration_ms": 2.4564590454101562,
        "frame_ms": 2.4564590454101562,
        "component_sum_ms": 2.451539993286133,
        "tick_ms": 0.1480409950017929,
        "dynamic_mesh_ms": 1.0584160089492798,
        "encode_ms": 1.207082986831665,
        "admission_or_completion_ms": 0.03799999877810478
      },
      {
        "index": 393,
        "started_ms": 5210.694584,
        "submitted_ms": 5213.1804170000005,
        "observed_completed_ms": 5216.959792,
        "start_to_observed_completion_ms": 6.265207999999802,
        "submit_to_observed_completion_ms": 3.7793749999991633,
        "continuous_iteration_ms": 2.488790988922119,
        "frame_ms": 2.488790988922119,
        "component_sum_ms": 2.4845831394195557,
        "tick_ms": 0.15299999713897705,
        "dynamic_mesh_ms": 1.0295830965042114,
        "encode_ms": 1.2704579830169678,
        "admission_or_completion_ms": 0.03154199942946434
      },
      {
        "index": 394,
        "started_ms": 5213.183375,
        "submitted_ms": 5215.72375,
        "observed_completed_ms": 5219.401417,
        "start_to_observed_completion_ms": 6.218042000000423,
        "submit_to_observed_completion_ms": 3.6776669999999285,
        "continuous_iteration_ms": 2.545417070388794,
        "frame_ms": 2.545417070388794,
        "component_sum_ms": 2.539083957672119,
        "tick_ms": 0.1434589922428131,
        "dynamic_mesh_ms": 1.0369999408721924,
        "encode_ms": 1.328374981880188,
        "admission_or_completion_ms": 0.030249999836087227
      },
      {
        "index": 395,
        "started_ms": 5215.728792,
        "submitted_ms": 5218.168584,
        "observed_completed_ms": 5221.799542000001,
        "start_to_observed_completion_ms": 6.070750000000771,
        "submit_to_observed_completion_ms": 3.6309580000006463,
        "continuous_iteration_ms": 2.4427080154418945,
        "frame_ms": 2.4427080154418945,
        "component_sum_ms": 2.4381251335144043,
        "tick_ms": 0.1511249989271164,
        "dynamic_mesh_ms": 1.0425420999526978,
        "encode_ms": 1.2084170579910278,
        "admission_or_completion_ms": 0.03604099899530411
      },
      {
        "index": 396,
        "started_ms": 5218.1715,
        "submitted_ms": 5220.596875,
        "observed_completed_ms": 5224.319291999999,
        "start_to_observed_completion_ms": 6.147791999998844,
        "submit_to_observed_completion_ms": 3.722416999999041,
        "continuous_iteration_ms": 2.428375005722046,
        "frame_ms": 2.428375005722046,
        "component_sum_ms": 2.424041986465454,
        "tick_ms": 0.1477919965982437,
        "dynamic_mesh_ms": 1.0499169826507568,
        "encode_ms": 1.1950830221176147,
        "admission_or_completion_ms": 0.0312500037252903
      },
      {
        "index": 397,
        "started_ms": 5220.599875,
        "submitted_ms": 5223.058792,
        "observed_completed_ms": 5226.781,
        "start_to_observed_completion_ms": 6.1811250000000655,
        "submit_to_observed_completion_ms": 3.722208000000137,
        "continuous_iteration_ms": 2.4610419273376465,
        "frame_ms": 2.4610419273376465,
        "component_sum_ms": 2.45733380317688,
        "tick_ms": 0.14474999904632568,
        "dynamic_mesh_ms": 1.0173749923706055,
        "encode_ms": 1.2590419054031372,
        "admission_or_completion_ms": 0.03616700321435928
      },
      {
        "index": 398,
        "started_ms": 5223.060917,
        "submitted_ms": 5225.563292000001,
        "observed_completed_ms": 5229.252584,
        "start_to_observed_completion_ms": 6.191667000000052,
        "submit_to_observed_completion_ms": 3.6892919999991136,
        "continuous_iteration_ms": 2.5054168701171875,
        "frame_ms": 2.5054168701171875,
        "component_sum_ms": 2.5004990100860596,
        "tick_ms": 0.171207994222641,
        "dynamic_mesh_ms": 1.0418329238891602,
        "encode_ms": 1.243583083152771,
        "admission_or_completion_ms": 0.04387500137090683
      },
      {
        "index": 399,
        "started_ms": 5225.566334,
        "submitted_ms": 5228.010709,
        "observed_completed_ms": 5233.264375,
        "start_to_observed_completion_ms": 7.698040999999648,
        "submit_to_observed_completion_ms": 5.253665999999612,
        "continuous_iteration_ms": 2.4472501277923584,
        "frame_ms": 2.4472501277923584,
        "component_sum_ms": 2.4427921772003174,
        "tick_ms": 0.1452919989824295,
        "dynamic_mesh_ms": 1.0327500104904175,
        "encode_ms": 1.229417085647583,
        "admission_or_completion_ms": 0.035333000123500824
      },
      {
        "index": 400,
        "started_ms": 5228.013584,
        "submitted_ms": 5230.53,
        "observed_completed_ms": 5234.540667,
        "start_to_observed_completion_ms": 6.527082999999948,
        "submit_to_observed_completion_ms": 4.010667000000467,
        "continuous_iteration_ms": 2.518415927886963,
        "frame_ms": 2.518415927886963,
        "component_sum_ms": 2.514833927154541,
        "tick_ms": 0.14966699481010437,
        "dynamic_mesh_ms": 1.0527499914169312,
        "encode_ms": 1.2771660089492798,
        "admission_or_completion_ms": 0.03525099903345108
      },
      {
        "index": 401,
        "started_ms": 5230.532,
        "submitted_ms": 5234.54175,
        "observed_completed_ms": 5240.956292,
        "start_to_observed_completion_ms": 10.424291999999696,
        "submit_to_observed_completion_ms": 6.414541999999528,
        "continuous_iteration_ms": 4.013250350952148,
        "frame_ms": 4.013250350952148,
        "component_sum_ms": 4.008499622344971,
        "tick_ms": 0.14420799911022186,
        "dynamic_mesh_ms": 1.0339999198913574,
        "encode_ms": 1.277082920074463,
        "admission_or_completion_ms": 1.5532089471817017
      },
      {
        "index": 402,
        "started_ms": 5234.54525,
        "submitted_ms": 5236.986667,
        "observed_completed_ms": 5240.956959,
        "start_to_observed_completion_ms": 6.4117089999999735,
        "submit_to_observed_completion_ms": 3.970291999999972,
        "continuous_iteration_ms": 2.443834066390991,
        "frame_ms": 2.443834066390991,
        "component_sum_ms": 2.4398748874664307,
        "tick_ms": 0.1616249978542328,
        "dynamic_mesh_ms": 1.0413750410079956,
        "encode_ms": 1.2363330125808716,
        "admission_or_completion_ms": 0.0005419999943114817
      },
      {
        "index": 403,
        "started_ms": 5236.989084,
        "submitted_ms": 5243.423792,
        "observed_completed_ms": 5246.860542,
        "start_to_observed_completion_ms": 9.87145800000053,
        "submit_to_observed_completion_ms": 3.4367500000007567,
        "continuous_iteration_ms": 6.439665794372559,
        "frame_ms": 6.439665794372559,
        "component_sum_ms": 6.432001113891602,
        "tick_ms": 2.280458927154541,
        "dynamic_mesh_ms": 1.6161670684814453,
        "encode_ms": 2.4663331508636475,
        "admission_or_completion_ms": 0.06904200464487076
      },
      {
        "index": 404,
        "started_ms": 5243.42875,
        "submitted_ms": 5247.482209,
        "observed_completed_ms": 5250.786333999999,
        "start_to_observed_completion_ms": 7.357583999999406,
        "submit_to_observed_completion_ms": 3.304124999999658,
        "continuous_iteration_ms": 4.056458950042725,
        "frame_ms": 4.056458950042725,
        "component_sum_ms": 4.050707817077637,
        "tick_ms": 1.527540922164917,
        "dynamic_mesh_ms": 1.051374912261963,
        "encode_ms": 1.4710420370101929,
        "admission_or_completion_ms": 0.000750000006519258
      },
      {
        "index": 405,
        "started_ms": 5247.4852089999995,
        "submitted_ms": 5253.045167,
        "observed_completed_ms": 5256.6581670000005,
        "start_to_observed_completion_ms": 9.172958000001017,
        "submit_to_observed_completion_ms": 3.6130000000002838,
        "continuous_iteration_ms": 5.5642499923706055,
        "frame_ms": 5.5642499923706055,
        "component_sum_ms": 5.5571675300598145,
        "tick_ms": 2.2113749980926514,
        "dynamic_mesh_ms": 1.0570839643478394,
        "encode_ms": 2.258166790008545,
        "admission_or_completion_ms": 0.030542001128196716
      },
      {
        "index": 406,
        "started_ms": 5253.049459,
        "submitted_ms": 5258.973667,
        "observed_completed_ms": 5262.978709,
        "start_to_observed_completion_ms": 9.929250000000138,
        "submit_to_observed_completion_ms": 4.005041999999776,
        "continuous_iteration_ms": 5.928625106811523,
        "frame_ms": 5.928625106811523,
        "component_sum_ms": 5.9214582443237305,
        "tick_ms": 2.459791898727417,
        "dynamic_mesh_ms": 1.1210410594940186,
        "encode_ms": 2.3148748874664307,
        "admission_or_completion_ms": 0.025750000029802322
      },
      {
        "index": 407,
        "started_ms": 5258.978083999999,
        "submitted_ms": 5265.607709,
        "observed_completed_ms": 5268.857875,
        "start_to_observed_completion_ms": 9.879791000000296,
        "submit_to_observed_completion_ms": 3.2501659999998083,
        "continuous_iteration_ms": 6.6340413093566895,
        "frame_ms": 6.6340413093566895,
        "component_sum_ms": 6.625707626342773,
        "tick_ms": 2.747541904449463,
        "dynamic_mesh_ms": 1.218999981880188,
        "encode_ms": 2.628041982650757,
        "admission_or_completion_ms": 0.031124001368880272
      },
      {
        "index": 408,
        "started_ms": 5265.612125,
        "submitted_ms": 5270.485625,
        "observed_completed_ms": 5274.444375,
        "start_to_observed_completion_ms": 8.832250000000386,
        "submit_to_observed_completion_ms": 3.9587499999997817,
        "continuous_iteration_ms": 4.877083778381348,
        "frame_ms": 4.877083778381348,
        "component_sum_ms": 4.869956970214844,
        "tick_ms": 2.141624927520752,
        "dynamic_mesh_ms": 1.073457956314087,
        "encode_ms": 1.627040982246399,
        "admission_or_completion_ms": 0.0278329998254776
      },
      {
        "index": 409,
        "started_ms": 5270.489209,
        "submitted_ms": 5275.181042,
        "observed_completed_ms": 5278.655667,
        "start_to_observed_completion_ms": 8.166457999999693,
        "submit_to_observed_completion_ms": 3.4746249999998327,
        "continuous_iteration_ms": 4.695749759674072,
        "frame_ms": 4.695749759674072,
        "component_sum_ms": 4.688541889190674,
        "tick_ms": 1.886375069618225,
        "dynamic_mesh_ms": 1.1675000190734863,
        "encode_ms": 1.6337919235229492,
        "admission_or_completion_ms": 0.0008750000270083547
      },
      {
        "index": 410,
        "started_ms": 5275.184959,
        "submitted_ms": 5279.406334,
        "observed_completed_ms": 5282.7675420000005,
        "start_to_observed_completion_ms": 7.582583000000341,
        "submit_to_observed_completion_ms": 3.3612080000002607,
        "continuous_iteration_ms": 4.226624965667725,
        "frame_ms": 4.226624965667725,
        "component_sum_ms": 4.21829080581665,
        "tick_ms": 1.4530409574508667,
        "dynamic_mesh_ms": 1.0887919664382935,
        "encode_ms": 1.6755419969558716,
        "admission_or_completion_ms": 0.0009159999899566174
      },
      {
        "index": 411,
        "started_ms": 5279.411584,
        "submitted_ms": 5283.479959,
        "observed_completed_ms": 5286.792792,
        "start_to_observed_completion_ms": 7.381207999999788,
        "submit_to_observed_completion_ms": 3.312832999999955,
        "continuous_iteration_ms": 4.071083068847656,
        "frame_ms": 4.071083068847656,
        "component_sum_ms": 4.0649590492248535,
        "tick_ms": 1.37624990940094,
        "dynamic_mesh_ms": 1.1007500886917114,
        "encode_ms": 1.5870840549468994,
        "admission_or_completion_ms": 0.0008750000270083547
      },
      {
        "index": 412,
        "started_ms": 5283.482667,
        "submitted_ms": 5287.479375,
        "observed_completed_ms": 5290.922042,
        "start_to_observed_completion_ms": 7.439374999999927,
        "submit_to_observed_completion_ms": 3.442667000000256,
        "continuous_iteration_ms": 4.001667022705078,
        "frame_ms": 4.001667022705078,
        "component_sum_ms": 3.9942920207977295,
        "tick_ms": 1.2943750619888306,
        "dynamic_mesh_ms": 1.0820000171661377,
        "encode_ms": 1.616582989692688,
        "admission_or_completion_ms": 0.0013340000296011567
      },
      {
        "index": 413,
        "started_ms": 5287.484334,
        "submitted_ms": 5291.65725,
        "observed_completed_ms": 5300.849459,
        "start_to_observed_completion_ms": 13.365125000000262,
        "submit_to_observed_completion_ms": 9.19220899999982,
        "continuous_iteration_ms": 4.176290988922119,
        "frame_ms": 4.176290988922119,
        "component_sum_ms": 4.169332981109619,
        "tick_ms": 1.281000018119812,
        "dynamic_mesh_ms": 1.0977500677108765,
        "encode_ms": 1.789415955543518,
        "admission_or_completion_ms": 0.001167000038549304
      },
      {
        "index": 414,
        "started_ms": 5291.660625,
        "submitted_ms": 5304.36725,
        "observed_completed_ms": 5311.7903750000005,
        "start_to_observed_completion_ms": 20.129750000000058,
        "submit_to_observed_completion_ms": 7.423125000000255,
        "continuous_iteration_ms": 12.715374946594238,
        "frame_ms": 12.715374946594238,
        "component_sum_ms": 12.702999114990234,
        "tick_ms": 6.827415943145752,
        "dynamic_mesh_ms": 2.3248331546783447,
        "encode_ms": 3.5172910690307617,
        "admission_or_completion_ms": 0.033459000289440155
      },
      {
        "index": 415,
        "started_ms": 5304.375999999999,
        "submitted_ms": 5315.474042,
        "observed_completed_ms": 5323.0465,
        "start_to_observed_completion_ms": 18.670500000001084,
        "submit_to_observed_completion_ms": 7.572458000000552,
        "continuous_iteration_ms": 11.103499412536621,
        "frame_ms": 11.103499412536621,
        "component_sum_ms": 11.092999458312988,
        "tick_ms": 6.2382917404174805,
        "dynamic_mesh_ms": 1.1345829963684082,
        "encode_ms": 3.6827919483184814,
        "admission_or_completion_ms": 0.03733300045132637
      },
      {
        "index": 416,
        "started_ms": 5315.4795,
        "submitted_ms": 5326.728417,
        "observed_completed_ms": 5334.869792,
        "start_to_observed_completion_ms": 19.390292000000045,
        "submit_to_observed_completion_ms": 8.141375000000153,
        "continuous_iteration_ms": 11.25491714477539,
        "frame_ms": 11.25491714477539,
        "component_sum_ms": 11.244376182556152,
        "tick_ms": 6.382583141326904,
        "dynamic_mesh_ms": 1.1437090635299683,
        "encode_ms": 3.6814169883728027,
        "admission_or_completion_ms": 0.036667000502347946
      },
      {
        "index": 417,
        "started_ms": 5326.734417,
        "submitted_ms": 5338.3475,
        "observed_completed_ms": 5347.362084,
        "start_to_observed_completion_ms": 20.627667000000656,
        "submit_to_observed_completion_ms": 9.014584000000468,
        "continuous_iteration_ms": 11.618874549865723,
        "frame_ms": 11.618874549865723,
        "component_sum_ms": 11.609125137329102,
        "tick_ms": 6.968625068664551,
        "dynamic_mesh_ms": 1.1206669807434082,
        "encode_ms": 3.476207971572876,
        "admission_or_completion_ms": 0.04362500086426735
      },
      {
        "index": 418,
        "started_ms": 5338.353292,
        "submitted_ms": 5351.5331670000005,
        "observed_completed_ms": 5361.595917,
        "start_to_observed_completion_ms": 23.24262499999986,
        "submit_to_observed_completion_ms": 10.062749999999141,
        "continuous_iteration_ms": 13.186750411987305,
        "frame_ms": 13.186750411987305,
        "component_sum_ms": 13.175832748413086,
        "tick_ms": 7.833791732788086,
        "dynamic_mesh_ms": 1.1287919282913208,
        "encode_ms": 4.170374870300293,
        "admission_or_completion_ms": 0.04287400096654892
      },
      {
        "index": 419,
        "started_ms": 5351.540042,
        "submitted_ms": 5365.917625,
        "observed_completed_ms": 5375.999667,
        "start_to_observed_completion_ms": 24.459625000000415,
        "submit_to_observed_completion_ms": 10.082042000000001,
        "continuous_iteration_ms": 14.384208679199219,
        "frame_ms": 14.384208679199219,
        "component_sum_ms": 14.373124122619629,
        "tick_ms": 8.860875129699707,
        "dynamic_mesh_ms": 1.1489160060882568,
        "encode_ms": 4.320915699005127,
        "admission_or_completion_ms": 0.042417000979185104
      },
      {
        "index": 420,
        "started_ms": 5365.92425,
        "submitted_ms": 5378.303459,
        "observed_completed_ms": 5387.363584,
        "start_to_observed_completion_ms": 21.43933399999969,
        "submit_to_observed_completion_ms": 9.060124999999971,
        "continuous_iteration_ms": 12.388958930969238,
        "frame_ms": 12.388958930969238,
        "component_sum_ms": 12.374500274658203,
        "tick_ms": 8.891791343688965,
        "dynamic_mesh_ms": 1.1352078914642334,
        "encode_ms": 2.3031251430511475,
        "admission_or_completion_ms": 0.04437499865889549
      },
      {
        "index": 421,
        "started_ms": 5378.313209,
        "submitted_ms": 5389.647667,
        "observed_completed_ms": 5398.387,
        "start_to_observed_completion_ms": 20.0737909999998,
        "submit_to_observed_completion_ms": 8.739332999999533,
        "continuous_iteration_ms": 11.339875221252441,
        "frame_ms": 11.339875221252441,
        "component_sum_ms": 11.329916954040527,
        "tick_ms": 7.9030842781066895,
        "dynamic_mesh_ms": 1.1064170598983765,
        "encode_ms": 2.2833750247955322,
        "admission_or_completion_ms": 0.03704100102186203
      },
      {
        "index": 422,
        "started_ms": 5389.653084,
        "submitted_ms": 5400.6717499999995,
        "observed_completed_ms": 5409.021874999999,
        "start_to_observed_completion_ms": 19.368790999999874,
        "submit_to_observed_completion_ms": 8.350124999999935,
        "continuous_iteration_ms": 11.023665428161621,
        "frame_ms": 11.023665428161621,
        "component_sum_ms": 11.013543128967285,
        "tick_ms": 7.563834190368652,
        "dynamic_mesh_ms": 1.130416989326477,
        "encode_ms": 2.284083127975464,
        "admission_or_completion_ms": 0.03520900011062622
      },
      {
        "index": 423,
        "started_ms": 5400.67675,
        "submitted_ms": 5411.284917,
        "observed_completed_ms": 5419.204792,
        "start_to_observed_completion_ms": 18.528042000000823,
        "submit_to_observed_completion_ms": 7.919875000000502,
        "continuous_iteration_ms": 10.614416122436523,
        "frame_ms": 10.614416122436523,
        "component_sum_ms": 10.603251457214355,
        "tick_ms": 7.157375335693359,
        "dynamic_mesh_ms": 1.1301250457763672,
        "encode_ms": 2.26229190826416,
        "admission_or_completion_ms": 0.05345899611711502
      },
      {
        "index": 424,
        "started_ms": 5411.291167,
        "submitted_ms": 5421.532209000001,
        "observed_completed_ms": 5428.827459,
        "start_to_observed_completion_ms": 17.536291999999776,
        "submit_to_observed_completion_ms": 7.295249999999214,
        "continuous_iteration_ms": 10.249082565307617,
        "frame_ms": 10.249082565307617,
        "component_sum_ms": 10.236373901367188,
        "tick_ms": 6.777083873748779,
        "dynamic_mesh_ms": 1.0921660661697388,
        "encode_ms": 2.3265838623046875,
        "admission_or_completion_ms": 0.04054100066423416
      },
      {
        "index": 425,
        "started_ms": 5421.54025,
        "submitted_ms": 5430.99,
        "observed_completed_ms": 5437.802917,
        "start_to_observed_completion_ms": 16.262666999999965,
        "submit_to_observed_completion_ms": 6.812917000000198,
        "continuous_iteration_ms": 9.454750061035156,
        "frame_ms": 9.454750061035156,
        "component_sum_ms": 9.445292472839355,
        "tick_ms": 6.170083999633789,
        "dynamic_mesh_ms": 1.07908296585083,
        "encode_ms": 2.161707878112793,
        "admission_or_completion_ms": 0.03441699966788292
      },
      {
        "index": 426,
        "started_ms": 5430.995,
        "submitted_ms": 5440.206749999999,
        "observed_completed_ms": 5446.725209,
        "start_to_observed_completion_ms": 15.730209000000286,
        "submit_to_observed_completion_ms": 6.518459000000803,
        "continuous_iteration_ms": 9.2177095413208,
        "frame_ms": 9.2177095413208,
        "component_sum_ms": 9.207124710083008,
        "tick_ms": 5.636209011077881,
        "dynamic_mesh_ms": 1.1293330192565918,
        "encode_ms": 2.4028329849243164,
        "admission_or_completion_ms": 0.038750000298023224
      },
      {
        "index": 427,
        "started_ms": 5440.212708999999,
        "submitted_ms": 5449.056542,
        "observed_completed_ms": 5455.245125,
        "start_to_observed_completion_ms": 15.032416000000921,
        "submit_to_observed_completion_ms": 6.188583000000108,
        "continuous_iteration_ms": 8.84958267211914,
        "frame_ms": 8.84958267211914,
        "component_sum_ms": 8.839458465576172,
        "tick_ms": 5.3447089195251465,
        "dynamic_mesh_ms": 1.1138330698013306,
        "encode_ms": 2.330749988555908,
        "admission_or_completion_ms": 0.05016700178384781
      },
      {
        "index": 428,
        "started_ms": 5449.062292,
        "submitted_ms": 5457.654209,
        "observed_completed_ms": 5463.315041999999,
        "start_to_observed_completion_ms": 14.25274999999965,
        "submit_to_observed_completion_ms": 5.660832999999002,
        "continuous_iteration_ms": 8.59708309173584,
        "frame_ms": 8.59708309173584,
        "component_sum_ms": 8.586666107177734,
        "tick_ms": 4.986083030700684,
        "dynamic_mesh_ms": 1.145833969116211,
        "encode_ms": 2.407416820526123,
        "admission_or_completion_ms": 0.0473329983651638
      },
      {
        "index": 429,
        "started_ms": 5457.659375,
        "submitted_ms": 5465.520584,
        "observed_completed_ms": 5470.9950420000005,
        "start_to_observed_completion_ms": 13.335667000000285,
        "submit_to_observed_completion_ms": 5.474458000000595,
        "continuous_iteration_ms": 7.866499900817871,
        "frame_ms": 7.866499900817871,
        "component_sum_ms": 7.857166290283203,
        "tick_ms": 4.489665985107422,
        "dynamic_mesh_ms": 1.1283749341964722,
        "encode_ms": 2.2045838832855225,
        "admission_or_completion_ms": 0.03454099968075752
      },
      {
        "index": 430,
        "started_ms": 5465.525875,
        "submitted_ms": 5473.343334,
        "observed_completed_ms": 5478.822334,
        "start_to_observed_completion_ms": 13.29645900000014,
        "submit_to_observed_completion_ms": 5.479000000000269,
        "continuous_iteration_ms": 7.82241678237915,
        "frame_ms": 7.82241678237915,
        "component_sum_ms": 7.812749862670898,
        "tick_ms": 4.313875198364258,
        "dynamic_mesh_ms": 1.1148749589920044,
        "encode_ms": 2.347416877746582,
        "admission_or_completion_ms": 0.03658299893140793
      },
      {
        "index": 431,
        "started_ms": 5473.348292,
        "submitted_ms": 5480.979792,
        "observed_completed_ms": 5486.610542,
        "start_to_observed_completion_ms": 13.262250000000677,
        "submit_to_observed_completion_ms": 5.630750000000262,
        "continuous_iteration_ms": 7.636792182922363,
        "frame_ms": 7.636792182922363,
        "component_sum_ms": 7.627042293548584,
        "tick_ms": 4.3414998054504395,
        "dynamic_mesh_ms": 1.091709017753601,
        "encode_ms": 2.156791925430298,
        "admission_or_completion_ms": 0.03704100102186203
      },
      {
        "index": 432,
        "started_ms": 5480.985084,
        "submitted_ms": 5488.985624999999,
        "observed_completed_ms": 5494.231959000001,
        "start_to_observed_completion_ms": 13.246875000000728,
        "submit_to_observed_completion_ms": 5.246334000001298,
        "continuous_iteration_ms": 8.005374908447266,
        "frame_ms": 8.005374908447266,
        "component_sum_ms": 7.995208263397217,
        "tick_ms": 4.4584174156188965,
        "dynamic_mesh_ms": 1.123540997505188,
        "encode_ms": 2.374375104904175,
        "admission_or_completion_ms": 0.038874998688697815
      },
      {
        "index": 433,
        "started_ms": 5488.990459,
        "submitted_ms": 5496.520542,
        "observed_completed_ms": 5501.839,
        "start_to_observed_completion_ms": 12.848541000000296,
        "submit_to_observed_completion_ms": 5.318457999999737,
        "continuous_iteration_ms": 7.536416053771973,
        "frame_ms": 7.536416053771973,
        "component_sum_ms": 7.52433443069458,
        "tick_ms": 4.051334381103516,
        "dynamic_mesh_ms": 1.141124963760376,
        "encode_ms": 2.2877919673919678,
        "admission_or_completion_ms": 0.04408300295472145
      },
      {
        "index": 434,
        "started_ms": 5496.526875,
        "submitted_ms": 5504.100167,
        "observed_completed_ms": 5509.2985419999995,
        "start_to_observed_completion_ms": 12.77166699999998,
        "submit_to_observed_completion_ms": 5.198374999999942,
        "continuous_iteration_ms": 7.577333927154541,
        "frame_ms": 7.577333927154541,
        "component_sum_ms": 7.567790985107422,
        "tick_ms": 4.1319580078125,
        "dynamic_mesh_ms": 1.141124963760376,
        "encode_ms": 2.2602500915527344,
        "admission_or_completion_ms": 0.03445800021290779
      },
      {
        "index": 435,
        "started_ms": 5504.104209,
        "submitted_ms": 5511.492792,
        "observed_completed_ms": 5516.661792,
        "start_to_observed_completion_ms": 12.557582999999795,
        "submit_to_observed_completion_ms": 5.168999999999869,
        "continuous_iteration_ms": 7.39395809173584,
        "frame_ms": 7.39395809173584,
        "component_sum_ms": 7.383790969848633,
        "tick_ms": 4.026333808898926,
        "dynamic_mesh_ms": 1.12929105758667,
        "encode_ms": 2.1935830116271973,
        "admission_or_completion_ms": 0.03458299860358238
      },
      {
        "index": 436,
        "started_ms": 5511.498167,
        "submitted_ms": 5518.862292,
        "observed_completed_ms": 5524.144709,
        "start_to_observed_completion_ms": 12.646542000000409,
        "submit_to_observed_completion_ms": 5.2824170000003505,
        "continuous_iteration_ms": 7.36899995803833,
        "frame_ms": 7.36899995803833,
        "component_sum_ms": 7.359250068664551,
        "tick_ms": 4.051708221435547,
        "dynamic_mesh_ms": 1.074874997138977,
        "encode_ms": 2.199666976928711,
        "admission_or_completion_ms": 0.032999999821186066
      },
      {
        "index": 437,
        "started_ms": 5518.867166999999,
        "submitted_ms": 5526.334959,
        "observed_completed_ms": 5531.3165,
        "start_to_observed_completion_ms": 12.449333000000479,
        "submit_to_observed_completion_ms": 4.981541000000107,
        "continuous_iteration_ms": 7.4724578857421875,
        "frame_ms": 7.4724578857421875,
        "component_sum_ms": 7.462625980377197,
        "tick_ms": 4.114459037780762,
        "dynamic_mesh_ms": 1.1251670122146606,
        "encode_ms": 2.189541816711426,
        "admission_or_completion_ms": 0.03345799818634987
      },
      {
        "index": 438,
        "started_ms": 5526.3396250000005,
        "submitted_ms": 5533.485292,
        "observed_completed_ms": 5538.523792,
        "start_to_observed_completion_ms": 12.184166999999434,
        "submit_to_observed_completion_ms": 5.038499999999658,
        "continuous_iteration_ms": 7.149917125701904,
        "frame_ms": 7.149917125701904,
        "component_sum_ms": 7.141291618347168,
        "tick_ms": 3.8577499389648438,
        "dynamic_mesh_ms": 1.0913749933242798,
        "encode_ms": 2.1681249141693115,
        "admission_or_completion_ms": 0.024041999131441116
      },
      {
        "index": 439,
        "started_ms": 5533.489542,
        "submitted_ms": 5540.644625,
        "observed_completed_ms": 5545.554375,
        "start_to_observed_completion_ms": 12.064832999999453,
        "submit_to_observed_completion_ms": 4.9097499999998035,
        "continuous_iteration_ms": 7.1595001220703125,
        "frame_ms": 7.1595001220703125,
        "component_sum_ms": 7.150416851043701,
        "tick_ms": 3.9432082176208496,
        "dynamic_mesh_ms": 1.0589159727096558,
        "encode_ms": 2.120000123977661,
        "admission_or_completion_ms": 0.02829200029373169
      },
      {
        "index": 440,
        "started_ms": 5540.649042,
        "submitted_ms": 5547.7312090000005,
        "observed_completed_ms": 5552.722084,
        "start_to_observed_completion_ms": 12.073041999999987,
        "submit_to_observed_completion_ms": 4.990874999999505,
        "continuous_iteration_ms": 7.086125373840332,
        "frame_ms": 7.086125373840332,
        "component_sum_ms": 7.07783317565918,
        "tick_ms": 3.8173329830169678,
        "dynamic_mesh_ms": 1.059249997138977,
        "encode_ms": 2.1762919425964355,
        "admission_or_completion_ms": 0.02495799958705902
      },
      {
        "index": 441,
        "started_ms": 5547.735167,
        "submitted_ms": 5554.926792,
        "observed_completed_ms": 5561.100417000001,
        "start_to_observed_completion_ms": 13.365250000000742,
        "submit_to_observed_completion_ms": 6.1736250000003565,
        "continuous_iteration_ms": 7.196582794189453,
        "frame_ms": 7.196582794189453,
        "component_sum_ms": 7.187166213989258,
        "tick_ms": 3.83870792388916,
        "dynamic_mesh_ms": 1.106624960899353,
        "encode_ms": 2.203958034515381,
        "admission_or_completion_ms": 0.03787500038743019
      },
      {
        "index": 442,
        "started_ms": 5554.93175,
        "submitted_ms": 5565.043000000001,
        "observed_completed_ms": 5570.926375,
        "start_to_observed_completion_ms": 15.99462500000027,
        "submit_to_observed_completion_ms": 5.8833749999994325,
        "continuous_iteration_ms": 10.117166519165039,
        "frame_ms": 10.117166519165039,
        "component_sum_ms": 10.10645866394043,
        "tick_ms": 5.006374835968018,
        "dynamic_mesh_ms": 1.121458888053894,
        "encode_ms": 3.9417500495910645,
        "admission_or_completion_ms": 0.03687500208616257
      },
      {
        "index": 443,
        "started_ms": 5565.048917,
        "submitted_ms": 5573.304042,
        "observed_completed_ms": 5578.47775,
        "start_to_observed_completion_ms": 13.42883299999994,
        "submit_to_observed_completion_ms": 5.173708000000261,
        "continuous_iteration_ms": 8.260375022888184,
        "frame_ms": 8.260375022888184,
        "component_sum_ms": 8.250041961669922,
        "tick_ms": 4.6468329429626465,
        "dynamic_mesh_ms": 1.1830419301986694,
        "encode_ms": 2.3767080307006836,
        "admission_or_completion_ms": 0.043459001928567886
      },
      {
        "index": 444,
        "started_ms": 5573.309292,
        "submitted_ms": 5580.83575,
        "observed_completed_ms": 5585.923167,
        "start_to_observed_completion_ms": 12.613875000000007,
        "submit_to_observed_completion_ms": 5.087416999999732,
        "continuous_iteration_ms": 7.531332969665527,
        "frame_ms": 7.531332969665527,
        "component_sum_ms": 7.5214152336120605,
        "tick_ms": 3.9577908515930176,
        "dynamic_mesh_ms": 1.171625018119812,
        "encode_ms": 2.3574161529541016,
        "admission_or_completion_ms": 0.03458300232887268
      },
      {
        "index": 445,
        "started_ms": 5580.840625000001,
        "submitted_ms": 5588.241042,
        "observed_completed_ms": 5593.251209,
        "start_to_observed_completion_ms": 12.41058399999929,
        "submit_to_observed_completion_ms": 5.010167000000365,
        "continuous_iteration_ms": 7.405167102813721,
        "frame_ms": 7.405167102813721,
        "component_sum_ms": 7.395374774932861,
        "tick_ms": 3.861208915710449,
        "dynamic_mesh_ms": 1.1797499656677246,
        "encode_ms": 2.3172080516815186,
        "admission_or_completion_ms": 0.03720800206065178
      },
      {
        "index": 446,
        "started_ms": 5588.245792000001,
        "submitted_ms": 5595.556625,
        "observed_completed_ms": 5600.676208999999,
        "start_to_observed_completion_ms": 12.43041699999867,
        "submit_to_observed_completion_ms": 5.119583999999122,
        "continuous_iteration_ms": 7.315374851226807,
        "frame_ms": 7.315374851226807,
        "component_sum_ms": 7.306416034698486,
        "tick_ms": 3.804291009902954,
        "dynamic_mesh_ms": 1.1619999408721924,
        "encode_ms": 2.3044159412384033,
        "admission_or_completion_ms": 0.03570900112390518
      },
      {
        "index": 447,
        "started_ms": 5595.561167,
        "submitted_ms": 5602.916917,
        "observed_completed_ms": 5607.9515,
        "start_to_observed_completion_ms": 12.390333000000282,
        "submit_to_observed_completion_ms": 5.034583000000566,
        "continuous_iteration_ms": 7.359499931335449,
        "frame_ms": 7.359499931335449,
        "component_sum_ms": 7.351373672485352,
        "tick_ms": 3.9604580402374268,
        "dynamic_mesh_ms": 1.1236249208450317,
        "encode_ms": 2.239957809448242,
        "admission_or_completion_ms": 0.027333000674843788
      },
      {
        "index": 448,
        "started_ms": 5602.920667,
        "submitted_ms": 5610.225292,
        "observed_completed_ms": 5615.376625,
        "start_to_observed_completion_ms": 12.455957999999555,
        "submit_to_observed_completion_ms": 5.151332999999795,
        "continuous_iteration_ms": 7.3097920417785645,
        "frame_ms": 7.3097920417785645,
        "component_sum_ms": 7.30020809173584,
        "tick_ms": 3.8332080841064453,
        "dynamic_mesh_ms": 1.1587918996810913,
        "encode_ms": 2.273082971572876,
        "admission_or_completion_ms": 0.0351250022649765
      },
      {
        "index": 449,
        "started_ms": 5610.230459,
        "submitted_ms": 5617.682125,
        "observed_completed_ms": 5622.724625,
        "start_to_observed_completion_ms": 12.494165999999495,
        "submit_to_observed_completion_ms": 5.042499999999563,
        "continuous_iteration_ms": 7.4556660652160645,
        "frame_ms": 7.4556660652160645,
        "component_sum_ms": 7.446500778198242,
        "tick_ms": 3.9408342838287354,
        "dynamic_mesh_ms": 1.1719169616699219,
        "encode_ms": 2.304957866668701,
        "admission_or_completion_ms": 0.0287919994443655
      },
      {
        "index": 450,
        "started_ms": 5617.686124999999,
        "submitted_ms": 5625.011667,
        "observed_completed_ms": 5629.792125,
        "start_to_observed_completion_ms": 12.106000000000677,
        "submit_to_observed_completion_ms": 4.780458000000181,
        "continuous_iteration_ms": 7.3298749923706055,
        "frame_ms": 7.3298749923706055,
        "component_sum_ms": 7.320876121520996,
        "tick_ms": 3.841917037963867,
        "dynamic_mesh_ms": 1.160959005355835,
        "encode_ms": 2.2866671085357666,
        "admission_or_completion_ms": 0.03133299946784973
      },
      {
        "index": 451,
        "started_ms": 5625.0160000000005,
        "submitted_ms": 5632.222,
        "observed_completed_ms": 5637.19475,
        "start_to_observed_completion_ms": 12.178749999999127,
        "submit_to_observed_completion_ms": 4.972749999999905,
        "continuous_iteration_ms": 7.211292266845703,
        "frame_ms": 7.211292266845703,
        "component_sum_ms": 7.2018327713012695,
        "tick_ms": 3.613166093826294,
        "dynamic_mesh_ms": 1.1332499980926514,
        "encode_ms": 2.4290411472320557,
        "admission_or_completion_ms": 0.026375997811555862
      },
      {
        "index": 452,
        "started_ms": 5632.227292,
        "submitted_ms": 5639.580959,
        "observed_completed_ms": 5644.750334,
        "start_to_observed_completion_ms": 12.523042000000714,
        "submit_to_observed_completion_ms": 5.1693750000004,
        "continuous_iteration_ms": 7.358541965484619,
        "frame_ms": 7.358541965484619,
        "component_sum_ms": 7.348540782928467,
        "tick_ms": 3.751332998275757,
        "dynamic_mesh_ms": 1.177791953086853,
        "encode_ms": 2.385624885559082,
        "admission_or_completion_ms": 0.03379099816083908
      },
      {
        "index": 453,
        "started_ms": 5639.585834,
        "submitted_ms": 5647.299042000001,
        "observed_completed_ms": 5652.438125,
        "start_to_observed_completion_ms": 12.85229099999924,
        "submit_to_observed_completion_ms": 5.139082999999118,
        "continuous_iteration_ms": 7.718708038330078,
        "frame_ms": 7.718708038330078,
        "component_sum_ms": 7.707791805267334,
        "tick_ms": 3.9285831451416016,
        "dynamic_mesh_ms": 1.1859999895095825,
        "encode_ms": 2.547916889190674,
        "admission_or_completion_ms": 0.045291997492313385
      },
      {
        "index": 454,
        "started_ms": 5647.304542,
        "submitted_ms": 5654.911542,
        "observed_completed_ms": 5660.149334,
        "start_to_observed_completion_ms": 12.84479199999987,
        "submit_to_observed_completion_ms": 5.237791999999899,
        "continuous_iteration_ms": 7.614042282104492,
        "frame_ms": 7.614042282104492,
        "component_sum_ms": 7.601624011993408,
        "tick_ms": 3.9347078800201416,
        "dynamic_mesh_ms": 1.1442910432815552,
        "encode_ms": 2.472792148590088,
        "admission_or_completion_ms": 0.04983299970626831
      },
      {
        "index": 455,
        "started_ms": 5654.918584,
        "submitted_ms": 5662.730459,
        "observed_completed_ms": 5667.909209,
        "start_to_observed_completion_ms": 12.990625000000364,
        "submit_to_observed_completion_ms": 5.178750000000036,
        "continuous_iteration_ms": 7.818708419799805,
        "frame_ms": 7.818708419799805,
        "component_sum_ms": 7.806541442871094,
        "tick_ms": 4.031583309173584,
        "dynamic_mesh_ms": 1.1501669883728027,
        "encode_ms": 2.5804171562194824,
        "admission_or_completion_ms": 0.044374000281095505
      },
      {
        "index": 456,
        "started_ms": 5662.737292,
        "submitted_ms": 5670.264375000001,
        "observed_completed_ms": 5675.444417,
        "start_to_observed_completion_ms": 12.707124999999905,
        "submit_to_observed_completion_ms": 5.180041999999048,
        "continuous_iteration_ms": 7.532416820526123,
        "frame_ms": 7.532416820526123,
        "component_sum_ms": 7.52133321762085,
        "tick_ms": 3.996291160583496,
        "dynamic_mesh_ms": 1.1295000314712524,
        "encode_ms": 2.354375123977661,
        "admission_or_completion_ms": 0.0411669984459877
      },
      {
        "index": 457,
        "started_ms": 5670.269709,
        "submitted_ms": 5677.870542,
        "observed_completed_ms": 5682.9767919999995,
        "start_to_observed_completion_ms": 12.70708299999933,
        "submit_to_observed_completion_ms": 5.106249999999818,
        "continuous_iteration_ms": 7.60699987411499,
        "frame_ms": 7.60699987411499,
        "component_sum_ms": 7.595792293548584,
        "tick_ms": 3.9578750133514404,
        "dynamic_mesh_ms": 1.1665000915527344,
        "encode_ms": 2.4250829219818115,
        "admission_or_completion_ms": 0.046334002166986465
      },
      {
        "index": 458,
        "started_ms": 5677.876708999999,
        "submitted_ms": 5685.347417,
        "observed_completed_ms": 5690.549792,
        "start_to_observed_completion_ms": 12.673083000000588,
        "submit_to_observed_completion_ms": 5.202374999999847,
        "continuous_iteration_ms": 7.477790832519531,
        "frame_ms": 7.477790832519531,
        "component_sum_ms": 7.465251922607422,
        "tick_ms": 3.8759169578552246,
        "dynamic_mesh_ms": 1.1824589967727661,
        "encode_ms": 2.3696670532226562,
        "admission_or_completion_ms": 0.03720900043845177
      },
      {
        "index": 459,
        "started_ms": 5685.3544999999995,
        "submitted_ms": 5693.093542,
        "observed_completed_ms": 5698.349375000001,
        "start_to_observed_completion_ms": 12.99487500000123,
        "submit_to_observed_completion_ms": 5.255833000001076,
        "continuous_iteration_ms": 7.744124889373779,
        "frame_ms": 7.744124889373779,
        "component_sum_ms": 7.7326250076293945,
        "tick_ms": 3.873042106628418,
        "dynamic_mesh_ms": 1.2074170112609863,
        "encode_ms": 2.542875051498413,
        "admission_or_completion_ms": 0.10929100215435028
      },
      {
        "index": 460,
        "started_ms": 5693.0986250000005,
        "submitted_ms": 5700.790042,
        "observed_completed_ms": 5705.908625,
        "start_to_observed_completion_ms": 12.80999999999949,
        "submit_to_observed_completion_ms": 5.118583000000399,
        "continuous_iteration_ms": 7.696709156036377,
        "frame_ms": 7.696709156036377,
        "component_sum_ms": 7.685916423797607,
        "tick_ms": 4.014083385467529,
        "dynamic_mesh_ms": 1.1845000982284546,
        "encode_ms": 2.4400830268859863,
        "admission_or_completion_ms": 0.04724999889731407
      },
      {
        "index": 461,
        "started_ms": 5700.795334,
        "submitted_ms": 5708.549709,
        "observed_completed_ms": 5713.381167,
        "start_to_observed_completion_ms": 12.585832999999184,
        "submit_to_observed_completion_ms": 4.831457999999657,
        "continuous_iteration_ms": 7.760624885559082,
        "frame_ms": 7.760624885559082,
        "component_sum_ms": 7.749499797821045,
        "tick_ms": 3.908708333969116,
        "dynamic_mesh_ms": 1.1579999923706055,
        "encode_ms": 2.640292167663574,
        "admission_or_completion_ms": 0.04249899834394455
      },
      {
        "index": 462,
        "started_ms": 5708.555959,
        "submitted_ms": 5715.609625,
        "observed_completed_ms": 5720.463624999999,
        "start_to_observed_completion_ms": 11.907665999999153,
        "submit_to_observed_completion_ms": 4.85399999999936,
        "continuous_iteration_ms": 7.060791015625,
        "frame_ms": 7.060791015625,
        "component_sum_ms": 7.049374103546143,
        "tick_ms": 3.698915958404541,
        "dynamic_mesh_ms": 1.0942920446395874,
        "encode_ms": 2.2279160022735596,
        "admission_or_completion_ms": 0.02824999950826168
      },
      {
        "index": 463,
        "started_ms": 5715.61675,
        "submitted_ms": 5722.820792,
        "observed_completed_ms": 5727.670542,
        "start_to_observed_completion_ms": 12.053791999999703,
        "submit_to_observed_completion_ms": 4.849749999999403,
        "continuous_iteration_ms": 7.208874702453613,
        "frame_ms": 7.208874702453613,
        "component_sum_ms": 7.199041366577148,
        "tick_ms": 3.721250057220459,
        "dynamic_mesh_ms": 1.0916669368743896,
        "encode_ms": 2.356207847595215,
        "admission_or_completion_ms": 0.029916997998952866
      },
      {
        "index": 464,
        "started_ms": 5722.825625,
        "submitted_ms": 5729.9691250000005,
        "observed_completed_ms": 5734.976375,
        "start_to_observed_completion_ms": 12.150749999999789,
        "submit_to_observed_completion_ms": 5.007249999999658,
        "continuous_iteration_ms": 7.148416996002197,
        "frame_ms": 7.148416996002197,
        "component_sum_ms": 7.138500690460205,
        "tick_ms": 3.727708101272583,
        "dynamic_mesh_ms": 1.0792499780654907,
        "encode_ms": 2.297833204269409,
        "admission_or_completion_ms": 0.033709000796079636
      },
      {
        "index": 465,
        "started_ms": 5729.974042,
        "submitted_ms": 5737.272,
        "observed_completed_ms": 5742.533417,
        "start_to_observed_completion_ms": 12.559374999999818,
        "submit_to_observed_completion_ms": 5.26141699999971,
        "continuous_iteration_ms": 7.302958011627197,
        "frame_ms": 7.302958011627197,
        "component_sum_ms": 7.292542934417725,
        "tick_ms": 3.8576250076293945,
        "dynamic_mesh_ms": 1.1030000448226929,
        "encode_ms": 2.294874906539917,
        "admission_or_completion_ms": 0.037042997777462006
      },
      {
        "index": 466,
        "started_ms": 5737.277,
        "submitted_ms": 5744.8185,
        "observed_completed_ms": 5750.153875,
        "start_to_observed_completion_ms": 12.876874999999927,
        "submit_to_observed_completion_ms": 5.335374999999658,
        "continuous_iteration_ms": 7.545875072479248,
        "frame_ms": 7.545875072479248,
        "component_sum_ms": 7.536457538604736,
        "tick_ms": 4.0597920417785645,
        "dynamic_mesh_ms": 1.1554160118103027,
        "encode_ms": 2.284083127975464,
        "admission_or_completion_ms": 0.03716599941253662
      },
      {
        "index": 467,
        "started_ms": 5744.822875,
        "submitted_ms": 5752.522499999999,
        "observed_completed_ms": 5757.7206670000005,
        "start_to_observed_completion_ms": 12.897792000000663,
        "submit_to_observed_completion_ms": 5.198167000001376,
        "continuous_iteration_ms": 7.704833984375,
        "frame_ms": 7.704833984375,
        "component_sum_ms": 7.694250106811523,
        "tick_ms": 4.120250225067139,
        "dynamic_mesh_ms": 1.1697909832000732,
        "encode_ms": 2.3675830364227295,
        "admission_or_completion_ms": 0.036625999957323074
      },
      {
        "index": 468,
        "started_ms": 5752.527709,
        "submitted_ms": 5759.988875,
        "observed_completed_ms": 5765.202375000001,
        "start_to_observed_completion_ms": 12.674666000000798,
        "submit_to_observed_completion_ms": 5.213500000000749,
        "continuous_iteration_ms": 7.466415882110596,
        "frame_ms": 7.466415882110596,
        "component_sum_ms": 7.456459045410156,
        "tick_ms": 3.967791795730591,
        "dynamic_mesh_ms": 1.1835410594940186,
        "encode_ms": 2.2673749923706055,
        "admission_or_completion_ms": 0.03775100037455559
      },
      {
        "index": 469,
        "started_ms": 5759.994125,
        "submitted_ms": 5767.464,
        "observed_completed_ms": 5770.504042,
        "start_to_observed_completion_ms": 10.509916999999405,
        "submit_to_observed_completion_ms": 3.04004199999963,
        "continuous_iteration_ms": 11.365750312805176,
        "frame_ms": 11.365750312805176,
        "component_sum_ms": 10.650373458862305,
        "tick_ms": 4.014708042144775,
        "dynamic_mesh_ms": 1.162750005722046,
        "encode_ms": 2.260915994644165,
        "admission_or_completion_ms": 3.2119998931884766
      },
      {
        "index": 470,
        "started_ms": 5771.359875,
        "submitted_ms": 5778.896375,
        "observed_completed_ms": 5784.062792000001,
        "start_to_observed_completion_ms": 12.702917000000525,
        "submit_to_observed_completion_ms": 5.166417000000365,
        "continuous_iteration_ms": 7.5412092208862305,
        "frame_ms": 7.5412092208862305,
        "component_sum_ms": 7.53120756149292,
        "tick_ms": 4.065000057220459,
        "dynamic_mesh_ms": 1.169458031654358,
        "encode_ms": 2.2940828800201416,
        "admission_or_completion_ms": 0.00266700005158782
      },
      {
        "index": 471,
        "started_ms": 5778.901084,
        "submitted_ms": 5786.354,
        "observed_completed_ms": 5791.540084,
        "start_to_observed_completion_ms": 12.639000000000124,
        "submit_to_observed_completion_ms": 5.186083999999937,
        "continuous_iteration_ms": 7.457499980926514,
        "frame_ms": 7.457499980926514,
        "component_sum_ms": 7.447793006896973,
        "tick_ms": 3.9929590225219727,
        "dynamic_mesh_ms": 1.1287500858306885,
        "encode_ms": 2.2905001640319824,
        "admission_or_completion_ms": 0.03558399900794029
      },
      {
        "index": 472,
        "started_ms": 5786.3585840000005,
        "submitted_ms": 5793.772917,
        "observed_completed_ms": 5798.9675,
        "start_to_observed_completion_ms": 12.608915999999226,
        "submit_to_observed_completion_ms": 5.194582999999511,
        "continuous_iteration_ms": 7.419332981109619,
        "frame_ms": 7.419332981109619,
        "component_sum_ms": 7.40916633605957,
        "tick_ms": 3.9892079830169678,
        "dynamic_mesh_ms": 1.1547499895095825,
        "encode_ms": 2.2322919368743896,
        "admission_or_completion_ms": 0.03291599825024605
      },
      {
        "index": 473,
        "started_ms": 5793.777916999999,
        "submitted_ms": 5801.257125,
        "observed_completed_ms": 5806.382541999999,
        "start_to_observed_completion_ms": 12.604624999999942,
        "submit_to_observed_completion_ms": 5.125416999999288,
        "continuous_iteration_ms": 7.483916759490967,
        "frame_ms": 7.483916759490967,
        "component_sum_ms": 7.473791122436523,
        "tick_ms": 3.976875066757202,
        "dynamic_mesh_ms": 1.1754169464111328,
        "encode_ms": 2.2889580726623535,
        "admission_or_completion_ms": 0.032540999352931976
      },
      {
        "index": 474,
        "started_ms": 5801.261834,
        "submitted_ms": 5808.655584,
        "observed_completed_ms": 5813.871,
        "start_to_observed_completion_ms": 12.609166000000187,
        "submit_to_observed_completion_ms": 5.215416000000005,
        "continuous_iteration_ms": 7.398375034332275,
        "frame_ms": 7.398375034332275,
        "component_sum_ms": 7.388625621795654,
        "tick_ms": 3.938208818435669,
        "dynamic_mesh_ms": 1.1545419692993164,
        "encode_ms": 2.2721669673919678,
        "admission_or_completion_ms": 0.023708000779151917
      },
      {
        "index": 475,
        "started_ms": 5808.660209000001,
        "submitted_ms": 5816.324791999999,
        "observed_completed_ms": 5821.605875,
        "start_to_observed_completion_ms": 12.945665999999619,
        "submit_to_observed_completion_ms": 5.281083000000763,
        "continuous_iteration_ms": 7.670499801635742,
        "frame_ms": 7.670499801635742,
        "component_sum_ms": 7.6597089767456055,
        "tick_ms": 3.9941248893737793,
        "dynamic_mesh_ms": 1.1833750009536743,
        "encode_ms": 2.4529168605804443,
        "admission_or_completion_ms": 0.029292000457644463
      },
      {
        "index": 476,
        "started_ms": 5816.330709,
        "submitted_ms": 5824.050875,
        "observed_completed_ms": 5829.410125,
        "start_to_observed_completion_ms": 13.079416000000492,
        "submit_to_observed_completion_ms": 5.359250000000429,
        "continuous_iteration_ms": 7.726790904998779,
        "frame_ms": 7.726790904998779,
        "component_sum_ms": 7.7154998779296875,
        "tick_ms": 4.071333885192871,
        "dynamic_mesh_ms": 1.1665830612182617,
        "encode_ms": 2.4443328380584717,
        "admission_or_completion_ms": 0.033250000327825546
      },
      {
        "index": 477,
        "started_ms": 5824.0575,
        "submitted_ms": 5831.969,
        "observed_completed_ms": 5837.3325,
        "start_to_observed_completion_ms": 13.275000000000546,
        "submit_to_observed_completion_ms": 5.363500000000386,
        "continuous_iteration_ms": 7.917708873748779,
        "frame_ms": 7.917708873748779,
        "component_sum_ms": 7.9058332443237305,
        "tick_ms": 4.145457744598389,
        "dynamic_mesh_ms": 1.1584579944610596,
        "encode_ms": 2.5579161643981934,
        "admission_or_completion_ms": 0.04400100186467171
      },
      {
        "index": 478,
        "started_ms": 5831.975209,
        "submitted_ms": 5839.742917,
        "observed_completed_ms": 5845.2595,
        "start_to_observed_completion_ms": 13.28429099999994,
        "submit_to_observed_completion_ms": 5.516583000000537,
        "continuous_iteration_ms": 7.773083209991455,
        "frame_ms": 7.773083209991455,
        "component_sum_ms": 7.76229190826416,
        "tick_ms": 4.147958755493164,
        "dynamic_mesh_ms": 1.1625829935073853,
        "encode_ms": 2.4095420837402344,
        "admission_or_completion_ms": 0.0422079972922802
      },
      {
        "index": 479,
        "started_ms": 5839.748292,
        "submitted_ms": 5847.769209,
        "observed_completed_ms": 5853.30425,
        "start_to_observed_completion_ms": 13.555957999999919,
        "submit_to_observed_completion_ms": 5.535041000000092,
        "continuous_iteration_ms": 8.026707649230957,
        "frame_ms": 8.026707649230957,
        "component_sum_ms": 8.014792442321777,
        "tick_ms": 4.27791690826416,
        "dynamic_mesh_ms": 1.178125023841858,
        "encode_ms": 2.5087921619415283,
        "admission_or_completion_ms": 0.0499580018222332
      },
      {
        "index": 480,
        "started_ms": 5847.775000000001,
        "submitted_ms": 5855.888209,
        "observed_completed_ms": 5861.8072090000005,
        "start_to_observed_completion_ms": 14.032208999999966,
        "submit_to_observed_completion_ms": 5.9190000000007785,
        "continuous_iteration_ms": 8.12441635131836,
        "frame_ms": 8.12441635131836,
        "component_sum_ms": 8.107166290283203,
        "tick_ms": 4.278957843780518,
        "dynamic_mesh_ms": 1.1899999380111694,
        "encode_ms": 2.583292007446289,
        "admission_or_completion_ms": 0.05491599813103676
      },
      {
        "index": 481,
        "started_ms": 5855.899417,
        "submitted_ms": 5864.229959,
        "observed_completed_ms": 5870.172834,
        "start_to_observed_completion_ms": 14.273417000000336,
        "submit_to_observed_completion_ms": 5.942874999999731,
        "continuous_iteration_ms": 8.335749626159668,
        "frame_ms": 8.335749626159668,
        "component_sum_ms": 8.32499885559082,
        "tick_ms": 4.67549991607666,
        "dynamic_mesh_ms": 1.1876659393310547,
        "encode_ms": 2.421875,
        "admission_or_completion_ms": 0.03995800018310547
      },
      {
        "index": 482,
        "started_ms": 5864.235167000001,
        "submitted_ms": 5872.90725,
        "observed_completed_ms": 5878.7045,
        "start_to_observed_completion_ms": 14.469332999999097,
        "submit_to_observed_completion_ms": 5.797249999999622,
        "continuous_iteration_ms": 8.679082870483398,
        "frame_ms": 8.679082870483398,
        "component_sum_ms": 8.665793418884277,
        "tick_ms": 4.663750171661377,
        "dynamic_mesh_ms": 1.2173750400543213,
        "encode_ms": 2.733374834060669,
        "admission_or_completion_ms": 0.05129299685359001
      },
      {
        "index": 483,
        "started_ms": 5872.91425,
        "submitted_ms": 5881.238084,
        "observed_completed_ms": 5887.1365000000005,
        "start_to_observed_completion_ms": 14.222250000000713,
        "submit_to_observed_completion_ms": 5.898416000000907,
        "continuous_iteration_ms": 8.330041885375977,
        "frame_ms": 8.330041885375977,
        "component_sum_ms": 8.317584037780762,
        "tick_ms": 4.51200008392334,
        "dynamic_mesh_ms": 1.216499924659729,
        "encode_ms": 2.532958984375,
        "admission_or_completion_ms": 0.05612499639391899
      },
      {
        "index": 484,
        "started_ms": 5881.244292,
        "submitted_ms": 5889.695792,
        "observed_completed_ms": 5895.465959,
        "start_to_observed_completion_ms": 14.221666999999798,
        "submit_to_observed_completion_ms": 5.770166999999674,
        "continuous_iteration_ms": 8.456707954406738,
        "frame_ms": 8.456707954406738,
        "component_sum_ms": 8.445000648498535,
        "tick_ms": 4.632791996002197,
        "dynamic_mesh_ms": 1.2109580039978027,
        "encode_ms": 2.558500051498413,
        "admission_or_completion_ms": 0.042750000953674316
      },
      {
        "index": 485,
        "started_ms": 5889.701,
        "submitted_ms": 5897.944292,
        "observed_completed_ms": 5903.857,
        "start_to_observed_completion_ms": 14.155999999999949,
        "submit_to_observed_completion_ms": 5.912707999999839,
        "continuous_iteration_ms": 8.248458862304688,
        "frame_ms": 8.248458862304688,
        "component_sum_ms": 8.237333297729492,
        "tick_ms": 4.519542217254639,
        "dynamic_mesh_ms": 1.2012499570846558,
        "encode_ms": 2.477708101272583,
        "admission_or_completion_ms": 0.038832999765872955
      },
      {
        "index": 486,
        "started_ms": 5897.949459,
        "submitted_ms": 5906.3237500000005,
        "observed_completed_ms": 5912.345875,
        "start_to_observed_completion_ms": 14.39641599999959,
        "submit_to_observed_completion_ms": 6.022124999999505,
        "continuous_iteration_ms": 8.379082679748535,
        "frame_ms": 8.379082679748535,
        "component_sum_ms": 8.367792129516602,
        "tick_ms": 4.65024995803833,
        "dynamic_mesh_ms": 1.2090420722961426,
        "encode_ms": 2.466249942779541,
        "admission_or_completion_ms": 0.042249999940395355
      },
      {
        "index": 487,
        "started_ms": 5906.328542,
        "submitted_ms": 5915.253375,
        "observed_completed_ms": 5921.234667000001,
        "start_to_observed_completion_ms": 14.90612500000043,
        "submit_to_observed_completion_ms": 5.981292000000394,
        "continuous_iteration_ms": 8.933332443237305,
        "frame_ms": 8.933332443237305,
        "component_sum_ms": 8.918334007263184,
        "tick_ms": 4.714750289916992,
        "dynamic_mesh_ms": 1.2489160299301147,
        "encode_ms": 2.9063751697540283,
        "admission_or_completion_ms": 0.048291996121406555
      },
      {
        "index": 488,
        "started_ms": 5915.261874999999,
        "submitted_ms": 5924.060667,
        "observed_completed_ms": 5930.603959,
        "start_to_observed_completion_ms": 15.342084000000796,
        "submit_to_observed_completion_ms": 6.543292000000292,
        "continuous_iteration_ms": 8.80454158782959,
        "frame_ms": 8.80454158782959,
        "component_sum_ms": 8.79150104522705,
        "tick_ms": 4.708292007446289,
        "dynamic_mesh_ms": 1.2111250162124634,
        "encode_ms": 2.825124979019165,
        "admission_or_completion_ms": 0.04695899784564972
      },
      {
        "index": 489,
        "started_ms": 5924.066417,
        "submitted_ms": 5933.347334,
        "observed_completed_ms": 5939.657125,
        "start_to_observed_completion_ms": 15.590707999999722,
        "submit_to_observed_completion_ms": 6.309790999999677,
        "continuous_iteration_ms": 9.288374900817871,
        "frame_ms": 9.288374900817871,
        "component_sum_ms": 9.274084091186523,
        "tick_ms": 5.242792129516602,
        "dynamic_mesh_ms": 1.2394590377807617,
        "encode_ms": 2.7422919273376465,
        "admission_or_completion_ms": 0.04954099655151367
      },
      {
        "index": 490,
        "started_ms": 5933.354792,
        "submitted_ms": 5942.175749999999,
        "observed_completed_ms": 5948.251959,
        "start_to_observed_completion_ms": 14.897167000000081,
        "submit_to_observed_completion_ms": 6.076209000000745,
        "continuous_iteration_ms": 8.826750755310059,
        "frame_ms": 8.826750755310059,
        "component_sum_ms": 8.813416481018066,
        "tick_ms": 4.939665794372559,
        "dynamic_mesh_ms": 1.3082079887390137,
        "encode_ms": 2.5177080631256104,
        "admission_or_completion_ms": 0.04783400148153305
      },
      {
        "index": 491,
        "started_ms": 5942.181542,
        "submitted_ms": 5950.806208999999,
        "observed_completed_ms": 5956.877750000001,
        "start_to_observed_completion_ms": 14.696208000000297,
        "submit_to_observed_completion_ms": 6.071541000001162,
        "continuous_iteration_ms": 8.631875038146973,
        "frame_ms": 8.631875038146973,
        "component_sum_ms": 8.618623733520508,
        "tick_ms": 4.8152079582214355,
        "dynamic_mesh_ms": 1.2144160270690918,
        "encode_ms": 2.5534589290618896,
        "admission_or_completion_ms": 0.035540997982025146
      },
      {
        "index": 492,
        "started_ms": 5950.813417,
        "submitted_ms": 5959.533958999999,
        "observed_completed_ms": 5965.7386670000005,
        "start_to_observed_completion_ms": 14.925250000000233,
        "submit_to_observed_completion_ms": 6.204708000001119,
        "continuous_iteration_ms": 8.727624893188477,
        "frame_ms": 8.727624893188477,
        "component_sum_ms": 8.713459014892578,
        "tick_ms": 4.7783331871032715,
        "dynamic_mesh_ms": 1.2366249561309814,
        "encode_ms": 2.654834032058716,
        "admission_or_completion_ms": 0.04366699606180191
      },
      {
        "index": 493,
        "started_ms": 5959.541042,
        "submitted_ms": 5968.151084,
        "observed_completed_ms": 5974.386084,
        "start_to_observed_completion_ms": 14.845041999999921,
        "submit_to_observed_completion_ms": 6.234999999999673,
        "continuous_iteration_ms": 8.616250038146973,
        "frame_ms": 8.616250038146973,
        "component_sum_ms": 8.603750228881836,
        "tick_ms": 4.86175012588501,
        "dynamic_mesh_ms": 1.2947499752044678,
        "encode_ms": 2.41158390045166,
        "admission_or_completion_ms": 0.035666000097990036
      },
      {
        "index": 494,
        "started_ms": 5968.157292,
        "submitted_ms": 5976.849375000001,
        "observed_completed_ms": 5983.177084,
        "start_to_observed_completion_ms": 15.019792000000052,
        "submit_to_observed_completion_ms": 6.327708999999231,
        "continuous_iteration_ms": 8.697416305541992,
        "frame_ms": 8.697416305541992,
        "component_sum_ms": 8.684957504272461,
        "tick_ms": 4.843708038330078,
        "dynamic_mesh_ms": 1.3386249542236328,
        "encode_ms": 2.4621658325195312,
        "admission_or_completion_ms": 0.04045899957418442
      },
      {
        "index": 495,
        "started_ms": 5976.854709,
        "submitted_ms": 5985.62325,
        "observed_completed_ms": 5991.779292,
        "start_to_observed_completion_ms": 14.924582999999984,
        "submit_to_observed_completion_ms": 6.156042000000525,
        "continuous_iteration_ms": 8.775875091552734,
        "frame_ms": 8.775875091552734,
        "component_sum_ms": 8.761207580566406,
        "tick_ms": 4.967875003814697,
        "dynamic_mesh_ms": 1.3061670064926147,
        "encode_ms": 2.4452078342437744,
        "admission_or_completion_ms": 0.041958000510931015
      },
      {
        "index": 496,
        "started_ms": 5985.6305839999995,
        "submitted_ms": 5994.256084,
        "observed_completed_ms": 6000.493875,
        "start_to_observed_completion_ms": 14.863291000000572,
        "submit_to_observed_completion_ms": 6.23779100000047,
        "continuous_iteration_ms": 8.631583213806152,
        "frame_ms": 8.631583213806152,
        "component_sum_ms": 8.619417190551758,
        "tick_ms": 4.857041835784912,
        "dynamic_mesh_ms": 1.243291974067688,
        "encode_ms": 2.4757089614868164,
        "admission_or_completion_ms": 0.04337500035762787
      },
      {
        "index": 497,
        "started_ms": 5994.262167000001,
        "submitted_ms": 6002.844999999999,
        "observed_completed_ms": 6008.986334,
        "start_to_observed_completion_ms": 14.724166999999397,
        "submit_to_observed_completion_ms": 6.141334000000825,
        "continuous_iteration_ms": 8.588458061218262,
        "frame_ms": 8.588458061218262,
        "component_sum_ms": 8.576499938964844,
        "tick_ms": 4.938541889190674,
        "dynamic_mesh_ms": 1.2453750371932983,
        "encode_ms": 2.3499579429626465,
        "admission_or_completion_ms": 0.04262499883770943
      },
      {
        "index": 498,
        "started_ms": 6002.850625,
        "submitted_ms": 6011.366209,
        "observed_completed_ms": 6017.427417000001,
        "start_to_observed_completion_ms": 14.57679200000075,
        "submit_to_observed_completion_ms": 6.061208000000988,
        "continuous_iteration_ms": 8.52137565612793,
        "frame_ms": 8.52137565612793,
        "component_sum_ms": 8.508125305175781,
        "tick_ms": 4.888500213623047,
        "dynamic_mesh_ms": 1.2055000066757202,
        "encode_ms": 2.379124879837036,
        "admission_or_completion_ms": 0.03500000014901161
      },
      {
        "index": 499,
        "started_ms": 6011.371999999999,
        "submitted_ms": 6019.840209,
        "observed_completed_ms": 6025.93775,
        "start_to_observed_completion_ms": 14.565750000000662,
        "submit_to_observed_completion_ms": 6.097541000000092,
        "continuous_iteration_ms": 8.473541259765625,
        "frame_ms": 8.473541259765625,
        "component_sum_ms": 8.46199893951416,
        "tick_ms": 4.828666687011719,
        "dynamic_mesh_ms": 1.1790419816970825,
        "encode_ms": 2.411749839782715,
        "admission_or_completion_ms": 0.04254100099205971
      },
      {
        "index": 500,
        "started_ms": 6019.845542,
        "submitted_ms": 6028.350042,
        "observed_completed_ms": 6034.4070839999995,
        "start_to_observed_completion_ms": 14.561541999999463,
        "submit_to_observed_completion_ms": 6.057041999999456,
        "continuous_iteration_ms": 8.509624481201172,
        "frame_ms": 8.509624481201172,
        "component_sum_ms": 8.498501777648926,
        "tick_ms": 4.845334053039551,
        "dynamic_mesh_ms": 1.2030839920043945,
        "encode_ms": 2.411417007446289,
        "admission_or_completion_ms": 0.03866700083017349
      },
      {
        "index": 501,
        "started_ms": 6028.355167,
        "submitted_ms": 6036.864542,
        "observed_completed_ms": 6042.8216250000005,
        "start_to_observed_completion_ms": 14.466458000000785,
        "submit_to_observed_completion_ms": 5.957083000000239,
        "continuous_iteration_ms": 8.51441764831543,
        "frame_ms": 8.51441764831543,
        "component_sum_ms": 8.503747940063477,
        "tick_ms": 4.776332855224609,
        "dynamic_mesh_ms": 1.2311660051345825,
        "encode_ms": 2.45674991607666,
        "admission_or_completion_ms": 0.03949900344014168
      },
      {
        "index": 502,
        "started_ms": 6036.869584,
        "submitted_ms": 6045.304375,
        "observed_completed_ms": 6051.1242919999995,
        "start_to_observed_completion_ms": 14.254707999999482,
        "submit_to_observed_completion_ms": 5.819916999999805,
        "continuous_iteration_ms": 8.443415641784668,
        "frame_ms": 8.443415641784668,
        "component_sum_ms": 8.429041862487793,
        "tick_ms": 4.690334320068359,
        "dynamic_mesh_ms": 1.2143750190734863,
        "encode_ms": 2.482166051864624,
        "admission_or_completion_ms": 0.042167000472545624
      },
      {
        "index": 503,
        "started_ms": 6045.313,
        "submitted_ms": 6053.362334,
        "observed_completed_ms": 6058.924667,
        "start_to_observed_completion_ms": 13.611667000000125,
        "submit_to_observed_completion_ms": 5.562332999999853,
        "continuous_iteration_ms": 8.054584503173828,
        "frame_ms": 8.054584503173828,
        "component_sum_ms": 8.044458389282227,
        "tick_ms": 4.660999774932861,
        "dynamic_mesh_ms": 1.1013749837875366,
        "encode_ms": 2.237084150314331,
        "admission_or_completion_ms": 0.04499899595975876
      },
      {
        "index": 504,
        "started_ms": 6053.367584,
        "submitted_ms": 6061.127875,
        "observed_completed_ms": 6066.6973339999995,
        "start_to_observed_completion_ms": 13.329749999999876,
        "submit_to_observed_completion_ms": 5.5694589999993696,
        "continuous_iteration_ms": 7.765875339508057,
        "frame_ms": 7.765875339508057,
        "component_sum_ms": 7.754997730255127,
        "tick_ms": 4.405707836151123,
        "dynamic_mesh_ms": 1.1097910404205322,
        "encode_ms": 2.2022078037261963,
        "admission_or_completion_ms": 0.03729099780321121
      },
      {
        "index": 505,
        "started_ms": 6061.133459,
        "submitted_ms": 6068.906417,
        "observed_completed_ms": 6074.411459,
        "start_to_observed_completion_ms": 13.278000000000247,
        "submit_to_observed_completion_ms": 5.505041999999776,
        "continuous_iteration_ms": 7.778707981109619,
        "frame_ms": 7.778707981109619,
        "component_sum_ms": 7.767999649047852,
        "tick_ms": 4.415624618530273,
        "dynamic_mesh_ms": 1.1094999313354492,
        "encode_ms": 2.208250045776367,
        "admission_or_completion_ms": 0.03462499752640724
      },
      {
        "index": 506,
        "started_ms": 6068.9121669999995,
        "submitted_ms": 6076.783917000001,
        "observed_completed_ms": 6082.824417000001,
        "start_to_observed_completion_ms": 13.912250000001222,
        "submit_to_observed_completion_ms": 6.0405000000000655,
        "continuous_iteration_ms": 7.877125263214111,
        "frame_ms": 7.877125263214111,
        "component_sum_ms": 7.865708827972412,
        "tick_ms": 4.351332664489746,
        "dynamic_mesh_ms": 1.1082090139389038,
        "encode_ms": 2.37166690826416,
        "admission_or_completion_ms": 0.03449999913573265
      },
      {
        "index": 507,
        "started_ms": 6076.789292,
        "submitted_ms": 6085.313459,
        "observed_completed_ms": 6091.434375000001,
        "start_to_observed_completion_ms": 14.64508300000034,
        "submit_to_observed_completion_ms": 6.120916000000761,
        "continuous_iteration_ms": 8.529875755310059,
        "frame_ms": 8.529875755310059,
        "component_sum_ms": 8.51833438873291,
        "tick_ms": 4.790625095367432,
        "dynamic_mesh_ms": 1.2002500295639038,
        "encode_ms": 2.4882090091705322,
        "admission_or_completion_ms": 0.03924999758601189
      },
      {
        "index": 508,
        "started_ms": 6085.319167,
        "submitted_ms": 6093.915417,
        "observed_completed_ms": 6100.468084,
        "start_to_observed_completion_ms": 15.148917000000438,
        "submit_to_observed_completion_ms": 6.5526669999999285,
        "continuous_iteration_ms": 8.60200023651123,
        "frame_ms": 8.60200023651123,
        "component_sum_ms": 8.59041690826416,
        "tick_ms": 4.852583885192871,
        "dynamic_mesh_ms": 1.2140830755233765,
        "encode_ms": 2.4801249504089355,
        "admission_or_completion_ms": 0.04362499713897705
      },
      {
        "index": 509,
        "started_ms": 6093.921167,
        "submitted_ms": 6102.9277090000005,
        "observed_completed_ms": 6109.059709,
        "start_to_observed_completion_ms": 15.138541999999688,
        "submit_to_observed_completion_ms": 6.131999999999607,
        "continuous_iteration_ms": 9.012042045593262,
        "frame_ms": 9.012042045593262,
        "component_sum_ms": 9.000792503356934,
        "tick_ms": 5.295291900634766,
        "dynamic_mesh_ms": 1.206624984741211,
        "encode_ms": 2.4585840702056885,
        "admission_or_completion_ms": 0.04029200226068497
      },
      {
        "index": 510,
        "started_ms": 6102.933209,
        "submitted_ms": 6111.56025,
        "observed_completed_ms": 6118.264959,
        "start_to_observed_completion_ms": 15.331750000000284,
        "submit_to_observed_completion_ms": 6.704708999999639,
        "continuous_iteration_ms": 8.63833236694336,
        "frame_ms": 8.63833236694336,
        "component_sum_ms": 8.620833396911621,
        "tick_ms": 4.8372907638549805,
        "dynamic_mesh_ms": 1.233916997909546,
        "encode_ms": 2.499375104904175,
        "admission_or_completion_ms": 0.05025000125169754
      },
      {
        "index": 511,
        "started_ms": 6111.571542,
        "submitted_ms": 6120.6435,
        "observed_completed_ms": 6126.883375,
        "start_to_observed_completion_ms": 15.31183300000066,
        "submit_to_observed_completion_ms": 6.239875000000211,
        "continuous_iteration_ms": 9.07770824432373,
        "frame_ms": 9.07770824432373,
        "component_sum_ms": 9.065624237060547,
        "tick_ms": 5.4405412673950195,
        "dynamic_mesh_ms": 1.2065420150756836,
        "encode_ms": 2.3775410652160645,
        "admission_or_completion_ms": 0.04099999740719795
      },
      {
        "index": 512,
        "started_ms": 6120.6492499999995,
        "submitted_ms": 6129.4021250000005,
        "observed_completed_ms": 6135.496834,
        "start_to_observed_completion_ms": 14.847584000000097,
        "submit_to_observed_completion_ms": 6.094708999999057,
        "continuous_iteration_ms": 8.758167266845703,
        "frame_ms": 8.758167266845703,
        "component_sum_ms": 8.746790885925293,
        "tick_ms": 4.9502081871032715,
        "dynamic_mesh_ms": 1.2198330163955688,
        "encode_ms": 2.517915964126587,
        "admission_or_completion_ms": 0.058834001421928406
      },
      {
        "index": 513,
        "started_ms": 6129.407417,
        "submitted_ms": 6138.000542000001,
        "observed_completed_ms": 6145.529834000001,
        "start_to_observed_completion_ms": 16.122417000000496,
        "submit_to_observed_completion_ms": 7.529292000000169,
        "continuous_iteration_ms": 8.599207878112793,
        "frame_ms": 8.599207878112793,
        "component_sum_ms": 8.586833000183105,
        "tick_ms": 4.798583030700684,
        "dynamic_mesh_ms": 1.230167031288147,
        "encode_ms": 2.5012500286102295,
        "admission_or_completion_ms": 0.05683299899101257
      },
      {
        "index": 514,
        "started_ms": 6138.006625,
        "submitted_ms": 6150.230167,
        "observed_completed_ms": 6156.542625,
        "start_to_observed_completion_ms": 18.536000000000058,
        "submit_to_observed_completion_ms": 6.312458000000333,
        "continuous_iteration_ms": 12.230167388916016,
        "frame_ms": 12.230167388916016,
        "component_sum_ms": 12.217917442321777,
        "tick_ms": 6.258334159851074,
        "dynamic_mesh_ms": 1.207374930381775,
        "encode_ms": 4.699542045593262,
        "admission_or_completion_ms": 0.05266699939966202
      },
      {
        "index": 515,
        "started_ms": 6150.236792000001,
        "submitted_ms": 6159.080542,
        "observed_completed_ms": 6165.387209,
        "start_to_observed_completion_ms": 15.150416999999834,
        "submit_to_observed_completion_ms": 6.306667000000743,
        "continuous_iteration_ms": 8.85099983215332,
        "frame_ms": 8.85099983215332,
        "component_sum_ms": 8.837165832519531,
        "tick_ms": 5.015999794006348,
        "dynamic_mesh_ms": 1.1833330392837524,
        "encode_ms": 2.536708116531372,
        "admission_or_completion_ms": 0.10112500190734863
      },
      {
        "index": 516,
        "started_ms": 6159.087792,
        "submitted_ms": 6167.933709,
        "observed_completed_ms": 6174.7757090000005,
        "start_to_observed_completion_ms": 15.687917000000198,
        "submit_to_observed_completion_ms": 6.842000000000553,
        "continuous_iteration_ms": 8.853167533874512,
        "frame_ms": 8.853167533874512,
        "component_sum_ms": 8.838126182556152,
        "tick_ms": 4.997666835784912,
        "dynamic_mesh_ms": 1.2401669025421143,
        "encode_ms": 2.5452921390533447,
        "admission_or_completion_ms": 0.054999999701976776
      },
      {
        "index": 517,
        "started_ms": 6167.9409590000005,
        "submitted_ms": 6177.216792,
        "observed_completed_ms": 6184.153125,
        "start_to_observed_completion_ms": 16.212165999999343,
        "submit_to_observed_completion_ms": 6.9363329999996495,
        "continuous_iteration_ms": 9.281457901000977,
        "frame_ms": 9.281457901000977,
        "component_sum_ms": 9.268917083740234,
        "tick_ms": 5.529750347137451,
        "dynamic_mesh_ms": 1.2529159784317017,
        "encode_ms": 2.4402918815612793,
        "admission_or_completion_ms": 0.045959003269672394
      },
      {
        "index": 518,
        "started_ms": 6177.222417,
        "submitted_ms": 6186.820542,
        "observed_completed_ms": 6194.068375,
        "start_to_observed_completion_ms": 16.845957999999882,
        "submit_to_observed_completion_ms": 7.247832999999446,
        "continuous_iteration_ms": 9.605792045593262,
        "frame_ms": 9.605792045593262,
        "component_sum_ms": 9.592124938964844,
        "tick_ms": 5.548166275024414,
        "dynamic_mesh_ms": 1.3235419988632202,
        "encode_ms": 2.666332960128784,
        "admission_or_completion_ms": 0.05408399924635887
      },
      {
        "index": 519,
        "started_ms": 6186.828208999999,
        "submitted_ms": 6196.856375,
        "observed_completed_ms": 6204.014416999999,
        "start_to_observed_completion_ms": 17.18620800000008,
        "submit_to_observed_completion_ms": 7.158041999999114,
        "continuous_iteration_ms": 10.038582801818848,
        "frame_ms": 10.038582801818848,
        "component_sum_ms": 10.021626472473145,
        "tick_ms": 5.857958793640137,
        "dynamic_mesh_ms": 1.3235419988632202,
        "encode_ms": 2.7871251106262207,
        "admission_or_completion_ms": 0.05299999937415123
      },
      {
        "index": 520,
        "started_ms": 6196.866792,
        "submitted_ms": 6206.985667,
        "observed_completed_ms": 6214.134999999999,
        "start_to_observed_completion_ms": 17.268207999999504,
        "submit_to_observed_completion_ms": 7.1493329999993875,
        "continuous_iteration_ms": 10.126083374023438,
        "frame_ms": 10.126083374023438,
        "component_sum_ms": 10.111540794372559,
        "tick_ms": 5.728541851043701,
        "dynamic_mesh_ms": 1.3526250123977661,
        "encode_ms": 2.970082998275757,
        "admission_or_completion_ms": 0.060290995985269547
      },
      {
        "index": 521,
        "started_ms": 6206.992875,
        "submitted_ms": 6217.273625,
        "observed_completed_ms": 6224.7915,
        "start_to_observed_completion_ms": 17.798625000000357,
        "submit_to_observed_completion_ms": 7.517875000000458,
        "continuous_iteration_ms": 10.300042152404785,
        "frame_ms": 10.300042152404785,
        "component_sum_ms": 10.276625633239746,
        "tick_ms": 5.750124931335449,
        "dynamic_mesh_ms": 1.3361669778823853,
        "encode_ms": 3.1373331546783447,
        "admission_or_completion_ms": 0.05299999937415123
      },
      {
        "index": 522,
        "started_ms": 6217.292917,
        "submitted_ms": 6227.494874999999,
        "observed_completed_ms": 6234.173792,
        "start_to_observed_completion_ms": 16.880874999999833,
        "submit_to_observed_completion_ms": 6.678917000000183,
        "continuous_iteration_ms": 10.208542823791504,
        "frame_ms": 10.208542823791504,
        "component_sum_ms": 10.194208145141602,
        "tick_ms": 6.0828328132629395,
        "dynamic_mesh_ms": 1.3525840044021606,
        "encode_ms": 2.7022907733917236,
        "admission_or_completion_ms": 0.05649999901652336
      },
      {
        "index": 523,
        "started_ms": 6227.501459,
        "submitted_ms": 6236.583750000001,
        "observed_completed_ms": 6243.102584,
        "start_to_observed_completion_ms": 15.601125000000138,
        "submit_to_observed_completion_ms": 6.518833999999515,
        "continuous_iteration_ms": 9.088790893554688,
        "frame_ms": 9.088790893554688,
        "component_sum_ms": 9.076876640319824,
        "tick_ms": 5.41729211807251,
        "dynamic_mesh_ms": 1.1988340616226196,
        "encode_ms": 2.409083127975464,
        "admission_or_completion_ms": 0.051667001098394394
      },
      {
        "index": 524,
        "started_ms": 6236.59025,
        "submitted_ms": 6245.542625,
        "observed_completed_ms": 6252.005292,
        "start_to_observed_completion_ms": 15.41504199999963,
        "submit_to_observed_completion_ms": 6.462666999999783,
        "continuous_iteration_ms": 8.958250045776367,
        "frame_ms": 8.958250045776367,
        "component_sum_ms": 8.947541236877441,
        "tick_ms": 5.265375137329102,
        "dynamic_mesh_ms": 1.194208025932312,
        "encode_ms": 2.438957929611206,
        "admission_or_completion_ms": 0.04899999871850014
      },
      {
        "index": 525,
        "started_ms": 6245.5485,
        "submitted_ms": 6254.688959,
        "observed_completed_ms": 6261.687916999999,
        "start_to_observed_completion_ms": 16.139416999999412,
        "submit_to_observed_completion_ms": 6.99895799999922,
        "continuous_iteration_ms": 9.153708457946777,
        "frame_ms": 9.153708457946777,
        "component_sum_ms": 9.13599967956543,
        "tick_ms": 5.190374851226807,
        "dynamic_mesh_ms": 1.2106250524520874,
        "encode_ms": 2.682584047317505,
        "admission_or_completion_ms": 0.05241600051522255
      },
      {
        "index": 526,
        "started_ms": 6254.702209,
        "submitted_ms": 6264.339542,
        "observed_completed_ms": 6272.271833999999,
        "start_to_observed_completion_ms": 17.569624999999178,
        "submit_to_observed_completion_ms": 7.9322919999995065,
        "continuous_iteration_ms": 9.64295768737793,
        "frame_ms": 9.64295768737793,
        "component_sum_ms": 9.631458282470703,
        "tick_ms": 5.603917121887207,
        "dynamic_mesh_ms": 1.3267500400543213,
        "encode_ms": 2.650707960128784,
        "admission_or_completion_ms": 0.05008300393819809
      },
      {
        "index": 527,
        "started_ms": 6264.345167,
        "submitted_ms": 6275.0890420000005,
        "observed_completed_ms": 6282.132084,
        "start_to_observed_completion_ms": 17.78691699999945,
        "submit_to_observed_completion_ms": 7.043041999999332,
        "continuous_iteration_ms": 10.749916076660156,
        "frame_ms": 10.749916076660156,
        "component_sum_ms": 10.737626075744629,
        "tick_ms": 6.543834209442139,
        "dynamic_mesh_ms": 1.3193329572677612,
        "encode_ms": 2.815999984741211,
        "admission_or_completion_ms": 0.058458998799324036
      },
      {
        "index": 528,
        "started_ms": 6275.0950840000005,
        "submitted_ms": 6284.722125,
        "observed_completed_ms": 6291.669917,
        "start_to_observed_completion_ms": 16.57483299999967,
        "submit_to_observed_completion_ms": 6.947791999999936,
        "continuous_iteration_ms": 9.63329029083252,
        "frame_ms": 9.63329029083252,
        "component_sum_ms": 9.620999336242676,
        "tick_ms": 5.6247076988220215,
        "dynamic_mesh_ms": 1.3629579544067383,
        "encode_ms": 2.589040994644165,
        "admission_or_completion_ms": 0.04429199919104576
      },
      {
        "index": 529,
        "started_ms": 6284.728375000001,
        "submitted_ms": 6294.233125,
        "observed_completed_ms": 6301.225542,
        "start_to_observed_completion_ms": 16.497166999999536,
        "submit_to_observed_completion_ms": 6.992417000000387,
        "continuous_iteration_ms": 9.510833740234375,
        "frame_ms": 9.510833740234375,
        "component_sum_ms": 9.500250816345215,
        "tick_ms": 5.582958698272705,
        "dynamic_mesh_ms": 1.3172080516815186,
        "encode_ms": 2.562458038330078,
        "admission_or_completion_ms": 0.037626001983881
      },
      {
        "index": 530,
        "started_ms": 6294.239208999999,
        "submitted_ms": 6303.666,
        "observed_completed_ms": 6310.739584,
        "start_to_observed_completion_ms": 16.50037500000053,
        "submit_to_observed_completion_ms": 7.073583999999755,
        "continuous_iteration_ms": 9.432291030883789,
        "frame_ms": 9.432291030883789,
        "component_sum_ms": 9.422082901000977,
        "tick_ms": 5.667333126068115,
        "dynamic_mesh_ms": 1.276792049407959,
        "encode_ms": 2.439915895462036,
        "admission_or_completion_ms": 0.03804200142621994
      },
      {
        "index": 531,
        "started_ms": 6303.6715,
        "submitted_ms": 6313.299749999999,
        "observed_completed_ms": 6320.535875,
        "start_to_observed_completion_ms": 16.8643749999992,
        "submit_to_observed_completion_ms": 7.2361250000003565,
        "continuous_iteration_ms": 9.6336669921875,
        "frame_ms": 9.6336669921875,
        "component_sum_ms": 9.623624801635742,
        "tick_ms": 5.706707954406738,
        "dynamic_mesh_ms": 1.303375005722046,
        "encode_ms": 2.559458017349243,
        "admission_or_completion_ms": 0.05408400297164917
      },
      {
        "index": 532,
        "started_ms": 6313.305167,
        "submitted_ms": 6323.085083999999,
        "observed_completed_ms": 6329.9145,
        "start_to_observed_completion_ms": 16.609332999999424,
        "submit_to_observed_completion_ms": 6.829416000000492,
        "continuous_iteration_ms": 9.785041809082031,
        "frame_ms": 9.785041809082031,
        "component_sum_ms": 9.774042129516602,
        "tick_ms": 5.857250213623047,
        "dynamic_mesh_ms": 1.3171669244766235,
        "encode_ms": 2.548083782196045,
        "admission_or_completion_ms": 0.05154099687933922
      },
      {
        "index": 533,
        "started_ms": 6323.090209,
        "submitted_ms": 6332.600167,
        "observed_completed_ms": 6339.14425,
        "start_to_observed_completion_ms": 16.054041000000325,
        "submit_to_observed_completion_ms": 6.544083000000683,
        "continuous_iteration_ms": 9.517915725708008,
        "frame_ms": 9.517915725708008,
        "component_sum_ms": 9.5042085647583,
        "tick_ms": 5.555124759674072,
        "dynamic_mesh_ms": 1.2102919816970825,
        "encode_ms": 2.6846671104431152,
        "admission_or_completion_ms": 0.05412499979138374
      },
      {
        "index": 534,
        "started_ms": 6332.608125,
        "submitted_ms": 6341.861792,
        "observed_completed_ms": 6348.420542000001,
        "start_to_observed_completion_ms": 15.812417000001005,
        "submit_to_observed_completion_ms": 6.558750000001055,
        "continuous_iteration_ms": 9.260083198547363,
        "frame_ms": 9.260083198547363,
        "component_sum_ms": 9.248249053955078,
        "tick_ms": 5.289791107177734,
        "dynamic_mesh_ms": 1.1995000839233398,
        "encode_ms": 2.716625213623047,
        "admission_or_completion_ms": 0.04233299940824509
      },
      {
        "index": 535,
        "started_ms": 6341.868209,
        "submitted_ms": 6350.91725,
        "observed_completed_ms": 6357.614500000001,
        "start_to_observed_completion_ms": 15.746291000000383,
        "submit_to_observed_completion_ms": 6.697250000000167,
        "continuous_iteration_ms": 9.056124687194824,
        "frame_ms": 9.056124687194824,
        "component_sum_ms": 9.04395866394043,
        "tick_ms": 5.262333869934082,
        "dynamic_mesh_ms": 1.2445420026779175,
        "encode_ms": 2.4960408210754395,
        "admission_or_completion_ms": 0.04104200005531311
      },
      {
        "index": 536,
        "started_ms": 6350.924334,
        "submitted_ms": 6360.03275,
        "observed_completed_ms": 6366.663542,
        "start_to_observed_completion_ms": 15.739207999999962,
        "submit_to_observed_completion_ms": 6.6307919999999285,
        "continuous_iteration_ms": 9.114790916442871,
        "frame_ms": 9.114790916442871,
        "component_sum_ms": 9.102499961853027,
        "tick_ms": 5.4301252365112305,
        "dynamic_mesh_ms": 1.2055410146713257,
        "encode_ms": 2.417165994644165,
        "admission_or_completion_ms": 0.04966699704527855
      },
      {
        "index": 537,
        "started_ms": 6360.039125,
        "submitted_ms": 6369.099249999999,
        "observed_completed_ms": 6375.889125,
        "start_to_observed_completion_ms": 15.849999999999454,
        "submit_to_observed_completion_ms": 6.789875000000393,
        "continuous_iteration_ms": 9.065291404724121,
        "frame_ms": 9.065291404724121,
        "component_sum_ms": 9.054998397827148,
        "tick_ms": 5.354040622711182,
        "dynamic_mesh_ms": 1.2225409746170044,
        "encode_ms": 2.4346659183502197,
        "admission_or_completion_ms": 0.04375100135803223
      },
      {
        "index": 538,
        "started_ms": 6369.104417,
        "submitted_ms": 6378.249459,
        "observed_completed_ms": 6385.018625,
        "start_to_observed_completion_ms": 15.914208000000144,
        "submit_to_observed_completion_ms": 6.769166000000041,
        "continuous_iteration_ms": 9.150958061218262,
        "frame_ms": 9.150958061218262,
        "component_sum_ms": 9.14004135131836,
        "tick_ms": 5.5148749351501465,
        "dynamic_mesh_ms": 1.2181670665740967,
        "encode_ms": 2.359208822250366,
        "admission_or_completion_ms": 0.047791000455617905
      },
      {
        "index": 539,
        "started_ms": 6378.255375,
        "submitted_ms": 6387.388125,
        "observed_completed_ms": 6394.019792,
        "start_to_observed_completion_ms": 15.764417000000321,
        "submit_to_observed_completion_ms": 6.631666999999652,
        "continuous_iteration_ms": 9.138249397277832,
        "frame_ms": 9.138249397277832,
        "component_sum_ms": 9.127832412719727,
        "tick_ms": 5.507666110992432,
        "dynamic_mesh_ms": 1.208625078201294,
        "encode_ms": 2.3689160346984863,
        "admission_or_completion_ms": 0.04262499883770943
      },
      {
        "index": 540,
        "started_ms": 6387.393625,
        "submitted_ms": 6396.383042,
        "observed_completed_ms": 6402.995,
        "start_to_observed_completion_ms": 15.60137500000019,
        "submit_to_observed_completion_ms": 6.611957999999504,
        "continuous_iteration_ms": 9.002334594726562,
        "frame_ms": 9.002334594726562,
        "component_sum_ms": 8.985374450683594,
        "tick_ms": 5.390124797821045,
        "dynamic_mesh_ms": 1.1935830116271973,
        "encode_ms": 2.362375020980835,
        "admission_or_completion_ms": 0.03929100185632706
      },
      {
        "index": 541,
        "started_ms": 6396.395959,
        "submitted_ms": 6405.345042000001,
        "observed_completed_ms": 6412.223209000001,
        "start_to_observed_completion_ms": 15.827250000000276,
        "submit_to_observed_completion_ms": 6.8781669999998485,
        "continuous_iteration_ms": 8.956125259399414,
        "frame_ms": 8.956125259399414,
        "component_sum_ms": 8.944207191467285,
        "tick_ms": 5.3710832595825195,
        "dynamic_mesh_ms": 1.1869999170303345,
        "encode_ms": 2.349332809448242,
        "admission_or_completion_ms": 0.03679199516773224
      },
      {
        "index": 542,
        "started_ms": 6405.352084,
        "submitted_ms": 6414.709417,
        "observed_completed_ms": 6421.581875,
        "start_to_observed_completion_ms": 16.22979099999975,
        "submit_to_observed_completion_ms": 6.872457999999824,
        "continuous_iteration_ms": 9.363249778747559,
        "frame_ms": 9.363249778747559,
        "component_sum_ms": 9.35170841217041,
        "tick_ms": 5.61899995803833,
        "dynamic_mesh_ms": 1.204582929611206,
        "encode_ms": 2.48533296585083,
        "admission_or_completion_ms": 0.042792003601789474
      },
      {
        "index": 543,
        "started_ms": 6414.715334,
        "submitted_ms": 6424.080042,
        "observed_completed_ms": 6430.872292,
        "start_to_observed_completion_ms": 16.156957999999577,
        "submit_to_observed_completion_ms": 6.792250000000422,
        "continuous_iteration_ms": 9.372415542602539,
        "frame_ms": 9.372415542602539,
        "component_sum_ms": 9.358918190002441,
        "tick_ms": 5.596541881561279,
        "dynamic_mesh_ms": 1.2100000381469727,
        "encode_ms": 2.4969170093536377,
        "admission_or_completion_ms": 0.055459000170230865
      },
      {
        "index": 544,
        "started_ms": 6424.08775,
        "submitted_ms": 6433.343917,
        "observed_completed_ms": 6440.893334,
        "start_to_observed_completion_ms": 16.805584000000636,
        "submit_to_observed_completion_ms": 7.549417000000176,
        "continuous_iteration_ms": 9.263334274291992,
        "frame_ms": 9.263334274291992,
        "component_sum_ms": 9.251792907714844,
        "tick_ms": 5.540082931518555,
        "dynamic_mesh_ms": 1.2019580602645874,
        "encode_ms": 2.4706671237945557,
        "admission_or_completion_ms": 0.039083998650312424
      },
      {
        "index": 545,
        "started_ms": 6433.351084,
        "submitted_ms": 6443.19,
        "observed_completed_ms": 6450.855334,
        "start_to_observed_completion_ms": 17.504249999999956,
        "submit_to_observed_completion_ms": 7.665334000000257,
        "continuous_iteration_ms": 9.843374252319336,
        "frame_ms": 9.843374252319336,
        "component_sum_ms": 9.833332061767578,
        "tick_ms": 6.290665626525879,
        "dynamic_mesh_ms": 1.2071250677108765,
        "encode_ms": 2.295833110809326,
        "admission_or_completion_ms": 0.03970799967646599
      },
      {
        "index": 546,
        "started_ms": 6443.194459,
        "submitted_ms": 6452.1935,
        "observed_completed_ms": 6459.190667,
        "start_to_observed_completion_ms": 15.99620799999957,
        "submit_to_observed_completion_ms": 6.997166999999536,
        "continuous_iteration_ms": 9.005083084106445,
        "frame_ms": 9.005083084106445,
        "component_sum_ms": 8.994540214538574,
        "tick_ms": 5.501290798187256,
        "dynamic_mesh_ms": 1.192291021347046,
        "encode_ms": 2.297791004180908,
        "admission_or_completion_ms": 0.0031670001335442066
      },
      {
        "index": 547,
        "started_ms": 6452.199541999999,
        "submitted_ms": 6461.614084,
        "observed_completed_ms": 6468.686500000001,
        "start_to_observed_completion_ms": 16.486958000001323,
        "submit_to_observed_completion_ms": 7.072416000000885,
        "continuous_iteration_ms": 9.421208381652832,
        "frame_ms": 9.421208381652832,
        "component_sum_ms": 9.409416198730469,
        "tick_ms": 5.750333786010742,
        "dynamic_mesh_ms": 1.1912500858306885,
        "encode_ms": 2.4222919940948486,
        "admission_or_completion_ms": 0.04554099962115288
      },
      {
        "index": 548,
        "started_ms": 6461.62075,
        "submitted_ms": 6471.167459,
        "observed_completed_ms": 6478.231209,
        "start_to_observed_completion_ms": 16.610458999999537,
        "submit_to_observed_completion_ms": 7.063749999999345,
        "continuous_iteration_ms": 9.553542137145996,
        "frame_ms": 9.553542137145996,
        "component_sum_ms": 9.541667938232422,
        "tick_ms": 5.817042350769043,
        "dynamic_mesh_ms": 1.1974170207977295,
        "encode_ms": 2.4798340797424316,
        "admission_or_completion_ms": 0.04737499728798866
      },
      {
        "index": 549,
        "started_ms": 6471.174292,
        "submitted_ms": 6480.59925,
        "observed_completed_ms": 6487.015459,
        "start_to_observed_completion_ms": 15.841167000000496,
        "submit_to_observed_completion_ms": 6.416208999999981,
        "continuous_iteration_ms": 9.431500434875488,
        "frame_ms": 9.431500434875488,
        "component_sum_ms": 9.420208930969238,
        "tick_ms": 5.83316707611084,
        "dynamic_mesh_ms": 1.1800000667572021,
        "encode_ms": 2.367166042327881,
        "admission_or_completion_ms": 0.039875999093055725
      },
      {
        "index": 550,
        "started_ms": 6480.605792,
        "submitted_ms": 6489.296959,
        "observed_completed_ms": 6495.700084,
        "start_to_observed_completion_ms": 15.094291999999768,
        "submit_to_observed_completion_ms": 6.403124999999818,
        "continuous_iteration_ms": 8.696791648864746,
        "frame_ms": 8.696791648864746,
        "component_sum_ms": 8.685958862304688,
        "tick_ms": 5.263124942779541,
        "dynamic_mesh_ms": 1.0984169244766235,
        "encode_ms": 2.2805418968200684,
        "admission_or_completion_ms": 0.04387499764561653
      },
      {
        "index": 551,
        "started_ms": 6489.302584,
        "submitted_ms": 6497.880084,
        "observed_completed_ms": 6504.392834,
        "start_to_observed_completion_ms": 15.090250000000196,
        "submit_to_observed_completion_ms": 6.512749999999869,
        "continuous_iteration_ms": 8.58387565612793,
        "frame_ms": 8.58387565612793,
        "component_sum_ms": 8.572916030883789,
        "tick_ms": 5.290333271026611,
        "dynamic_mesh_ms": 1.0663330554962158,
        "encode_ms": 2.179417133331299,
        "admission_or_completion_ms": 0.03683299943804741
      },
      {
        "index": 552,
        "started_ms": 6497.886459,
        "submitted_ms": 6507.049667,
        "observed_completed_ms": 6513.4338339999995,
        "start_to_observed_completion_ms": 15.547374999999192,
        "submit_to_observed_completion_ms": 6.384166999999252,
        "continuous_iteration_ms": 9.17045783996582,
        "frame_ms": 9.17045783996582,
        "component_sum_ms": 9.158707618713379,
        "tick_ms": 5.344041347503662,
        "dynamic_mesh_ms": 1.1158329248428345,
        "encode_ms": 2.656125068664551,
        "admission_or_completion_ms": 0.04270799830555916
      },
      {
        "index": 553,
        "started_ms": 6507.056917,
        "submitted_ms": 6515.714375,
        "observed_completed_ms": 6522.982875000001,
        "start_to_observed_completion_ms": 15.925958000000719,
        "submit_to_observed_completion_ms": 7.2685000000010405,
        "continuous_iteration_ms": 8.663249969482422,
        "frame_ms": 8.663249969482422,
        "component_sum_ms": 8.652582168579102,
        "tick_ms": 5.218166828155518,
        "dynamic_mesh_ms": 1.1054580211639404,
        "encode_ms": 2.279541015625,
        "admission_or_completion_ms": 0.04941700026392937
      },
      {
        "index": 554,
        "started_ms": 6515.7201669999995,
        "submitted_ms": 6524.284625,
        "observed_completed_ms": 6530.72225,
        "start_to_observed_completion_ms": 15.002083000000312,
        "submit_to_observed_completion_ms": 6.437624999999571,
        "continuous_iteration_ms": 8.570125579833984,
        "frame_ms": 8.570125579833984,
        "component_sum_ms": 8.560041427612305,
        "tick_ms": 5.2201666831970215,
        "dynamic_mesh_ms": 1.1165000200271606,
        "encode_ms": 2.221208095550537,
        "admission_or_completion_ms": 0.0021669999696314335
      },
      {
        "index": 555,
        "started_ms": 6524.290292,
        "submitted_ms": 6532.949875,
        "observed_completed_ms": 6539.850167,
        "start_to_observed_completion_ms": 15.55987499999992,
        "submit_to_observed_completion_ms": 6.900291999999354,
        "continuous_iteration_ms": 8.66462516784668,
        "frame_ms": 8.66462516784668,
        "component_sum_ms": 8.655749320983887,
        "tick_ms": 5.295958042144775,
        "dynamic_mesh_ms": 1.1040409803390503,
        "encode_ms": 2.2269158363342285,
        "admission_or_completion_ms": 0.02883400209248066
      },
      {
        "index": 556,
        "started_ms": 6532.954917,
        "submitted_ms": 6541.932709,
        "observed_completed_ms": 6548.75675,
        "start_to_observed_completion_ms": 15.801832999999533,
        "submit_to_observed_completion_ms": 6.824040999999852,
        "continuous_iteration_ms": 8.982500076293945,
        "frame_ms": 8.982500076293945,
        "component_sum_ms": 8.974040985107422,
        "tick_ms": 5.7703752517700195,
        "dynamic_mesh_ms": 1.0926659107208252,
        "encode_ms": 2.081834077835083,
        "admission_or_completion_ms": 0.029165999963879585
      },
      {
        "index": 557,
        "started_ms": 6541.937417,
        "submitted_ms": 6550.812584,
        "observed_completed_ms": 6557.263959,
        "start_to_observed_completion_ms": 15.32654199999979,
        "submit_to_observed_completion_ms": 6.4513749999996435,
        "continuous_iteration_ms": 8.879042625427246,
        "frame_ms": 8.879042625427246,
        "component_sum_ms": 8.871417045593262,
        "tick_ms": 5.7017502784729,
        "dynamic_mesh_ms": 1.0831249952316284,
        "encode_ms": 2.055000066757202,
        "admission_or_completion_ms": 0.03154199942946434
      },
      {
        "index": 558,
        "started_ms": 6550.816459,
        "submitted_ms": 6559.427084,
        "observed_completed_ms": 6566.0325840000005,
        "start_to_observed_completion_ms": 15.21612500000083,
        "submit_to_observed_completion_ms": 6.605500000000575,
        "continuous_iteration_ms": 8.615500450134277,
        "frame_ms": 8.615500450134277,
        "component_sum_ms": 8.607041358947754,
        "tick_ms": 5.325375080108643,
        "dynamic_mesh_ms": 1.0876250267028809,
        "encode_ms": 2.16225004196167,
        "admission_or_completion_ms": 0.03179100155830383
      },
      {
        "index": 559,
        "started_ms": 6559.4319590000005,
        "submitted_ms": 6568.226834,
        "observed_completed_ms": 6574.750542000001,
        "start_to_observed_completion_ms": 15.318583000000217,
        "submit_to_observed_completion_ms": 6.5237080000006245,
        "continuous_iteration_ms": 8.79949951171875,
        "frame_ms": 8.79949951171875,
        "component_sum_ms": 8.790373802185059,
        "tick_ms": 5.467207908630371,
        "dynamic_mesh_ms": 1.090749979019165,
        "encode_ms": 2.1932499408721924,
        "admission_or_completion_ms": 0.03916599974036217
      },
      {
        "index": 560,
        "started_ms": 6568.231459,
        "submitted_ms": 6576.844042000001,
        "observed_completed_ms": 6583.356334,
        "start_to_observed_completion_ms": 15.12487500000043,
        "submit_to_observed_completion_ms": 6.512291999999434,
        "continuous_iteration_ms": 8.61645793914795,
        "frame_ms": 8.61645793914795,
        "component_sum_ms": 8.608916282653809,
        "tick_ms": 5.394792079925537,
        "dynamic_mesh_ms": 1.088832974433899,
        "encode_ms": 2.092707872390747,
        "admission_or_completion_ms": 0.032582998275756836
      },
      {
        "index": 561,
        "started_ms": 6576.847917,
        "submitted_ms": 6585.460292000001,
        "observed_completed_ms": 6591.966417,
        "start_to_observed_completion_ms": 15.118499999999585,
        "submit_to_observed_completion_ms": 6.506124999998974,
        "continuous_iteration_ms": 8.616374969482422,
        "frame_ms": 8.616374969482422,
        "component_sum_ms": 8.608500480651855,
        "tick_ms": 5.376082897186279,
        "dynamic_mesh_ms": 1.0980420112609863,
        "encode_ms": 2.103250026702881,
        "admission_or_completion_ms": 0.03112499974668026
      },
      {
        "index": 562,
        "started_ms": 6585.464292000001,
        "submitted_ms": 6594.056084,
        "observed_completed_ms": 6600.58175,
        "start_to_observed_completion_ms": 15.117457999999715,
        "submit_to_observed_completion_ms": 6.525666000000456,
        "continuous_iteration_ms": 8.596207618713379,
        "frame_ms": 8.596207618713379,
        "component_sum_ms": 8.588208198547363,
        "tick_ms": 5.375499725341797,
        "dynamic_mesh_ms": 1.09108304977417,
        "encode_ms": 2.0889170169830322,
        "admission_or_completion_ms": 0.032708004117012024
      },
      {
        "index": 563,
        "started_ms": 6594.0605000000005,
        "submitted_ms": 6602.616084,
        "observed_completed_ms": 6609.199625,
        "start_to_observed_completion_ms": 15.139124999999694,
        "submit_to_observed_completion_ms": 6.583540999999968,
        "continuous_iteration_ms": 8.559792518615723,
        "frame_ms": 8.559792518615723,
        "component_sum_ms": 8.552541732788086,
        "tick_ms": 5.400000095367432,
        "dynamic_mesh_ms": 1.0943338871002197,
        "encode_ms": 2.0334999561309814,
        "admission_or_completion_ms": 0.02470800094306469
      },
      {
        "index": 564,
        "started_ms": 6602.6202920000005,
        "submitted_ms": 6611.313709,
        "observed_completed_ms": 6617.928209000001,
        "start_to_observed_completion_ms": 15.307917000000089,
        "submit_to_observed_completion_ms": 6.614500000000589,
        "continuous_iteration_ms": 8.697833061218262,
        "frame_ms": 8.697833061218262,
        "component_sum_ms": 8.689584732055664,
        "tick_ms": 5.451292037963867,
        "dynamic_mesh_ms": 1.0941669940948486,
        "encode_ms": 2.112959146499634,
        "admission_or_completion_ms": 0.031167002394795418
      },
      {
        "index": 565,
        "started_ms": 6611.318125000001,
        "submitted_ms": 6619.988125,
        "observed_completed_ms": 6626.437583999999,
        "start_to_observed_completion_ms": 15.119458999998642,
        "submit_to_observed_completion_ms": 6.449458999999479,
        "continuous_iteration_ms": 8.673417091369629,
        "frame_ms": 8.673417091369629,
        "component_sum_ms": 8.666375160217285,
        "tick_ms": 5.48770809173584,
        "dynamic_mesh_ms": 1.090000033378601,
        "encode_ms": 2.0591251850128174,
        "admission_or_completion_ms": 0.029541999101638794
      },
      {
        "index": 566,
        "started_ms": 6619.991542,
        "submitted_ms": 6628.453792,
        "observed_completed_ms": 6635.0001250000005,
        "start_to_observed_completion_ms": 15.008583000000726,
        "submit_to_observed_completion_ms": 6.5463330000002316,
        "continuous_iteration_ms": 8.465874671936035,
        "frame_ms": 8.465874671936035,
        "component_sum_ms": 8.45895767211914,
        "tick_ms": 5.336415767669678,
        "dynamic_mesh_ms": 1.0822091102600098,
        "encode_ms": 2.0153751373291016,
        "admission_or_completion_ms": 0.02495799958705902
      },
      {
        "index": 567,
        "started_ms": 6628.457417,
        "submitted_ms": 6637.075375,
        "observed_completed_ms": 6643.6140000000005,
        "start_to_observed_completion_ms": 15.156583000000865,
        "submit_to_observed_completion_ms": 6.538625000000138,
        "continuous_iteration_ms": 8.621458053588867,
        "frame_ms": 8.621458053588867,
        "component_sum_ms": 8.61462688446045,
        "tick_ms": 5.423958778381348,
        "dynamic_mesh_ms": 1.0870839357376099,
        "encode_ms": 2.07450008392334,
        "admission_or_completion_ms": 0.02908400073647499
      },
      {
        "index": 568,
        "started_ms": 6637.078875,
        "submitted_ms": 6645.689875,
        "observed_completed_ms": 6652.206084,
        "start_to_observed_completion_ms": 15.12720900000022,
        "submit_to_observed_completion_ms": 6.5162090000003445,
        "continuous_iteration_ms": 8.615166664123535,
        "frame_ms": 8.615166664123535,
        "component_sum_ms": 8.607791900634766,
        "tick_ms": 5.417457580566406,
        "dynamic_mesh_ms": 1.0847920179367065,
        "encode_ms": 2.075124979019165,
        "admission_or_completion_ms": 0.030417000874876976
      },
      {
        "index": 569,
        "started_ms": 6645.694042,
        "submitted_ms": 6654.303584,
        "observed_completed_ms": 6660.964875000001,
        "start_to_observed_completion_ms": 15.270833000000493,
        "submit_to_observed_completion_ms": 6.661291000000347,
        "continuous_iteration_ms": 8.614375114440918,
        "frame_ms": 8.614375114440918,
        "component_sum_ms": 8.606999397277832,
        "tick_ms": 5.403082847595215,
        "dynamic_mesh_ms": 1.0799999237060547,
        "encode_ms": 2.0972089767456055,
        "admission_or_completion_ms": 0.026707999408245087
      },
      {
        "index": 570,
        "started_ms": 6654.308417,
        "submitted_ms": 6663.114375,
        "observed_completed_ms": 6669.839542,
        "start_to_observed_completion_ms": 15.53112499999952,
        "submit_to_observed_completion_ms": 6.725166999999601,
        "continuous_iteration_ms": 8.812749862670898,
        "frame_ms": 8.812749862670898,
        "component_sum_ms": 8.801167488098145,
        "tick_ms": 5.522417068481445,
        "dynamic_mesh_ms": 1.0946660041809082,
        "encode_ms": 2.1484999656677246,
        "admission_or_completion_ms": 0.03558399900794029
      },
      {
        "index": 571,
        "started_ms": 6663.121167,
        "submitted_ms": 6672.008833999999,
        "observed_completed_ms": 6678.830167,
        "start_to_observed_completion_ms": 15.708999999999833,
        "submit_to_observed_completion_ms": 6.821333000000777,
        "continuous_iteration_ms": 8.892666816711426,
        "frame_ms": 8.892666816711426,
        "component_sum_ms": 8.883831977844238,
        "tick_ms": 5.589041709899902,
        "dynamic_mesh_ms": 1.0878329277038574,
        "encode_ms": 2.1681249141693115,
        "admission_or_completion_ms": 0.038832999765872955
      },
      {
        "index": 572,
        "started_ms": 6672.013834,
        "submitted_ms": 6680.971792,
        "observed_completed_ms": 6687.726459,
        "start_to_observed_completion_ms": 15.712625000000116,
        "submit_to_observed_completion_ms": 6.754667000000154,
        "continuous_iteration_ms": 8.963166236877441,
        "frame_ms": 8.963166236877441,
        "component_sum_ms": 8.954167366027832,
        "tick_ms": 5.690249919891357,
        "dynamic_mesh_ms": 1.0854159593582153,
        "encode_ms": 2.14079213142395,
        "admission_or_completion_ms": 0.03770900145173073
      },
      {
        "index": 573,
        "started_ms": 6680.977000000001,
        "submitted_ms": 6689.8334589999995,
        "observed_completed_ms": 6696.483209,
        "start_to_observed_completion_ms": 15.506208999999217,
        "submit_to_observed_completion_ms": 6.649750000000495,
        "continuous_iteration_ms": 8.861624717712402,
        "frame_ms": 8.861624717712402,
        "component_sum_ms": 8.85341739654541,
        "tick_ms": 5.620167255401611,
        "dynamic_mesh_ms": 1.0927499532699585,
        "encode_ms": 2.106374979019165,
        "admission_or_completion_ms": 0.03412500396370888
      },
      {
        "index": 574,
        "started_ms": 6689.838625,
        "submitted_ms": 6698.616209,
        "observed_completed_ms": 6705.2811249999995,
        "start_to_observed_completion_ms": 15.4424999999992,
        "submit_to_observed_completion_ms": 6.664915999999721,
        "continuous_iteration_ms": 8.782459259033203,
        "frame_ms": 8.782459259033203,
        "component_sum_ms": 8.774707794189453,
        "tick_ms": 5.522958755493164,
        "dynamic_mesh_ms": 1.0852500200271606,
        "encode_ms": 2.131625175476074,
        "admission_or_completion_ms": 0.034873999655246735
      },
      {
        "index": 575,
        "started_ms": 6698.621084,
        "submitted_ms": 6707.383542,
        "observed_completed_ms": 6714.190624999999,
        "start_to_observed_completion_ms": 15.569540999998935,
        "submit_to_observed_completion_ms": 6.807082999999693,
        "continuous_iteration_ms": 8.767999649047852,
        "frame_ms": 8.767999649047852,
        "component_sum_ms": 8.75958251953125,
        "tick_ms": 5.527082920074463,
        "dynamic_mesh_ms": 1.1007919311523438,
        "encode_ms": 2.1018331050872803,
        "admission_or_completion_ms": 0.029874999076128006
      },
      {
        "index": 576,
        "started_ms": 6707.3890839999995,
        "submitted_ms": 6716.344625,
        "observed_completed_ms": 6723.647292,
        "start_to_observed_completion_ms": 16.258208000000195,
        "submit_to_observed_completion_ms": 7.3026669999999285,
        "continuous_iteration_ms": 8.960332870483398,
        "frame_ms": 8.960332870483398,
        "component_sum_ms": 8.95170783996582,
        "tick_ms": 5.664584159851074,
        "dynamic_mesh_ms": 1.1023750305175781,
        "encode_ms": 2.1531660556793213,
        "admission_or_completion_ms": 0.03158299997448921
      },
      {
        "index": 577,
        "started_ms": 6716.349417,
        "submitted_ms": 6725.658709,
        "observed_completed_ms": 6732.449625,
        "start_to_observed_completion_ms": 16.10020799999984,
        "submit_to_observed_completion_ms": 6.790915999999925,
        "continuous_iteration_ms": 9.313875198364258,
        "frame_ms": 9.313875198364258,
        "component_sum_ms": 9.3055419921875,
        "tick_ms": 6.163416862487793,
        "dynamic_mesh_ms": 1.0988330841064453,
        "encode_ms": 2.0104591846466064,
        "admission_or_completion_ms": 0.032832998782396317
      },
      {
        "index": 578,
        "started_ms": 6725.663292,
        "submitted_ms": 6734.469209,
        "observed_completed_ms": 6741.402375,
        "start_to_observed_completion_ms": 15.739082999999482,
        "submit_to_observed_completion_ms": 6.933165999999801,
        "continuous_iteration_ms": 8.809874534606934,
        "frame_ms": 8.809874534606934,
        "component_sum_ms": 8.802582740783691,
        "tick_ms": 5.654665946960449,
        "dynamic_mesh_ms": 1.0987910032272339,
        "encode_ms": 2.0189590454101562,
        "admission_or_completion_ms": 0.030167000368237495
      },
      {
        "index": 579,
        "started_ms": 6734.473167,
        "submitted_ms": 6743.569542,
        "observed_completed_ms": 6750.439917,
        "start_to_observed_completion_ms": 15.966749999999593,
        "submit_to_observed_completion_ms": 6.8703749999995125,
        "continuous_iteration_ms": 9.10212516784668,
        "frame_ms": 9.10212516784668,
        "component_sum_ms": 9.09333324432373,
        "tick_ms": 5.804208278656006,
        "dynamic_mesh_ms": 1.0868749618530273,
        "encode_ms": 2.1659998893737793,
        "admission_or_completion_ms": 0.036249998956918716
      },
      {
        "index": 580,
        "started_ms": 6743.575292,
        "submitted_ms": 6752.568625,
        "observed_completed_ms": 6759.505292,
        "start_to_observed_completion_ms": 15.929999999999382,
        "submit_to_observed_completion_ms": 6.936666999999943,
        "continuous_iteration_ms": 8.997666358947754,
        "frame_ms": 8.997666358947754,
        "component_sum_ms": 8.989874839782715,
        "tick_ms": 5.769833087921143,
        "dynamic_mesh_ms": 1.0544580221176147,
        "encode_ms": 2.127958059310913,
        "admission_or_completion_ms": 0.03762499988079071
      },
      {
        "index": 581,
        "started_ms": 6752.572959,
        "submitted_ms": 6761.545292,
        "observed_completed_ms": 6768.321375,
        "start_to_observed_completion_ms": 15.748416000000361,
        "submit_to_observed_completion_ms": 6.7760830000006536,
        "continuous_iteration_ms": 8.976666450500488,
        "frame_ms": 8.976666450500488,
        "component_sum_ms": 8.968375205993652,
        "tick_ms": 5.785665988922119,
        "dynamic_mesh_ms": 1.1070419549942017,
        "encode_ms": 2.0393331050872803,
        "admission_or_completion_ms": 0.036334000527858734
      },
      {
        "index": 582,
        "started_ms": 6761.549625,
        "submitted_ms": 6770.378334,
        "observed_completed_ms": 6777.136584,
        "start_to_observed_completion_ms": 15.586959000000206,
        "submit_to_observed_completion_ms": 6.758249999999862,
        "continuous_iteration_ms": 8.83304214477539,
        "frame_ms": 8.83304214477539,
        "component_sum_ms": 8.825291633605957,
        "tick_ms": 5.647500038146973,
        "dynamic_mesh_ms": 1.088542103767395,
        "encode_ms": 2.0562500953674316,
        "admission_or_completion_ms": 0.032999999821186066
      },
      {
        "index": 583,
        "started_ms": 6770.382667,
        "submitted_ms": 6779.243417,
        "observed_completed_ms": 6786.134666999999,
        "start_to_observed_completion_ms": 15.751999999999498,
        "submit_to_observed_completion_ms": 6.891249999999673,
        "continuous_iteration_ms": 8.865124702453613,
        "frame_ms": 8.865124702453613,
        "component_sum_ms": 8.85745906829834,
        "tick_ms": 5.637084007263184,
        "dynamic_mesh_ms": 1.0819579362869263,
        "encode_ms": 2.105916976928711,
        "admission_or_completion_ms": 0.0325000025331974
      },
      {
        "index": 584,
        "started_ms": 6779.247791999999,
        "submitted_ms": 6788.2705000000005,
        "observed_completed_ms": 6795.091624999999,
        "start_to_observed_completion_ms": 15.843832999999904,
        "submit_to_observed_completion_ms": 6.821124999998574,
        "continuous_iteration_ms": 9.029000282287598,
        "frame_ms": 9.029000282287598,
        "component_sum_ms": 9.019791603088379,
        "tick_ms": 5.772416114807129,
        "dynamic_mesh_ms": 1.0778330564498901,
        "encode_ms": 2.1352500915527344,
        "admission_or_completion_ms": 0.03429200127720833
      },
      {
        "index": 585,
        "started_ms": 6788.276792,
        "submitted_ms": 6797.238459,
        "observed_completed_ms": 6804.012042,
        "start_to_observed_completion_ms": 15.735250000000633,
        "submit_to_observed_completion_ms": 6.773583000000144,
        "continuous_iteration_ms": 8.965916633605957,
        "frame_ms": 8.965916633605957,
        "component_sum_ms": 8.958457946777344,
        "tick_ms": 5.694541931152344,
        "dynamic_mesh_ms": 1.0875409841537476,
        "encode_ms": 2.1459169387817383,
        "admission_or_completion_ms": 0.030458001419901848
      },
      {
        "index": 586,
        "started_ms": 6797.242709,
        "submitted_ms": 6806.093667,
        "observed_completed_ms": 6813.042917,
        "start_to_observed_completion_ms": 15.800207999999657,
        "submit_to_observed_completion_ms": 6.949249999999665,
        "continuous_iteration_ms": 8.858291625976562,
        "frame_ms": 8.858291625976562,
        "component_sum_ms": 8.848374366760254,
        "tick_ms": 5.657875061035156,
        "dynamic_mesh_ms": 1.079416036605835,
        "encode_ms": 2.0808749198913574,
        "admission_or_completion_ms": 0.030208000913262367
      },
      {
        "index": 587,
        "started_ms": 6806.101,
        "submitted_ms": 6815.261375,
        "observed_completed_ms": 6822.027709,
        "start_to_observed_completion_ms": 15.9267090000003,
        "submit_to_observed_completion_ms": 6.766333999999915,
        "continuous_iteration_ms": 9.165249824523926,
        "frame_ms": 9.165249824523926,
        "component_sum_ms": 9.157333374023438,
        "tick_ms": 5.796750068664551,
        "dynamic_mesh_ms": 1.0933750867843628,
        "encode_ms": 2.217665910720825,
        "admission_or_completion_ms": 0.04954200237989426
      },
      {
        "index": 588,
        "started_ms": 6815.26625,
        "submitted_ms": 6824.165167,
        "observed_completed_ms": 6830.585625000001,
        "start_to_observed_completion_ms": 15.319375000000946,
        "submit_to_observed_completion_ms": 6.420458000000508,
        "continuous_iteration_ms": 8.904375076293945,
        "frame_ms": 8.904375076293945,
        "component_sum_ms": 8.89608383178711,
        "tick_ms": 5.704207897186279,
        "dynamic_mesh_ms": 1.0217089653015137,
        "encode_ms": 2.1367499828338623,
        "admission_or_completion_ms": 0.033416997641325
      },
      {
        "index": 589,
        "started_ms": 6824.170625,
        "submitted_ms": 6832.677334,
        "observed_completed_ms": 6839.239375,
        "start_to_observed_completion_ms": 15.068750000000364,
        "submit_to_observed_completion_ms": 6.562041000000136,
        "continuous_iteration_ms": 8.512042045593262,
        "frame_ms": 8.512042045593262,
        "component_sum_ms": 8.503666877746582,
        "tick_ms": 5.360416889190674,
        "dynamic_mesh_ms": 1.0192090272903442,
        "encode_ms": 2.0910000801086426,
        "admission_or_completion_ms": 0.03304100036621094
      },
      {
        "index": 590,
        "started_ms": 6832.682667,
        "submitted_ms": 6841.370209,
        "observed_completed_ms": 6847.880542000001,
        "start_to_observed_completion_ms": 15.19787500000075,
        "submit_to_observed_completion_ms": 6.510333000001083,
        "continuous_iteration_ms": 8.69295883178711,
        "frame_ms": 8.69295883178711,
        "component_sum_ms": 8.684290885925293,
        "tick_ms": 5.496833801269531,
        "dynamic_mesh_ms": 1.0239579677581787,
        "encode_ms": 2.1297919750213623,
        "admission_or_completion_ms": 0.03370700404047966
      },
      {
        "index": 591,
        "started_ms": 6841.375625,
        "submitted_ms": 6850.0625,
        "observed_completed_ms": 6856.763292000001,
        "start_to_observed_completion_ms": 15.387667000000874,
        "submit_to_observed_completion_ms": 6.700792000000547,
        "continuous_iteration_ms": 8.69383430480957,
        "frame_ms": 8.69383430480957,
        "component_sum_ms": 8.683916091918945,
        "tick_ms": 5.432541847229004,
        "dynamic_mesh_ms": 1.0435830354690552,
        "encode_ms": 2.1811251640319824,
        "admission_or_completion_ms": 0.026667000725865364
      },
      {
        "index": 592,
        "started_ms": 6850.069459,
        "submitted_ms": 6858.830667,
        "observed_completed_ms": 6865.492125000001,
        "start_to_observed_completion_ms": 15.42266600000039,
        "submit_to_observed_completion_ms": 6.6614580000004935,
        "continuous_iteration_ms": 8.766290664672852,
        "frame_ms": 8.766290664672852,
        "component_sum_ms": 8.75754165649414,
        "tick_ms": 5.587500095367432,
        "dynamic_mesh_ms": 1.0726250410079956,
        "encode_ms": 2.0662498474121094,
        "admission_or_completion_ms": 0.03116600029170513
      },
      {
        "index": 593,
        "started_ms": 6858.83575,
        "submitted_ms": 6867.4974999999995,
        "observed_completed_ms": 6874.260834000001,
        "start_to_observed_completion_ms": 15.425084000000425,
        "submit_to_observed_completion_ms": 6.763334000001123,
        "continuous_iteration_ms": 8.665708541870117,
        "frame_ms": 8.665708541870117,
        "component_sum_ms": 8.658458709716797,
        "tick_ms": 5.524791717529297,
        "dynamic_mesh_ms": 1.0984160900115967,
        "encode_ms": 2.0047078132629395,
        "admission_or_completion_ms": 0.030542001128196716
      },
      {
        "index": 594,
        "started_ms": 6867.501459,
        "submitted_ms": 6876.268709,
        "observed_completed_ms": 6882.912334000001,
        "start_to_observed_completion_ms": 15.410875000000487,
        "submit_to_observed_completion_ms": 6.643625000000611,
        "continuous_iteration_ms": 8.77229118347168,
        "frame_ms": 8.77229118347168,
        "component_sum_ms": 8.763958930969238,
        "tick_ms": 5.6354169845581055,
        "dynamic_mesh_ms": 1.08774995803833,
        "encode_ms": 2.006833791732788,
        "admission_or_completion_ms": 0.03395800292491913
      },
      {
        "index": 595,
        "started_ms": 6876.27375,
        "submitted_ms": 6884.870792,
        "observed_completed_ms": 6891.721625,
        "start_to_observed_completion_ms": 15.44787499999984,
        "submit_to_observed_completion_ms": 6.850833000000421,
        "continuous_iteration_ms": 8.602999687194824,
        "frame_ms": 8.602999687194824,
        "component_sum_ms": 8.594082832336426,
        "tick_ms": 5.552375316619873,
        "dynamic_mesh_ms": 1.0490829944610596,
        "encode_ms": 1.9577499628067017,
        "admission_or_completion_ms": 0.034873999655246735
      },
      {
        "index": 596,
        "started_ms": 6884.87675,
        "submitted_ms": 6893.727084,
        "observed_completed_ms": 6900.5912499999995,
        "start_to_observed_completion_ms": 15.714499999999134,
        "submit_to_observed_completion_ms": 6.864165999999386,
        "continuous_iteration_ms": 8.8551664352417,
        "frame_ms": 8.8551664352417,
        "component_sum_ms": 8.847207069396973,
        "tick_ms": 5.779208183288574,
        "dynamic_mesh_ms": 1.02524995803833,
        "encode_ms": 2.0047500133514404,
        "admission_or_completion_ms": 0.03799900412559509
      },
      {
        "index": 597,
        "started_ms": 6893.731917,
        "submitted_ms": 6902.570375,
        "observed_completed_ms": 6909.390292,
        "start_to_observed_completion_ms": 15.658374999999978,
        "submit_to_observed_completion_ms": 6.819916999999805,
        "continuous_iteration_ms": 8.843708038330078,
        "frame_ms": 8.843708038330078,
        "component_sum_ms": 8.83449935913086,
        "tick_ms": 5.735166072845459,
        "dynamic_mesh_ms": 1.0832500457763672,
        "encode_ms": 1.9783331155776978,
        "admission_or_completion_ms": 0.0377500019967556
      },
      {
        "index": 598,
        "started_ms": 6902.5756249999995,
        "submitted_ms": 6911.374417,
        "observed_completed_ms": 6918.195,
        "start_to_observed_completion_ms": 15.619375000000218,
        "submit_to_observed_completion_ms": 6.820582999999715,
        "continuous_iteration_ms": 8.80333423614502,
        "frame_ms": 8.80333423614502,
        "component_sum_ms": 8.79558277130127,
        "tick_ms": 5.745540618896484,
        "dynamic_mesh_ms": 1.0304170846939087,
        "encode_ms": 1.9834169149398804,
        "admission_or_completion_ms": 0.03620800003409386
      },
      {
        "index": 599,
        "started_ms": 6911.378959000001,
        "submitted_ms": 6920.305542,
        "observed_completed_ms": 6927.086542,
        "start_to_observed_completion_ms": 15.707582999999431,
        "submit_to_observed_completion_ms": 6.780999999999949,
        "continuous_iteration_ms": 8.932250022888184,
        "frame_ms": 8.932250022888184,
        "component_sum_ms": 8.923624992370605,
        "tick_ms": 5.732791900634766,
        "dynamic_mesh_ms": 1.0429580211639404,
        "encode_ms": 2.1095829010009766,
        "admission_or_completion_ms": 0.03829200193285942
      },
      {
        "index": 600,
        "started_ms": 6920.311209,
        "submitted_ms": 6929.1157920000005,
        "observed_completed_ms": 6935.190125,
        "start_to_observed_completion_ms": 14.878915999999663,
        "submit_to_observed_completion_ms": 6.074332999999569,
        "continuous_iteration_ms": 15.675958633422852,
        "frame_ms": 15.675958633422852,
        "component_sum_ms": 15.011043548583984,
        "tick_ms": 5.718166828155518,
        "dynamic_mesh_ms": 1.0190420150756836,
        "encode_ms": 2.0284171104431152,
        "admission_or_completion_ms": 6.24541711807251
      },
      {
        "index": 601,
        "started_ms": 6935.987167,
        "submitted_ms": 6944.830625,
        "observed_completed_ms": 6951.790959,
        "start_to_observed_completion_ms": 15.803791999999703,
        "submit_to_observed_completion_ms": 6.96033400000033,
        "continuous_iteration_ms": 8.8507080078125,
        "frame_ms": 8.8507080078125,
        "component_sum_ms": 8.839666366577148,
        "tick_ms": 5.690958023071289,
        "dynamic_mesh_ms": 1.0260839462280273,
        "encode_ms": 2.1194159984588623,
        "admission_or_completion_ms": 0.003207999747246504
      },
      {
        "index": 602,
        "started_ms": 6944.837875,
        "submitted_ms": 6953.768916999999,
        "observed_completed_ms": 6960.65175,
        "start_to_observed_completion_ms": 15.813874999999825,
        "submit_to_observed_completion_ms": 6.8828330000005735,
        "continuous_iteration_ms": 8.935958862304688,
        "frame_ms": 8.935958862304688,
        "component_sum_ms": 8.928044319152832,
        "tick_ms": 5.887458801269531,
        "dynamic_mesh_ms": 1.0251669883728027,
        "encode_ms": 1.9771671295166016,
        "admission_or_completion_ms": 0.03825100138783455
      },
      {
        "index": 603,
        "started_ms": 6953.773834,
        "submitted_ms": 6962.620917,
        "observed_completed_ms": 6969.527709,
        "start_to_observed_completion_ms": 15.753875000000335,
        "submit_to_observed_completion_ms": 6.9067919999997684,
        "continuous_iteration_ms": 8.852041244506836,
        "frame_ms": 8.852041244506836,
        "component_sum_ms": 8.843542098999023,
        "tick_ms": 5.8437089920043945,
        "dynamic_mesh_ms": 0.9918749332427979,
        "encode_ms": 1.9682499170303345,
        "admission_or_completion_ms": 0.03970800340175629
      },
      {
        "index": 604,
        "started_ms": 6962.625875,
        "submitted_ms": 6971.609875,
        "observed_completed_ms": 6978.568459,
        "start_to_observed_completion_ms": 15.942584000000352,
        "submit_to_observed_completion_ms": 6.9585839999999735,
        "continuous_iteration_ms": 8.991209030151367,
        "frame_ms": 8.991209030151367,
        "component_sum_ms": 8.980875015258789,
        "tick_ms": 5.84108304977417,
        "dynamic_mesh_ms": 1.022125005722046,
        "encode_ms": 2.0813751220703125,
        "admission_or_completion_ms": 0.036292001605033875
      },
      {
        "index": 605,
        "started_ms": 6971.617084,
        "submitted_ms": 6981.0712920000005,
        "observed_completed_ms": 6987.826,
        "start_to_observed_completion_ms": 16.20891599999959,
        "submit_to_observed_completion_ms": 6.754707999999482,
        "continuous_iteration_ms": 9.461250305175781,
        "frame_ms": 9.461250305175781,
        "component_sum_ms": 9.450667381286621,
        "tick_ms": 5.861291408538818,
        "dynamic_mesh_ms": 1.0397080183029175,
        "encode_ms": 2.501500129699707,
        "admission_or_completion_ms": 0.04816700145602226
      },
      {
        "index": 606,
        "started_ms": 6981.078334,
        "submitted_ms": 6989.919417,
        "observed_completed_ms": 6996.832209,
        "start_to_observed_completion_ms": 15.753875000000335,
        "submit_to_observed_completion_ms": 6.912792000000081,
        "continuous_iteration_ms": 8.846833229064941,
        "frame_ms": 8.846833229064941,
        "component_sum_ms": 8.83829402923584,
        "tick_ms": 5.670334339141846,
        "dynamic_mesh_ms": 1.0377919673919678,
        "encode_ms": 2.09279203414917,
        "admission_or_completion_ms": 0.03737499937415123
      },
      {
        "index": 607,
        "started_ms": 6989.925167,
        "submitted_ms": 6998.940084,
        "observed_completed_ms": 7005.817999999999,
        "start_to_observed_completion_ms": 15.892832999998973,
        "submit_to_observed_completion_ms": 6.877915999999459,
        "continuous_iteration_ms": 9.021124839782715,
        "frame_ms": 9.021124839782715,
        "component_sum_ms": 9.012417793273926,
        "tick_ms": 5.8440423011779785,
        "dynamic_mesh_ms": 1.028249979019165,
        "encode_ms": 2.107084035873413,
        "admission_or_completion_ms": 0.03304099664092064
      },
      {
        "index": 608,
        "started_ms": 6998.9462920000005,
        "submitted_ms": 7007.8872089999995,
        "observed_completed_ms": 7014.855542,
        "start_to_observed_completion_ms": 15.909249999999702,
        "submit_to_observed_completion_ms": 6.968333000000712,
        "continuous_iteration_ms": 8.946667671203613,
        "frame_ms": 8.946667671203613,
        "component_sum_ms": 8.937666893005371,
        "tick_ms": 5.788791179656982,
        "dynamic_mesh_ms": 1.0463329553604126,
        "encode_ms": 2.0684590339660645,
        "admission_or_completion_ms": 0.03408300131559372
      },
      {
        "index": 609,
        "started_ms": 7007.892959000001,
        "submitted_ms": 7016.897709,
        "observed_completed_ms": 7023.631959,
        "start_to_observed_completion_ms": 15.738999999999578,
        "submit_to_observed_completion_ms": 6.734250000000429,
        "continuous_iteration_ms": 9.010250091552734,
        "frame_ms": 9.010250091552734,
        "component_sum_ms": 9.00112533569336,
        "tick_ms": 5.8636250495910645,
        "dynamic_mesh_ms": 1.0569579601287842,
        "encode_ms": 2.0413341522216797,
        "admission_or_completion_ms": 0.03920799866318703
      },
      {
        "index": 610,
        "started_ms": 7016.903209,
        "submitted_ms": 7025.5614590000005,
        "observed_completed_ms": 7032.216584000001,
        "start_to_observed_completion_ms": 15.313375000000633,
        "submit_to_observed_completion_ms": 6.6551250000002256,
        "continuous_iteration_ms": 8.66220760345459,
        "frame_ms": 8.66220760345459,
        "component_sum_ms": 8.654916763305664,
        "tick_ms": 5.663875102996826,
        "dynamic_mesh_ms": 1.0344589948654175,
        "encode_ms": 1.9286669492721558,
        "admission_or_completion_ms": 0.02791599929332733
      },
      {
        "index": 611,
        "started_ms": 7025.565417,
        "submitted_ms": 7034.146292,
        "observed_completed_ms": 7040.736334,
        "start_to_observed_completion_ms": 15.170917000000372,
        "submit_to_observed_completion_ms": 6.590041999999812,
        "continuous_iteration_ms": 8.584500312805176,
        "frame_ms": 8.584500312805176,
        "component_sum_ms": 8.578375816345215,
        "tick_ms": 5.589874744415283,
        "dynamic_mesh_ms": 1.0313340425491333,
        "encode_ms": 1.9291669130325317,
        "admission_or_completion_ms": 0.02800000086426735
      },
      {
        "index": 612,
        "started_ms": 7034.149917,
        "submitted_ms": 7042.645125,
        "observed_completed_ms": 7049.2105839999995,
        "start_to_observed_completion_ms": 15.06066699999974,
        "submit_to_observed_completion_ms": 6.565458999999464,
        "continuous_iteration_ms": 8.499083518981934,
        "frame_ms": 8.499083518981934,
        "component_sum_ms": 8.492582321166992,
        "tick_ms": 5.512833118438721,
        "dynamic_mesh_ms": 1.0450830459594727,
        "encode_ms": 1.908290982246399,
        "admission_or_completion_ms": 0.026375001296401024
      },
      {
        "index": 613,
        "started_ms": 7042.649,
        "submitted_ms": 7051.074834,
        "observed_completed_ms": 7057.788334,
        "start_to_observed_completion_ms": 15.139333999999508,
        "submit_to_observed_completion_ms": 6.71349999999984,
        "continuous_iteration_ms": 8.428833961486816,
        "frame_ms": 8.428833961486816,
        "component_sum_ms": 8.423333168029785,
        "tick_ms": 5.509916305541992,
        "dynamic_mesh_ms": 1.0267499685287476,
        "encode_ms": 1.8635419607162476,
        "admission_or_completion_ms": 0.023125000298023224
      },
      {
        "index": 614,
        "started_ms": 7051.077834,
        "submitted_ms": 7059.707459,
        "observed_completed_ms": 7066.307583999999,
        "start_to_observed_completion_ms": 15.229749999999513,
        "submit_to_observed_completion_ms": 6.600124999999025,
        "continuous_iteration_ms": 8.633749961853027,
        "frame_ms": 8.633749961853027,
        "component_sum_ms": 8.627082824707031,
        "tick_ms": 5.630624771118164,
        "dynamic_mesh_ms": 1.0448750257492065,
        "encode_ms": 1.9181249141693115,
        "admission_or_completion_ms": 0.03345799818634987
      },
      {
        "index": 615,
        "started_ms": 7059.711584000001,
        "submitted_ms": 7068.2970000000005,
        "observed_completed_ms": 7075.118875,
        "start_to_observed_completion_ms": 15.407290999999532,
        "submit_to_observed_completion_ms": 6.821874999999636,
        "continuous_iteration_ms": 8.589540481567383,
        "frame_ms": 8.589540481567383,
        "component_sum_ms": 8.582958221435547,
        "tick_ms": 5.567124843597412,
        "dynamic_mesh_ms": 0.9948329329490662,
        "encode_ms": 1.9883750677108765,
        "admission_or_completion_ms": 0.032625000923871994
      },
      {
        "index": 616,
        "started_ms": 7068.301125,
        "submitted_ms": 7077.109125,
        "observed_completed_ms": 7083.757417,
        "start_to_observed_completion_ms": 15.456291999999848,
        "submit_to_observed_completion_ms": 6.648291999999856,
        "continuous_iteration_ms": 8.811708450317383,
        "frame_ms": 8.811708450317383,
        "component_sum_ms": 8.804707527160645,
        "tick_ms": 5.749792098999023,
        "dynamic_mesh_ms": 1.0324159860610962,
        "encode_ms": 1.9894579648971558,
        "admission_or_completion_ms": 0.033041998744010925
      },
      {
        "index": 617,
        "started_ms": 7077.1128340000005,
        "submitted_ms": 7085.623250000001,
        "observed_completed_ms": 7092.24025,
        "start_to_observed_completion_ms": 15.127415999999357,
        "submit_to_observed_completion_ms": 6.61699999999928,
        "continuous_iteration_ms": 8.513458251953125,
        "frame_ms": 8.513458251953125,
        "component_sum_ms": 8.507791519165039,
        "tick_ms": 5.599874973297119,
        "dynamic_mesh_ms": 1.0177500247955322,
        "encode_ms": 1.8651659488677979,
        "admission_or_completion_ms": 0.025001000612974167
      },
      {
        "index": 618,
        "started_ms": 7085.626292,
        "submitted_ms": 7094.120834,
        "observed_completed_ms": 7100.70875,
        "start_to_observed_completion_ms": 15.08245799999986,
        "submit_to_observed_completion_ms": 6.587915999999495,
        "continuous_iteration_ms": 8.497457504272461,
        "frame_ms": 8.497457504272461,
        "component_sum_ms": 8.492291450500488,
        "tick_ms": 5.577582836151123,
        "dynamic_mesh_ms": 1.010957956314087,
        "encode_ms": 1.880167007446289,
        "admission_or_completion_ms": 0.023582998663187027
      },
      {
        "index": 619,
        "started_ms": 7094.12375,
        "submitted_ms": 7102.574209,
        "observed_completed_ms": 7109.3245,
        "start_to_observed_completion_ms": 15.200749999999971,
        "submit_to_observed_completion_ms": 6.750290999999379,
        "continuous_iteration_ms": 8.454874992370605,
        "frame_ms": 8.454874992370605,
        "component_sum_ms": 8.448251724243164,
        "tick_ms": 5.555334091186523,
        "dynamic_mesh_ms": 1.0026249885559082,
        "encode_ms": 1.8649590015411377,
        "admission_or_completion_ms": 0.025333000347018242
      },
      {
        "index": 620,
        "started_ms": 7102.578624999999,
        "submitted_ms": 7111.240375,
        "observed_completed_ms": 7117.856917,
        "start_to_observed_completion_ms": 15.278292000000874,
        "submit_to_observed_completion_ms": 6.616541999999754,
        "continuous_iteration_ms": 8.665334701538086,
        "frame_ms": 8.665334701538086,
        "component_sum_ms": 8.659168243408203,
        "tick_ms": 5.707458972930908,
        "dynamic_mesh_ms": 1.0085840225219727,
        "encode_ms": 1.9152909517288208,
        "admission_or_completion_ms": 0.027834000065922737
      },
      {
        "index": 621,
        "started_ms": 7111.243959,
        "submitted_ms": 7119.761459,
        "observed_completed_ms": 7126.342584,
        "start_to_observed_completion_ms": 15.098624999999629,
        "submit_to_observed_completion_ms": 6.581124999999702,
        "continuous_iteration_ms": 8.520624160766602,
        "frame_ms": 8.520624160766602,
        "component_sum_ms": 8.515168190002441,
        "tick_ms": 5.562750339508057,
        "dynamic_mesh_ms": 1.0234169960021973,
        "encode_ms": 1.9040839672088623,
        "admission_or_completion_ms": 0.0249170009046793
      },
      {
        "index": 622,
        "started_ms": 7119.7645840000005,
        "submitted_ms": 7128.211375,
        "observed_completed_ms": 7134.819709,
        "start_to_observed_completion_ms": 15.055124999999862,
        "submit_to_observed_completion_ms": 6.608334000000468,
        "continuous_iteration_ms": 8.450040817260742,
        "frame_ms": 8.450040817260742,
        "component_sum_ms": 8.444626808166504,
        "tick_ms": 5.544291973114014,
        "dynamic_mesh_ms": 1.0086250305175781,
        "encode_ms": 1.8682500123977661,
        "admission_or_completion_ms": 0.023459000512957573
      },
      {
        "index": 623,
        "started_ms": 7128.214625,
        "submitted_ms": 7136.83075,
        "observed_completed_ms": 7143.7411250000005,
        "start_to_observed_completion_ms": 15.526500000000851,
        "submit_to_observed_completion_ms": 6.910375000000386,
        "continuous_iteration_ms": 8.621167182922363,
        "frame_ms": 8.621167182922363,
        "component_sum_ms": 8.613541603088379,
        "tick_ms": 5.548542022705078,
        "dynamic_mesh_ms": 1.0176249742507935,
        "encode_ms": 2.0105409622192383,
        "admission_or_completion_ms": 0.0368339978158474
      },
      {
        "index": 624,
        "started_ms": 7136.835792,
        "submitted_ms": 7145.7582090000005,
        "observed_completed_ms": 7152.4767090000005,
        "start_to_observed_completion_ms": 15.640917000000627,
        "submit_to_observed_completion_ms": 6.718499999999949,
        "continuous_iteration_ms": 8.928207397460938,
        "frame_ms": 8.928207397460938,
        "component_sum_ms": 8.91874885559082,
        "tick_ms": 5.836915969848633,
        "dynamic_mesh_ms": 1.026540994644165,
        "encode_ms": 2.0160419940948486,
        "admission_or_completion_ms": 0.039250001311302185
      },
      {
        "index": 625,
        "started_ms": 7145.764,
        "submitted_ms": 7154.479584,
        "observed_completed_ms": 7161.352167,
        "start_to_observed_completion_ms": 15.588166999999885,
        "submit_to_observed_completion_ms": 6.872583000000304,
        "continuous_iteration_ms": 8.720874786376953,
        "frame_ms": 8.720874786376953,
        "component_sum_ms": 8.71312427520752,
        "tick_ms": 5.678667068481445,
        "dynamic_mesh_ms": 1.003999948501587,
        "encode_ms": 2.002208948135376,
        "admission_or_completion_ms": 0.028249001130461693
      },
      {
        "index": 626,
        "started_ms": 7154.484874999999,
        "submitted_ms": 7163.408792,
        "observed_completed_ms": 7170.392584,
        "start_to_observed_completion_ms": 15.907709000000978,
        "submit_to_observed_completion_ms": 6.983791999999994,
        "continuous_iteration_ms": 8.930375099182129,
        "frame_ms": 8.930375099182129,
        "component_sum_ms": 8.920958518981934,
        "tick_ms": 5.8058342933654785,
        "dynamic_mesh_ms": 1.01991605758667,
        "encode_ms": 2.055708169937134,
        "admission_or_completion_ms": 0.03949999809265137
      },
      {
        "index": 627,
        "started_ms": 7163.41525,
        "submitted_ms": 7172.476417000001,
        "observed_completed_ms": 7179.319417000001,
        "start_to_observed_completion_ms": 15.904167000000598,
        "submit_to_observed_completion_ms": 6.842999999999847,
        "continuous_iteration_ms": 9.065500259399414,
        "frame_ms": 9.065500259399414,
        "component_sum_ms": 9.057415962219238,
        "tick_ms": 5.920833110809326,
        "dynamic_mesh_ms": 1.013624906539917,
        "encode_ms": 2.083082914352417,
        "admission_or_completion_ms": 0.03987500071525574
      },
      {
        "index": 628,
        "started_ms": 7172.48075,
        "submitted_ms": 7181.324417,
        "observed_completed_ms": 7188.212167,
        "start_to_observed_completion_ms": 15.731416999999965,
        "submit_to_observed_completion_ms": 6.887749999999869,
        "continuous_iteration_ms": 8.849249839782715,
        "frame_ms": 8.849249839782715,
        "component_sum_ms": 8.84104061126709,
        "tick_ms": 5.779666900634766,
        "dynamic_mesh_ms": 1.0169579982757568,
        "encode_ms": 2.003833055496216,
        "admission_or_completion_ms": 0.04058299958705902
      },
      {
        "index": 629,
        "started_ms": 7181.33,
        "submitted_ms": 7190.192625,
        "observed_completed_ms": 7196.895875,
        "start_to_observed_completion_ms": 15.565875000000233,
        "submit_to_observed_completion_ms": 6.70325000000048,
        "continuous_iteration_ms": 8.86762523651123,
        "frame_ms": 8.86762523651123,
        "component_sum_ms": 8.859624862670898,
        "tick_ms": 5.831332683563232,
        "dynamic_mesh_ms": 1.0113749504089355,
        "encode_ms": 1.9795000553131104,
        "admission_or_completion_ms": 0.03741699829697609
      },
      {
        "index": 630,
        "started_ms": 7190.197625,
        "submitted_ms": 7198.874917,
        "observed_completed_ms": 7205.614542,
        "start_to_observed_completion_ms": 15.416917000000467,
        "submit_to_observed_completion_ms": 6.73962500000016,
        "continuous_iteration_ms": 8.682167053222656,
        "frame_ms": 8.682167053222656,
        "component_sum_ms": 8.674957275390625,
        "tick_ms": 5.645290851593018,
        "dynamic_mesh_ms": 1.0227919816970825,
        "encode_ms": 1.9785829782485962,
        "admission_or_completion_ms": 0.02829200029373169
      },
      {
        "index": 631,
        "started_ms": 7198.879792,
        "submitted_ms": 7207.6359170000005,
        "observed_completed_ms": 7214.378167,
        "start_to_observed_completion_ms": 15.498375000000124,
        "submit_to_observed_completion_ms": 6.742249999999331,
        "continuous_iteration_ms": 8.760916709899902,
        "frame_ms": 8.760916709899902,
        "component_sum_ms": 8.753458976745605,
        "tick_ms": 5.678417205810547,
        "dynamic_mesh_ms": 1.028083086013794,
        "encode_ms": 2.0204579830169678,
        "admission_or_completion_ms": 0.026500999927520752
      },
      {
        "index": 632,
        "started_ms": 7207.640708999999,
        "submitted_ms": 7216.371417,
        "observed_completed_ms": 7223.21425,
        "start_to_observed_completion_ms": 15.57354100000066,
        "submit_to_observed_completion_ms": 6.8428329999997,
        "continuous_iteration_ms": 8.73550033569336,
        "frame_ms": 8.73550033569336,
        "component_sum_ms": 8.72833251953125,
        "tick_ms": 5.69208288192749,
        "dynamic_mesh_ms": 1.0169999599456787,
        "encode_ms": 1.9926670789718628,
        "admission_or_completion_ms": 0.026583001017570496
      },
      {
        "index": 633,
        "started_ms": 7216.376209,
        "submitted_ms": 7225.1867919999995,
        "observed_completed_ms": 7232.06075,
        "start_to_observed_completion_ms": 15.684540999999626,
        "submit_to_observed_completion_ms": 6.87395800000013,
        "continuous_iteration_ms": 8.81541633605957,
        "frame_ms": 8.81541633605957,
        "component_sum_ms": 8.807625770568848,
        "tick_ms": 5.756209373474121,
        "dynamic_mesh_ms": 1.048416018486023,
        "encode_ms": 1.9719170331954956,
        "admission_or_completion_ms": 0.03108299896121025
      },
      {
        "index": 634,
        "started_ms": 7225.1916249999995,
        "submitted_ms": 7234.000292,
        "observed_completed_ms": 7241.665459,
        "start_to_observed_completion_ms": 16.473834000000352,
        "submit_to_observed_completion_ms": 7.66516700000011,
        "continuous_iteration_ms": 8.81308364868164,
        "frame_ms": 8.81308364868164,
        "component_sum_ms": 8.805500984191895,
        "tick_ms": 5.772791862487793,
        "dynamic_mesh_ms": 1.064666986465454,
        "encode_ms": 1.9386249780654907,
        "admission_or_completion_ms": 0.029417000710964203
      },
      {
        "index": 635,
        "started_ms": 7234.004709,
        "submitted_ms": 7242.815959,
        "observed_completed_ms": 7249.526000000001,
        "start_to_observed_completion_ms": 15.521291000000929,
        "submit_to_observed_completion_ms": 6.710041000001183,
        "continuous_iteration_ms": 8.815250396728516,
        "frame_ms": 8.815250396728516,
        "component_sum_ms": 8.80758285522461,
        "tick_ms": 5.788874626159668,
        "dynamic_mesh_ms": 1.0839999914169312,
        "encode_ms": 1.9330419301986694,
        "admission_or_completion_ms": 0.0016659999964758754
      },
      {
        "index": 636,
        "started_ms": 7242.819959,
        "submitted_ms": 7251.673334,
        "observed_completed_ms": 7258.417334,
        "start_to_observed_completion_ms": 15.597374999999374,
        "submit_to_observed_completion_ms": 6.743999999999687,
        "continuous_iteration_ms": 8.858416557312012,
        "frame_ms": 8.858416557312012,
        "component_sum_ms": 8.850251197814941,
        "tick_ms": 5.633958339691162,
        "dynamic_mesh_ms": 1.0368750095367432,
        "encode_ms": 2.146667003631592,
        "admission_or_completion_ms": 0.032749999314546585
      },
      {
        "index": 637,
        "started_ms": 7251.678375,
        "submitted_ms": 7260.356084,
        "observed_completed_ms": 7267.179625,
        "start_to_observed_completion_ms": 15.501249999999345,
        "submit_to_observed_completion_ms": 6.82354099999975,
        "continuous_iteration_ms": 8.681625366210938,
        "frame_ms": 8.681625366210938,
        "component_sum_ms": 8.674790382385254,
        "tick_ms": 5.696166038513184,
        "dynamic_mesh_ms": 1.0084589719772339,
        "encode_ms": 1.9380420446395874,
        "admission_or_completion_ms": 0.032124001532793045
      },
      {
        "index": 638,
        "started_ms": 7260.360000000001,
        "submitted_ms": 7269.136167,
        "observed_completed_ms": 7276.091834,
        "start_to_observed_completion_ms": 15.731833999999253,
        "submit_to_observed_completion_ms": 6.955667000000176,
        "continuous_iteration_ms": 8.78125,
        "frame_ms": 8.78125,
        "component_sum_ms": 8.772832870483398,
        "tick_ms": 5.727333068847656,
        "dynamic_mesh_ms": 1.0541250705718994,
        "encode_ms": 1.9555829763412476,
        "admission_or_completion_ms": 0.03579200059175491
      },
      {
        "index": 639,
        "started_ms": 7269.14125,
        "submitted_ms": 7278.154791999999,
        "observed_completed_ms": 7284.803250000001,
        "start_to_observed_completion_ms": 15.662000000001171,
        "submit_to_observed_completion_ms": 6.648458000001483,
        "continuous_iteration_ms": 9.017583847045898,
        "frame_ms": 9.017583847045898,
        "component_sum_ms": 9.010374069213867,
        "tick_ms": 5.868458271026611,
        "dynamic_mesh_ms": 1.0385409593582153,
        "encode_ms": 2.0622079372406006,
        "admission_or_completion_ms": 0.041167002171278
      },
      {
        "index": 640,
        "started_ms": 7278.158834,
        "submitted_ms": 7286.702709,
        "observed_completed_ms": 7293.577709,
        "start_to_observed_completion_ms": 15.418875000000298,
        "submit_to_observed_completion_ms": 6.875,
        "continuous_iteration_ms": 8.547582626342773,
        "frame_ms": 8.547582626342773,
        "component_sum_ms": 8.541043281555176,
        "tick_ms": 5.627583980560303,
        "dynamic_mesh_ms": 0.9821669459342957,
        "encode_ms": 1.8986669778823853,
        "admission_or_completion_ms": 0.032624997198581696
      },
      {
        "index": 641,
        "started_ms": 7286.706416999999,
        "submitted_ms": 7295.524084000001,
        "observed_completed_ms": 7302.263833999999,
        "start_to_observed_completion_ms": 15.557416999999987,
        "submit_to_observed_completion_ms": 6.739749999998821,
        "continuous_iteration_ms": 8.822667121887207,
        "frame_ms": 8.822667121887207,
        "component_sum_ms": 8.815291404724121,
        "tick_ms": 5.822082996368408,
        "dynamic_mesh_ms": 1.013624906539917,
        "encode_ms": 1.9455000162124634,
        "admission_or_completion_ms": 0.03408299759030342
      },
      {
        "index": 642,
        "started_ms": 7295.529084,
        "submitted_ms": 7304.24125,
        "observed_completed_ms": 7311.1084169999995,
        "start_to_observed_completion_ms": 15.579332999999679,
        "submit_to_observed_completion_ms": 6.8671669999994265,
        "continuous_iteration_ms": 8.719207763671875,
        "frame_ms": 8.719207763671875,
        "component_sum_ms": 8.709501266479492,
        "tick_ms": 5.690083026885986,
        "dynamic_mesh_ms": 1.0119590759277344,
        "encode_ms": 1.9766660928726196,
        "admission_or_completion_ms": 0.030793000012636185
      },
      {
        "index": 643,
        "started_ms": 7304.248291999999,
        "submitted_ms": 7313.156667,
        "observed_completed_ms": 7320.094916999999,
        "start_to_observed_completion_ms": 15.846625000000131,
        "submit_to_observed_completion_ms": 6.938249999999243,
        "continuous_iteration_ms": 8.914499282836914,
        "frame_ms": 8.914499282836914,
        "component_sum_ms": 8.904913902282715,
        "tick_ms": 5.791999816894531,
        "dynamic_mesh_ms": 1.0280410051345825,
        "encode_ms": 2.0475001335144043,
        "admission_or_completion_ms": 0.037373997271060944
      },
      {
        "index": 644,
        "started_ms": 7313.162792,
        "submitted_ms": 7322.100417,
        "observed_completed_ms": 7329.229875,
        "start_to_observed_completion_ms": 16.06708299999991,
        "submit_to_observed_completion_ms": 7.129458000000341,
        "continuous_iteration_ms": 8.942208290100098,
        "frame_ms": 8.942208290100098,
        "component_sum_ms": 8.934041023254395,
        "tick_ms": 5.874207973480225,
        "dynamic_mesh_ms": 1.018541932106018,
        "encode_ms": 2.004625082015991,
        "admission_or_completion_ms": 0.03666599839925766
      },
      {
        "index": 645,
        "started_ms": 7322.105,
        "submitted_ms": 7331.339667,
        "observed_completed_ms": 7338.247459,
        "start_to_observed_completion_ms": 16.1424590000006,
        "submit_to_observed_completion_ms": 6.907791999999972,
        "continuous_iteration_ms": 9.243291854858398,
        "frame_ms": 9.243291854858398,
        "component_sum_ms": 9.231082916259766,
        "tick_ms": 6.053375244140625,
        "dynamic_mesh_ms": 1.0203330516815186,
        "encode_ms": 2.108833074569702,
        "admission_or_completion_ms": 0.04854099825024605
      },
      {
        "index": 646,
        "started_ms": 7331.348292000001,
        "submitted_ms": 7340.532709,
        "observed_completed_ms": 7347.172374999999,
        "start_to_observed_completion_ms": 15.824082999998609,
        "submit_to_observed_completion_ms": 6.639665999999124,
        "continuous_iteration_ms": 9.190582275390625,
        "frame_ms": 9.190582275390625,
        "component_sum_ms": 9.181501388549805,
        "tick_ms": 5.830334186553955,
        "dynamic_mesh_ms": 1.0266250371932983,
        "encode_ms": 2.2843339443206787,
        "admission_or_completion_ms": 0.04020800068974495
      },
      {
        "index": 647,
        "started_ms": 7340.538875,
        "submitted_ms": 7349.439,
        "observed_completed_ms": 7356.261375,
        "start_to_observed_completion_ms": 15.722499999999854,
        "submit_to_observed_completion_ms": 6.822374999999738,
        "continuous_iteration_ms": 8.906542778015137,
        "frame_ms": 8.906542778015137,
        "component_sum_ms": 8.897417068481445,
        "tick_ms": 5.5624589920043945,
        "dynamic_mesh_ms": 1.0305830240249634,
        "encode_ms": 2.2652909755706787,
        "admission_or_completion_ms": 0.03908400237560272
      },
      {
        "index": 648,
        "started_ms": 7349.445417,
        "submitted_ms": 7358.40475,
        "observed_completed_ms": 7365.312,
        "start_to_observed_completion_ms": 15.866582999999991,
        "submit_to_observed_completion_ms": 6.907250000000204,
        "continuous_iteration_ms": 8.965874671936035,
        "frame_ms": 8.965874671936035,
        "component_sum_ms": 8.956750869750977,
        "tick_ms": 5.743292331695557,
        "dynamic_mesh_ms": 1.0399580001831055,
        "encode_ms": 2.1426658630371094,
        "admission_or_completion_ms": 0.030833998695015907
      },
      {
        "index": 649,
        "started_ms": 7358.411292,
        "submitted_ms": 7367.374124999999,
        "observed_completed_ms": 7374.1234589999995,
        "start_to_observed_completion_ms": 15.712166999999681,
        "submit_to_observed_completion_ms": 6.74933400000009,
        "continuous_iteration_ms": 8.968000411987305,
        "frame_ms": 8.968000411987305,
        "component_sum_ms": 8.958791732788086,
        "tick_ms": 5.784999847412109,
        "dynamic_mesh_ms": 1.077417016029358,
        "encode_ms": 2.061000108718872,
        "admission_or_completion_ms": 0.035374999046325684
      },
      {
        "index": 650,
        "started_ms": 7367.379292,
        "submitted_ms": 7376.161834,
        "observed_completed_ms": 7383.101375,
        "start_to_observed_completion_ms": 15.722083000000566,
        "submit_to_observed_completion_ms": 6.9395409999997355,
        "continuous_iteration_ms": 8.788125038146973,
        "frame_ms": 8.788125038146973,
        "component_sum_ms": 8.778792381286621,
        "tick_ms": 5.67383337020874,
        "dynamic_mesh_ms": 1.0343329906463623,
        "encode_ms": 2.037584066390991,
        "admission_or_completion_ms": 0.033042002469301224
      },
      {
        "index": 651,
        "started_ms": 7376.167417,
        "submitted_ms": 7385.135084,
        "observed_completed_ms": 7392.20275,
        "start_to_observed_completion_ms": 16.03533300000072,
        "submit_to_observed_completion_ms": 7.067666000000827,
        "continuous_iteration_ms": 8.97195816040039,
        "frame_ms": 8.97195816040039,
        "component_sum_ms": 8.962374687194824,
        "tick_ms": 5.835958003997803,
        "dynamic_mesh_ms": 1.0519169569015503,
        "encode_ms": 2.0326669216156006,
        "admission_or_completion_ms": 0.041832998394966125
      },
      {
        "index": 652,
        "started_ms": 7385.139375,
        "submitted_ms": 7394.203792,
        "observed_completed_ms": 7401.0215419999995,
        "start_to_observed_completion_ms": 15.882166999999754,
        "submit_to_observed_completion_ms": 6.817749999999251,
        "continuous_iteration_ms": 9.068500518798828,
        "frame_ms": 9.068500518798828,
        "component_sum_ms": 9.061124801635742,
        "tick_ms": 5.989165782928467,
        "dynamic_mesh_ms": 1.0286248922348022,
        "encode_ms": 2.0,
        "admission_or_completion_ms": 0.043333999812603
      },
      {
        "index": 653,
        "started_ms": 7394.207875,
        "submitted_ms": 7402.996375,
        "observed_completed_ms": 7410.098292,
        "start_to_observed_completion_ms": 15.890416999999616,
        "submit_to_observed_completion_ms": 7.101916999999958,
        "continuous_iteration_ms": 8.794709205627441,
        "frame_ms": 8.794709205627441,
        "component_sum_ms": 8.785582542419434,
        "tick_ms": 5.7756667137146,
        "dynamic_mesh_ms": 0.998166024684906,
        "encode_ms": 1.9738750457763672,
        "admission_or_completion_ms": 0.03787500038743019
      },
      {
        "index": 654,
        "started_ms": 7403.002584,
        "submitted_ms": 7412.160417,
        "observed_completed_ms": 7419.168417,
        "start_to_observed_completion_ms": 16.16583300000002,
        "submit_to_observed_completion_ms": 7.007999999999811,
        "continuous_iteration_ms": 9.163041114807129,
        "frame_ms": 9.163041114807129,
        "component_sum_ms": 9.153457641601562,
        "tick_ms": 5.978125095367432,
        "dynamic_mesh_ms": 1.0708329677581787,
        "encode_ms": 2.0613749027252197,
        "admission_or_completion_ms": 0.04312499985098839
      },
      {
        "index": 655,
        "started_ms": 7412.165625,
        "submitted_ms": 7421.168292,
        "observed_completed_ms": 7428.21125,
        "start_to_observed_completion_ms": 16.045625000000655,
        "submit_to_observed_completion_ms": 7.042957999999999,
        "continuous_iteration_ms": 9.008916854858398,
        "frame_ms": 9.008916854858398,
        "component_sum_ms": 8.999041557312012,
        "tick_ms": 5.934542179107666,
        "dynamic_mesh_ms": 1.0218749046325684,
        "encode_ms": 1.9989169836044312,
        "admission_or_completion_ms": 0.04370800033211708
      },
      {
        "index": 656,
        "started_ms": 7421.174542,
        "submitted_ms": 7430.243542,
        "observed_completed_ms": 7437.136708999999,
        "start_to_observed_completion_ms": 15.962166999999681,
        "submit_to_observed_completion_ms": 6.893166999999266,
        "continuous_iteration_ms": 9.074417114257812,
        "frame_ms": 9.074417114257812,
        "component_sum_ms": 9.06583309173584,
        "tick_ms": 5.958374977111816,
        "dynamic_mesh_ms": 1.0350829362869263,
        "encode_ms": 2.0314581394195557,
        "admission_or_completion_ms": 0.04091699793934822
      },
      {
        "index": 657,
        "started_ms": 7430.2489590000005,
        "submitted_ms": 7439.201084,
        "observed_completed_ms": 7446.099249999999,
        "start_to_observed_completion_ms": 15.850290999998833,
        "submit_to_observed_completion_ms": 6.898165999999037,
        "continuous_iteration_ms": 8.956957817077637,
        "frame_ms": 8.956957817077637,
        "component_sum_ms": 8.949209213256836,
        "tick_ms": 5.83441686630249,
        "dynamic_mesh_ms": 1.0167920589447021,
        "encode_ms": 2.063709020614624,
        "admission_or_completion_ms": 0.03429099917411804
      },
      {
        "index": 658,
        "started_ms": 7439.205917,
        "submitted_ms": 7448.249416999999,
        "observed_completed_ms": 7455.338292,
        "start_to_observed_completion_ms": 16.13237500000014,
        "submit_to_observed_completion_ms": 7.088875000001281,
        "continuous_iteration_ms": 9.050042152404785,
        "frame_ms": 9.050042152404785,
        "component_sum_ms": 9.04062557220459,
        "tick_ms": 5.813541889190674,
        "dynamic_mesh_ms": 1.0408339500427246,
        "encode_ms": 2.1493749618530273,
        "admission_or_completion_ms": 0.03687499836087227
      },
      {
        "index": 659,
        "started_ms": 7448.255959,
        "submitted_ms": 7457.475834,
        "observed_completed_ms": 7464.329125,
        "start_to_observed_completion_ms": 16.07316600000013,
        "submit_to_observed_completion_ms": 6.853291000000354,
        "continuous_iteration_ms": 9.226165771484375,
        "frame_ms": 9.226165771484375,
        "component_sum_ms": 9.216164588928223,
        "tick_ms": 6.000791072845459,
        "dynamic_mesh_ms": 1.0363749265670776,
        "encode_ms": 2.136667013168335,
        "admission_or_completion_ms": 0.0423319973051548
      },
      {
        "index": 660,
        "started_ms": 7457.482125,
        "submitted_ms": 7466.5427500000005,
        "observed_completed_ms": 7473.513917,
        "start_to_observed_completion_ms": 16.03179199999977,
        "submit_to_observed_completion_ms": 6.971166999999696,
        "continuous_iteration_ms": 9.07158374786377,
        "frame_ms": 9.07158374786377,
        "component_sum_ms": 9.05766773223877,
        "tick_ms": 5.79545783996582,
        "dynamic_mesh_ms": 1.013917088508606,
        "encode_ms": 2.2128751277923584,
        "admission_or_completion_ms": 0.03541800007224083
      },
      {
        "index": 661,
        "started_ms": 7466.553709000001,
        "submitted_ms": 7475.641209,
        "observed_completed_ms": 7482.572959,
        "start_to_observed_completion_ms": 16.019249999999374,
        "submit_to_observed_completion_ms": 6.931749999999738,
        "continuous_iteration_ms": 9.092915534973145,
        "frame_ms": 9.092915534973145,
        "component_sum_ms": 9.084000587463379,
        "tick_ms": 5.88700008392334,
        "dynamic_mesh_ms": 1.0389169454574585,
        "encode_ms": 2.1267499923706055,
        "admission_or_completion_ms": 0.03133300319314003
      },
      {
        "index": 662,
        "started_ms": 7475.646624999999,
        "submitted_ms": 7484.59275,
        "observed_completed_ms": 7491.162584,
        "start_to_observed_completion_ms": 15.515959000000294,
        "submit_to_observed_completion_ms": 6.569833999999901,
        "continuous_iteration_ms": 8.951125144958496,
        "frame_ms": 8.951125144958496,
        "component_sum_ms": 8.941248893737793,
        "tick_ms": 5.680208206176758,
        "dynamic_mesh_ms": 1.1998330354690552,
        "encode_ms": 2.0187909603118896,
        "admission_or_completion_ms": 0.042417000979185104
      },
      {
        "index": 663,
        "started_ms": 7484.59775,
        "submitted_ms": 7493.070834,
        "observed_completed_ms": 7499.673875,
        "start_to_observed_completion_ms": 15.076125000000502,
        "submit_to_observed_completion_ms": 6.603041000000303,
        "continuous_iteration_ms": 8.478959083557129,
        "frame_ms": 8.478959083557129,
        "component_sum_ms": 8.469707489013672,
        "tick_ms": 5.5537919998168945,
        "dynamic_mesh_ms": 0.9732909798622131,
        "encode_ms": 1.9076249599456787,
        "admission_or_completion_ms": 0.03500000014901161
      },
      {
        "index": 664,
        "started_ms": 7493.076709,
        "submitted_ms": 7501.577917,
        "observed_completed_ms": 7508.339209,
        "start_to_observed_completion_ms": 15.262499999999818,
        "submit_to_observed_completion_ms": 6.7612920000001395,
        "continuous_iteration_ms": 8.507500648498535,
        "frame_ms": 8.507500648498535,
        "component_sum_ms": 8.498167037963867,
        "tick_ms": 5.593417167663574,
        "dynamic_mesh_ms": 0.9654579758644104,
        "encode_ms": 1.9032920598983765,
        "admission_or_completion_ms": 0.036000002175569534
      },
      {
        "index": 665,
        "started_ms": 7501.584209,
        "submitted_ms": 7510.252459,
        "observed_completed_ms": 7516.648917,
        "start_to_observed_completion_ms": 15.064708000000792,
        "submit_to_observed_completion_ms": 6.396458000000166,
        "continuous_iteration_ms": 8.672499656677246,
        "frame_ms": 8.672499656677246,
        "component_sum_ms": 8.665166854858398,
        "tick_ms": 5.729083061218262,
        "dynamic_mesh_ms": 0.9905419945716858,
        "encode_ms": 1.9124590158462524,
        "admission_or_completion_ms": 0.0330829992890358
      },
      {
        "index": 666,
        "started_ms": 7510.256709,
        "submitted_ms": 7518.63975,
        "observed_completed_ms": 7525.26775,
        "start_to_observed_completion_ms": 15.01104099999975,
        "submit_to_observed_completion_ms": 6.627999999999702,
        "continuous_iteration_ms": 8.388708114624023,
        "frame_ms": 8.388708114624023,
        "component_sum_ms": 8.380166053771973,
        "tick_ms": 5.397541046142578,
        "dynamic_mesh_ms": 0.9632920026779175,
        "encode_ms": 1.9900410175323486,
        "admission_or_completion_ms": 0.029292000457644463
      },
      {
        "index": 667,
        "started_ms": 7518.645417,
        "submitted_ms": 7527.193334,
        "observed_completed_ms": 7533.114208999999,
        "start_to_observed_completion_ms": 14.468791999999667,
        "submit_to_observed_completion_ms": 5.920874999999796,
        "continuous_iteration_ms": 8.552374839782715,
        "frame_ms": 8.552374839782715,
        "component_sum_ms": 8.545292854309082,
        "tick_ms": 5.615542411804199,
        "dynamic_mesh_ms": 0.9740419983863831,
        "encode_ms": 1.9247500896453857,
        "admission_or_completion_ms": 0.03095799870789051
      },
      {
        "index": 668,
        "started_ms": 7527.197792,
        "submitted_ms": 7534.994125,
        "observed_completed_ms": 7540.125667,
        "start_to_observed_completion_ms": 12.927875000000313,
        "submit_to_observed_completion_ms": 5.131542000000081,
        "continuous_iteration_ms": 7.801249980926514,
        "frame_ms": 7.801249980926514,
        "component_sum_ms": 7.793041229248047,
        "tick_ms": 4.889499664306641,
        "dynamic_mesh_ms": 0.990833044052124,
        "encode_ms": 1.879207968711853,
        "admission_or_completion_ms": 0.03350000083446503
      },
      {
        "index": 669,
        "started_ms": 7534.999042,
        "submitted_ms": 7541.998917,
        "observed_completed_ms": 7547.9065,
        "start_to_observed_completion_ms": 12.907457999999679,
        "submit_to_observed_completion_ms": 5.907583000000159,
        "continuous_iteration_ms": 7.004292011260986,
        "frame_ms": 7.004292011260986,
        "component_sum_ms": 6.997457504272461,
        "tick_ms": 4.127124786376953,
        "dynamic_mesh_ms": 0.9731249809265137,
        "encode_ms": 1.8725829124450684,
        "admission_or_completion_ms": 0.02462499961256981
      },
      {
        "index": 670,
        "started_ms": 7542.003334,
        "submitted_ms": 7549.027084,
        "observed_completed_ms": 7554.739667,
        "start_to_observed_completion_ms": 12.736332999999831,
        "submit_to_observed_completion_ms": 5.71258299999954,
        "continuous_iteration_ms": 7.027832984924316,
        "frame_ms": 7.027832984924316,
        "component_sum_ms": 7.020707130432129,
        "tick_ms": 4.14520788192749,
        "dynamic_mesh_ms": 0.985541045665741,
        "encode_ms": 1.8884589672088623,
        "admission_or_completion_ms": 0.0014990000054240227
      },
      {
        "index": 671,
        "started_ms": 7549.031167,
        "submitted_ms": 7555.778792,
        "observed_completed_ms": 7560.741167,
        "start_to_observed_completion_ms": 11.710000000000036,
        "submit_to_observed_completion_ms": 4.9623750000000655,
        "continuous_iteration_ms": 6.750499725341797,
        "frame_ms": 6.750499725341797,
        "component_sum_ms": 6.745290756225586,
        "tick_ms": 3.9884579181671143,
        "dynamic_mesh_ms": 0.9639999866485596,
        "encode_ms": 1.7917499542236328,
        "admission_or_completion_ms": 0.00108299998100847
      },
      {
        "index": 672,
        "started_ms": 7555.781667,
        "submitted_ms": 7562.582334,
        "observed_completed_ms": 7567.570292,
        "start_to_observed_completion_ms": 11.788625000000138,
        "submit_to_observed_completion_ms": 4.987958000000617,
        "continuous_iteration_ms": 6.806250095367432,
        "frame_ms": 6.806250095367432,
        "component_sum_ms": 6.797375679016113,
        "tick_ms": 3.9454166889190674,
        "dynamic_mesh_ms": 0.9766250252723694,
        "encode_ms": 1.8402090072631836,
        "admission_or_completion_ms": 0.0351250022649765
      },
      {
        "index": 673,
        "started_ms": 7562.587917,
        "submitted_ms": 7569.3675840000005,
        "observed_completed_ms": 7575.081542,
        "start_to_observed_completion_ms": 12.493625000000065,
        "submit_to_observed_completion_ms": 5.713957999999366,
        "continuous_iteration_ms": 6.7850422859191895,
        "frame_ms": 6.7850422859191895,
        "component_sum_ms": 6.777708053588867,
        "tick_ms": 4.02133321762085,
        "dynamic_mesh_ms": 0.9352089762687683,
        "encode_ms": 1.7967499494552612,
        "admission_or_completion_ms": 0.0244159996509552
      },
      {
        "index": 674,
        "started_ms": 7569.372959,
        "submitted_ms": 7576.152542,
        "observed_completed_ms": 7581.906417,
        "start_to_observed_completion_ms": 12.533457999999882,
        "submit_to_observed_completion_ms": 5.753875000000335,
        "continuous_iteration_ms": 6.78487491607666,
        "frame_ms": 6.78487491607666,
        "component_sum_ms": 6.77716588973999,
        "tick_ms": 4.004540920257568,
        "dynamic_mesh_ms": 0.9685419797897339,
        "encode_ms": 1.801374912261963,
        "admission_or_completion_ms": 0.0027080001309514046
      },
      {
        "index": 675,
        "started_ms": 7576.157834,
        "submitted_ms": 7582.961499999999,
        "observed_completed_ms": 7588.444417,
        "start_to_observed_completion_ms": 12.286583000000064,
        "submit_to_observed_completion_ms": 5.4829170000002705,
        "continuous_iteration_ms": 6.808332920074463,
        "frame_ms": 6.808332920074463,
        "component_sum_ms": 6.801375389099121,
        "tick_ms": 3.9961249828338623,
        "dynamic_mesh_ms": 0.9637500047683716,
        "encode_ms": 1.8399580717086792,
        "admission_or_completion_ms": 0.001542000100016594
      },
      {
        "index": 676,
        "started_ms": 7582.9661670000005,
        "submitted_ms": 7589.454334,
        "observed_completed_ms": 7594.350875,
        "start_to_observed_completion_ms": 11.384707999999591,
        "submit_to_observed_completion_ms": 4.89654100000007,
        "continuous_iteration_ms": 6.491708278656006,
        "frame_ms": 6.491708278656006,
        "component_sum_ms": 6.485416889190674,
        "tick_ms": 3.7653748989105225,
        "dynamic_mesh_ms": 0.9635000228881836,
        "encode_ms": 1.755708932876587,
        "admission_or_completion_ms": 0.0008329999982379377
      },
      {
        "index": 677,
        "started_ms": 7589.457875,
        "submitted_ms": 7596.07775,
        "observed_completed_ms": 7600.899709,
        "start_to_observed_completion_ms": 11.441834000000199,
        "submit_to_observed_completion_ms": 4.821958999999879,
        "continuous_iteration_ms": 6.623291969299316,
        "frame_ms": 6.623291969299316,
        "component_sum_ms": 6.617666244506836,
        "tick_ms": 3.941624879837036,
        "dynamic_mesh_ms": 0.9239580035209656,
        "encode_ms": 1.7264161109924316,
        "admission_or_completion_ms": 0.02566699869930744
      },
      {
        "index": 678,
        "started_ms": 7596.081167,
        "submitted_ms": 7602.707292,
        "observed_completed_ms": 7607.418084,
        "start_to_observed_completion_ms": 11.33691699999963,
        "submit_to_observed_completion_ms": 4.710791999999856,
        "continuous_iteration_ms": 6.629167079925537,
        "frame_ms": 6.629167079925537,
        "component_sum_ms": 6.623958110809326,
        "tick_ms": 3.833915948867798,
        "dynamic_mesh_ms": 0.9597499966621399,
        "encode_ms": 1.8067080974578857,
        "admission_or_completion_ms": 0.023584000766277313
      },
      {
        "index": 679,
        "started_ms": 7602.710334,
        "submitted_ms": 7609.197042,
        "observed_completed_ms": 7614.044542000001,
        "start_to_observed_completion_ms": 11.334208000000217,
        "submit_to_observed_completion_ms": 4.847500000000764,
        "continuous_iteration_ms": 6.490416049957275,
        "frame_ms": 6.490416049957275,
        "component_sum_ms": 6.484123706817627,
        "tick_ms": 3.69599986076355,
        "dynamic_mesh_ms": 0.9827079772949219,
        "encode_ms": 1.7781249284744263,
        "admission_or_completion_ms": 0.02729099988937378
      },
      {
        "index": 680,
        "started_ms": 7609.20075,
        "submitted_ms": 7615.8369170000005,
        "observed_completed_ms": 7620.507375,
        "start_to_observed_completion_ms": 11.306625000000167,
        "submit_to_observed_completion_ms": 4.6704579999995985,
        "continuous_iteration_ms": 6.639041900634766,
        "frame_ms": 6.639041900634766,
        "component_sum_ms": 6.6341657638549805,
        "tick_ms": 3.857332944869995,
        "dynamic_mesh_ms": 0.9620420336723328,
        "encode_ms": 1.7918750047683716,
        "admission_or_completion_ms": 0.022916000336408615
      },
      {
        "index": 681,
        "started_ms": 7615.839792,
        "submitted_ms": 7622.341875,
        "observed_completed_ms": 7627.169125,
        "start_to_observed_completion_ms": 11.329333000000588,
        "submit_to_observed_completion_ms": 4.8272500000002765,
        "continuous_iteration_ms": 6.506499767303467,
        "frame_ms": 6.506499767303467,
        "component_sum_ms": 6.499792098999023,
        "tick_ms": 3.671999931335449,
        "dynamic_mesh_ms": 0.9676250219345093,
        "encode_ms": 1.8338749408721924,
        "admission_or_completion_ms": 0.026291999965906143
      },
      {
        "index": 682,
        "started_ms": 7622.346291999999,
        "submitted_ms": 7628.9383339999995,
        "observed_completed_ms": 7633.684875,
        "start_to_observed_completion_ms": 11.338583000000654,
        "submit_to_observed_completion_ms": 4.746541000000434,
        "continuous_iteration_ms": 6.595624923706055,
        "frame_ms": 6.595624923706055,
        "component_sum_ms": 6.589874744415283,
        "tick_ms": 3.833707809448242,
        "dynamic_mesh_ms": 0.9636669754981995,
        "encode_ms": 1.7684999704360962,
        "admission_or_completion_ms": 0.023999998345971107
      },
      {
        "index": 683,
        "started_ms": 7628.941917,
        "submitted_ms": 7635.468417,
        "observed_completed_ms": 7640.171334,
        "start_to_observed_completion_ms": 11.229416999999557,
        "submit_to_observed_completion_ms": 4.702916999999616,
        "continuous_iteration_ms": 6.529666900634766,
        "frame_ms": 6.529666900634766,
        "component_sum_ms": 6.524623870849609,
        "tick_ms": 3.773624897003174,
        "dynamic_mesh_ms": 0.944832980632782,
        "encode_ms": 1.7829580307006836,
        "admission_or_completion_ms": 0.023207999765872955
      },
      {
        "index": 684,
        "started_ms": 7635.471584,
        "submitted_ms": 7641.904334000001,
        "observed_completed_ms": 7646.707875,
        "start_to_observed_completion_ms": 11.236291000000165,
        "submit_to_observed_completion_ms": 4.8035409999993135,
        "continuous_iteration_ms": 6.4375410079956055,
        "frame_ms": 6.4375410079956055,
        "component_sum_ms": 6.4303741455078125,
        "tick_ms": 3.705915927886963,
        "dynamic_mesh_ms": 0.969249963760376,
        "encode_ms": 1.7323750257492065,
        "admission_or_completion_ms": 0.022833000868558884
      },
      {
        "index": 685,
        "started_ms": 7641.909125,
        "submitted_ms": 7648.619874999999,
        "observed_completed_ms": 7653.434834000001,
        "start_to_observed_completion_ms": 11.525709000000461,
        "submit_to_observed_completion_ms": 4.814959000001181,
        "continuous_iteration_ms": 6.714667320251465,
        "frame_ms": 6.714667320251465,
        "component_sum_ms": 6.707831859588623,
        "tick_ms": 3.7742080688476562,
        "dynamic_mesh_ms": 0.9920830130577087,
        "encode_ms": 1.911041021347046,
        "admission_or_completion_ms": 0.030499998480081558
      },
      {
        "index": 686,
        "started_ms": 7648.623792,
        "submitted_ms": 7655.2995,
        "observed_completed_ms": 7660.149084000001,
        "start_to_observed_completion_ms": 11.525292000000263,
        "submit_to_observed_completion_ms": 4.849584000000505,
        "continuous_iteration_ms": 6.680417060852051,
        "frame_ms": 6.680417060852051,
        "component_sum_ms": 6.673333644866943,
        "tick_ms": 3.780082941055298,
        "dynamic_mesh_ms": 1.0002920627593994,
        "encode_ms": 1.8639999628067017,
        "admission_or_completion_ms": 0.02895900048315525
      },
      {
        "index": 687,
        "started_ms": 7655.304209,
        "submitted_ms": 7661.877292,
        "observed_completed_ms": 7667.59625,
        "start_to_observed_completion_ms": 12.2920409999997,
        "submit_to_observed_completion_ms": 5.718957999999475,
        "continuous_iteration_ms": 6.57712459564209,
        "frame_ms": 6.57712459564209,
        "component_sum_ms": 6.569668292999268,
        "tick_ms": 3.8454999923706055,
        "dynamic_mesh_ms": 0.9642500281333923,
        "encode_ms": 1.7274169921875,
        "admission_or_completion_ms": 0.03250100091099739
      },
      {
        "index": 688,
        "started_ms": 7661.881334000001,
        "submitted_ms": 7668.689375,
        "observed_completed_ms": 7674.411166999999,
        "start_to_observed_completion_ms": 12.529832999998689,
        "submit_to_observed_completion_ms": 5.721791999999368,
        "continuous_iteration_ms": 6.81345796585083,
        "frame_ms": 6.81345796585083,
        "component_sum_ms": 6.805667400360107,
        "tick_ms": 3.955834150314331,
        "dynamic_mesh_ms": 0.9797499775886536,
        "encode_ms": 1.867040991783142,
        "admission_or_completion_ms": 0.00304200011305511
      },
      {
        "index": 689,
        "started_ms": 7668.694792,
        "submitted_ms": 7675.540584,
        "observed_completed_ms": 7680.882709,
        "start_to_observed_completion_ms": 12.187917000000198,
        "submit_to_observed_completion_ms": 5.342125000000124,
        "continuous_iteration_ms": 6.850957870483398,
        "frame_ms": 6.850957870483398,
        "component_sum_ms": 6.843123912811279,
        "tick_ms": 3.7329580783843994,
        "dynamic_mesh_ms": 1.015375018119812,
        "encode_ms": 2.0931248664855957,
        "admission_or_completion_ms": 0.0016660001128911972
      },
      {
        "index": 690,
        "started_ms": 7675.545749999999,
        "submitted_ms": 7681.978417,
        "observed_completed_ms": 7686.724709,
        "start_to_observed_completion_ms": 11.17895900000076,
        "submit_to_observed_completion_ms": 4.746291999999812,
        "continuous_iteration_ms": 6.437125205993652,
        "frame_ms": 6.437125205993652,
        "component_sum_ms": 6.429999828338623,
        "tick_ms": 3.640666961669922,
        "dynamic_mesh_ms": 0.969249963760376,
        "encode_ms": 1.8186249732971191,
        "admission_or_completion_ms": 0.0014579999260604382
      },
      {
        "index": 691,
        "started_ms": 7681.982875,
        "submitted_ms": 7688.670667,
        "observed_completed_ms": 7693.559459,
        "start_to_observed_completion_ms": 11.576584000000366,
        "submit_to_observed_completion_ms": 4.888791999999739,
        "continuous_iteration_ms": 6.691666603088379,
        "frame_ms": 6.691666603088379,
        "component_sum_ms": 6.6846232414245605,
        "tick_ms": 3.727540969848633,
        "dynamic_mesh_ms": 0.9774579405784607,
        "encode_ms": 1.9452499151229858,
        "admission_or_completion_ms": 0.03437400236725807
      },
      {
        "index": 692,
        "started_ms": 7688.674542000001,
        "submitted_ms": 7695.432584,
        "observed_completed_ms": 7700.176334,
        "start_to_observed_completion_ms": 11.501791999999114,
        "submit_to_observed_completion_ms": 4.743749999999636,
        "continuous_iteration_ms": 6.76295804977417,
        "frame_ms": 6.76295804977417,
        "component_sum_ms": 6.7549147605896,
        "tick_ms": 3.8761658668518066,
        "dynamic_mesh_ms": 0.9708330035209656,
        "encode_ms": 1.8722920417785645,
        "admission_or_completion_ms": 0.03562399744987488
      },
      {
        "index": 693,
        "started_ms": 7695.4375,
        "submitted_ms": 7701.986667,
        "observed_completed_ms": 7706.687209,
        "start_to_observed_completion_ms": 11.249708999999712,
        "submit_to_observed_completion_ms": 4.7005419999995866,
        "continuous_iteration_ms": 6.553667068481445,
        "frame_ms": 6.553667068481445,
        "component_sum_ms": 6.54683256149292,
        "tick_ms": 3.742875099182129,
        "dynamic_mesh_ms": 0.9621660113334656,
        "encode_ms": 1.8096249103546143,
        "admission_or_completion_ms": 0.03216700255870819
      },
      {
        "index": 694,
        "started_ms": 7701.991167,
        "submitted_ms": 7708.525917,
        "observed_completed_ms": 7713.121542,
        "start_to_observed_completion_ms": 11.13037499999973,
        "submit_to_observed_completion_ms": 4.595624999999927,
        "continuous_iteration_ms": 6.539832592010498,
        "frame_ms": 6.539832592010498,
        "component_sum_ms": 6.532374382019043,
        "tick_ms": 3.719040870666504,
        "dynamic_mesh_ms": 0.9490839838981628,
        "encode_ms": 1.8382079601287842,
        "admission_or_completion_ms": 0.026041999459266663
      },
      {
        "index": 695,
        "started_ms": 7708.531,
        "submitted_ms": 7714.8904170000005,
        "observed_completed_ms": 7719.787792,
        "start_to_observed_completion_ms": 11.256792000000132,
        "submit_to_observed_completion_ms": 4.897374999999556,
        "continuous_iteration_ms": 6.363124847412109,
        "frame_ms": 6.363124847412109,
        "component_sum_ms": 6.35650110244751,
        "tick_ms": 3.5920419692993164,
        "dynamic_mesh_ms": 0.9676250219345093,
        "encode_ms": 1.7681670188903809,
        "admission_or_completion_ms": 0.02866699919104576
      },
      {
        "index": 696,
        "started_ms": 7714.894125,
        "submitted_ms": 7721.807834,
        "observed_completed_ms": 7726.436167,
        "start_to_observed_completion_ms": 11.542042000000038,
        "submit_to_observed_completion_ms": 4.628332999999657,
        "continuous_iteration_ms": 6.91995906829834,
        "frame_ms": 6.91995906829834,
        "component_sum_ms": 6.910418510437012,
        "tick_ms": 3.8784592151641846,
        "dynamic_mesh_ms": 0.9740000367164612,
        "encode_ms": 2.019291877746582,
        "admission_or_completion_ms": 0.03866700455546379
      },
      {
        "index": 697,
        "started_ms": 7721.814084,
        "submitted_ms": 7728.2362920000005,
        "observed_completed_ms": 7732.843625,
        "start_to_observed_completion_ms": 11.02954100000079,
        "submit_to_observed_completion_ms": 4.607332999999926,
        "continuous_iteration_ms": 6.426000118255615,
        "frame_ms": 6.426000118255615,
        "component_sum_ms": 6.419416904449463,
        "tick_ms": 3.6317920684814453,
        "dynamic_mesh_ms": 0.9605000019073486,
        "encode_ms": 1.799375057220459,
        "admission_or_completion_ms": 0.02774999849498272
      },
      {
        "index": 698,
        "started_ms": 7728.240084,
        "submitted_ms": 7734.614667,
        "observed_completed_ms": 7739.113792,
        "start_to_observed_completion_ms": 10.873708000000079,
        "submit_to_observed_completion_ms": 4.4991250000002765,
        "continuous_iteration_ms": 6.378833293914795,
        "frame_ms": 6.378833293914795,
        "component_sum_ms": 6.372084140777588,
        "tick_ms": 3.586916923522949,
        "dynamic_mesh_ms": 0.987625002861023,
        "encode_ms": 1.7704169750213623,
        "admission_or_completion_ms": 0.027124999091029167
      },
      {
        "index": 699,
        "started_ms": 7734.618917,
        "submitted_ms": 7740.9521669999995,
        "observed_completed_ms": 7745.526667,
        "start_to_observed_completion_ms": 10.907750000000306,
        "submit_to_observed_completion_ms": 4.574500000000626,
        "continuous_iteration_ms": 6.337916851043701,
        "frame_ms": 6.337916851043701,
        "component_sum_ms": 6.330876350402832,
        "tick_ms": 3.473875045776367,
        "dynamic_mesh_ms": 0.9936250448226929,
        "encode_ms": 1.8376669883728027,
        "admission_or_completion_ms": 0.02570899948477745
      },
      {
        "index": 700,
        "started_ms": 7740.9568340000005,
        "submitted_ms": 7747.368917,
        "observed_completed_ms": 7751.889792,
        "start_to_observed_completion_ms": 10.932957999999417,
        "submit_to_observed_completion_ms": 4.52087500000016,
        "continuous_iteration_ms": 6.415375232696533,
        "frame_ms": 6.415375232696533,
        "component_sum_ms": 6.40954065322876,
        "tick_ms": 3.5707919597625732,
        "dynamic_mesh_ms": 0.9719160199165344,
        "encode_ms": 1.841583013534546,
        "admission_or_completion_ms": 0.02525000087916851
      },
      {
        "index": 701,
        "started_ms": 7747.372209,
        "submitted_ms": 7753.715625,
        "observed_completed_ms": 7758.2029170000005,
        "start_to_observed_completion_ms": 10.830708000000413,
        "submit_to_observed_completion_ms": 4.487292000000707,
        "continuous_iteration_ms": 6.3470001220703125,
        "frame_ms": 6.3470001220703125,
        "component_sum_ms": 6.340959072113037,
        "tick_ms": 3.5215420722961426,
        "dynamic_mesh_ms": 0.9654589891433716,
        "encode_ms": 1.82516610622406,
        "admission_or_completion_ms": 0.0287919994443655
      },
      {
        "index": 702,
        "started_ms": 7753.719209,
        "submitted_ms": 7759.995584,
        "observed_completed_ms": 7764.381334000001,
        "start_to_observed_completion_ms": 10.662125000000742,
        "submit_to_observed_completion_ms": 4.385750000000371,
        "continuous_iteration_ms": 6.280083179473877,
        "frame_ms": 6.280083179473877,
        "component_sum_ms": 6.274001121520996,
        "tick_ms": 3.4812920093536377,
        "dynamic_mesh_ms": 0.9732500314712524,
        "encode_ms": 1.7919590473175049,
        "admission_or_completion_ms": 0.027499999850988388
      },
      {
        "index": 703,
        "started_ms": 7759.9992919999995,
        "submitted_ms": 7766.2357919999995,
        "observed_completed_ms": 7770.7868339999995,
        "start_to_observed_completion_ms": 10.78754200000003,
        "submit_to_observed_completion_ms": 4.551042000000052,
        "continuous_iteration_ms": 6.241541862487793,
        "frame_ms": 6.241541862487793,
        "component_sum_ms": 6.234708309173584,
        "tick_ms": 3.3860421180725098,
        "dynamic_mesh_ms": 0.9730420112609863,
        "encode_ms": 1.8537499904632568,
        "admission_or_completion_ms": 0.021874001249670982
      },
      {
        "index": 704,
        "started_ms": 7766.240833999999,
        "submitted_ms": 7772.731667,
        "observed_completed_ms": 7777.3700420000005,
        "start_to_observed_completion_ms": 11.1292080000012,
        "submit_to_observed_completion_ms": 4.638375000000451,
        "continuous_iteration_ms": 6.4945831298828125,
        "frame_ms": 6.4945831298828125,
        "component_sum_ms": 6.488207817077637,
        "tick_ms": 3.5517919063568115,
        "dynamic_mesh_ms": 0.9669159650802612,
        "encode_ms": 1.9437499046325684,
        "admission_or_completion_ms": 0.025750000029802322
      },
      {
        "index": 705,
        "started_ms": 7772.735417,
        "submitted_ms": 7779.281875,
        "observed_completed_ms": 7783.904292,
        "start_to_observed_completion_ms": 11.168875000000298,
        "submit_to_observed_completion_ms": 4.622417000000496,
        "continuous_iteration_ms": 6.55145788192749,
        "frame_ms": 6.55145788192749,
        "component_sum_ms": 6.543750286102295,
        "tick_ms": 3.625833034515381,
        "dynamic_mesh_ms": 0.9714999794960022,
        "encode_ms": 1.9111250638961792,
        "admission_or_completion_ms": 0.03529199957847595
      },
      {
        "index": 706,
        "started_ms": 7779.286875000001,
        "submitted_ms": 7785.709459,
        "observed_completed_ms": 7790.0485,
        "start_to_observed_completion_ms": 10.761624999999185,
        "submit_to_observed_completion_ms": 4.339041000000179,
        "continuous_iteration_ms": 6.427541732788086,
        "frame_ms": 6.427541732788086,
        "component_sum_ms": 6.419958114624023,
        "tick_ms": 3.6202080249786377,
        "dynamic_mesh_ms": 0.9646250009536743,
        "encode_ms": 1.8041670322418213,
        "admission_or_completion_ms": 0.03095800057053566
      },
      {
        "index": 707,
        "started_ms": 7785.714417,
        "submitted_ms": 7791.88175,
        "observed_completed_ms": 7796.4135,
        "start_to_observed_completion_ms": 10.699082999999519,
        "submit_to_observed_completion_ms": 4.531750000000102,
        "continuous_iteration_ms": 6.172417163848877,
        "frame_ms": 6.172417163848877,
        "component_sum_ms": 6.1645002365112305,
        "tick_ms": 3.367374897003174,
        "dynamic_mesh_ms": 0.9390420317649841,
        "encode_ms": 1.8324579000473022,
        "admission_or_completion_ms": 0.025624999776482582
      },
      {
        "index": 708,
        "started_ms": 7791.886834,
        "submitted_ms": 7798.217084,
        "observed_completed_ms": 7802.631209,
        "start_to_observed_completion_ms": 10.744375000000218,
        "submit_to_observed_completion_ms": 4.41412500000024,
        "continuous_iteration_ms": 6.334166049957275,
        "frame_ms": 6.334166049957275,
        "component_sum_ms": 6.328083515167236,
        "tick_ms": 3.52591609954834,
        "dynamic_mesh_ms": 0.9735830426216125,
        "encode_ms": 1.8027089834213257,
        "admission_or_completion_ms": 0.025875000283122063
      },
      {
        "index": 709,
        "started_ms": 7798.221,
        "submitted_ms": 7804.4951249999995,
        "observed_completed_ms": 7808.964584,
        "start_to_observed_completion_ms": 10.743584000000737,
        "submit_to_observed_completion_ms": 4.469459000000825,
        "continuous_iteration_ms": 6.280667304992676,
        "frame_ms": 6.280667304992676,
        "component_sum_ms": 6.2721662521362305,
        "tick_ms": 3.4189159870147705,
        "dynamic_mesh_ms": 0.9607920050621033,
        "encode_ms": 1.8632080554962158,
        "admission_or_completion_ms": 0.029249999672174454
      },
      {
        "index": 710,
        "started_ms": 7804.501667,
        "submitted_ms": 7810.718209,
        "observed_completed_ms": 7815.282125,
        "start_to_observed_completion_ms": 10.780457999999271,
        "submit_to_observed_completion_ms": 4.563916000000063,
        "continuous_iteration_ms": 6.220958232879639,
        "frame_ms": 6.220958232879639,
        "component_sum_ms": 6.214415073394775,
        "tick_ms": 3.486790895462036,
        "dynamic_mesh_ms": 0.9444580078125,
        "encode_ms": 1.7530840635299683,
        "admission_or_completion_ms": 0.03008199855685234
      },
      {
        "index": 711,
        "started_ms": 7810.722625,
        "submitted_ms": 7817.253167,
        "observed_completed_ms": 7821.613542,
        "start_to_observed_completion_ms": 10.890916999999718,
        "submit_to_observed_completion_ms": 4.360375000000204,
        "continuous_iteration_ms": 6.536417007446289,
        "frame_ms": 6.536417007446289,
        "component_sum_ms": 6.527624607086182,
        "tick_ms": 3.504499912261963,
        "dynamic_mesh_ms": 1.0203750133514404,
        "encode_ms": 1.9703330993652344,
        "admission_or_completion_ms": 0.03241699934005737
      },
      {
        "index": 712,
        "started_ms": 7817.259042,
        "submitted_ms": 7823.512959000001,
        "observed_completed_ms": 7828.0482090000005,
        "start_to_observed_completion_ms": 10.789167000000816,
        "submit_to_observed_completion_ms": 4.535249999999905,
        "continuous_iteration_ms": 6.258041858673096,
        "frame_ms": 6.258041858673096,
        "component_sum_ms": 6.2511677742004395,
        "tick_ms": 3.357832908630371,
        "dynamic_mesh_ms": 0.969959020614624,
        "encode_ms": 1.8987089395523071,
        "admission_or_completion_ms": 0.02466699853539467
      },
      {
        "index": 713,
        "started_ms": 7823.517084,
        "submitted_ms": 7829.898834,
        "observed_completed_ms": 7834.345542,
        "start_to_observed_completion_ms": 10.828457999999955,
        "submit_to_observed_completion_ms": 4.446708000000399,
        "continuous_iteration_ms": 6.386958122253418,
        "frame_ms": 6.386958122253418,
        "component_sum_ms": 6.378875732421875,
        "tick_ms": 3.526334047317505,
        "dynamic_mesh_ms": 0.9685829877853394,
        "encode_ms": 1.8498339653015137,
        "admission_or_completion_ms": 0.03412499651312828
      },
      {
        "index": 714,
        "started_ms": 7829.904042,
        "submitted_ms": 7836.115084,
        "observed_completed_ms": 7840.59425,
        "start_to_observed_completion_ms": 10.690207999999984,
        "submit_to_observed_completion_ms": 4.4791660000000775,
        "continuous_iteration_ms": 6.216249942779541,
        "frame_ms": 6.216249942779541,
        "component_sum_ms": 6.208000183105469,
        "tick_ms": 3.461207866668701,
        "dynamic_mesh_ms": 0.9463329911231995,
        "encode_ms": 1.7687500715255737,
        "admission_or_completion_ms": 0.03170899674296379
      },
      {
        "index": 715,
        "started_ms": 7836.1202920000005,
        "submitted_ms": 7842.517417,
        "observed_completed_ms": 7846.852625,
        "start_to_observed_completion_ms": 10.732332999999926,
        "submit_to_observed_completion_ms": 4.335208000000421,
        "continuous_iteration_ms": 6.402124881744385,
        "frame_ms": 6.402124881744385,
        "component_sum_ms": 6.394333362579346,
        "tick_ms": 3.4165000915527344,
        "dynamic_mesh_ms": 1.0238749980926514,
        "encode_ms": 1.9226670265197754,
        "admission_or_completion_ms": 0.03129100054502487
      },
      {
        "index": 716,
        "started_ms": 7842.522416999999,
        "submitted_ms": 7848.708667000001,
        "observed_completed_ms": 7853.211459,
        "start_to_observed_completion_ms": 10.689042000000882,
        "submit_to_observed_completion_ms": 4.502791999999317,
        "continuous_iteration_ms": 6.19016695022583,
        "frame_ms": 6.19016695022583,
        "component_sum_ms": 6.183915615081787,
        "tick_ms": 3.3371660709381104,
        "dynamic_mesh_ms": 0.9677919745445251,
        "encode_ms": 1.8554580211639404,
        "admission_or_completion_ms": 0.023500001057982445
      },
      {
        "index": 717,
        "started_ms": 7848.712584,
        "submitted_ms": 7855.085792,
        "observed_completed_ms": 7859.573834,
        "start_to_observed_completion_ms": 10.861249999999927,
        "submit_to_observed_completion_ms": 4.48804199999995,
        "continuous_iteration_ms": 6.3782501220703125,
        "frame_ms": 6.3782501220703125,
        "component_sum_ms": 6.370209217071533,
        "tick_ms": 3.4901251792907715,
        "dynamic_mesh_ms": 0.968375027179718,
        "encode_ms": 1.8735419511795044,
        "admission_or_completion_ms": 0.03816699981689453
      },
      {
        "index": 718,
        "started_ms": 7855.0908340000005,
        "submitted_ms": 7861.42025,
        "observed_completed_ms": 7865.8952500000005,
        "start_to_observed_completion_ms": 10.804415999999947,
        "submit_to_observed_completion_ms": 4.475000000000364,
        "continuous_iteration_ms": 6.334208011627197,
        "frame_ms": 6.334208011627197,
        "component_sum_ms": 6.326540946960449,
        "tick_ms": 3.4699580669403076,
        "dynamic_mesh_ms": 0.9746670126914978,
        "encode_ms": 1.8452080488204956,
        "admission_or_completion_ms": 0.03670800104737282
      },
      {
        "index": 719,
        "started_ms": 7861.425042000001,
        "submitted_ms": 7867.748125,
        "observed_completed_ms": 7872.054792,
        "start_to_observed_completion_ms": 10.629749999999149,
        "submit_to_observed_completion_ms": 4.306666999999834,
        "continuous_iteration_ms": 6.328667163848877,
        "frame_ms": 6.328667163848877,
        "component_sum_ms": 6.319834232330322,
        "tick_ms": 3.411750078201294,
        "dynamic_mesh_ms": 1.0270839929580688,
        "encode_ms": 1.8522911071777344,
        "admission_or_completion_ms": 0.02870899997651577
      },
      {
        "index": 720,
        "started_ms": 7867.7537090000005,
        "submitted_ms": 7874.013292,
        "observed_completed_ms": 7878.185584,
        "start_to_observed_completion_ms": 10.431874999999309,
        "submit_to_observed_completion_ms": 4.172292000000198,
        "continuous_iteration_ms": 6.2708330154418945,
        "frame_ms": 6.2708330154418945,
        "component_sum_ms": 6.257333755493164,
        "tick_ms": 3.318709135055542,
        "dynamic_mesh_ms": 0.9547080397605896,
        "encode_ms": 1.9577080011367798,
        "admission_or_completion_ms": 0.026209000498056412
      },
      {
        "index": 721,
        "started_ms": 7874.024542,
        "submitted_ms": 7880.003624999999,
        "observed_completed_ms": 7884.473209000001,
        "start_to_observed_completion_ms": 10.448667000000569,
        "submit_to_observed_completion_ms": 4.469584000001305,
        "continuous_iteration_ms": 5.986374855041504,
        "frame_ms": 5.986374855041504,
        "component_sum_ms": 5.976541042327881,
        "tick_ms": 3.1659998893737793,
        "dynamic_mesh_ms": 0.9675830006599426,
        "encode_ms": 1.8171659708023071,
        "admission_or_completion_ms": 0.02579200081527233
      },
      {
        "index": 722,
        "started_ms": 7880.010917,
        "submitted_ms": 7886.306917,
        "observed_completed_ms": 7890.735584,
        "start_to_observed_completion_ms": 10.724667000000409,
        "submit_to_observed_completion_ms": 4.428667000000132,
        "continuous_iteration_ms": 6.3015828132629395,
        "frame_ms": 6.3015828132629395,
        "component_sum_ms": 6.293000221252441,
        "tick_ms": 3.4399170875549316,
        "dynamic_mesh_ms": 0.9854580163955688,
        "encode_ms": 1.8329169750213623,
        "admission_or_completion_ms": 0.03470800071954727
      },
      {
        "index": 723,
        "started_ms": 7886.3125,
        "submitted_ms": 7892.5172919999995,
        "observed_completed_ms": 7896.845375,
        "start_to_observed_completion_ms": 10.532874999999876,
        "submit_to_observed_completion_ms": 4.328083000000333,
        "continuous_iteration_ms": 6.209750175476074,
        "frame_ms": 6.209750175476074,
        "component_sum_ms": 6.201290607452393,
        "tick_ms": 3.3338749408721924,
        "dynamic_mesh_ms": 1.0536249876022339,
        "encode_ms": 1.7811670303344727,
        "admission_or_completion_ms": 0.03262399882078171
      },
      {
        "index": 724,
        "started_ms": 7892.52225,
        "submitted_ms": 7898.807834,
        "observed_completed_ms": 7903.1644590000005,
        "start_to_observed_completion_ms": 10.642209000000548,
        "submit_to_observed_completion_ms": 4.356625000000349,
        "continuous_iteration_ms": 6.290167331695557,
        "frame_ms": 6.290167331695557,
        "component_sum_ms": 6.283665657043457,
        "tick_ms": 3.3389999866485596,
        "dynamic_mesh_ms": 0.9572499990463257,
        "encode_ms": 1.9618749618530273,
        "admission_or_completion_ms": 0.025541000068187714
      },
      {
        "index": 725,
        "started_ms": 7898.812417,
        "submitted_ms": 7905.049959,
        "observed_completed_ms": 7909.385249999999,
        "start_to_observed_completion_ms": 10.572832999999264,
        "submit_to_observed_completion_ms": 4.335290999999415,
        "continuous_iteration_ms": 6.241917133331299,
        "frame_ms": 6.241917133331299,
        "component_sum_ms": 6.23466682434082,
        "tick_ms": 3.3413329124450684,
        "dynamic_mesh_ms": 0.9727919697761536,
        "encode_ms": 1.8847919702529907,
        "admission_or_completion_ms": 0.035749997943639755
      },
      {
        "index": 726,
        "started_ms": 7905.0543339999995,
        "submitted_ms": 7911.259583999999,
        "observed_completed_ms": 7915.685875,
        "start_to_observed_completion_ms": 10.631541000000652,
        "submit_to_observed_completion_ms": 4.426291000000674,
        "continuous_iteration_ms": 6.2104997634887695,
        "frame_ms": 6.2104997634887695,
        "component_sum_ms": 6.202082633972168,
        "tick_ms": 3.3289170265197754,
        "dynamic_mesh_ms": 0.9637500047683716,
        "encode_ms": 1.8734169006347656,
        "admission_or_completion_ms": 0.03599900007247925
      },
      {
        "index": 727,
        "started_ms": 7911.264834,
        "submitted_ms": 7917.563042000001,
        "observed_completed_ms": 7921.825250000001,
        "start_to_observed_completion_ms": 10.560416000001169,
        "submit_to_observed_completion_ms": 4.262208000000101,
        "continuous_iteration_ms": 6.303207874298096,
        "frame_ms": 6.303207874298096,
        "component_sum_ms": 6.294124603271484,
        "tick_ms": 3.3611249923706055,
        "dynamic_mesh_ms": 1.0229579210281372,
        "encode_ms": 1.8760420083999634,
        "admission_or_completion_ms": 0.03399999812245369
      },
      {
        "index": 728,
        "started_ms": 7917.568042,
        "submitted_ms": 7923.864417,
        "observed_completed_ms": 7928.229042,
        "start_to_observed_completion_ms": 10.661000000000058,
        "submit_to_observed_completion_ms": 4.36462500000016,
        "continuous_iteration_ms": 6.301416873931885,
        "frame_ms": 6.301416873931885,
        "component_sum_ms": 6.293667316436768,
        "tick_ms": 3.2296249866485596,
        "dynamic_mesh_ms": 0.9897500276565552,
        "encode_ms": 2.0385420322418213,
        "admission_or_completion_ms": 0.035750001668930054
      },
      {
        "index": 729,
        "started_ms": 7923.869459,
        "submitted_ms": 7930.134292,
        "observed_completed_ms": 7934.5659590000005,
        "start_to_observed_completion_ms": 10.696500000000924,
        "submit_to_observed_completion_ms": 4.431667000000743,
        "continuous_iteration_ms": 6.270915985107422,
        "frame_ms": 6.270915985107422,
        "component_sum_ms": 6.26212739944458,
        "tick_ms": 3.358916997909546,
        "dynamic_mesh_ms": 0.9662089943885803,
        "encode_ms": 1.9044169187545776,
        "admission_or_completion_ms": 0.03258400037884712
      },
      {
        "index": 730,
        "started_ms": 7930.140375,
        "submitted_ms": 7936.365709000001,
        "observed_completed_ms": 7940.698542,
        "start_to_observed_completion_ms": 10.55816700000014,
        "submit_to_observed_completion_ms": 4.332832999999482,
        "continuous_iteration_ms": 6.229708671569824,
        "frame_ms": 6.229708671569824,
        "component_sum_ms": 6.2226243019104,
        "tick_ms": 3.4235830307006836,
        "dynamic_mesh_ms": 0.9697080254554749,
        "encode_ms": 1.798875093460083,
        "admission_or_completion_ms": 0.0304579995572567
      },
      {
        "index": 731,
        "started_ms": 7936.370084,
        "submitted_ms": 7942.517709,
        "observed_completed_ms": 7946.72575,
        "start_to_observed_completion_ms": 10.355665999999474,
        "submit_to_observed_completion_ms": 4.2080409999998665,
        "continuous_iteration_ms": 6.15216588973999,
        "frame_ms": 6.15216588973999,
        "component_sum_ms": 6.144374847412109,
        "tick_ms": 3.294584035873413,
        "dynamic_mesh_ms": 1.001499891281128,
        "encode_ms": 1.81850004196167,
        "admission_or_completion_ms": 0.029791001230478287
      },
      {
        "index": 732,
        "started_ms": 7942.52225,
        "submitted_ms": 7948.517625,
        "observed_completed_ms": 7952.6417089999995,
        "start_to_observed_completion_ms": 10.119458999999551,
        "submit_to_observed_completion_ms": 4.1240839999991294,
        "continuous_iteration_ms": 5.9992499351501465,
        "frame_ms": 5.9992499351501465,
        "component_sum_ms": 5.991916179656982,
        "tick_ms": 3.2027502059936523,
        "dynamic_mesh_ms": 0.9717079997062683,
        "encode_ms": 1.790708065032959,
        "admission_or_completion_ms": 0.026750002056360245
      },
      {
        "index": 733,
        "started_ms": 7948.5215,
        "submitted_ms": 7954.521542,
        "observed_completed_ms": 7958.863875000001,
        "start_to_observed_completion_ms": 10.342375000001084,
        "submit_to_observed_completion_ms": 4.342333000000508,
        "continuous_iteration_ms": 6.004542350769043,
        "frame_ms": 6.004542350769043,
        "component_sum_ms": 5.997708320617676,
        "tick_ms": 3.125791072845459,
        "dynamic_mesh_ms": 0.9643340110778809,
        "encode_ms": 1.8791249990463257,
        "admission_or_completion_ms": 0.028457999229431152
      },
      {
        "index": 734,
        "started_ms": 7954.526042,
        "submitted_ms": 7960.719042,
        "observed_completed_ms": 7965.069584,
        "start_to_observed_completion_ms": 10.543541999999434,
        "submit_to_observed_completion_ms": 4.350542000000132,
        "continuous_iteration_ms": 6.198166847229004,
        "frame_ms": 6.198166847229004,
        "component_sum_ms": 6.1904168128967285,
        "tick_ms": 3.3345420360565186,
        "dynamic_mesh_ms": 0.9684999585151672,
        "encode_ms": 1.8543750047683716,
        "admission_or_completion_ms": 0.033000003546476364
      },
      {
        "index": 735,
        "started_ms": 7960.724209,
        "submitted_ms": 7966.976375,
        "observed_completed_ms": 7971.255875,
        "start_to_observed_completion_ms": 10.53166599999986,
        "submit_to_observed_completion_ms": 4.2794999999996435,
        "continuous_iteration_ms": 6.257833003997803,
        "frame_ms": 6.257833003997803,
        "component_sum_ms": 6.24970817565918,
        "tick_ms": 3.3258330821990967,
        "dynamic_mesh_ms": 0.9855419397354126,
        "encode_ms": 1.9057910442352295,
        "admission_or_completion_ms": 0.032541997730731964
      },
      {
        "index": 736,
        "started_ms": 7966.982042,
        "submitted_ms": 7973.121,
        "observed_completed_ms": 7977.471,
        "start_to_observed_completion_ms": 10.488957999999911,
        "submit_to_observed_completion_ms": 4.349999999999454,
        "continuous_iteration_ms": 6.144166946411133,
        "frame_ms": 6.144166946411133,
        "component_sum_ms": 6.1356658935546875,
        "tick_ms": 3.2538750171661377,
        "dynamic_mesh_ms": 0.9778330326080322,
        "encode_ms": 1.864166021347046,
        "admission_or_completion_ms": 0.03979199752211571
      },
      {
        "index": 737,
        "started_ms": 7973.126209,
        "submitted_ms": 7979.421,
        "observed_completed_ms": 7983.802209,
        "start_to_observed_completion_ms": 10.676000000000386,
        "submit_to_observed_completion_ms": 4.381209000000126,
        "continuous_iteration_ms": 6.300665855407715,
        "frame_ms": 6.300665855407715,
        "component_sum_ms": 6.29149866104126,
        "tick_ms": 3.3302078247070312,
        "dynamic_mesh_ms": 0.9765830039978027,
        "encode_ms": 1.9493329524993896,
        "admission_or_completion_ms": 0.035374999046325684
      },
      {
        "index": 738,
        "started_ms": 7979.426875,
        "submitted_ms": 7985.732084,
        "observed_completed_ms": 7990.0368339999995,
        "start_to_observed_completion_ms": 10.609958999999435,
        "submit_to_observed_completion_ms": 4.304749999999331,
        "continuous_iteration_ms": 6.311041831970215,
        "frame_ms": 6.311041831970215,
        "component_sum_ms": 6.302207946777344,
        "tick_ms": 3.3632919788360596,
        "dynamic_mesh_ms": 0.9685419797897339,
        "encode_ms": 1.9290000200271606,
        "admission_or_completion_ms": 0.041374001652002335
      },
      {
        "index": 739,
        "started_ms": 7985.7379169999995,
        "submitted_ms": 7991.905292,
        "observed_completed_ms": 7996.1055,
        "start_to_observed_completion_ms": 10.367583000000195,
        "submit_to_observed_completion_ms": 4.200207999999293,
        "continuous_iteration_ms": 6.173166751861572,
        "frame_ms": 6.173166751861572,
        "component_sum_ms": 6.164375305175781,
        "tick_ms": 3.254625082015991,
        "dynamic_mesh_ms": 1.0100420713424683,
        "encode_ms": 1.8678330183029175,
        "admission_or_completion_ms": 0.03187499940395355
      },
      {
        "index": 740,
        "started_ms": 7991.911083999999,
        "submitted_ms": 7998.050375,
        "observed_completed_ms": 8002.002334,
        "start_to_observed_completion_ms": 10.0912500000004,
        "submit_to_observed_completion_ms": 3.951958999999988,
        "continuous_iteration_ms": 6.143665790557861,
        "frame_ms": 6.143665790557861,
        "component_sum_ms": 6.136792182922363,
        "tick_ms": 3.204833984375,
        "dynamic_mesh_ms": 0.9623750448226929,
        "encode_ms": 1.9442499876022339,
        "admission_or_completion_ms": 0.025332998484373093
      },
      {
        "index": 741,
        "started_ms": 7998.054749999999,
        "submitted_ms": 8003.803166999999,
        "observed_completed_ms": 8007.848167000001,
        "start_to_observed_completion_ms": 9.793417000001682,
        "submit_to_observed_completion_ms": 4.045000000001892,
        "continuous_iteration_ms": 5.752999782562256,
        "frame_ms": 5.752999782562256,
        "component_sum_ms": 5.74570894241333,
        "tick_ms": 2.9751250743865967,
        "dynamic_mesh_ms": 0.9399169683456421,
        "encode_ms": 1.8002079725265503,
        "admission_or_completion_ms": 0.030458999797701836
      },
      {
        "index": 742,
        "started_ms": 8003.80775,
        "submitted_ms": 8009.718167000001,
        "observed_completed_ms": 8013.692542,
        "start_to_observed_completion_ms": 9.884791999999834,
        "submit_to_observed_completion_ms": 3.9743749999988722,
        "continuous_iteration_ms": 5.915083885192871,
        "frame_ms": 5.915083885192871,
        "component_sum_ms": 5.907375335693359,
        "tick_ms": 3.0078330039978027,
        "dynamic_mesh_ms": 0.9972919821739197,
        "encode_ms": 1.869333028793335,
        "admission_or_completion_ms": 0.032917000353336334
      },
      {
        "index": 743,
        "started_ms": 8009.722834,
        "submitted_ms": 8015.593666999999,
        "observed_completed_ms": 8019.8226669999995,
        "start_to_observed_completion_ms": 10.099832999999308,
        "submit_to_observed_completion_ms": 4.229000000000269,
        "continuous_iteration_ms": 5.876040935516357,
        "frame_ms": 5.876040935516357,
        "component_sum_ms": 5.868207931518555,
        "tick_ms": 2.966792106628418,
        "dynamic_mesh_ms": 0.9729999899864197,
        "encode_ms": 1.9005000591278076,
        "admission_or_completion_ms": 0.02791600115597248
      },
      {
        "index": 744,
        "started_ms": 8015.598875000001,
        "submitted_ms": 8021.701167,
        "observed_completed_ms": 8025.823709000001,
        "start_to_observed_completion_ms": 10.224834000000556,
        "submit_to_observed_completion_ms": 4.122542000000976,
        "continuous_iteration_ms": 6.107499599456787,
        "frame_ms": 6.107499599456787,
        "component_sum_ms": 6.099166393280029,
        "tick_ms": 3.1786248683929443,
        "dynamic_mesh_ms": 0.9992079734802246,
        "encode_ms": 1.8770420551300049,
        "admission_or_completion_ms": 0.04429199919104576
      },
      {
        "index": 745,
        "started_ms": 8021.706375000001,
        "submitted_ms": 8028.137042000001,
        "observed_completed_ms": 8032.224041999999,
        "start_to_observed_completion_ms": 10.517666999998255,
        "submit_to_observed_completion_ms": 4.086999999997715,
        "continuous_iteration_ms": 6.436375141143799,
        "frame_ms": 6.436375141143799,
        "component_sum_ms": 6.427375793457031,
        "tick_ms": 3.1017091274261475,
        "dynamic_mesh_ms": 0.9756249785423279,
        "encode_ms": 2.3125829696655273,
        "admission_or_completion_ms": 0.03745900094509125
      },
      {
        "index": 746,
        "started_ms": 8028.142750000001,
        "submitted_ms": 8034.265375,
        "observed_completed_ms": 8038.325959,
        "start_to_observed_completion_ms": 10.183208999998897,
        "submit_to_observed_completion_ms": 4.060583999999835,
        "continuous_iteration_ms": 6.127833843231201,
        "frame_ms": 6.127833843231201,
        "component_sum_ms": 6.118374824523926,
        "tick_ms": 3.034791946411133,
        "dynamic_mesh_ms": 1.004958987236023,
        "encode_ms": 2.0405828952789307,
        "admission_or_completion_ms": 0.03804100304841995
      },
      {
        "index": 747,
        "started_ms": 8034.270584,
        "submitted_ms": 8040.194874999999,
        "observed_completed_ms": 8044.819167,
        "start_to_observed_completion_ms": 10.54858299999978,
        "submit_to_observed_completion_ms": 4.624292000000423,
        "continuous_iteration_ms": 5.928166389465332,
        "frame_ms": 5.928166389465332,
        "component_sum_ms": 5.921834945678711,
        "tick_ms": 3.0598340034484863,
        "dynamic_mesh_ms": 0.9661250114440918,
        "encode_ms": 1.8683749437332153,
        "admission_or_completion_ms": 0.027500998228788376
      },
      {
        "index": 748,
        "started_ms": 8040.1987500000005,
        "submitted_ms": 8045.884417,
        "observed_completed_ms": 8049.943125000001,
        "start_to_observed_completion_ms": 9.744375000000218,
        "submit_to_observed_completion_ms": 4.058708000000479,
        "continuous_iteration_ms": 5.690333843231201,
        "frame_ms": 5.690333843231201,
        "component_sum_ms": 5.682915210723877,
        "tick_ms": 2.888082981109619,
        "dynamic_mesh_ms": 0.9713330268859863,
        "encode_ms": 1.8211250305175781,
        "admission_or_completion_ms": 0.0023739999160170555
      },
      {
        "index": 749,
        "started_ms": 8045.889084,
        "submitted_ms": 8051.785834,
        "observed_completed_ms": 8055.589417,
        "start_to_observed_completion_ms": 9.700332999999773,
        "submit_to_observed_completion_ms": 3.8035829999998896,
        "continuous_iteration_ms": 5.902207851409912,
        "frame_ms": 5.902207851409912,
        "component_sum_ms": 5.893748760223389,
        "tick_ms": 3.0370829105377197,
        "dynamic_mesh_ms": 0.98329097032547,
        "encode_ms": 1.8420840501785278,
        "admission_or_completion_ms": 0.03129100054502487
      },
      {
        "index": 750,
        "started_ms": 8051.791292000001,
        "submitted_ms": 8057.448709000001,
        "observed_completed_ms": 8061.179209000001,
        "start_to_observed_completion_ms": 9.387917000000016,
        "submit_to_observed_completion_ms": 3.7304999999996653,
        "continuous_iteration_ms": 5.6616668701171875,
        "frame_ms": 5.6616668701171875,
        "component_sum_ms": 5.654250144958496,
        "tick_ms": 2.796290874481201,
        "dynamic_mesh_ms": 0.9701250195503235,
        "encode_ms": 1.858375072479248,
        "admission_or_completion_ms": 0.029458999633789062
      },
      {
        "index": 751,
        "started_ms": 8057.452959000001,
        "submitted_ms": 8062.926209,
        "observed_completed_ms": 8066.941417000001,
        "start_to_observed_completion_ms": 9.48845799999981,
        "submit_to_observed_completion_ms": 4.015208000000712,
        "continuous_iteration_ms": 5.476707935333252,
        "frame_ms": 5.476707935333252,
        "component_sum_ms": 5.471041202545166,
        "tick_ms": 2.735666036605835,
        "dynamic_mesh_ms": 0.9641669988632202,
        "encode_ms": 1.7463340759277344,
        "admission_or_completion_ms": 0.024873999878764153
      },
      {
        "index": 752,
        "started_ms": 8062.929667,
        "submitted_ms": 8068.728500000001,
        "observed_completed_ms": 8072.4416249999995,
        "start_to_observed_completion_ms": 9.51195799999914,
        "submit_to_observed_completion_ms": 3.7131249999983993,
        "continuous_iteration_ms": 5.803207874298096,
        "frame_ms": 5.803207874298096,
        "component_sum_ms": 5.7961249351501465,
        "tick_ms": 3.0065839290618896,
        "dynamic_mesh_ms": 0.9761660099029541,
        "encode_ms": 1.7862910032272339,
        "admission_or_completion_ms": 0.027084000408649445
      },
      {
        "index": 753,
        "started_ms": 8068.732875000001,
        "submitted_ms": 8074.203292,
        "observed_completed_ms": 8077.961042,
        "start_to_observed_completion_ms": 9.228166999999303,
        "submit_to_observed_completion_ms": 3.75774999999976,
        "continuous_iteration_ms": 5.474958896636963,
        "frame_ms": 5.474958896636963,
        "component_sum_ms": 5.468292236328125,
        "tick_ms": 2.731916904449463,
        "dynamic_mesh_ms": 0.9513750076293945,
        "encode_ms": 1.7610419988632202,
        "admission_or_completion_ms": 0.023957999423146248
      },
      {
        "index": 754,
        "started_ms": 8074.207833999999,
        "submitted_ms": 8079.753333999999,
        "observed_completed_ms": 8083.5887920000005,
        "start_to_observed_completion_ms": 9.380958000001556,
        "submit_to_observed_completion_ms": 3.835458000001381,
        "continuous_iteration_ms": 5.554541110992432,
        "frame_ms": 5.554541110992432,
        "component_sum_ms": 5.543333053588867,
        "tick_ms": 2.7640419006347656,
        "dynamic_mesh_ms": 0.9592909812927246,
        "encode_ms": 1.7917499542236328,
        "admission_or_completion_ms": 0.02825000137090683
      },
      {
        "index": 755,
        "started_ms": 8079.762374999999,
        "submitted_ms": 8085.304416999999,
        "observed_completed_ms": 8088.986959,
        "start_to_observed_completion_ms": 9.224584000000505,
        "submit_to_observed_completion_ms": 3.682542000000467,
        "continuous_iteration_ms": 5.545249938964844,
        "frame_ms": 5.545249938964844,
        "component_sum_ms": 5.5395827293396,
        "tick_ms": 2.8413329124450684,
        "dynamic_mesh_ms": 0.9588750004768372,
        "encode_ms": 1.7150830030441284,
        "admission_or_completion_ms": 0.024291999638080597
      },
      {
        "index": 756,
        "started_ms": 8085.307625,
        "submitted_ms": 8090.759292,
        "observed_completed_ms": 8094.784084000001,
        "start_to_observed_completion_ms": 9.476459000000432,
        "submit_to_observed_completion_ms": 4.024792000001071,
        "continuous_iteration_ms": 5.4559173583984375,
        "frame_ms": 5.4559173583984375,
        "component_sum_ms": 5.449624061584473,
        "tick_ms": 2.695499897003174,
        "dynamic_mesh_ms": 0.9607909917831421,
        "encode_ms": 1.77162504196167,
        "admission_or_completion_ms": 0.02170800045132637
      },
      {
        "index": 757,
        "started_ms": 8090.763542,
        "submitted_ms": 8096.5972090000005,
        "observed_completed_ms": 8100.491999999999,
        "start_to_observed_completion_ms": 9.728457999999591,
        "submit_to_observed_completion_ms": 3.894790999998804,
        "continuous_iteration_ms": 5.837874889373779,
        "frame_ms": 5.837874889373779,
        "component_sum_ms": 5.8308329582214355,
        "tick_ms": 3.0204591751098633,
        "dynamic_mesh_ms": 0.9682080149650574,
        "encode_ms": 1.8122919797897339,
        "admission_or_completion_ms": 0.029874000698328018
      },
      {
        "index": 758,
        "started_ms": 8096.601417000001,
        "submitted_ms": 8102.189292,
        "observed_completed_ms": 8105.919834,
        "start_to_observed_completion_ms": 9.3184169999995,
        "submit_to_observed_completion_ms": 3.7305420000002414,
        "continuous_iteration_ms": 5.591249942779541,
        "frame_ms": 5.591249942779541,
        "component_sum_ms": 5.585749626159668,
        "tick_ms": 2.91587495803833,
        "dynamic_mesh_ms": 0.9502080082893372,
        "encode_ms": 1.6967920064926147,
        "admission_or_completion_ms": 0.022874999791383743
      },
      {
        "index": 759,
        "started_ms": 8102.192667,
        "submitted_ms": 8106.936666999999,
        "observed_completed_ms": 8110.53525,
        "start_to_observed_completion_ms": 8.34258299999965,
        "submit_to_observed_completion_ms": 3.598583000000872,
        "continuous_iteration_ms": 4.747999668121338,
        "frame_ms": 4.747999668121338,
        "component_sum_ms": 4.742334842681885,
        "tick_ms": 2.0179591178894043,
        "dynamic_mesh_ms": 0.9358339905738831,
        "encode_ms": 1.787500023841858,
        "admission_or_completion_ms": 0.0010420000180602074
      },
      {
        "index": 760,
        "started_ms": 8106.940667,
        "submitted_ms": 8111.523667,
        "observed_completed_ms": 8116.180375000001,
        "start_to_observed_completion_ms": 9.239708000000974,
        "submit_to_observed_completion_ms": 4.656708000000435,
        "continuous_iteration_ms": 4.586374759674072,
        "frame_ms": 4.586374759674072,
        "component_sum_ms": 4.58079195022583,
        "tick_ms": 1.8388750553131104,
        "dynamic_mesh_ms": 0.9828329682350159,
        "encode_ms": 1.757917046546936,
        "admission_or_completion_ms": 0.001167000038549304
      },
      {
        "index": 761,
        "started_ms": 8111.527042000001,
        "submitted_ms": 8116.181917000001,
        "observed_completed_ms": 8119.992459000001,
        "start_to_observed_completion_ms": 8.465417000000343,
        "submit_to_observed_completion_ms": 3.8105420000001686,
        "continuous_iteration_ms": 4.661125183105469,
        "frame_ms": 4.661125183105469,
        "component_sum_ms": 4.652792930603027,
        "tick_ms": 1.7328330278396606,
        "dynamic_mesh_ms": 0.9511670470237732,
        "encode_ms": 1.967292070388794,
        "admission_or_completion_ms": 0.0015010000206530094
      },
      {
        "index": 762,
        "started_ms": 8116.188167,
        "submitted_ms": 8121.020833999999,
        "observed_completed_ms": 8125.5355,
        "start_to_observed_completion_ms": 9.347332999999708,
        "submit_to_observed_completion_ms": 4.514666000000943,
        "continuous_iteration_ms": 4.836208343505859,
        "frame_ms": 4.836208343505859,
        "component_sum_ms": 4.8295817375183105,
        "tick_ms": 2.0031659603118896,
        "dynamic_mesh_ms": 0.9677910208702087,
        "encode_ms": 1.857417106628418,
        "admission_or_completion_ms": 0.0012080000014975667
      },
      {
        "index": 763,
        "started_ms": 8121.024374999999,
        "submitted_ms": 8125.537124999999,
        "observed_completed_ms": 8130.143916999999,
        "start_to_observed_completion_ms": 9.119542000000365,
        "submit_to_observed_completion_ms": 4.606792000000496,
        "continuous_iteration_ms": 4.516374588012695,
        "frame_ms": 4.516374588012695,
        "component_sum_ms": 4.51058292388916,
        "tick_ms": 1.8097920417785645,
        "dynamic_mesh_ms": 0.9887909889221191,
        "encode_ms": 1.710582971572876,
        "admission_or_completion_ms": 0.0014169999631121755
      },
      {
        "index": 764,
        "started_ms": 8125.540750000001,
        "submitted_ms": 8130.145167000001,
        "observed_completed_ms": 8134.042917000001,
        "start_to_observed_completion_ms": 8.502166999999645,
        "submit_to_observed_completion_ms": 3.8977500000000873,
        "continuous_iteration_ms": 4.609209060668945,
        "frame_ms": 4.609209060668945,
        "component_sum_ms": 4.601709842681885,
        "tick_ms": 1.790083885192871,
        "dynamic_mesh_ms": 0.9385839700698853,
        "encode_ms": 1.8716670274734497,
        "admission_or_completion_ms": 0.0013749999925494194
      },
      {
        "index": 765,
        "started_ms": 8130.149959,
        "submitted_ms": 8135.1549589999995,
        "observed_completed_ms": 8139.820959,
        "start_to_observed_completion_ms": 9.670999999999367,
        "submit_to_observed_completion_ms": 4.666000000000167,
        "continuous_iteration_ms": 5.009416103363037,
        "frame_ms": 5.009416103363037,
        "component_sum_ms": 5.000999927520752,
        "tick_ms": 2.081667184829712,
        "dynamic_mesh_ms": 0.9962910413742065,
        "encode_ms": 1.9204169511795044,
        "admission_or_completion_ms": 0.002624999964609742
      },
      {
        "index": 766,
        "started_ms": 8135.159375000001,
        "submitted_ms": 8139.822875,
        "observed_completed_ms": 8143.2685839999995,
        "start_to_observed_completion_ms": 8.109208999998373,
        "submit_to_observed_completion_ms": 3.445708999999624,
        "continuous_iteration_ms": 4.668917179107666,
        "frame_ms": 4.668917179107666,
        "component_sum_ms": 4.660749435424805,
        "tick_ms": 1.8172500133514404,
        "dynamic_mesh_ms": 0.9777910113334656,
        "encode_ms": 1.8633331060409546,
        "admission_or_completion_ms": 0.002374999923631549
      },
      {
        "index": 767,
        "started_ms": 8139.828292000001,
        "submitted_ms": 8144.269542,
        "observed_completed_ms": 8148.592084000001,
        "start_to_observed_completion_ms": 8.76379199999974,
        "submit_to_observed_completion_ms": 4.322542000000794,
        "continuous_iteration_ms": 4.444582939147949,
        "frame_ms": 4.444582939147949,
        "component_sum_ms": 4.438832759857178,
        "tick_ms": 1.6832079887390137,
        "dynamic_mesh_ms": 0.9723340272903442,
        "encode_ms": 1.7823330163955688,
        "admission_or_completion_ms": 0.0009580000187270343
      },
      {
        "index": 768,
        "started_ms": 8144.272875000001,
        "submitted_ms": 8148.593333999999,
        "observed_completed_ms": 8151.991542,
        "start_to_observed_completion_ms": 7.718666999999186,
        "submit_to_observed_completion_ms": 3.3982080000005226,
        "continuous_iteration_ms": 4.324625015258789,
        "frame_ms": 4.324625015258789,
        "component_sum_ms": 4.31804084777832,
        "tick_ms": 1.593040943145752,
        "dynamic_mesh_ms": 0.9494580030441284,
        "encode_ms": 1.7742919921875,
        "admission_or_completion_ms": 0.0012499999720603228
      },
      {
        "index": 769,
        "started_ms": 8148.597499999999,
        "submitted_ms": 8153.064375,
        "observed_completed_ms": 8156.623249999999,
        "start_to_observed_completion_ms": 8.025749999999789,
        "submit_to_observed_completion_ms": 3.5588749999988067,
        "continuous_iteration_ms": 4.472291946411133,
        "frame_ms": 4.472291946411133,
        "component_sum_ms": 4.464748859405518,
        "tick_ms": 1.610166072845459,
        "dynamic_mesh_ms": 0.9857920408248901,
        "encode_ms": 1.8657910823822021,
        "admission_or_completion_ms": 0.003000000026077032
      },
      {
        "index": 770,
        "started_ms": 8153.069792,
        "submitted_ms": 8157.6386250000005,
        "observed_completed_ms": 8161.034834000001,
        "start_to_observed_completion_ms": 7.965042000000722,
        "submit_to_observed_completion_ms": 3.3962090000004537,
        "continuous_iteration_ms": 4.5733747482299805,
        "frame_ms": 4.5733747482299805,
        "component_sum_ms": 4.565081596374512,
        "tick_ms": 1.7775410413742065,
        "dynamic_mesh_ms": 1.002958059310913,
        "encode_ms": 1.7826659679412842,
        "admission_or_completion_ms": 0.001917000045068562
      },
      {
        "index": 771,
        "started_ms": 8157.643167,
        "submitted_ms": 8161.973625,
        "observed_completed_ms": 8166.250417,
        "start_to_observed_completion_ms": 8.607250000000022,
        "submit_to_observed_completion_ms": 4.276792000000569,
        "continuous_iteration_ms": 4.333625316619873,
        "frame_ms": 4.333625316619873,
        "component_sum_ms": 4.328042030334473,
        "tick_ms": 1.7515419721603394,
        "dynamic_mesh_ms": 0.9364999532699585,
        "encode_ms": 1.6394580602645874,
        "admission_or_completion_ms": 0.0005420000525191426
      },
      {
        "index": 772,
        "started_ms": 8161.976792,
        "submitted_ms": 8166.25225,
        "observed_completed_ms": 8169.747167,
        "start_to_observed_completion_ms": 7.770375000000058,
        "submit_to_observed_completion_ms": 3.4949170000008962,
        "continuous_iteration_ms": 4.27958345413208,
        "frame_ms": 4.27958345413208,
        "component_sum_ms": 4.273623943328857,
        "tick_ms": 1.5498329401016235,
        "dynamic_mesh_ms": 0.9477499723434448,
        "encode_ms": 1.7749580144882202,
        "admission_or_completion_ms": 0.00108299998100847
      },
      {
        "index": 773,
        "started_ms": 8166.256375,
        "submitted_ms": 8170.782459,
        "observed_completed_ms": 8174.110750000001,
        "start_to_observed_completion_ms": 7.8543750000008,
        "submit_to_observed_completion_ms": 3.3282910000007178,
        "continuous_iteration_ms": 4.53000020980835,
        "frame_ms": 4.53000020980835,
        "component_sum_ms": 4.523001194000244,
        "tick_ms": 1.6400420665740967,
        "dynamic_mesh_ms": 0.9860419631004333,
        "encode_ms": 1.894584059715271,
        "admission_or_completion_ms": 0.002332999836653471
      },
      {
        "index": 774,
        "started_ms": 8170.786375000001,
        "submitted_ms": 8175.244417,
        "observed_completed_ms": 8178.6338749999995,
        "start_to_observed_completion_ms": 7.847499999998945,
        "submit_to_observed_completion_ms": 3.3894579999996495,
        "continuous_iteration_ms": 4.464834213256836,
        "frame_ms": 4.464834213256836,
        "component_sum_ms": 4.455583095550537,
        "tick_ms": 1.5388751029968262,
        "dynamic_mesh_ms": 0.9781670570373535,
        "encode_ms": 1.9373329877853394,
        "admission_or_completion_ms": 0.0012079998850822449
      },
      {
        "index": 775,
        "started_ms": 8175.251209000001,
        "submitted_ms": 8179.6039169999995,
        "observed_completed_ms": 8183.999500000001,
        "start_to_observed_completion_ms": 8.748290999999881,
        "submit_to_observed_completion_ms": 4.395583000001352,
        "continuous_iteration_ms": 4.356750011444092,
        "frame_ms": 4.356750011444092,
        "component_sum_ms": 4.348750114440918,
        "tick_ms": 1.6585419178009033,
        "dynamic_mesh_ms": 0.9779579639434814,
        "encode_ms": 1.7106250524520874,
        "admission_or_completion_ms": 0.0016250000335276127
      },
      {
        "index": 776,
        "started_ms": 8179.607959,
        "submitted_ms": 8184.000875000001,
        "observed_completed_ms": 8188.5140839999995,
        "start_to_observed_completion_ms": 8.90612499999952,
        "submit_to_observed_completion_ms": 4.513208999998824,
        "continuous_iteration_ms": 4.398791313171387,
        "frame_ms": 4.398791313171387,
        "component_sum_ms": 4.390125274658203,
        "tick_ms": 1.64833402633667,
        "dynamic_mesh_ms": 0.9899999499320984,
        "encode_ms": 1.7502909898757935,
        "admission_or_completion_ms": 0.001500000013038516
      },
      {
        "index": 777,
        "started_ms": 8184.00675,
        "submitted_ms": 8188.515417,
        "observed_completed_ms": 8191.840416999999,
        "start_to_observed_completion_ms": 7.833666999999878,
        "submit_to_observed_completion_ms": 3.324999999999818,
        "continuous_iteration_ms": 4.513584136962891,
        "frame_ms": 4.513584136962891,
        "component_sum_ms": 4.506042003631592,
        "tick_ms": 1.6742500066757202,
        "dynamic_mesh_ms": 0.9753749966621399,
        "encode_ms": 1.8545418977737427,
        "admission_or_completion_ms": 0.001875000074505806
      },
      {
        "index": 778,
        "started_ms": 8188.520334,
        "submitted_ms": 8192.878542,
        "observed_completed_ms": 8196.101084,
        "start_to_observed_completion_ms": 7.58075000000008,
        "submit_to_observed_completion_ms": 3.222541999999521,
        "continuous_iteration_ms": 4.3630828857421875,
        "frame_ms": 4.3630828857421875,
        "component_sum_ms": 4.354750633239746,
        "tick_ms": 1.5864169597625732,
        "dynamic_mesh_ms": 0.9772919416427612,
        "encode_ms": 1.7882919311523438,
        "admission_or_completion_ms": 0.002749999985098839
      },
      {
        "index": 779,
        "started_ms": 8192.883417000001,
        "submitted_ms": 8197.104667,
        "observed_completed_ms": 8200.474959,
        "start_to_observed_completion_ms": 7.591541999998299,
        "submit_to_observed_completion_ms": 3.3702919999996084,
        "continuous_iteration_ms": 4.224792003631592,
        "frame_ms": 4.224792003631592,
        "component_sum_ms": 4.218833923339844,
        "tick_ms": 1.5202499628067017,
        "dynamic_mesh_ms": 0.973583996295929,
        "encode_ms": 1.7240829467773438,
        "admission_or_completion_ms": 0.0009169999975711107
      },
      {
        "index": 780,
        "started_ms": 8197.108209,
        "submitted_ms": 8201.533375,
        "observed_completed_ms": 8204.647375,
        "start_to_observed_completion_ms": 7.539166000000478,
        "submit_to_observed_completion_ms": 3.113999999999578,
        "continuous_iteration_ms": 4.43483304977417,
        "frame_ms": 4.43483304977417,
        "component_sum_ms": 4.422542095184326,
        "tick_ms": 1.5800830125808716,
        "dynamic_mesh_ms": 1.0380420684814453,
        "encode_ms": 1.8019579648971558,
        "admission_or_completion_ms": 0.002458999864757061
      },
      {
        "index": 781,
        "started_ms": 8201.543042000001,
        "submitted_ms": 8205.607709,
        "observed_completed_ms": 8208.7965,
        "start_to_observed_completion_ms": 7.2534579999992275,
        "submit_to_observed_completion_ms": 3.188791000000492,
        "continuous_iteration_ms": 4.068292140960693,
        "frame_ms": 4.068292140960693,
        "component_sum_ms": 4.062124729156494,
        "tick_ms": 1.414207935333252,
        "dynamic_mesh_ms": 0.9531660079956055,
        "encode_ms": 1.6935839653015137,
        "admission_or_completion_ms": 0.001167000038549304
      },
      {
        "index": 782,
        "started_ms": 8205.611334000001,
        "submitted_ms": 8209.8315,
        "observed_completed_ms": 8212.903709,
        "start_to_observed_completion_ms": 7.292374999999083,
        "submit_to_observed_completion_ms": 3.07220899999993,
        "continuous_iteration_ms": 4.22470760345459,
        "frame_ms": 4.22470760345459,
        "component_sum_ms": 4.217501163482666,
        "tick_ms": 1.469459056854248,
        "dynamic_mesh_ms": 0.9535830020904541,
        "encode_ms": 1.7922909259796143,
        "admission_or_completion_ms": 0.002167999977245927
      },
      {
        "index": 783,
        "started_ms": 8209.836041999999,
        "submitted_ms": 8213.918834,
        "observed_completed_ms": 8217.156084,
        "start_to_observed_completion_ms": 7.3200420000011945,
        "submit_to_observed_completion_ms": 3.237250000000131,
        "continuous_iteration_ms": 4.086458206176758,
        "frame_ms": 4.086458206176758,
        "component_sum_ms": 4.0807929039001465,
        "tick_ms": 1.4460419416427612,
        "dynamic_mesh_ms": 0.9210420250892639,
        "encode_ms": 1.7129590511322021,
        "admission_or_completion_ms": 0.000750000006519258
      },
      {
        "index": 784,
        "started_ms": 8213.9225,
        "submitted_ms": 8218.2855,
        "observed_completed_ms": 8221.435834,
        "start_to_observed_completion_ms": 7.513333999999304,
        "submit_to_observed_completion_ms": 3.15033399999993,
        "continuous_iteration_ms": 4.368292331695557,
        "frame_ms": 4.368292331695557,
        "component_sum_ms": 4.358709335327148,
        "tick_ms": 1.449416995048523,
        "dynamic_mesh_ms": 0.9653750061988831,
        "encode_ms": 1.941749930381775,
        "admission_or_completion_ms": 0.0021669999696314335
      },
      {
        "index": 785,
        "started_ms": 8218.290792,
        "submitted_ms": 8222.411209,
        "observed_completed_ms": 8225.700334000001,
        "start_to_observed_completion_ms": 7.409542000001238,
        "submit_to_observed_completion_ms": 3.2891250000011496,
        "continuous_iteration_ms": 4.123541831970215,
        "frame_ms": 4.123541831970215,
        "component_sum_ms": 4.118041038513184,
        "tick_ms": 1.4229999780654907,
        "dynamic_mesh_ms": 0.9773749709129333,
        "encode_ms": 1.7167500257492065,
        "admission_or_completion_ms": 0.0009159999899566174
      },
      {
        "index": 786,
        "started_ms": 8222.414334,
        "submitted_ms": 8226.688209,
        "observed_completed_ms": 8229.852542,
        "start_to_observed_completion_ms": 7.438208000001396,
        "submit_to_observed_completion_ms": 3.1643330000006245,
        "continuous_iteration_ms": 4.277874946594238,
        "frame_ms": 4.277874946594238,
        "component_sum_ms": 4.271583080291748,
        "tick_ms": 1.5524580478668213,
        "dynamic_mesh_ms": 0.9788329601287842,
        "encode_ms": 1.7382920980453491,
        "admission_or_completion_ms": 0.0020000000949949026
      },
      {
        "index": 787,
        "started_ms": 8226.692208999999,
        "submitted_ms": 8230.874792,
        "observed_completed_ms": 8234.052625,
        "start_to_observed_completion_ms": 7.360416000001351,
        "submit_to_observed_completion_ms": 3.177832999999737,
        "continuous_iteration_ms": 4.186790943145752,
        "frame_ms": 4.186790943145752,
        "component_sum_ms": 4.180665969848633,
        "tick_ms": 1.5240410566329956,
        "dynamic_mesh_ms": 0.9387499690055847,
        "encode_ms": 1.7170830965042114,
        "admission_or_completion_ms": 0.0007919999770820141
      },
      {
        "index": 788,
        "started_ms": 8230.878999999999,
        "submitted_ms": 8235.044291999999,
        "observed_completed_ms": 8238.244834,
        "start_to_observed_completion_ms": 7.365834000000177,
        "submit_to_observed_completion_ms": 3.200542000000496,
        "continuous_iteration_ms": 4.169625282287598,
        "frame_ms": 4.169625282287598,
        "component_sum_ms": 4.162833213806152,
        "tick_ms": 1.4486249685287476,
        "dynamic_mesh_ms": 0.9737499952316284,
        "encode_ms": 1.7388750314712524,
        "admission_or_completion_ms": 0.0015829999465495348
      },
      {
        "index": 789,
        "started_ms": 8235.048625,
        "submitted_ms": 8239.222,
        "observed_completed_ms": 8242.458042,
        "start_to_observed_completion_ms": 7.409417000000758,
        "submit_to_observed_completion_ms": 3.2360420000004524,
        "continuous_iteration_ms": 4.177000045776367,
        "frame_ms": 4.177000045776367,
        "component_sum_ms": 4.170833110809326,
        "tick_ms": 1.4629589319229126,
        "dynamic_mesh_ms": 0.9585000276565552,
        "encode_ms": 1.7485830783843994,
        "admission_or_completion_ms": 0.0007910000858828425
      },
      {
        "index": 790,
        "started_ms": 8239.225625,
        "submitted_ms": 8243.474334,
        "observed_completed_ms": 8246.7945,
        "start_to_observed_completion_ms": 7.568875000000844,
        "submit_to_observed_completion_ms": 3.3201659999995172,
        "continuous_iteration_ms": 4.254374980926514,
        "frame_ms": 4.254374980926514,
        "component_sum_ms": 4.245789527893066,
        "tick_ms": 1.4909160137176514,
        "dynamic_mesh_ms": 0.9862499833106995,
        "encode_ms": 1.7664999961853027,
        "admission_or_completion_ms": 0.0021239998750388622
      },
      {
        "index": 791,
        "started_ms": 8243.48,
        "submitted_ms": 8247.784917,
        "observed_completed_ms": 8251.077125,
        "start_to_observed_completion_ms": 7.597125000000233,
        "submit_to_observed_completion_ms": 3.2922079999989364,
        "continuous_iteration_ms": 4.3082499504089355,
        "frame_ms": 4.3082499504089355,
        "component_sum_ms": 4.3024163246154785,
        "tick_ms": 1.5687910318374634,
        "dynamic_mesh_ms": 0.9687080383300781,
        "encode_ms": 1.7635830640792847,
        "admission_or_completion_ms": 0.0013339999131858349
      },
      {
        "index": 792,
        "started_ms": 8247.78825,
        "submitted_ms": 8252.078084,
        "observed_completed_ms": 8255.245167,
        "start_to_observed_completion_ms": 7.456916999999521,
        "submit_to_observed_completion_ms": 3.167082999998456,
        "continuous_iteration_ms": 4.293959140777588,
        "frame_ms": 4.293959140777588,
        "component_sum_ms": 4.287500858306885,
        "tick_ms": 1.5887500047683716,
        "dynamic_mesh_ms": 0.9602499604225159,
        "encode_ms": 1.7367089986801147,
        "admission_or_completion_ms": 0.0017920000245794654
      },
      {
        "index": 793,
        "started_ms": 8252.082208999998,
        "submitted_ms": 8256.185042000001,
        "observed_completed_ms": 8259.344584,
        "start_to_observed_completion_ms": 7.262375000002066,
        "submit_to_observed_completion_ms": 3.159541999999419,
        "continuous_iteration_ms": 4.105915546417236,
        "frame_ms": 4.105915546417236,
        "component_sum_ms": 4.100834369659424,
        "tick_ms": 1.4070830345153809,
        "dynamic_mesh_ms": 0.9614169597625732,
        "encode_ms": 1.7315421104431152,
        "admission_or_completion_ms": 0.0007919999770820141
      },
      {
        "index": 794,
        "started_ms": 8256.188124999999,
        "submitted_ms": 8260.334125,
        "observed_completed_ms": 8263.493875,
        "start_to_observed_completion_ms": 7.305750000001353,
        "submit_to_observed_completion_ms": 3.159750000000713,
        "continuous_iteration_ms": 4.149625301361084,
        "frame_ms": 4.149625301361084,
        "component_sum_ms": 4.1433329582214355,
        "tick_ms": 1.4465829133987427,
        "dynamic_mesh_ms": 0.9829170107841492,
        "encode_ms": 1.7123329639434814,
        "admission_or_completion_ms": 0.001500000013038516
      },
      {
        "index": 795,
        "started_ms": 8260.33775,
        "submitted_ms": 8264.48275,
        "observed_completed_ms": 8267.673709,
        "start_to_observed_completion_ms": 7.335959000000003,
        "submit_to_observed_completion_ms": 3.190959000001385,
        "continuous_iteration_ms": 4.149959087371826,
        "frame_ms": 4.149959087371826,
        "component_sum_ms": 4.142541885375977,
        "tick_ms": 1.4003750085830688,
        "dynamic_mesh_ms": 0.9425419569015503,
        "encode_ms": 1.798416018486023,
        "admission_or_completion_ms": 0.00120900000911206
      },
      {
        "index": 796,
        "started_ms": 8264.487709,
        "submitted_ms": 8268.672667,
        "observed_completed_ms": 8271.852125000001,
        "start_to_observed_completion_ms": 7.364416000000347,
        "submit_to_observed_completion_ms": 3.1794580000005226,
        "continuous_iteration_ms": 4.1890411376953125,
        "frame_ms": 4.1890411376953125,
        "component_sum_ms": 4.1825408935546875,
        "tick_ms": 1.5067920684814453,
        "dynamic_mesh_ms": 0.9371659755706787,
        "encode_ms": 1.736875057220459,
        "admission_or_completion_ms": 0.0017079999670386314
      },
      {
        "index": 797,
        "started_ms": 8268.67675,
        "submitted_ms": 8272.87775,
        "observed_completed_ms": 8276.029375,
        "start_to_observed_completion_ms": 7.352624999999534,
        "submit_to_observed_completion_ms": 3.151625000000422,
        "continuous_iteration_ms": 4.205833911895752,
        "frame_ms": 4.205833911895752,
        "component_sum_ms": 4.199248790740967,
        "tick_ms": 1.3467499017715454,
        "dynamic_mesh_ms": 0.9843329787254333,
        "encode_ms": 1.8671660423278809,
        "admission_or_completion_ms": 0.0010000000474974513
      },
      {
        "index": 798,
        "started_ms": 8272.882583999999,
        "submitted_ms": 8277.062417,
        "observed_completed_ms": 8280.11075,
        "start_to_observed_completion_ms": 7.228166000000783,
        "submit_to_observed_completion_ms": 3.048333000000639,
        "continuous_iteration_ms": 4.183500289916992,
        "frame_ms": 4.183500289916992,
        "component_sum_ms": 4.176290988922119,
        "tick_ms": 1.4754999876022339,
        "dynamic_mesh_ms": 0.9565419554710388,
        "encode_ms": 1.7427500486373901,
        "admission_or_completion_ms": 0.0014989998890087008
      },
      {
        "index": 799,
        "started_ms": 8277.066084,
        "submitted_ms": 8281.217875,
        "observed_completed_ms": 8284.428834,
        "start_to_observed_completion_ms": 7.362750000000233,
        "submit_to_observed_completion_ms": 3.2109590000000026,
        "continuous_iteration_ms": 4.156332969665527,
        "frame_ms": 4.156332969665527,
        "component_sum_ms": 4.149291038513184,
        "tick_ms": 1.2845420837402344,
        "dynamic_mesh_ms": 0.9718329906463623,
        "encode_ms": 1.8908330202102661,
        "admission_or_completion_ms": 0.0020830000285059214
      },
      {
        "index": 800,
        "started_ms": 8281.222417,
        "submitted_ms": 8285.450875,
        "observed_completed_ms": 8288.746125,
        "start_to_observed_completion_ms": 7.5237079999988055,
        "submit_to_observed_completion_ms": 3.295249999999214,
        "continuous_iteration_ms": 4.233500003814697,
        "frame_ms": 4.233500003814697,
        "component_sum_ms": 4.2258758544921875,
        "tick_ms": 1.4595000743865967,
        "dynamic_mesh_ms": 0.9794999957084656,
        "encode_ms": 1.7851250171661377,
        "admission_or_completion_ms": 0.001750999828800559
      },
      {
        "index": 801,
        "started_ms": 8285.455917,
        "submitted_ms": 8289.736834,
        "observed_completed_ms": 8292.463542,
        "start_to_observed_completion_ms": 7.007625000000189,
        "submit_to_observed_completion_ms": 2.7267080000001442,
        "continuous_iteration_ms": 4.284916877746582,
        "frame_ms": 4.284916877746582,
        "component_sum_ms": 4.277542591094971,
        "tick_ms": 1.5356669425964355,
        "dynamic_mesh_ms": 0.9809590578079224,
        "encode_ms": 1.7588750123977661,
        "admission_or_completion_ms": 0.002041999949142337
      },
      {
        "index": 802,
        "started_ms": 8289.740834,
        "submitted_ms": 8294.318042,
        "observed_completed_ms": 8297.504084,
        "start_to_observed_completion_ms": 7.763249999999971,
        "submit_to_observed_completion_ms": 3.186041999999361,
        "continuous_iteration_ms": 4.582874774932861,
        "frame_ms": 4.582874774932861,
        "component_sum_ms": 4.574790954589844,
        "tick_ms": 1.7164170742034912,
        "dynamic_mesh_ms": 0.9531660079956055,
        "encode_ms": 1.8535829782485962,
        "admission_or_completion_ms": 0.051624998450279236
      },
      {
        "index": 803,
        "started_ms": 8294.323709,
        "submitted_ms": 8298.548374999998,
        "observed_completed_ms": 8301.143084,
        "start_to_observed_completion_ms": 6.819374999999127,
        "submit_to_observed_completion_ms": 2.5947090000008757,
        "continuous_iteration_ms": 4.229290962219238,
        "frame_ms": 4.229290962219238,
        "component_sum_ms": 4.2215423583984375,
        "tick_ms": 1.4317500591278076,
        "dynamic_mesh_ms": 0.9789170026779175,
        "encode_ms": 1.8093750476837158,
        "admission_or_completion_ms": 0.001500000013038516
      },
      {
        "index": 804,
        "started_ms": 8298.553,
        "submitted_ms": 8303.183875,
        "observed_completed_ms": 8306.427709,
        "start_to_observed_completion_ms": 7.8747089999997115,
        "submit_to_observed_completion_ms": 3.2438339999989694,
        "continuous_iteration_ms": 4.636709213256836,
        "frame_ms": 4.636709213256836,
        "component_sum_ms": 4.628541946411133,
        "tick_ms": 1.582792043685913,
        "dynamic_mesh_ms": 0.9691669940948486,
        "encode_ms": 2.0397911071777344,
        "admission_or_completion_ms": 0.036792002618312836
      },
      {
        "index": 805,
        "started_ms": 8303.189709,
        "submitted_ms": 8307.557792000001,
        "observed_completed_ms": 8310.162,
        "start_to_observed_completion_ms": 6.972291000000041,
        "submit_to_observed_completion_ms": 2.6042079999988346,
        "continuous_iteration_ms": 4.372916221618652,
        "frame_ms": 4.372916221618652,
        "component_sum_ms": 4.36570930480957,
        "tick_ms": 1.450874924659729,
        "dynamic_mesh_ms": 1.0099170207977295,
        "encode_ms": 1.9033750295639038,
        "admission_or_completion_ms": 0.001542000100016594
      },
      {
        "index": 806,
        "started_ms": 8307.562624999999,
        "submitted_ms": 8311.94425,
        "observed_completed_ms": 8314.404459000001,
        "start_to_observed_completion_ms": 6.841834000002564,
        "submit_to_observed_completion_ms": 2.4602090000007593,
        "continuous_iteration_ms": 4.385875225067139,
        "frame_ms": 4.385875225067139,
        "component_sum_ms": 4.379125118255615,
        "tick_ms": 1.5669580698013306,
        "dynamic_mesh_ms": 0.9982920289039612,
        "encode_ms": 1.7815409898757935,
        "admission_or_completion_ms": 0.03233399987220764
      },
      {
        "index": 807,
        "started_ms": 8311.9485,
        "submitted_ms": 8316.214458999999,
        "observed_completed_ms": 8319.601625000001,
        "start_to_observed_completion_ms": 7.653125000000728,
        "submit_to_observed_completion_ms": 3.387166000002253,
        "continuous_iteration_ms": 4.271000385284424,
        "frame_ms": 4.271000385284424,
        "component_sum_ms": 4.264166831970215,
        "tick_ms": 1.4658749103546143,
        "dynamic_mesh_ms": 0.9653330445289612,
        "encode_ms": 1.809541940689087,
        "admission_or_completion_ms": 0.023416999727487564
      },
      {
        "index": 808,
        "started_ms": 8316.219500000001,
        "submitted_ms": 8320.731249999999,
        "observed_completed_ms": 8324.106042000001,
        "start_to_observed_completion_ms": 7.8865420000001905,
        "submit_to_observed_completion_ms": 3.374792000002344,
        "continuous_iteration_ms": 4.516499996185303,
        "frame_ms": 4.516499996185303,
        "component_sum_ms": 4.509083271026611,
        "tick_ms": 1.5609999895095825,
        "dynamic_mesh_ms": 1.0222079753875732,
        "encode_ms": 1.9233330488204956,
        "admission_or_completion_ms": 0.0025420000310987234
      },
      {
        "index": 809,
        "started_ms": 8320.736,
        "submitted_ms": 8325.306417,
        "observed_completed_ms": 8328.574334,
        "start_to_observed_completion_ms": 7.838334000000032,
        "submit_to_observed_completion_ms": 3.2679170000010345,
        "continuous_iteration_ms": 4.575334072113037,
        "frame_ms": 4.575334072113037,
        "component_sum_ms": 4.5682501792907715,
        "tick_ms": 1.5289169549942017,
        "dynamic_mesh_ms": 1.0208330154418945,
        "encode_ms": 2.017083168029785,
        "admission_or_completion_ms": 0.0014170000795274973
      },
      {
        "index": 810,
        "started_ms": 8325.311334,
        "submitted_ms": 8329.615625,
        "observed_completed_ms": 8332.810209,
        "start_to_observed_completion_ms": 7.498874999999316,
        "submit_to_observed_completion_ms": 3.1945839999989403,
        "continuous_iteration_ms": 4.308374881744385,
        "frame_ms": 4.308374881744385,
        "component_sum_ms": 4.301334381103516,
        "tick_ms": 1.4054590463638306,
        "dynamic_mesh_ms": 1.0414159297943115,
        "encode_ms": 1.8522499799728394,
        "admission_or_completion_ms": 0.0022090000566095114
      },
      {
        "index": 811,
        "started_ms": 8329.619708999999,
        "submitted_ms": 8333.88975,
        "observed_completed_ms": 8336.359875,
        "start_to_observed_completion_ms": 6.740166000001409,
        "submit_to_observed_completion_ms": 2.4701249999998254,
        "continuous_iteration_ms": 4.27491569519043,
        "frame_ms": 4.27491569519043,
        "component_sum_ms": 4.267084121704102,
        "tick_ms": 1.3429169654846191,
        "dynamic_mesh_ms": 1.0260419845581055,
        "encode_ms": 1.89662504196167,
        "admission_or_completion_ms": 0.001500000013038516
      },
      {
        "index": 812,
        "started_ms": 8333.894624999999,
        "submitted_ms": 8338.099542,
        "observed_completed_ms": 8341.196792,
        "start_to_observed_completion_ms": 7.302167000001646,
        "submit_to_observed_completion_ms": 3.097250000000713,
        "continuous_iteration_ms": 4.208583831787109,
        "frame_ms": 4.208583831787109,
        "component_sum_ms": 4.202041149139404,
        "tick_ms": 1.4329169988632202,
        "dynamic_mesh_ms": 1.0063329935073853,
        "encode_ms": 1.7392500638961792,
        "admission_or_completion_ms": 0.023541001603007317
      },
      {
        "index": 813,
        "started_ms": 8338.103208999999,
        "submitted_ms": 8342.288417000002,
        "observed_completed_ms": 8345.552292,
        "start_to_observed_completion_ms": 7.4490830000013375,
        "submit_to_observed_completion_ms": 3.263874999998734,
        "continuous_iteration_ms": 4.190875053405762,
        "frame_ms": 4.190875053405762,
        "component_sum_ms": 4.183209419250488,
        "tick_ms": 1.3170419931411743,
        "dynamic_mesh_ms": 1.004957914352417,
        "encode_ms": 1.8596670627593994,
        "admission_or_completion_ms": 0.001542000100016594
      },
      {
        "index": 814,
        "started_ms": 8342.294084000001,
        "submitted_ms": 8346.59475,
        "observed_completed_ms": 8349.167792,
        "start_to_observed_completion_ms": 6.873707999999169,
        "submit_to_observed_completion_ms": 2.5730419999999867,
        "continuous_iteration_ms": 4.305665969848633,
        "frame_ms": 4.305665969848633,
        "component_sum_ms": 4.297958850860596,
        "tick_ms": 1.4506670236587524,
        "dynamic_mesh_ms": 1.0225830078125,
        "encode_ms": 1.8235000371932983,
        "admission_or_completion_ms": 0.00120900000911206
      },
      {
        "index": 815,
        "started_ms": 8346.59975,
        "submitted_ms": 8351.06,
        "observed_completed_ms": 8354.203292,
        "start_to_observed_completion_ms": 7.603542000000743,
        "submit_to_observed_completion_ms": 3.143292000000656,
        "continuous_iteration_ms": 4.464292049407959,
        "frame_ms": 4.464292049407959,
        "component_sum_ms": 4.456625938415527,
        "tick_ms": 1.4312090873718262,
        "dynamic_mesh_ms": 1.1035839319229126,
        "encode_ms": 1.8912910223007202,
        "admission_or_completion_ms": 0.030541999265551567
      },
      {
        "index": 816,
        "started_ms": 8351.064042,
        "submitted_ms": 8355.175292,
        "observed_completed_ms": 8358.435249999999,
        "start_to_observed_completion_ms": 7.37120799999866,
        "submit_to_observed_completion_ms": 3.2599579999987327,
        "continuous_iteration_ms": 4.114375114440918,
        "frame_ms": 4.114375114440918,
        "component_sum_ms": 4.108791828155518,
        "tick_ms": 1.351166009902954,
        "dynamic_mesh_ms": 1.014417052268982,
        "encode_ms": 1.7421669960021973,
        "admission_or_completion_ms": 0.0010420000180602074
      },
      {
        "index": 817,
        "started_ms": 8355.178417,
        "submitted_ms": 8359.569375,
        "observed_completed_ms": 8362.822084,
        "start_to_observed_completion_ms": 7.643667000000278,
        "submit_to_observed_completion_ms": 3.2527090000003227,
        "continuous_iteration_ms": 4.395874977111816,
        "frame_ms": 4.395874977111816,
        "component_sum_ms": 4.387876033782959,
        "tick_ms": 1.3608750104904175,
        "dynamic_mesh_ms": 1.0702919960021973,
        "encode_ms": 1.9547499418258667,
        "admission_or_completion_ms": 0.001959000015631318
      },
      {
        "index": 818,
        "started_ms": 8359.574292,
        "submitted_ms": 8363.880292,
        "observed_completed_ms": 8366.383584,
        "start_to_observed_completion_ms": 6.809291999999914,
        "submit_to_observed_completion_ms": 2.503291999999419,
        "continuous_iteration_ms": 4.312292098999023,
        "frame_ms": 4.312292098999023,
        "component_sum_ms": 4.302624702453613,
        "tick_ms": 1.3513749837875366,
        "dynamic_mesh_ms": 1.0674999952316284,
        "encode_ms": 1.8807499408721924,
        "admission_or_completion_ms": 0.003000000026077032
      },
      {
        "index": 819,
        "started_ms": 8363.886584,
        "submitted_ms": 8368.230667,
        "observed_completed_ms": 8371.24375,
        "start_to_observed_completion_ms": 7.357165999999779,
        "submit_to_observed_completion_ms": 3.013082999999824,
        "continuous_iteration_ms": 4.348665714263916,
        "frame_ms": 4.348665714263916,
        "component_sum_ms": 4.340707778930664,
        "tick_ms": 1.384958028793335,
        "dynamic_mesh_ms": 1.0768749713897705,
        "encode_ms": 1.8463749885559082,
        "admission_or_completion_ms": 0.0325000025331974
      },
      {
        "index": 820,
        "started_ms": 8368.23525,
        "submitted_ms": 8372.319292,
        "observed_completed_ms": 8374.882583999999,
        "start_to_observed_completion_ms": 6.647333999999319,
        "submit_to_observed_completion_ms": 2.56329199999891,
        "continuous_iteration_ms": 4.08945894241333,
        "frame_ms": 4.08945894241333,
        "component_sum_ms": 4.081834316253662,
        "tick_ms": 1.2857080698013306,
        "dynamic_mesh_ms": 0.9956250190734863,
        "encode_ms": 1.7991670370101929,
        "admission_or_completion_ms": 0.0013339999131858349
      },
      {
        "index": 821,
        "started_ms": 8372.324709,
        "submitted_ms": 8376.804,
        "observed_completed_ms": 8379.266625,
        "start_to_observed_completion_ms": 6.941915999999765,
        "submit_to_observed_completion_ms": 2.4626250000001164,
        "continuous_iteration_ms": 4.48408317565918,
        "frame_ms": 4.48408317565918,
        "component_sum_ms": 4.4760823249816895,
        "tick_ms": 1.4845830202102661,
        "dynamic_mesh_ms": 1.0368750095367432,
        "encode_ms": 1.920665979385376,
        "admission_or_completion_ms": 0.03395799919962883
      },
      {
        "index": 822,
        "started_ms": 8376.808792,
        "submitted_ms": 8381.063792,
        "observed_completed_ms": 8384.193459,
        "start_to_observed_completion_ms": 7.384667000000263,
        "submit_to_observed_completion_ms": 3.1296669999992446,
        "continuous_iteration_ms": 4.2586669921875,
        "frame_ms": 4.2586669921875,
        "component_sum_ms": 4.253040313720703,
        "tick_ms": 1.429582953453064,
        "dynamic_mesh_ms": 1.0027910470962524,
        "encode_ms": 1.796625018119812,
        "admission_or_completion_ms": 0.02404100075364113
      },
      {
        "index": 823,
        "started_ms": 8381.067459,
        "submitted_ms": 8385.252542,
        "observed_completed_ms": 8388.253459,
        "start_to_observed_completion_ms": 7.185999999999694,
        "submit_to_observed_completion_ms": 3.00091699999939,
        "continuous_iteration_ms": 4.189332962036133,
        "frame_ms": 4.189332962036133,
        "component_sum_ms": 4.181960582733154,
        "tick_ms": 1.2836670875549316,
        "dynamic_mesh_ms": 1.0345419645309448,
        "encode_ms": 1.861541986465454,
        "admission_or_completion_ms": 0.0022089998237788677
      },
      {
        "index": 824,
        "started_ms": 8385.256792,
        "submitted_ms": 8389.316125000001,
        "observed_completed_ms": 8391.837959,
        "start_to_observed_completion_ms": 6.581167000000278,
        "submit_to_observed_completion_ms": 2.5218339999992168,
        "continuous_iteration_ms": 4.063124656677246,
        "frame_ms": 4.063124656677246,
        "component_sum_ms": 4.0574164390563965,
        "tick_ms": 1.223541021347046,
        "dynamic_mesh_ms": 1.0061670541763306,
        "encode_ms": 1.8269580602645874,
        "admission_or_completion_ms": 0.000750000006519258
      },
      {
        "index": 825,
        "started_ms": 8389.319917,
        "submitted_ms": 8393.695584,
        "observed_completed_ms": 8396.921834,
        "start_to_observed_completion_ms": 7.601916999999958,
        "submit_to_observed_completion_ms": 3.226250000001528,
        "continuous_iteration_ms": 4.379541873931885,
        "frame_ms": 4.379541873931885,
        "component_sum_ms": 4.3732075691223145,
        "tick_ms": 1.414667010307312,
        "dynamic_mesh_ms": 1.0700409412384033,
        "encode_ms": 1.8569589853286743,
        "admission_or_completion_ms": 0.03154100105166435
      },
      {
        "index": 826,
        "started_ms": 8393.699459000001,
        "submitted_ms": 8398.0305,
        "observed_completed_ms": 8401.178167,
        "start_to_observed_completion_ms": 7.478707999998733,
        "submit_to_observed_completion_ms": 3.1476669999992737,
        "continuous_iteration_ms": 4.334582805633545,
        "frame_ms": 4.334582805633545,
        "component_sum_ms": 4.32841682434082,
        "tick_ms": 1.2598750591278076,
        "dynamic_mesh_ms": 1.0789169073104858,
        "encode_ms": 1.9884580373764038,
        "admission_or_completion_ms": 0.001167000038549304
      },
      {
        "index": 827,
        "started_ms": 8398.034042000001,
        "submitted_ms": 8402.305999999999,
        "observed_completed_ms": 8405.565834,
        "start_to_observed_completion_ms": 7.5317919999997684,
        "submit_to_observed_completion_ms": 3.259834000002229,
        "continuous_iteration_ms": 4.276750087738037,
        "frame_ms": 4.276750087738037,
        "component_sum_ms": 4.269333839416504,
        "tick_ms": 1.2569999694824219,
        "dynamic_mesh_ms": 1.064750075340271,
        "encode_ms": 1.9455829858779907,
        "admission_or_completion_ms": 0.002001000102609396
      },
      {
        "index": 828,
        "started_ms": 8402.310792,
        "submitted_ms": 8406.9205,
        "observed_completed_ms": 8409.348917,
        "start_to_observed_completion_ms": 7.038124999999127,
        "submit_to_observed_completion_ms": 2.428416999999172,
        "continuous_iteration_ms": 4.615750312805176,
        "frame_ms": 4.615750312805176,
        "component_sum_ms": 4.6068339347839355,
        "tick_ms": 1.3229999542236328,
        "dynamic_mesh_ms": 1.1010420322418213,
        "encode_ms": 2.1804580688476562,
        "admission_or_completion_ms": 0.002334000077098608
      },
      {
        "index": 829,
        "started_ms": 8406.926542000001,
        "submitted_ms": 8411.26375,
        "observed_completed_ms": 8415.582084,
        "start_to_observed_completion_ms": 8.655541999998604,
        "submit_to_observed_completion_ms": 4.318333999999595,
        "continuous_iteration_ms": 4.3414998054504395,
        "frame_ms": 4.3414998054504395,
        "component_sum_ms": 4.334166526794434,
        "tick_ms": 1.3210830688476562,
        "dynamic_mesh_ms": 1.059541940689087,
        "encode_ms": 1.9140410423278809,
        "admission_or_completion_ms": 0.039500001817941666
      },
      {
        "index": 830,
        "started_ms": 8411.268042,
        "submitted_ms": 8415.583917,
        "observed_completed_ms": 8418.615292,
        "start_to_observed_completion_ms": 7.347250000000713,
        "submit_to_observed_completion_ms": 3.03137500000048,
        "continuous_iteration_ms": 4.3202080726623535,
        "frame_ms": 4.3202080726623535,
        "component_sum_ms": 4.31325101852417,
        "tick_ms": 1.191459059715271,
        "dynamic_mesh_ms": 1.0982500314712524,
        "encode_ms": 2.021291971206665,
        "admission_or_completion_ms": 0.0022499999031424522
      },
      {
        "index": 831,
        "started_ms": 8415.58825,
        "submitted_ms": 8419.706334,
        "observed_completed_ms": 8423.806292,
        "start_to_observed_completion_ms": 8.218041999998604,
        "submit_to_observed_completion_ms": 4.099957999998878,
        "continuous_iteration_ms": 4.121374607086182,
        "frame_ms": 4.121374607086182,
        "component_sum_ms": 4.1155009269714355,
        "tick_ms": 1.1706249713897705,
        "dynamic_mesh_ms": 1.036458969116211,
        "encode_ms": 1.9069589376449585,
        "admission_or_completion_ms": 0.0014579999260604382
      },
      {
        "index": 832,
        "started_ms": 8419.709625,
        "submitted_ms": 8423.807959,
        "observed_completed_ms": 8427.122959,
        "start_to_observed_completion_ms": 7.413334000000759,
        "submit_to_observed_completion_ms": 3.3150000000005093,
        "continuous_iteration_ms": 4.102999687194824,
        "frame_ms": 4.102999687194824,
        "component_sum_ms": 4.096126079559326,
        "tick_ms": 1.1102089881896973,
        "dynamic_mesh_ms": 1.0560839176177979,
        "encode_ms": 1.928375005722046,
        "admission_or_completion_ms": 0.0014579999260604382
      },
      {
        "index": 833,
        "started_ms": 8423.812625,
        "submitted_ms": 8428.330292,
        "observed_completed_ms": 8431.417709,
        "start_to_observed_completion_ms": 7.605083999998897,
        "submit_to_observed_completion_ms": 3.0874169999988226,
        "continuous_iteration_ms": 4.526792049407959,
        "frame_ms": 4.526792049407959,
        "component_sum_ms": 4.5149993896484375,
        "tick_ms": 1.384458065032959,
        "dynamic_mesh_ms": 1.0560839176177979,
        "encode_ms": 2.0723328590393066,
        "admission_or_completion_ms": 0.0021250001154839993
      },
      {
        "index": 834,
        "started_ms": 8428.339417,
        "submitted_ms": 8432.593959,
        "observed_completed_ms": 8435.800834,
        "start_to_observed_completion_ms": 7.461417000000438,
        "submit_to_observed_completion_ms": 3.2068749999998545,
        "continuous_iteration_ms": 4.260083198547363,
        "frame_ms": 4.260083198547363,
        "component_sum_ms": 4.25237512588501,
        "tick_ms": 1.2757500410079956,
        "dynamic_mesh_ms": 1.0296670198440552,
        "encode_ms": 1.945417046546936,
        "admission_or_completion_ms": 0.001540999859571457
      },
      {
        "index": 835,
        "started_ms": 8432.5995,
        "submitted_ms": 8436.898334,
        "observed_completed_ms": 8440.09975,
        "start_to_observed_completion_ms": 7.500249999999141,
        "submit_to_observed_completion_ms": 3.201415999999881,
        "continuous_iteration_ms": 4.302542209625244,
        "frame_ms": 4.302542209625244,
        "component_sum_ms": 4.296082973480225,
        "tick_ms": 1.2853329181671143,
        "dynamic_mesh_ms": 1.097000002861023,
        "encode_ms": 1.9122499227523804,
        "admission_or_completion_ms": 0.001500000013038516
      },
      {
        "index": 836,
        "started_ms": 8436.902042,
        "submitted_ms": 8441.319292,
        "observed_completed_ms": 8444.391292,
        "start_to_observed_completion_ms": 7.489250000000538,
        "submit_to_observed_completion_ms": 3.0720000000001164,
        "continuous_iteration_ms": 4.422499656677246,
        "frame_ms": 4.422499656677246,
        "component_sum_ms": 4.415332317352295,
        "tick_ms": 1.3354580402374268,
        "dynamic_mesh_ms": 1.032707929611206,
        "encode_ms": 2.045833110809326,
        "admission_or_completion_ms": 0.0013330000219866633
      },
      {
        "index": 837,
        "started_ms": 8441.324542,
        "submitted_ms": 8445.437291999999,
        "observed_completed_ms": 8448.651584000001,
        "start_to_observed_completion_ms": 7.327042000000802,
        "submit_to_observed_completion_ms": 3.214292000002388,
        "continuous_iteration_ms": 4.1163330078125,
        "frame_ms": 4.1163330078125,
        "component_sum_ms": 4.109623908996582,
        "tick_ms": 1.2449580430984497,
        "dynamic_mesh_ms": 1.0418750047683716,
        "encode_ms": 1.821708083152771,
        "admission_or_completion_ms": 0.00108299998100847
      },
      {
        "index": 838,
        "started_ms": 8445.440874999998,
        "submitted_ms": 8449.824792,
        "observed_completed_ms": 8452.909792,
        "start_to_observed_completion_ms": 7.468917000001966,
        "submit_to_observed_completion_ms": 3.085000000000946,
        "continuous_iteration_ms": 4.390375137329102,
        "frame_ms": 4.390375137329102,
        "component_sum_ms": 4.382166862487793,
        "tick_ms": 1.264665961265564,
        "dynamic_mesh_ms": 1.022584080696106,
        "encode_ms": 2.0930418968200684,
        "admission_or_completion_ms": 0.0018749998416751623
      },
      {
        "index": 839,
        "started_ms": 8449.831250000001,
        "submitted_ms": 8453.948292,
        "observed_completed_ms": 8457.174875,
        "start_to_observed_completion_ms": 7.34362499999952,
        "submit_to_observed_completion_ms": 3.226583000001483,
        "continuous_iteration_ms": 4.121333599090576,
        "frame_ms": 4.121333599090576,
        "component_sum_ms": 4.11404275894165,
        "tick_ms": 1.221250057220459,
        "dynamic_mesh_ms": 1.0720419883728027,
        "encode_ms": 1.8195420503616333,
        "admission_or_completion_ms": 0.00120900000911206
      },
      {
        "index": 840,
        "started_ms": 8453.952583999999,
        "submitted_ms": 8458.335375,
        "observed_completed_ms": 8460.839125,
        "start_to_observed_completion_ms": 6.886541000001671,
        "submit_to_observed_completion_ms": 2.5037499999998545,
        "continuous_iteration_ms": 4.39300012588501,
        "frame_ms": 4.39300012588501,
        "component_sum_ms": 4.380792140960693,
        "tick_ms": 1.2806670665740967,
        "dynamic_mesh_ms": 1.0584170818328857,
        "encode_ms": 2.0399580001831055,
        "admission_or_completion_ms": 0.0017500000540167093
      },
      {
        "index": 841,
        "started_ms": 8458.345584,
        "submitted_ms": 8462.692875,
        "observed_completed_ms": 8466.012959,
        "start_to_observed_completion_ms": 7.667374999999083,
        "submit_to_observed_completion_ms": 3.320083999999042,
        "continuous_iteration_ms": 4.351790904998779,
        "frame_ms": 4.351790904998779,
        "component_sum_ms": 4.344542026519775,
        "tick_ms": 1.382457971572876,
        "dynamic_mesh_ms": 1.0832089185714722,
        "encode_ms": 1.8532500267028809,
        "admission_or_completion_ms": 0.025624999776482582
      },
      {
        "index": 842,
        "started_ms": 8462.697375,
        "submitted_ms": 8467.143584000001,
        "observed_completed_ms": 8470.420584,
        "start_to_observed_completion_ms": 7.72320899999977,
        "submit_to_observed_completion_ms": 3.2769999999982247,
        "continuous_iteration_ms": 4.451250076293945,
        "frame_ms": 4.451250076293945,
        "component_sum_ms": 4.443708896636963,
        "tick_ms": 1.3295409679412842,
        "dynamic_mesh_ms": 1.0534590482711792,
        "encode_ms": 2.0584590435028076,
        "admission_or_completion_ms": 0.0022499999031424522
      },
      {
        "index": 843,
        "started_ms": 8467.148625,
        "submitted_ms": 8471.51375,
        "observed_completed_ms": 8474.693125,
        "start_to_observed_completion_ms": 7.544499999999971,
        "submit_to_observed_completion_ms": 3.179374999999709,
        "continuous_iteration_ms": 4.369374752044678,
        "frame_ms": 4.369374752044678,
        "component_sum_ms": 4.362126350402832,
        "tick_ms": 1.2779169082641602,
        "dynamic_mesh_ms": 1.095209002494812,
        "encode_ms": 1.9877080917358398,
        "admission_or_completion_ms": 0.0012920000590384007
      },
      {
        "index": 844,
        "started_ms": 8471.518,
        "submitted_ms": 8475.793042,
        "observed_completed_ms": 8478.874917000001,
        "start_to_observed_completion_ms": 7.356917000000976,
        "submit_to_observed_completion_ms": 3.0818750000016735,
        "continuous_iteration_ms": 4.28029203414917,
        "frame_ms": 4.28029203414917,
        "component_sum_ms": 4.271501064300537,
        "tick_ms": 1.2189589738845825,
        "dynamic_mesh_ms": 1.1319580078125,
        "encode_ms": 1.9193329811096191,
        "admission_or_completion_ms": 0.0012509999796748161
      },
      {
        "index": 845,
        "started_ms": 8475.798292,
        "submitted_ms": 8479.927709,
        "observed_completed_ms": 8483.348167,
        "start_to_observed_completion_ms": 7.549875000000611,
        "submit_to_observed_completion_ms": 3.420458000000508,
        "continuous_iteration_ms": 4.133542060852051,
        "frame_ms": 4.133542060852051,
        "component_sum_ms": 4.126833915710449,
        "tick_ms": 1.2389580011367798,
        "dynamic_mesh_ms": 1.0675829648971558,
        "encode_ms": 1.8195840120315552,
        "admission_or_completion_ms": 0.0007090000435709953
      },
      {
        "index": 846,
        "started_ms": 8479.931834,
        "submitted_ms": 8484.451167,
        "observed_completed_ms": 8487.364917,
        "start_to_observed_completion_ms": 7.433082999999897,
        "submit_to_observed_completion_ms": 2.913750000001528,
        "continuous_iteration_ms": 4.523499965667725,
        "frame_ms": 4.523499965667725,
        "component_sum_ms": 4.513790607452393,
        "tick_ms": 1.415458083152771,
        "dynamic_mesh_ms": 1.1644999980926514,
        "encode_ms": 1.9308750629425049,
        "admission_or_completion_ms": 0.002957999939098954
      },
      {
        "index": 847,
        "started_ms": 8484.455334,
        "submitted_ms": 8488.473959,
        "observed_completed_ms": 8492.418334,
        "start_to_observed_completion_ms": 7.962999999999738,
        "submit_to_observed_completion_ms": 3.944374999999127,
        "continuous_iteration_ms": 4.02287483215332,
        "frame_ms": 4.02287483215332,
        "component_sum_ms": 4.01629114151001,
        "tick_ms": 1.1424579620361328,
        "dynamic_mesh_ms": 1.0238749980926514,
        "encode_ms": 1.8489999771118164,
        "admission_or_completion_ms": 0.0009580000187270343
      },
      {
        "index": 848,
        "started_ms": 8488.478209,
        "submitted_ms": 8496.3185,
        "observed_completed_ms": 8499.694125,
        "start_to_observed_completion_ms": 11.215915999999197,
        "submit_to_observed_completion_ms": 3.375625000000582,
        "continuous_iteration_ms": 7.84804105758667,
        "frame_ms": 7.84804105758667,
        "component_sum_ms": 7.835999011993408,
        "tick_ms": 1.656749963760376,
        "dynamic_mesh_ms": 2.238708019256592,
        "encode_ms": 3.8994998931884766,
        "admission_or_completion_ms": 0.04104100167751312
      },
      {
        "index": 849,
        "started_ms": 8496.32625,
        "submitted_ms": 8503.506584,
        "observed_completed_ms": 8506.947875,
        "start_to_observed_completion_ms": 10.621624999999767,
        "submit_to_observed_completion_ms": 3.4412909999991825,
        "continuous_iteration_ms": 7.186666965484619,
        "frame_ms": 7.186666965484619,
        "component_sum_ms": 7.177000045776367,
        "tick_ms": 1.544374942779541,
        "dynamic_mesh_ms": 1.785667061805725,
        "encode_ms": 3.811666965484619,
        "admission_or_completion_ms": 0.035291001200675964
      },
      {
        "index": 850,
        "started_ms": 8503.512917,
        "submitted_ms": 8510.766792,
        "observed_completed_ms": 8513.832375,
        "start_to_observed_completion_ms": 10.31945799999994,
        "submit_to_observed_completion_ms": 3.065582999999606,
        "continuous_iteration_ms": 7.259541988372803,
        "frame_ms": 7.259541988372803,
        "component_sum_ms": 7.2500433921813965,
        "tick_ms": 1.2872920036315918,
        "dynamic_mesh_ms": 2.1050422191619873,
        "encode_ms": 3.818042039871216,
        "admission_or_completion_ms": 0.039666999131441116
      },
      {
        "index": 851,
        "started_ms": 8510.772459,
        "submitted_ms": 8517.506917,
        "observed_completed_ms": 8520.442,
        "start_to_observed_completion_ms": 9.669540999999299,
        "submit_to_observed_completion_ms": 2.9350829999984853,
        "continuous_iteration_ms": 6.739624977111816,
        "frame_ms": 6.739624977111816,
        "component_sum_ms": 6.729666709899902,
        "tick_ms": 1.2112499475479126,
        "dynamic_mesh_ms": 1.8095000982284546,
        "encode_ms": 3.673875093460083,
        "admission_or_completion_ms": 0.03504200279712677
      },
      {
        "index": 852,
        "started_ms": 8517.512084,
        "submitted_ms": 8524.112374999999,
        "observed_completed_ms": 8526.908334,
        "start_to_observed_completion_ms": 9.396249999999782,
        "submit_to_observed_completion_ms": 2.7959590000009484,
        "continuous_iteration_ms": 6.60533332824707,
        "frame_ms": 6.60533332824707,
        "component_sum_ms": 6.597415924072266,
        "tick_ms": 1.1362500190734863,
        "dynamic_mesh_ms": 1.7605420351028442,
        "encode_ms": 3.669541120529175,
        "admission_or_completion_ms": 0.0310830008238554
      },
      {
        "index": 853,
        "started_ms": 8524.117417,
        "submitted_ms": 8530.710292,
        "observed_completed_ms": 8533.717666999999,
        "start_to_observed_completion_ms": 9.600249999999505,
        "submit_to_observed_completion_ms": 3.0073749999992287,
        "continuous_iteration_ms": 6.598875045776367,
        "frame_ms": 6.598875045776367,
        "component_sum_ms": 6.589749813079834,
        "tick_ms": 1.050125002861023,
        "dynamic_mesh_ms": 1.7079581022262573,
        "encode_ms": 3.801332950592041,
        "admission_or_completion_ms": 0.030333999544382095
      },
      {
        "index": 854,
        "started_ms": 8530.716292,
        "submitted_ms": 8537.258625,
        "observed_completed_ms": 8540.087334000002,
        "start_to_observed_completion_ms": 9.37104200000249,
        "submit_to_observed_completion_ms": 2.828709000001254,
        "continuous_iteration_ms": 6.546542167663574,
        "frame_ms": 6.546542167663574,
        "component_sum_ms": 6.538958549499512,
        "tick_ms": 1.2082499265670776,
        "dynamic_mesh_ms": 1.757957935333252,
        "encode_ms": 3.540083169937134,
        "admission_or_completion_ms": 0.032666999846696854
      },
      {
        "index": 855,
        "started_ms": 8537.262834,
        "submitted_ms": 8543.675084,
        "observed_completed_ms": 8546.468541999999,
        "start_to_observed_completion_ms": 9.205707999999504,
        "submit_to_observed_completion_ms": 2.7934579999982816,
        "continuous_iteration_ms": 6.417290687561035,
        "frame_ms": 6.417290687561035,
        "component_sum_ms": 6.408874988555908,
        "tick_ms": 1.0724999904632568,
        "dynamic_mesh_ms": 1.7224169969558716,
        "encode_ms": 3.5868749618530273,
        "admission_or_completion_ms": 0.027083000168204308
      },
      {
        "index": 856,
        "started_ms": 8543.680124999999,
        "submitted_ms": 8550.215250000001,
        "observed_completed_ms": 8552.937209,
        "start_to_observed_completion_ms": 9.25708400000076,
        "submit_to_observed_completion_ms": 2.7219589999986056,
        "continuous_iteration_ms": 6.540083885192871,
        "frame_ms": 6.540083885192871,
        "component_sum_ms": 6.531832695007324,
        "tick_ms": 1.018165946006775,
        "dynamic_mesh_ms": 1.740125060081482,
        "encode_ms": 3.7457499504089355,
        "admission_or_completion_ms": 0.02779199928045273
      },
      {
        "index": 857,
        "started_ms": 8550.220209000001,
        "submitted_ms": 8556.438167,
        "observed_completed_ms": 8559.513417,
        "start_to_observed_completion_ms": 9.29320799999914,
        "submit_to_observed_completion_ms": 3.075249999999869,
        "continuous_iteration_ms": 6.222874641418457,
        "frame_ms": 6.222874641418457,
        "component_sum_ms": 6.214750289916992,
        "tick_ms": 0.984250009059906,
        "dynamic_mesh_ms": 1.7005420923233032,
        "encode_ms": 3.500499963760376,
        "admission_or_completion_ms": 0.029457999393343925
      },
      {
        "index": 858,
        "started_ms": 8556.443084,
        "submitted_ms": 8563.722167,
        "observed_completed_ms": 8566.903999999999,
        "start_to_observed_completion_ms": 10.460915999998178,
        "submit_to_observed_completion_ms": 3.1818329999987327,
        "continuous_iteration_ms": 7.286250114440918,
        "frame_ms": 7.286250114440918,
        "component_sum_ms": 7.274083137512207,
        "tick_ms": 1.1718330383300781,
        "dynamic_mesh_ms": 1.8407909870147705,
        "encode_ms": 4.2075419425964355,
        "admission_or_completion_ms": 0.05391699820756912
      },
      {
        "index": 859,
        "started_ms": 8563.729334,
        "submitted_ms": 8570.87025,
        "observed_completed_ms": 8574.171709,
        "start_to_observed_completion_ms": 10.442375000000538,
        "submit_to_observed_completion_ms": 3.30145900000025,
        "continuous_iteration_ms": 7.1462907791137695,
        "frame_ms": 7.1462907791137695,
        "component_sum_ms": 7.137041091918945,
        "tick_ms": 1.2764160633087158,
        "dynamic_mesh_ms": 1.8572089672088623,
        "encode_ms": 3.9652912616729736,
        "admission_or_completion_ms": 0.03812499716877937
      },
      {
        "index": 860,
        "started_ms": 8570.875624999999,
        "submitted_ms": 8578.333625,
        "observed_completed_ms": 8581.469584,
        "start_to_observed_completion_ms": 10.593959000001632,
        "submit_to_observed_completion_ms": 3.135959000001094,
        "continuous_iteration_ms": 7.464250087738037,
        "frame_ms": 7.464250087738037,
        "component_sum_ms": 7.453665256500244,
        "tick_ms": 1.213333010673523,
        "dynamic_mesh_ms": 2.045207977294922,
        "encode_ms": 4.161166191101074,
        "admission_or_completion_ms": 0.03395799919962883
      },
      {
        "index": 861,
        "started_ms": 8578.339875,
        "submitted_ms": 8582.616917,
        "observed_completed_ms": 8585.71675,
        "start_to_observed_completion_ms": 7.376874999999927,
        "submit_to_observed_completion_ms": 3.099833000000217,
        "continuous_iteration_ms": 4.282374858856201,
        "frame_ms": 4.282374858856201,
        "component_sum_ms": 4.274166107177734,
        "tick_ms": 1.0837080478668213,
        "dynamic_mesh_ms": 1.2046250104904175,
        "encode_ms": 1.9835419654846191,
        "admission_or_completion_ms": 0.0022909999825060368
      },
      {
        "index": 862,
        "started_ms": 8582.62225,
        "submitted_ms": 8589.62825,
        "observed_completed_ms": 8592.70275,
        "start_to_observed_completion_ms": 10.080500000000029,
        "submit_to_observed_completion_ms": 3.0745000000006257,
        "continuous_iteration_ms": 7.010334014892578,
        "frame_ms": 7.010334014892578,
        "component_sum_ms": 7.002751350402832,
        "tick_ms": 1.2190419435501099,
        "dynamic_mesh_ms": 1.8451670408248901,
        "encode_ms": 3.9107911586761475,
        "admission_or_completion_ms": 0.027751000598073006
      },
      {
        "index": 863,
        "started_ms": 8589.632584,
        "submitted_ms": 8596.600499999999,
        "observed_completed_ms": 8599.59775,
        "start_to_observed_completion_ms": 9.965165999999954,
        "submit_to_observed_completion_ms": 2.9972500000021682,
        "continuous_iteration_ms": 6.973124980926514,
        "frame_ms": 6.973124980926514,
        "component_sum_ms": 6.96412467956543,
        "tick_ms": 1.176082968711853,
        "dynamic_mesh_ms": 1.8562920093536377,
        "encode_ms": 3.8968329429626465,
        "admission_or_completion_ms": 0.03491700068116188
      },
      {
        "index": 864,
        "started_ms": 8596.605709,
        "submitted_ms": 8603.327416999999,
        "observed_completed_ms": 8606.24775,
        "start_to_observed_completion_ms": 9.642041000000972,
        "submit_to_observed_completion_ms": 2.920333000001847,
        "continuous_iteration_ms": 6.725790977478027,
        "frame_ms": 6.725790977478027,
        "component_sum_ms": 6.718876361846924,
        "tick_ms": 1.1132500171661377,
        "dynamic_mesh_ms": 1.8449169397354126,
        "encode_ms": 3.728792190551758,
        "admission_or_completion_ms": 0.03191700205206871
      },
      {
        "index": 865,
        "started_ms": 8603.3315,
        "submitted_ms": 8610.282334000001,
        "observed_completed_ms": 8613.271417,
        "start_to_observed_completion_ms": 9.939916999999696,
        "submit_to_observed_completion_ms": 2.9890829999985726,
        "continuous_iteration_ms": 6.95716667175293,
        "frame_ms": 6.95716667175293,
        "component_sum_ms": 6.947584629058838,
        "tick_ms": 1.0504590272903442,
        "dynamic_mesh_ms": 1.8367919921875,
        "encode_ms": 4.033958911895752,
        "admission_or_completion_ms": 0.026374999433755875
      },
      {
        "index": 866,
        "started_ms": 8610.288667,
        "submitted_ms": 8617.313375,
        "observed_completed_ms": 8620.473709,
        "start_to_observed_completion_ms": 10.185041999999157,
        "submit_to_observed_completion_ms": 3.160334000000148,
        "continuous_iteration_ms": 7.031791687011719,
        "frame_ms": 7.031791687011719,
        "component_sum_ms": 7.0211663246154785,
        "tick_ms": 1.1108750104904175,
        "dynamic_mesh_ms": 1.8390419483184814,
        "encode_ms": 4.041083335876465,
        "admission_or_completion_ms": 0.03016599826514721
      },
      {
        "index": 867,
        "started_ms": 8617.320459,
        "submitted_ms": 8624.399416999999,
        "observed_completed_ms": 8627.078042000001,
        "start_to_observed_completion_ms": 9.757583000000523,
        "submit_to_observed_completion_ms": 2.6786250000022847,
        "continuous_iteration_ms": 7.083916187286377,
        "frame_ms": 7.083916187286377,
        "component_sum_ms": 7.074793338775635,
        "tick_ms": 1.252750039100647,
        "dynamic_mesh_ms": 1.863834023475647,
        "encode_ms": 3.9247920513153076,
        "admission_or_completion_ms": 0.033417001366615295
      },
      {
        "index": 868,
        "started_ms": 8624.404375,
        "submitted_ms": 8627.989667,
        "observed_completed_ms": 8633.415209,
        "start_to_observed_completion_ms": 9.010834000000614,
        "submit_to_observed_completion_ms": 5.42554200000086,
        "continuous_iteration_ms": 3.5887091159820557,
        "frame_ms": 3.5887091159820557,
        "component_sum_ms": 3.582958698272705,
        "tick_ms": 0.8215829730033875,
        "dynamic_mesh_ms": 1.0750418901443481,
        "encode_ms": 1.6854170560836792,
        "admission_or_completion_ms": 0.0009169999975711107
      },
      {
        "index": 869,
        "started_ms": 8627.993084,
        "submitted_ms": 8634.516125,
        "observed_completed_ms": 8638.419834,
        "start_to_observed_completion_ms": 10.426750000000538,
        "submit_to_observed_completion_ms": 3.9037090000001626,
        "continuous_iteration_ms": 6.529790878295898,
        "frame_ms": 6.529790878295898,
        "component_sum_ms": 6.520708084106445,
        "tick_ms": 0.8776670098304749,
        "dynamic_mesh_ms": 1.745332956314087,
        "encode_ms": 3.896082878112793,
        "admission_or_completion_ms": 0.0016250000335276127
      },
      {
        "index": 870,
        "started_ms": 8634.522875,
        "submitted_ms": 8638.421584,
        "observed_completed_ms": 8641.274042,
        "start_to_observed_completion_ms": 6.7511669999985315,
        "submit_to_observed_completion_ms": 2.8524579999993875,
        "continuous_iteration_ms": 3.903416872024536,
        "frame_ms": 3.903416872024536,
        "component_sum_ms": 3.895376205444336,
        "tick_ms": 0.9626669883728027,
        "dynamic_mesh_ms": 1.1239171028137207,
        "encode_ms": 1.8072090148925781,
        "admission_or_completion_ms": 0.0015829999465495348
      },
      {
        "index": 871,
        "started_ms": 8638.426292,
        "submitted_ms": 8645.063917,
        "observed_completed_ms": 8647.781459000002,
        "start_to_observed_completion_ms": 9.35516700000153,
        "submit_to_observed_completion_ms": 2.7175420000021404,
        "continuous_iteration_ms": 6.643167018890381,
        "frame_ms": 6.643167018890381,
        "component_sum_ms": 6.63291597366333,
        "tick_ms": 1.0154160261154175,
        "dynamic_mesh_ms": 1.769874930381775,
        "encode_ms": 3.7890830039978027,
        "admission_or_completion_ms": 0.058542001992464066
      },
      {
        "index": 872,
        "started_ms": 8645.069459,
        "submitted_ms": 8651.5605,
        "observed_completed_ms": 8654.806417,
        "start_to_observed_completion_ms": 9.736957999999504,
        "submit_to_observed_completion_ms": 3.2459170000001905,
        "continuous_iteration_ms": 6.4969162940979,
        "frame_ms": 6.4969162940979,
        "component_sum_ms": 6.487916946411133,
        "tick_ms": 0.9505830407142639,
        "dynamic_mesh_ms": 1.7303340435028076,
        "encode_ms": 3.778208017349243,
        "admission_or_completion_ms": 0.0287919994443655
      },
      {
        "index": 873,
        "started_ms": 8651.566375,
        "submitted_ms": 8658.815459,
        "observed_completed_ms": 8664.986,
        "start_to_observed_completion_ms": 13.419625000000451,
        "submit_to_observed_completion_ms": 6.170541000001322,
        "continuous_iteration_ms": 7.255666732788086,
        "frame_ms": 7.255666732788086,
        "component_sum_ms": 7.243707656860352,
        "tick_ms": 1.1316670179367065,
        "dynamic_mesh_ms": 2.0635409355163574,
        "encode_ms": 4.008208751678467,
        "admission_or_completion_ms": 0.04029100388288498
      },
      {
        "index": 874,
        "started_ms": 8658.822042,
        "submitted_ms": 8666.143958999999,
        "observed_completed_ms": 8669.270625,
        "start_to_observed_completion_ms": 10.448582999999417,
        "submit_to_observed_completion_ms": 3.126666000000114,
        "continuous_iteration_ms": 7.328500270843506,
        "frame_ms": 7.328500270843506,
        "component_sum_ms": 7.316999435424805,
        "tick_ms": 1.1992080211639404,
        "dynamic_mesh_ms": 2.083624839782715,
        "encode_ms": 4.03058385848999,
        "admission_or_completion_ms": 0.0035830000415444374
      },
      {
        "index": 875,
        "started_ms": 8666.150542000001,
        "submitted_ms": 8673.244125,
        "observed_completed_ms": 8676.412834,
        "start_to_observed_completion_ms": 10.262291999999434,
        "submit_to_observed_completion_ms": 3.1687090000013995,
        "continuous_iteration_ms": 7.098625183105469,
        "frame_ms": 7.098625183105469,
        "component_sum_ms": 7.089832782745361,
        "tick_ms": 1.2116669416427612,
        "dynamic_mesh_ms": 1.8746249675750732,
        "encode_ms": 3.9729578495025635,
        "admission_or_completion_ms": 0.03058299981057644
      },
      {
        "index": 876,
        "started_ms": 8673.249167,
        "submitted_ms": 8680.180584,
        "observed_completed_ms": 8685.555624999999,
        "start_to_observed_completion_ms": 12.306457999999111,
        "submit_to_observed_completion_ms": 5.375040999999328,
        "continuous_iteration_ms": 6.937541961669922,
        "frame_ms": 6.937541961669922,
        "component_sum_ms": 6.928040981292725,
        "tick_ms": 1.2454580068588257,
        "dynamic_mesh_ms": 1.8780829906463623,
        "encode_ms": 3.7669169902801514,
        "admission_or_completion_ms": 0.03758300095796585
      },
      {
        "index": 877,
        "started_ms": 8680.186709000001,
        "submitted_ms": 8686.647875,
        "observed_completed_ms": 8692.134834,
        "start_to_observed_completion_ms": 11.948124999998981,
        "submit_to_observed_completion_ms": 5.4869589999998425,
        "continuous_iteration_ms": 6.468040943145752,
        "frame_ms": 6.468040943145752,
        "component_sum_ms": 6.457167148590088,
        "tick_ms": 0.9799169898033142,
        "dynamic_mesh_ms": 1.8030420541763306,
        "encode_ms": 3.671541213989258,
        "admission_or_completion_ms": 0.00266700005158782
      },
      {
        "index": 878,
        "started_ms": 8686.654750000002,
        "submitted_ms": 8693.222042000001,
        "observed_completed_ms": 8698.744417,
        "start_to_observed_completion_ms": 12.089666999998371,
        "submit_to_observed_completion_ms": 5.522374999998647,
        "continuous_iteration_ms": 6.573041915893555,
        "frame_ms": 6.573041915893555,
        "component_sum_ms": 6.563958168029785,
        "tick_ms": 1.0221660137176514,
        "dynamic_mesh_ms": 1.7237920761108398,
        "encode_ms": 3.8167080879211426,
        "admission_or_completion_ms": 0.0012920000590384007
      },
      {
        "index": 879,
        "started_ms": 8693.227792,
        "submitted_ms": 8699.8015,
        "observed_completed_ms": 8705.207375,
        "start_to_observed_completion_ms": 11.979583000000275,
        "submit_to_observed_completion_ms": 5.405875000000378,
        "continuous_iteration_ms": 6.579291820526123,
        "frame_ms": 6.579291820526123,
        "component_sum_ms": 6.570459365844727,
        "tick_ms": 0.972582995891571,
        "dynamic_mesh_ms": 1.8136249780654907,
        "encode_ms": 3.7829999923706055,
        "admission_or_completion_ms": 0.0012509999796748161
      },
      {
        "index": 880,
        "started_ms": 8699.807084,
        "submitted_ms": 8706.240334,
        "observed_completed_ms": 8709.921375,
        "start_to_observed_completion_ms": 10.114290999999866,
        "submit_to_observed_completion_ms": 3.681040999999823,
        "continuous_iteration_ms": 6.437958240509033,
        "frame_ms": 6.437958240509033,
        "component_sum_ms": 6.430166721343994,
        "tick_ms": 0.9792910218238831,
        "dynamic_mesh_ms": 1.7442089319229126,
        "encode_ms": 3.705667018890381,
        "admission_or_completion_ms": 0.0009999999310821295
      },
      {
        "index": 881,
        "started_ms": 8706.245042,
        "submitted_ms": 8709.923166999999,
        "observed_completed_ms": 8715.397875,
        "start_to_observed_completion_ms": 9.1528330000001,
        "submit_to_observed_completion_ms": 5.474708000001556,
        "continuous_iteration_ms": 3.681833028793335,
        "frame_ms": 3.681833028793335,
        "component_sum_ms": 3.6749160289764404,
        "tick_ms": 0.816332995891571,
        "dynamic_mesh_ms": 1.115875005722046,
        "encode_ms": 1.7409999370574951,
        "admission_or_completion_ms": 0.0017079999670386314
      },
      {
        "index": 882,
        "started_ms": 8709.926875000001,
        "submitted_ms": 8716.497834,
        "observed_completed_ms": 8722.100959000001,
        "start_to_observed_completion_ms": 12.17408400000022,
        "submit_to_observed_completion_ms": 5.603125000001455,
        "continuous_iteration_ms": 6.576416969299316,
        "frame_ms": 6.576416969299316,
        "component_sum_ms": 6.5652079582214355,
        "tick_ms": 0.8714579939842224,
        "dynamic_mesh_ms": 1.780290961265564,
        "encode_ms": 3.9115841388702393,
        "admission_or_completion_ms": 0.001875000074505806
      },
      {
        "index": 883,
        "started_ms": 8716.503292000001,
        "submitted_ms": 8723.174667000001,
        "observed_completed_ms": 8728.72,
        "start_to_observed_completion_ms": 12.216707999998107,
        "submit_to_observed_completion_ms": 5.545332999998209,
        "continuous_iteration_ms": 6.677000045776367,
        "frame_ms": 6.677000045776367,
        "component_sum_ms": 6.668207168579102,
        "tick_ms": 1.104207992553711,
        "dynamic_mesh_ms": 1.7674999237060547,
        "encode_ms": 3.794708013534546,
        "admission_or_completion_ms": 0.0017909999005496502
      },
      {
        "index": 884,
        "started_ms": 8723.180292000001,
        "submitted_ms": 8729.877625000001,
        "observed_completed_ms": 8735.320667,
        "start_to_observed_completion_ms": 12.14037499999904,
        "submit_to_observed_completion_ms": 5.443041999998968,
        "continuous_iteration_ms": 6.705416679382324,
        "frame_ms": 6.705416679382324,
        "component_sum_ms": 6.694209098815918,
        "tick_ms": 1.0801670551300049,
        "dynamic_mesh_ms": 1.7659159898757935,
        "encode_ms": 3.846250057220459,
        "admission_or_completion_ms": 0.0018760000821202993
      },
      {
        "index": 885,
        "started_ms": 8729.885709,
        "submitted_ms": 8736.384125,
        "observed_completed_ms": 8741.995708999999,
        "start_to_observed_completion_ms": 12.109999999998763,
        "submit_to_observed_completion_ms": 5.611583999998402,
        "continuous_iteration_ms": 6.503458023071289,
        "frame_ms": 6.503458023071289,
        "component_sum_ms": 6.494207859039307,
        "tick_ms": 0.9715409874916077,
        "dynamic_mesh_ms": 1.8038749694824219,
        "encode_ms": 3.716541051864624,
        "admission_or_completion_ms": 0.0022509999107569456
      },
      {
        "index": 886,
        "started_ms": 8736.389167000001,
        "submitted_ms": 8743.03925,
        "observed_completed_ms": 8748.626584,
        "start_to_observed_completion_ms": 12.237416999998459,
        "submit_to_observed_completion_ms": 5.587333999999828,
        "continuous_iteration_ms": 6.655749797821045,
        "frame_ms": 6.655749797821045,
        "component_sum_ms": 6.647249698638916,
        "tick_ms": 1.0190420150756836,
        "dynamic_mesh_ms": 1.7755000591278076,
        "encode_ms": 3.8517909049987793,
        "admission_or_completion_ms": 0.0009169999975711107
      },
      {
        "index": 887,
        "started_ms": 8743.044917000001,
        "submitted_ms": 8749.659334,
        "observed_completed_ms": 8755.118250000001,
        "start_to_observed_completion_ms": 12.073333000000275,
        "submit_to_observed_completion_ms": 5.458916000001409,
        "continuous_iteration_ms": 6.6192498207092285,
        "frame_ms": 6.6192498207092285,
        "component_sum_ms": 6.610874176025391,
        "tick_ms": 0.9673340320587158,
        "dynamic_mesh_ms": 1.7357909679412842,
        "encode_ms": 3.906750202178955,
        "admission_or_completion_ms": 0.000998999923467636
      },
      {
        "index": 888,
        "started_ms": 8749.664167,
        "submitted_ms": 8756.14925,
        "observed_completed_ms": 8759.854334,
        "start_to_observed_completion_ms": 10.190166999998837,
        "submit_to_observed_completion_ms": 3.7050839999992604,
        "continuous_iteration_ms": 6.490082740783691,
        "frame_ms": 6.490082740783691,
        "component_sum_ms": 6.4811248779296875,
        "tick_ms": 0.9342079758644104,
        "dynamic_mesh_ms": 1.7474579811096191,
        "encode_ms": 3.7985830307006836,
        "admission_or_completion_ms": 0.000876000034622848
      },
      {
        "index": 889,
        "started_ms": 8756.15425,
        "submitted_ms": 8759.855834,
        "observed_completed_ms": 8767.250125,
        "start_to_observed_completion_ms": 11.095875000000888,
        "submit_to_observed_completion_ms": 7.394291000000521,
        "continuous_iteration_ms": 3.7060000896453857,
        "frame_ms": 3.7060000896453857,
        "component_sum_ms": 3.699333906173706,
        "tick_ms": 0.9136670231819153,
        "dynamic_mesh_ms": 1.0859580039978027,
        "encode_ms": 1.6979999542236328,
        "admission_or_completion_ms": 0.0017089999746531248
      },
      {
        "index": 890,
        "started_ms": 8759.86025,
        "submitted_ms": 8764.204749999999,
        "observed_completed_ms": 8769.908292,
        "start_to_observed_completion_ms": 10.04804200000035,
        "submit_to_observed_completion_ms": 5.703542000001107,
        "continuous_iteration_ms": 4.350749969482422,
        "frame_ms": 4.350749969482422,
        "component_sum_ms": 4.341708183288574,
        "tick_ms": 0.8830410242080688,
        "dynamic_mesh_ms": 1.104917049407959,
        "encode_ms": 2.352083206176758,
        "admission_or_completion_ms": 0.0016670000040903687
      },
      {
        "index": 891,
        "started_ms": 8764.211,
        "submitted_ms": 8771.047542,
        "observed_completed_ms": 8776.693375,
        "start_to_observed_completion_ms": 12.482375000001412,
        "submit_to_observed_completion_ms": 5.6458330000004935,
        "continuous_iteration_ms": 6.846499919891357,
        "frame_ms": 6.846499919891357,
        "component_sum_ms": 6.8323750495910645,
        "tick_ms": 1.100250005722046,
        "dynamic_mesh_ms": 1.859125018119812,
        "encode_ms": 3.796542167663574,
        "admission_or_completion_ms": 0.07645799964666367
      },
      {
        "index": 892,
        "started_ms": 8771.057499999999,
        "submitted_ms": 8777.727834,
        "observed_completed_ms": 8783.261625,
        "start_to_observed_completion_ms": 12.204125000000204,
        "submit_to_observed_completion_ms": 5.533790999999837,
        "continuous_iteration_ms": 6.676084041595459,
        "frame_ms": 6.676084041595459,
        "component_sum_ms": 6.664625644683838,
        "tick_ms": 1.0968750715255737,
        "dynamic_mesh_ms": 1.8495830297470093,
        "encode_ms": 3.7158751487731934,
        "admission_or_completion_ms": 0.00229199999012053
      },
      {
        "index": 893,
        "started_ms": 8777.733584,
        "submitted_ms": 8784.318667000001,
        "observed_completed_ms": 8788.002541999998,
        "start_to_observed_completion_ms": 10.268957999998747,
        "submit_to_observed_completion_ms": 3.6838749999969878,
        "continuous_iteration_ms": 6.591875076293945,
        "frame_ms": 6.591875076293945,
        "component_sum_ms": 6.582165718078613,
        "tick_ms": 1.028833031654358,
        "dynamic_mesh_ms": 1.7873749732971191,
        "encode_ms": 3.76466703414917,
        "admission_or_completion_ms": 0.0012910000514239073
      },
      {
        "index": 894,
        "started_ms": 8784.325459,
        "submitted_ms": 8788.00425,
        "observed_completed_ms": 8793.725834,
        "start_to_observed_completion_ms": 9.400375000001077,
        "submit_to_observed_completion_ms": 5.721584000000803,
        "continuous_iteration_ms": 3.6826250553131104,
        "frame_ms": 3.6826250553131104,
        "component_sum_ms": 3.675790786743164,
        "tick_ms": 0.8345829844474792,
        "dynamic_mesh_ms": 1.0839999914169312,
        "encode_ms": 1.7561249732971191,
        "admission_or_completion_ms": 0.00108299998100847
      },
      {
        "index": 895,
        "started_ms": 8788.008084,
        "submitted_ms": 8794.833625000001,
        "observed_completed_ms": 8798.603500000001,
        "start_to_observed_completion_ms": 10.595416000001933,
        "submit_to_observed_completion_ms": 3.7698749999999563,
        "continuous_iteration_ms": 6.831416130065918,
        "frame_ms": 6.831416130065918,
        "component_sum_ms": 6.821874618530273,
        "tick_ms": 0.9628329873085022,
        "dynamic_mesh_ms": 1.8619999885559082,
        "encode_ms": 3.9939157962799072,
        "admission_or_completion_ms": 0.003126000054180622
      },
      {
        "index": 896,
        "started_ms": 8794.8395,
        "submitted_ms": 8798.605584,
        "observed_completed_ms": 8804.160042,
        "start_to_observed_completion_ms": 9.320541999999477,
        "submit_to_observed_completion_ms": 5.554457999998704,
        "continuous_iteration_ms": 3.770458936691284,
        "frame_ms": 3.770458936691284,
        "component_sum_ms": 3.761918067932129,
        "tick_ms": 0.9018340110778809,
        "dynamic_mesh_ms": 1.1083340644836426,
        "encode_ms": 1.7503750324249268,
        "admission_or_completion_ms": 0.0013749999925494194
      },
      {
        "index": 897,
        "started_ms": 8798.609959,
        "submitted_ms": 8805.333584,
        "observed_completed_ms": 8809.030875,
        "start_to_observed_completion_ms": 10.420916000000943,
        "submit_to_observed_completion_ms": 3.697291000000405,
        "continuous_iteration_ms": 6.728540897369385,
        "frame_ms": 6.728540897369385,
        "component_sum_ms": 6.719249248504639,
        "tick_ms": 0.992667019367218,
        "dynamic_mesh_ms": 1.839332938194275,
        "encode_ms": 3.8843750953674316,
        "admission_or_completion_ms": 0.0028739997651427984
      },
      {
        "index": 898,
        "started_ms": 8805.3385,
        "submitted_ms": 8809.032292,
        "observed_completed_ms": 8812.58725,
        "start_to_observed_completion_ms": 7.248750000000655,
        "submit_to_observed_completion_ms": 3.5549580000006245,
        "continuous_iteration_ms": 3.6989998817443848,
        "frame_ms": 3.6989998817443848,
        "component_sum_ms": 3.690124988555908,
        "tick_ms": 0.8386669754981995,
        "dynamic_mesh_ms": 1.094249963760376,
        "encode_ms": 1.756250023841858,
        "admission_or_completion_ms": 0.0009579999605193734
      },
      {
        "index": 899,
        "started_ms": 8809.0375,
        "submitted_ms": 8812.589666999998,
        "observed_completed_ms": 8818.119459,
        "start_to_observed_completion_ms": 9.081958999999188,
        "submit_to_observed_completion_ms": 5.52979200000118,
        "continuous_iteration_ms": 3.559375047683716,
        "frame_ms": 3.559375047683716,
        "component_sum_ms": 3.5502922534942627,
        "tick_ms": 0.7290000319480896,
        "dynamic_mesh_ms": 1.0540000200271606,
        "encode_ms": 1.7661670446395874,
        "admission_or_completion_ms": 0.001125000067986548
      },
      {
        "index": 900,
        "started_ms": 8812.596875000001,
        "submitted_ms": 8819.208459,
        "observed_completed_ms": 8823.759458999999,
        "start_to_observed_completion_ms": 11.162583999997878,
        "submit_to_observed_completion_ms": 4.550999999999476,
        "continuous_iteration_ms": 12.50733470916748,
        "frame_ms": 12.50733470916748,
        "component_sum_ms": 11.804584503173828,
        "tick_ms": 0.8994999527931213,
        "dynamic_mesh_ms": 1.9741671085357666,
        "encode_ms": 3.7303340435028076,
        "admission_or_completion_ms": 5.200582981109619
      },
      {
        "index": 901,
        "started_ms": 8825.104209,
        "submitted_ms": 8831.567249999998,
        "observed_completed_ms": 8837.198666999999,
        "start_to_observed_completion_ms": 12.094457999999577,
        "submit_to_observed_completion_ms": 5.631417000000511,
        "continuous_iteration_ms": 6.468416213989258,
        "frame_ms": 6.468416213989258,
        "component_sum_ms": 6.4596662521362305,
        "tick_ms": 0.9353330135345459,
        "dynamic_mesh_ms": 1.7798750400543213,
        "encode_ms": 3.7411251068115234,
        "admission_or_completion_ms": 0.0033330002333968878
      },
      {
        "index": 902,
        "started_ms": 8831.572624999999,
        "submitted_ms": 8838.262584,
        "observed_completed_ms": 8842.368292,
        "start_to_observed_completion_ms": 10.795667000000321,
        "submit_to_observed_completion_ms": 4.10570799999914,
        "continuous_iteration_ms": 6.696084022521973,
        "frame_ms": 6.696084022521973,
        "component_sum_ms": 6.684709072113037,
        "tick_ms": 0.9954169988632202,
        "dynamic_mesh_ms": 1.9342089891433716,
        "encode_ms": 3.752500057220459,
        "admission_or_completion_ms": 0.0025829998776316643
      },
      {
        "index": 903,
        "started_ms": 8838.268709,
        "submitted_ms": 8842.374334,
        "observed_completed_ms": 8848.006292,
        "start_to_observed_completion_ms": 9.737583000000086,
        "submit_to_observed_completion_ms": 5.6319579999999405,
        "continuous_iteration_ms": 4.115540981292725,
        "frame_ms": 4.115540981292725,
        "component_sum_ms": 4.102833271026611,
        "tick_ms": 0.9467080235481262,
        "dynamic_mesh_ms": 1.2807090282440186,
        "encode_ms": 1.8714170455932617,
        "admission_or_completion_ms": 0.003998999949544668
      },
      {
        "index": 904,
        "started_ms": 8842.384250000001,
        "submitted_ms": 8849.355625,
        "observed_completed_ms": 8854.952209000001,
        "start_to_observed_completion_ms": 12.567958999999973,
        "submit_to_observed_completion_ms": 5.596584000000803,
        "continuous_iteration_ms": 6.97837495803833,
        "frame_ms": 6.97837495803833,
        "component_sum_ms": 6.966749668121338,
        "tick_ms": 1.0256249904632568,
        "dynamic_mesh_ms": 1.8233749866485596,
        "encode_ms": 4.114207744598389,
        "admission_or_completion_ms": 0.003541999962180853
      },
      {
        "index": 905,
        "started_ms": 8849.362625,
        "submitted_ms": 8856.125917,
        "observed_completed_ms": 8859.350708999998,
        "start_to_observed_completion_ms": 9.988083999998707,
        "submit_to_observed_completion_ms": 3.22479199999907,
        "continuous_iteration_ms": 6.772291660308838,
        "frame_ms": 6.772291660308838,
        "component_sum_ms": 6.758791446685791,
        "tick_ms": 0.9696249961853027,
        "dynamic_mesh_ms": 1.839792013168335,
        "encode_ms": 3.946499824523926,
        "admission_or_completion_ms": 0.0028750000055879354
      },
      {
        "index": 906,
        "started_ms": 8856.134917000001,
        "submitted_ms": 8863.262959,
        "observed_completed_ms": 8867.139667,
        "start_to_observed_completion_ms": 11.00474999999824,
        "submit_to_observed_completion_ms": 3.8767079999997804,
        "continuous_iteration_ms": 7.134375095367432,
        "frame_ms": 7.134375095367432,
        "component_sum_ms": 7.124833106994629,
        "tick_ms": 1.241832971572876,
        "dynamic_mesh_ms": 1.9247080087661743,
        "encode_ms": 3.911458969116211,
        "admission_or_completion_ms": 0.04683299735188484
      },
      {
        "index": 907,
        "started_ms": 8863.269292,
        "submitted_ms": 8867.14225,
        "observed_completed_ms": 8872.875584,
        "start_to_observed_completion_ms": 9.606291999998575,
        "submit_to_observed_completion_ms": 5.733333999998649,
        "continuous_iteration_ms": 3.878999948501587,
        "frame_ms": 3.878999948501587,
        "component_sum_ms": 3.869333028793335,
        "tick_ms": 0.8709999918937683,
        "dynamic_mesh_ms": 1.1377079486846924,
        "encode_ms": 1.8585410118103027,
        "admission_or_completion_ms": 0.0020840000361204147
      },
      {
        "index": 908,
        "started_ms": 8867.148292,
        "submitted_ms": 8874.120542,
        "observed_completed_ms": 8877.959792,
        "start_to_observed_completion_ms": 10.811499999999796,
        "submit_to_observed_completion_ms": 3.8392499999990832,
        "continuous_iteration_ms": 6.979457855224609,
        "frame_ms": 6.979457855224609,
        "component_sum_ms": 6.968750953674316,
        "tick_ms": 1.0652090311050415,
        "dynamic_mesh_ms": 1.839958906173706,
        "encode_ms": 4.061291694641113,
        "admission_or_completion_ms": 0.0022909999825060368
      },
      {
        "index": 909,
        "started_ms": 8874.12775,
        "submitted_ms": 8877.961209000001,
        "observed_completed_ms": 8883.643959,
        "start_to_observed_completion_ms": 9.516209000001254,
        "submit_to_observed_completion_ms": 5.682749999999942,
        "continuous_iteration_ms": 3.8381669521331787,
        "frame_ms": 3.8381669521331787,
        "component_sum_ms": 3.8304991722106934,
        "tick_ms": 0.8918330073356628,
        "dynamic_mesh_ms": 1.1306670904159546,
        "encode_ms": 1.8061670064926147,
        "admission_or_completion_ms": 0.0018320000963285565
      },
      {
        "index": 910,
        "started_ms": 8877.965917000001,
        "submitted_ms": 8884.740959,
        "observed_completed_ms": 8888.714249999999,
        "start_to_observed_completion_ms": 10.748332999997729,
        "submit_to_observed_completion_ms": 3.973290999998426,
        "continuous_iteration_ms": 6.782374858856201,
        "frame_ms": 6.782374858856201,
        "component_sum_ms": 6.771500587463379,
        "tick_ms": 0.9168329834938049,
        "dynamic_mesh_ms": 1.7895420789718628,
        "encode_ms": 4.0628342628479,
        "admission_or_completion_ms": 0.0022909999825060368
      },
      {
        "index": 911,
        "started_ms": 8884.748292,
        "submitted_ms": 8888.716292,
        "observed_completed_ms": 8892.632209,
        "start_to_observed_completion_ms": 7.883916999999201,
        "submit_to_observed_completion_ms": 3.915917000000263,
        "continuous_iteration_ms": 3.9739580154418945,
        "frame_ms": 3.9739580154418945,
        "component_sum_ms": 3.964750051498413,
        "tick_ms": 0.9365829825401306,
        "dynamic_mesh_ms": 1.1150000095367432,
        "encode_ms": 1.9107919931411743,
        "admission_or_completion_ms": 0.0023750001564621925
      },
      {
        "index": 912,
        "started_ms": 8888.72225,
        "submitted_ms": 8892.634125,
        "observed_completed_ms": 8896.275875000001,
        "start_to_observed_completion_ms": 7.553625000000466,
        "submit_to_observed_completion_ms": 3.641750000000684,
        "continuous_iteration_ms": 3.9177918434143066,
        "frame_ms": 3.9177918434143066,
        "component_sum_ms": 3.9082510471343994,
        "tick_ms": 0.8403750061988831,
        "dynamic_mesh_ms": 1.1840839385986328,
        "encode_ms": 1.8800410032272339,
        "admission_or_completion_ms": 0.0037510001566261053
      },
      {
        "index": 913,
        "started_ms": 8892.640042,
        "submitted_ms": 8896.277124999999,
        "observed_completed_ms": 8899.945292,
        "start_to_observed_completion_ms": 7.3052499999994325,
        "submit_to_observed_completion_ms": 3.668167000001631,
        "continuous_iteration_ms": 3.6419999599456787,
        "frame_ms": 3.6419999599456787,
        "component_sum_ms": 3.6346659660339355,
        "tick_ms": 0.872374951839447,
        "dynamic_mesh_ms": 1.0885000228881836,
        "encode_ms": 1.6724159717559814,
        "admission_or_completion_ms": 0.0013749999925494194
      },
      {
        "index": 914,
        "started_ms": 8896.282041999999,
        "submitted_ms": 8899.946542,
        "observed_completed_ms": 8905.530541999999,
        "start_to_observed_completion_ms": 9.248499999999694,
        "submit_to_observed_completion_ms": 5.583999999998923,
        "continuous_iteration_ms": 3.670833110809326,
        "frame_ms": 3.670833110809326,
        "component_sum_ms": 3.662541151046753,
        "tick_ms": 0.7374170422554016,
        "dynamic_mesh_ms": 1.0847910642623901,
        "encode_ms": 1.8393750190734863,
        "admission_or_completion_ms": 0.0009579999605193734
      },
      {
        "index": 915,
        "started_ms": 8899.952875,
        "submitted_ms": 8906.579584,
        "observed_completed_ms": 8912.219042,
        "start_to_observed_completion_ms": 12.266166999999768,
        "submit_to_observed_completion_ms": 5.6394580000014685,
        "continuous_iteration_ms": 6.633167266845703,
        "frame_ms": 6.633167266845703,
        "component_sum_ms": 6.623333930969238,
        "tick_ms": 0.8942919969558716,
        "dynamic_mesh_ms": 1.8339170217514038,
        "encode_ms": 3.8930420875549316,
        "admission_or_completion_ms": 0.0020830000285059214
      },
      {
        "index": 916,
        "started_ms": 8906.586042,
        "submitted_ms": 8913.367167,
        "observed_completed_ms": 8917.084541999999,
        "start_to_observed_completion_ms": 10.498499999997875,
        "submit_to_observed_completion_ms": 3.7173749999983556,
        "continuous_iteration_ms": 6.791707992553711,
        "frame_ms": 6.791707992553711,
        "component_sum_ms": 6.777543067932129,
        "tick_ms": 1.0641670227050781,
        "dynamic_mesh_ms": 1.8001670837402344,
        "encode_ms": 3.9105000495910645,
        "admission_or_completion_ms": 0.0027089999057352543
      },
      {
        "index": 917,
        "started_ms": 8913.37775,
        "submitted_ms": 8917.086709,
        "observed_completed_ms": 8922.758792,
        "start_to_observed_completion_ms": 9.381042000000889,
        "submit_to_observed_completion_ms": 5.672083000001294,
        "continuous_iteration_ms": 3.7144999504089355,
        "frame_ms": 3.7144999504089355,
        "component_sum_ms": 3.7048330307006836,
        "tick_ms": 0.7911670207977295,
        "dynamic_mesh_ms": 1.1104580163955688,
        "encode_ms": 1.8012499809265137,
        "admission_or_completion_ms": 0.0019580000080168247
      },
      {
        "index": 918,
        "started_ms": 8917.09225,
        "submitted_ms": 8923.961874999999,
        "observed_completed_ms": 8929.789542,
        "start_to_observed_completion_ms": 12.697292000000743,
        "submit_to_observed_completion_ms": 5.827667000001384,
        "continuous_iteration_ms": 6.875167369842529,
        "frame_ms": 6.875167369842529,
        "component_sum_ms": 6.8668317794799805,
        "tick_ms": 1.029083013534546,
        "dynamic_mesh_ms": 1.8115829229354858,
        "encode_ms": 4.024457931518555,
        "admission_or_completion_ms": 0.0017079999670386314
      },
      {
        "index": 919,
        "started_ms": 8923.967417,
        "submitted_ms": 8930.966124999999,
        "observed_completed_ms": 8934.185375000001,
        "start_to_observed_completion_ms": 10.21795800000109,
        "submit_to_observed_completion_ms": 3.219250000001921,
        "continuous_iteration_ms": 7.003458023071289,
        "frame_ms": 7.003458023071289,
        "component_sum_ms": 6.995208740234375,
        "tick_ms": 1.0187920331954956,
        "dynamic_mesh_ms": 1.9224169254302979,
        "encode_ms": 4.052499771118164,
        "admission_or_completion_ms": 0.001500000013038516
      },
      {
        "index": 920,
        "started_ms": 8930.970874999999,
        "submitted_ms": 8938.296584,
        "observed_completed_ms": 8944.348417000001,
        "start_to_observed_completion_ms": 13.377542000001995,
        "submit_to_observed_completion_ms": 6.051833000001352,
        "continuous_iteration_ms": 7.333708763122559,
        "frame_ms": 7.333708763122559,
        "component_sum_ms": 7.322542190551758,
        "tick_ms": 1.20216703414917,
        "dynamic_mesh_ms": 1.9661251306533813,
        "encode_ms": 4.110084056854248,
        "admission_or_completion_ms": 0.04416600242257118
      },
      {
        "index": 921,
        "started_ms": 8938.304584000001,
        "submitted_ms": 8945.438709,
        "observed_completed_ms": 8949.516292,
        "start_to_observed_completion_ms": 11.211707999998907,
        "submit_to_observed_completion_ms": 4.0775830000002316,
        "continuous_iteration_ms": 7.139374732971191,
        "frame_ms": 7.139374732971191,
        "component_sum_ms": 7.127958297729492,
        "tick_ms": 0.9992079734802246,
        "dynamic_mesh_ms": 2.0738749504089355,
        "encode_ms": 4.051792144775391,
        "admission_or_completion_ms": 0.003082999959588051
      },
      {
        "index": 922,
        "started_ms": 8945.443959,
        "submitted_ms": 8949.518209,
        "observed_completed_ms": 8952.65375,
        "start_to_observed_completion_ms": 7.2097909999993135,
        "submit_to_observed_completion_ms": 3.135540999999648,
        "continuous_iteration_ms": 4.080541133880615,
        "frame_ms": 4.080541133880615,
        "component_sum_ms": 4.071875095367432,
        "tick_ms": 0.8907920122146606,
        "dynamic_mesh_ms": 1.190040946006775,
        "encode_ms": 1.989292025566101,
        "admission_or_completion_ms": 0.0017500000540167093
      },
      {
        "index": 923,
        "started_ms": 8949.524500000001,
        "submitted_ms": 8957.105709,
        "observed_completed_ms": 8960.182084,
        "start_to_observed_completion_ms": 10.657583999998678,
        "submit_to_observed_completion_ms": 3.076375000000553,
        "continuous_iteration_ms": 7.58774995803833,
        "frame_ms": 7.58774995803833,
        "component_sum_ms": 7.577125549316406,
        "tick_ms": 1.083292007446289,
        "dynamic_mesh_ms": 1.9918330907821655,
        "encode_ms": 4.451542377471924,
        "admission_or_completion_ms": 0.05045799911022186
      },
      {
        "index": 924,
        "started_ms": 8957.11225,
        "submitted_ms": 8961.232,
        "observed_completed_ms": 8964.396459,
        "start_to_observed_completion_ms": 7.284208999999464,
        "submit_to_observed_completion_ms": 3.164458999999624,
        "continuous_iteration_ms": 4.126834392547607,
        "frame_ms": 4.126834392547607,
        "component_sum_ms": 4.112957954406738,
        "tick_ms": 0.975957989692688,
        "dynamic_mesh_ms": 1.241542100906372,
        "encode_ms": 1.8917080163955688,
        "admission_or_completion_ms": 0.003750000149011612
      },
      {
        "index": 925,
        "started_ms": 8961.239084,
        "submitted_ms": 8968.727625,
        "observed_completed_ms": 8972.775875,
        "start_to_observed_completion_ms": 11.53679099999863,
        "submit_to_observed_completion_ms": 4.048249999999825,
        "continuous_iteration_ms": 7.496874809265137,
        "frame_ms": 7.496874809265137,
        "component_sum_ms": 7.485873699188232,
        "tick_ms": 1.1477919816970825,
        "dynamic_mesh_ms": 1.9744160175323486,
        "encode_ms": 4.330290794372559,
        "admission_or_completion_ms": 0.03337499871850014
      },
      {
        "index": 926,
        "started_ms": 8968.735959,
        "submitted_ms": 8972.777334,
        "observed_completed_ms": 8976.066167,
        "start_to_observed_completion_ms": 7.330208000001221,
        "submit_to_observed_completion_ms": 3.2888330000005226,
        "continuous_iteration_ms": 4.045791149139404,
        "frame_ms": 4.045791149139404,
        "component_sum_ms": 4.037833213806152,
        "tick_ms": 0.9520829916000366,
        "dynamic_mesh_ms": 1.2051670551300049,
        "encode_ms": 1.8790420293807983,
        "admission_or_completion_ms": 0.0015410000924021006
      },
      {
        "index": 927,
        "started_ms": 8972.78175,
        "submitted_ms": 8980.165459,
        "observed_completed_ms": 8983.296334,
        "start_to_observed_completion_ms": 10.514584000000468,
        "submit_to_observed_completion_ms": 3.130875000000742,
        "continuous_iteration_ms": 7.389334201812744,
        "frame_ms": 7.389334201812744,
        "component_sum_ms": 7.37966775894165,
        "tick_ms": 1.1848340034484863,
        "dynamic_mesh_ms": 2.037958860397339,
        "encode_ms": 4.098542213439941,
        "admission_or_completion_ms": 0.05833300203084946
      },
      {
        "index": 928,
        "started_ms": 8980.171084,
        "submitted_ms": 8987.321124999999,
        "observed_completed_ms": 8993.654375,
        "start_to_observed_completion_ms": 13.483291000000463,
        "submit_to_observed_completion_ms": 6.333250000001499,
        "continuous_iteration_ms": 7.156540870666504,
        "frame_ms": 7.156540870666504,
        "component_sum_ms": 7.145083427429199,
        "tick_ms": 1.0018750429153442,
        "dynamic_mesh_ms": 2.078291893005371,
        "encode_ms": 4.024040699005127,
        "admission_or_completion_ms": 0.04087600111961365
      },
      {
        "index": 929,
        "started_ms": 8987.327625,
        "submitted_ms": 8994.810292,
        "observed_completed_ms": 8997.846834,
        "start_to_observed_completion_ms": 10.519209000000046,
        "submit_to_observed_completion_ms": 3.0365419999998267,
        "continuous_iteration_ms": 7.488999843597412,
        "frame_ms": 7.488999843597412,
        "component_sum_ms": 7.478916168212891,
        "tick_ms": 1.0918329954147339,
        "dynamic_mesh_ms": 1.9774160385131836,
        "encode_ms": 4.407249927520752,
        "admission_or_completion_ms": 0.0024170000106096268
      },
      {
        "index": 930,
        "started_ms": 8994.816625,
        "submitted_ms": 9002.15675,
        "observed_completed_ms": 9008.408083999999,
        "start_to_observed_completion_ms": 13.591458999999304,
        "submit_to_observed_completion_ms": 6.251333999998678,
        "continuous_iteration_ms": 7.345917224884033,
        "frame_ms": 7.345917224884033,
        "component_sum_ms": 7.336665630340576,
        "tick_ms": 1.0346670150756836,
        "dynamic_mesh_ms": 1.9637080430984497,
        "encode_ms": 4.309290885925293,
        "admission_or_completion_ms": 0.029000001028180122
      },
      {
        "index": 931,
        "started_ms": 9002.162542,
        "submitted_ms": 9009.573459000001,
        "observed_completed_ms": 9012.611250000002,
        "start_to_observed_completion_ms": 10.448708000001716,
        "submit_to_observed_completion_ms": 3.0377910000006523,
        "continuous_iteration_ms": 7.417250156402588,
        "frame_ms": 7.417250156402588,
        "component_sum_ms": 7.406291961669922,
        "tick_ms": 1.0286248922348022,
        "dynamic_mesh_ms": 2.1613330841064453,
        "encode_ms": 4.213583946228027,
        "admission_or_completion_ms": 0.002749999985098839
      },
      {
        "index": 932,
        "started_ms": 9009.579792,
        "submitted_ms": 9016.754209,
        "observed_completed_ms": 9019.598917,
        "start_to_observed_completion_ms": 10.019124999998894,
        "submit_to_observed_completion_ms": 2.844707999998718,
        "continuous_iteration_ms": 7.1802077293396,
        "frame_ms": 7.1802077293396,
        "component_sum_ms": 7.171043395996094,
        "tick_ms": 1.0122920274734497,
        "dynamic_mesh_ms": 1.9839171171188354,
        "encode_ms": 4.142209053039551,
        "admission_or_completion_ms": 0.032625000923871994
      },
      {
        "index": 933,
        "started_ms": 9016.76,
        "submitted_ms": 9020.551167000001,
        "observed_completed_ms": 9024.213042,
        "start_to_observed_completion_ms": 7.453041999999186,
        "submit_to_observed_completion_ms": 3.6618749999979627,
        "continuous_iteration_ms": 3.7961251735687256,
        "frame_ms": 3.7961251735687256,
        "component_sum_ms": 3.7881250381469727,
        "tick_ms": 0.8227919936180115,
        "dynamic_mesh_ms": 1.1933329105377197,
        "encode_ms": 1.7710829973220825,
        "admission_or_completion_ms": 0.0009169999975711107
      },
      {
        "index": 934,
        "started_ms": 9020.556125000001,
        "submitted_ms": 9024.214834,
        "observed_completed_ms": 9027.479667,
        "start_to_observed_completion_ms": 6.923541999998633,
        "submit_to_observed_completion_ms": 3.264832999999271,
        "continuous_iteration_ms": 3.6646251678466797,
        "frame_ms": 3.6646251678466797,
        "component_sum_ms": 3.6561248302459717,
        "tick_ms": 0.7365409731864929,
        "dynamic_mesh_ms": 1.1531249284744263,
        "encode_ms": 1.7653340101242065,
        "admission_or_completion_ms": 0.0011249999515712261
      },
      {
        "index": 935,
        "started_ms": 9024.22075,
        "submitted_ms": 9031.61225,
        "observed_completed_ms": 9034.708959,
        "start_to_observed_completion_ms": 10.488208999999188,
        "submit_to_observed_completion_ms": 3.096708999999464,
        "continuous_iteration_ms": 7.398250102996826,
        "frame_ms": 7.398250102996826,
        "component_sum_ms": 7.3863348960876465,
        "tick_ms": 1.1044169664382935,
        "dynamic_mesh_ms": 2.0882089138031006,
        "encode_ms": 4.1319580078125,
        "admission_or_completion_ms": 0.061750996857881546
      },
      {
        "index": 936,
        "started_ms": 9031.618999999999,
        "submitted_ms": 9038.817042,
        "observed_completed_ms": 9044.896709,
        "start_to_observed_completion_ms": 13.277709000001778,
        "submit_to_observed_completion_ms": 6.079666999999972,
        "continuous_iteration_ms": 7.211458683013916,
        "frame_ms": 7.211458683013916,
        "component_sum_ms": 7.196041107177734,
        "tick_ms": 1.0830830335617065,
        "dynamic_mesh_ms": 1.9673330783843994,
        "encode_ms": 4.106916904449463,
        "admission_or_completion_ms": 0.038707997649908066
      },
      {
        "index": 937,
        "started_ms": 9038.830458999999,
        "submitted_ms": 9046.016459,
        "observed_completed_ms": 9049.391417,
        "start_to_observed_completion_ms": 10.560958000001847,
        "submit_to_observed_completion_ms": 3.3749580000003334,
        "continuous_iteration_ms": 7.197916030883789,
        "frame_ms": 7.197916030883789,
        "component_sum_ms": 7.181708335876465,
        "tick_ms": 1.1243749856948853,
        "dynamic_mesh_ms": 2.0204579830169678,
        "encode_ms": 4.032959461212158,
        "admission_or_completion_ms": 0.0039160000160336494
      },
      {
        "index": 938,
        "started_ms": 9046.028375,
        "submitted_ms": 9053.593125000001,
        "observed_completed_ms": 9056.840584,
        "start_to_observed_completion_ms": 10.812208999999712,
        "submit_to_observed_completion_ms": 3.2474589999983436,
        "continuous_iteration_ms": 7.569499969482422,
        "frame_ms": 7.569499969482422,
        "component_sum_ms": 7.560458183288574,
        "tick_ms": 1.1702500581741333,
        "dynamic_mesh_ms": 2.153249979019165,
        "encode_ms": 4.200958251953125,
        "admission_or_completion_ms": 0.036000002175569534
      },
      {
        "index": 939,
        "started_ms": 9053.597875,
        "submitted_ms": 9061.18175,
        "observed_completed_ms": 9064.358584000001,
        "start_to_observed_completion_ms": 10.760709000001953,
        "submit_to_observed_completion_ms": 3.1768340000016906,
        "continuous_iteration_ms": 7.589291572570801,
        "frame_ms": 7.589291572570801,
        "component_sum_ms": 7.580667972564697,
        "tick_ms": 1.0689589977264404,
        "dynamic_mesh_ms": 2.1419999599456787,
        "encode_ms": 4.340208053588867,
        "admission_or_completion_ms": 0.02950100041925907
      },
      {
        "index": 940,
        "started_ms": 9061.187167,
        "submitted_ms": 9068.820334,
        "observed_completed_ms": 9072.052834,
        "start_to_observed_completion_ms": 10.86566700000003,
        "submit_to_observed_completion_ms": 3.2325000000000728,
        "continuous_iteration_ms": 7.63966703414917,
        "frame_ms": 7.63966703414917,
        "component_sum_ms": 7.629793643951416,
        "tick_ms": 1.0179589986801147,
        "dynamic_mesh_ms": 2.119791030883789,
        "encode_ms": 4.460959434509277,
        "admission_or_completion_ms": 0.031084002926945686
      },
      {
        "index": 941,
        "started_ms": 9068.826834,
        "submitted_ms": 9076.623875,
        "observed_completed_ms": 9079.589375,
        "start_to_observed_completion_ms": 10.762541000000056,
        "submit_to_observed_completion_ms": 2.9655000000002474,
        "continuous_iteration_ms": 7.804207801818848,
        "frame_ms": 7.804207801818848,
        "component_sum_ms": 7.793708801269531,
        "tick_ms": 1.0584170818328857,
        "dynamic_mesh_ms": 2.135291814804077,
        "encode_ms": 4.570166110992432,
        "admission_or_completion_ms": 0.029834002256393433
      },
      {
        "index": 942,
        "started_ms": 9076.631042,
        "submitted_ms": 9080.443459,
        "observed_completed_ms": 9084.002292,
        "start_to_observed_completion_ms": 7.3712499999983265,
        "submit_to_observed_completion_ms": 3.55883299999914,
        "continuous_iteration_ms": 3.8172500133514404,
        "frame_ms": 3.8172500133514404,
        "component_sum_ms": 3.808832883834839,
        "tick_ms": 0.942458987236023,
        "dynamic_mesh_ms": 1.228666067123413,
        "encode_ms": 1.6353750228881836,
        "admission_or_completion_ms": 0.002332999836653471
      },
      {
        "index": 943,
        "started_ms": 9080.448292,
        "submitted_ms": 9084.003625,
        "observed_completed_ms": 9086.846,
        "start_to_observed_completion_ms": 6.397708000000421,
        "submit_to_observed_completion_ms": 2.8423750000001746,
        "continuous_iteration_ms": 3.559041976928711,
        "frame_ms": 3.559041976928711,
        "component_sum_ms": 3.553083896636963,
        "tick_ms": 0.7888339757919312,
        "dynamic_mesh_ms": 1.199874997138977,
        "encode_ms": 1.5633330345153809,
        "admission_or_completion_ms": 0.0010420000180602074
      },
      {
        "index": 944,
        "started_ms": 9084.007334,
        "submitted_ms": 9087.680792000001,
        "observed_completed_ms": 9090.886708999999,
        "start_to_observed_completion_ms": 6.879374999998618,
        "submit_to_observed_completion_ms": 3.2059169999974984,
        "continuous_iteration_ms": 3.6774580478668213,
        "frame_ms": 3.6774580478668213,
        "component_sum_ms": 3.6711668968200684,
        "tick_ms": 0.8163750171661377,
        "dynamic_mesh_ms": 1.198333978652954,
        "encode_ms": 1.6553750038146973,
        "admission_or_completion_ms": 0.00108299998100847
      },
      {
        "index": 945,
        "started_ms": 9087.684792,
        "submitted_ms": 9095.3035,
        "observed_completed_ms": 9098.769709,
        "start_to_observed_completion_ms": 11.084917000000132,
        "submit_to_observed_completion_ms": 3.4662090000001626,
        "continuous_iteration_ms": 7.623875141143799,
        "frame_ms": 7.623875141143799,
        "component_sum_ms": 7.615956783294678,
        "tick_ms": 0.8765829801559448,
        "dynamic_mesh_ms": 2.292207956314087,
        "encode_ms": 4.4161248207092285,
        "admission_or_completion_ms": 0.031040998175740242
      },
      {
        "index": 946,
        "started_ms": 9095.308667,
        "submitted_ms": 9103.425667,
        "observed_completed_ms": 9106.948417,
        "start_to_observed_completion_ms": 11.639750000000276,
        "submit_to_observed_completion_ms": 3.5227500000000873,
        "continuous_iteration_ms": 8.125374794006348,
        "frame_ms": 8.125374794006348,
        "component_sum_ms": 8.11333179473877,
        "tick_ms": 1.0936659574508667,
        "dynamic_mesh_ms": 2.3263750076293945,
        "encode_ms": 4.655208110809326,
        "admission_or_completion_ms": 0.03808300197124481
      },
      {
        "index": 947,
        "started_ms": 9103.434042,
        "submitted_ms": 9111.691667000001,
        "observed_completed_ms": 9115.231875,
        "start_to_observed_completion_ms": 11.797832999998718,
        "submit_to_observed_completion_ms": 3.540207999998529,
        "continuous_iteration_ms": 8.263167381286621,
        "frame_ms": 8.263167381286621,
        "component_sum_ms": 8.253458976745605,
        "tick_ms": 1.140166997909546,
        "dynamic_mesh_ms": 2.332834005355835,
        "encode_ms": 4.74258279800415,
        "admission_or_completion_ms": 0.03787500038743019
      },
      {
        "index": 948,
        "started_ms": 9111.697209,
        "submitted_ms": 9120.218084,
        "observed_completed_ms": 9123.623584,
        "start_to_observed_completion_ms": 11.926375000000917,
        "submit_to_observed_completion_ms": 3.4055000000007567,
        "continuous_iteration_ms": 8.526290893554688,
        "frame_ms": 8.526290893554688,
        "component_sum_ms": 8.517043113708496,
        "tick_ms": 1.1827499866485596,
        "dynamic_mesh_ms": 2.317166805267334,
        "encode_ms": 4.985459327697754,
        "admission_or_completion_ms": 0.03166700154542923
      },
      {
        "index": 949,
        "started_ms": 9120.2235,
        "submitted_ms": 9128.3385,
        "observed_completed_ms": 9131.695125,
        "start_to_observed_completion_ms": 11.471625000000131,
        "submit_to_observed_completion_ms": 3.3566250000003492,
        "continuous_iteration_ms": 8.119500160217285,
        "frame_ms": 8.119500160217285,
        "component_sum_ms": 8.110710144042969,
        "tick_ms": 1.0138750076293945,
        "dynamic_mesh_ms": 2.348583936691284,
        "encode_ms": 4.714000225067139,
        "admission_or_completion_ms": 0.034251000732183456
      },
      {
        "index": 950,
        "started_ms": 9128.342999999999,
        "submitted_ms": 9136.327792,
        "observed_completed_ms": 9139.716209,
        "start_to_observed_completion_ms": 11.373209000001225,
        "submit_to_observed_completion_ms": 3.3884170000001177,
        "continuous_iteration_ms": 7.989499568939209,
        "frame_ms": 7.989499568939209,
        "component_sum_ms": 7.981625556945801,
        "tick_ms": 1.0304579734802246,
        "dynamic_mesh_ms": 2.2885000705718994,
        "encode_ms": 4.631875038146973,
        "admission_or_completion_ms": 0.030792001634836197
      },
      {
        "index": 951,
        "started_ms": 9136.3325,
        "submitted_ms": 9144.521499999999,
        "observed_completed_ms": 9147.6545,
        "start_to_observed_completion_ms": 11.322000000000116,
        "submit_to_observed_completion_ms": 3.13300000000163,
        "continuous_iteration_ms": 8.194916725158691,
        "frame_ms": 8.194916725158691,
        "component_sum_ms": 8.184748649597168,
        "tick_ms": 0.9661250114440918,
        "dynamic_mesh_ms": 2.3742079734802246,
        "encode_ms": 4.804458141326904,
        "admission_or_completion_ms": 0.03995800018310547
      },
      {
        "index": 952,
        "started_ms": 9144.527417000001,
        "submitted_ms": 9148.558542,
        "observed_completed_ms": 9152.269792000001,
        "start_to_observed_completion_ms": 7.742374999999811,
        "submit_to_observed_completion_ms": 3.711250000000291,
        "continuous_iteration_ms": 4.035624980926514,
        "frame_ms": 4.035624980926514,
        "component_sum_ms": 4.027874946594238,
        "tick_ms": 0.981749951839447,
        "dynamic_mesh_ms": 1.3353750705718994,
        "encode_ms": 1.709625005722046,
        "admission_or_completion_ms": 0.0011249999515712261
      },
      {
        "index": 953,
        "started_ms": 9148.563042,
        "submitted_ms": 9152.271499999999,
        "observed_completed_ms": 9155.420624999999,
        "start_to_observed_completion_ms": 6.857582999999067,
        "submit_to_observed_completion_ms": 3.1491249999999127,
        "continuous_iteration_ms": 3.713124990463257,
        "frame_ms": 3.713124990463257,
        "component_sum_ms": 3.706043243408203,
        "tick_ms": 0.7743340134620667,
        "dynamic_mesh_ms": 1.2908750772476196,
        "encode_ms": 1.6397500038146973,
        "admission_or_completion_ms": 0.0010839999886229634
      },
      {
        "index": 954,
        "started_ms": 9152.276167,
        "submitted_ms": 9156.407167,
        "observed_completed_ms": 9159.792625,
        "start_to_observed_completion_ms": 7.516458000000057,
        "submit_to_observed_completion_ms": 3.3854580000006536,
        "continuous_iteration_ms": 4.1367082595825195,
        "frame_ms": 4.1367082595825195,
        "component_sum_ms": 4.128042697906494,
        "tick_ms": 0.8956670165061951,
        "dynamic_mesh_ms": 1.3417500257492065,
        "encode_ms": 1.8877919912338257,
        "admission_or_completion_ms": 0.002833999926224351
      },
      {
        "index": 955,
        "started_ms": 9156.412875000002,
        "submitted_ms": 9164.6455,
        "observed_completed_ms": 9168.156708999999,
        "start_to_observed_completion_ms": 11.74383399999715,
        "submit_to_observed_completion_ms": 3.5112089999984164,
        "continuous_iteration_ms": 8.238374710083008,
        "frame_ms": 8.238374710083008,
        "component_sum_ms": 8.228874206542969,
        "tick_ms": 1.03945791721344,
        "dynamic_mesh_ms": 2.299417018890381,
        "encode_ms": 4.85195779800415,
        "admission_or_completion_ms": 0.03804200142621994
      },
      {
        "index": 956,
        "started_ms": 9164.65125,
        "submitted_ms": 9173.22225,
        "observed_completed_ms": 9176.727125,
        "start_to_observed_completion_ms": 12.075874999998632,
        "submit_to_observed_completion_ms": 3.5048749999987194,
        "continuous_iteration_ms": 8.578208923339844,
        "frame_ms": 8.578208923339844,
        "component_sum_ms": 8.566499710083008,
        "tick_ms": 1.061500072479248,
        "dynamic_mesh_ms": 2.396834135055542,
        "encode_ms": 5.064540863037109,
        "admission_or_completion_ms": 0.04362500086426735
      },
      {
        "index": 957,
        "started_ms": 9173.229459,
        "submitted_ms": 9181.679084000001,
        "observed_completed_ms": 9185.052709000001,
        "start_to_observed_completion_ms": 11.82325000000128,
        "submit_to_observed_completion_ms": 3.3736250000001746,
        "continuous_iteration_ms": 8.455875396728516,
        "frame_ms": 8.455875396728516,
        "component_sum_ms": 8.446000099182129,
        "tick_ms": 1.1021668910980225,
        "dynamic_mesh_ms": 2.350749969482422,
        "encode_ms": 4.951042175292969,
        "admission_or_completion_ms": 0.042040999978780746
      },
      {
        "index": 958,
        "started_ms": 9181.685334000002,
        "submitted_ms": 9189.917125,
        "observed_completed_ms": 9193.434542,
        "start_to_observed_completion_ms": 11.749207999999271,
        "submit_to_observed_completion_ms": 3.5174170000009326,
        "continuous_iteration_ms": 8.237375259399414,
        "frame_ms": 8.237375259399414,
        "component_sum_ms": 8.228581428527832,
        "tick_ms": 1.027500033378601,
        "dynamic_mesh_ms": 2.304166078567505,
        "encode_ms": 4.863708019256592,
        "admission_or_completion_ms": 0.03320800140500069
      },
      {
        "index": 959,
        "started_ms": 9189.922708999999,
        "submitted_ms": 9198.520292,
        "observed_completed_ms": 9201.581792,
        "start_to_observed_completion_ms": 11.659083000002283,
        "submit_to_observed_completion_ms": 3.0615000000016153,
        "continuous_iteration_ms": 11.663582801818848,
        "frame_ms": 11.663582801818848,
        "component_sum_ms": 11.649126052856445,
        "tick_ms": 1.117042064666748,
        "dynamic_mesh_ms": 2.348583936691284,
        "encode_ms": 5.084875106811523,
        "admission_or_completion_ms": 3.0986251831054688
      }
    ],
    "frame_ms_method": "Continuous host iteration intervals, including simulation, camera and mesh preparation, encoding, submission, admission and artifact readback waits, retained-pixel copies, and bookkeeping. Adjacent starts bound each interval; the last ends after final drain. Every frame enters p99/max without filtering, retaining the 16.7 ms live budget. This is bounded throughput cadence; frame completion latency is reported separately.",
    "completion_method": "One callback per primary submission records the host observation after GPU completion. Callbacks can be delayed until submit/poll; observed latency is an upper bound, not GPU duration. Submitted and completed frame indices must match exactly. All frames submit once; no presentation, vsync, compositor, or dropped-frame behavior is simulated. Native surface latency 2 is a backend hint; this offscreen run explicitly caps pending primary submissions at 2."
  },
  "pixel_readback": {
    "policy": "selected_artifact_frames",
    "primary_readback_count": 5,
    "primary_readback_frame_indices": [
      0,
      120,
      469,
      600,
      900
    ],
    "completion_only_count": 955,
    "completion_only_frame_indices": [
      1,
      2,
      3,
      4,
      5,
      6,
      7,
      8,
      9,
      10,
      11,
      12,
      13,
      14,
      15,
      16,
      17,
      18,
      19,
      20,
      21,
      22,
      23,
      24,
      25,
      26,
      27,
      28,
      29,
      30,
      31,
      32,
      33,
      34,
      35,
      36,
      37,
      38,
      39,
      40,
      41,
      42,
      43,
      44,
      45,
      46,
      47,
      48,
      49,
      50,
      51,
      52,
      53,
      54,
      55,
      56,
      57,
      58,
      59,
      60,
      61,
      62,
      63,
      64,
      65,
      66,
      67,
      68,
      69,
      70,
      71,
      72,
      73,
      74,
      75,
      76,
      77,
      78,
      79,
      80,
      81,
      82,
      83,
      84,
      85,
      86,
      87,
      88,
      89,
      90,
      91,
      92,
      93,
      94,
      95,
      96,
      97,
      98,
      99,
      100,
      101,
      102,
      103,
      104,
      105,
      106,
      107,
      108,
      109,
      110,
      111,
      112,
      113,
      114,
      115,
      116,
      117,
      118,
      119,
      121,
      122,
      123,
      124,
      125,
      126,
      127,
      128,
      129,
      130,
      131,
      132,
      133,
      134,
      135,
      136,
      137,
      138,
      139,
      140,
      141,
      142,
      143,
      144,
      145,
      146,
      147,
      148,
      149,
      150,
      151,
      152,
      153,
      154,
      155,
      156,
      157,
      158,
      159,
      160,
      161,
      162,
      163,
      164,
      165,
      166,
      167,
      168,
      169,
      170,
      171,
      172,
      173,
      174,
      175,
      176,
      177,
      178,
      179,
      180,
      181,
      182,
      183,
      184,
      185,
      186,
      187,
      188,
      189,
      190,
      191,
      192,
      193,
      194,
      195,
      196,
      197,
      198,
      199,
      200,
      201,
      202,
      203,
      204,
      205,
      206,
      207,
      208,
      209,
      210,
      211,
      212,
      213,
      214,
      215,
      216,
      217,
      218,
      219,
      220,
      221,
      222,
      223,
      224,
      225,
      226,
      227,
      228,
      229,
      230,
      231,
      232,
      233,
      234,
      235,
      236,
      237,
      238,
      239,
      240,
      241,
      242,
      243,
      244,
      245,
      246,
      247,
      248,
      249,
      250,
      251,
      252,
      253,
      254,
      255,
      256,
      257,
      258,
      259,
      260,
      261,
      262,
      263,
      264,
      265,
      266,
      267,
      268,
      269,
      270,
      271,
      272,
      273,
      274,
      275,
      276,
      277,
      278,
      279,
      280,
      281,
      282,
      283,
      284,
      285,
      286,
      287,
      288,
      289,
      290,
      291,
      292,
      293,
      294,
      295,
      296,
      297,
      298,
      299,
      300,
      301,
      302,
      303,
      304,
      305,
      306,
      307,
      308,
      309,
      310,
      311,
      312,
      313,
      314,
      315,
      316,
      317,
      318,
      319,
      320,
      321,
      322,
      323,
      324,
      325,
      326,
      327,
      328,
      329,
      330,
      331,
      332,
      333,
      334,
      335,
      336,
      337,
      338,
      339,
      340,
      341,
      342,
      343,
      344,
      345,
      346,
      347,
      348,
      349,
      350,
      351,
      352,
      353,
      354,
      355,
      356,
      357,
      358,
      359,
      360,
      361,
      362,
      363,
      364,
      365,
      366,
      367,
      368,
      369,
      370,
      371,
      372,
      373,
      374,
      375,
      376,
      377,
      378,
      379,
      380,
      381,
      382,
      383,
      384,
      385,
      386,
      387,
      388,
      389,
      390,
      391,
      392,
      393,
      394,
      395,
      396,
      397,
      398,
      399,
      400,
      401,
      402,
      403,
      404,
      405,
      406,
      407,
      408,
      409,
      410,
      411,
      412,
      413,
      414,
      415,
      416,
      417,
      418,
      419,
      420,
      421,
      422,
      423,
      424,
      425,
      426,
      427,
      428,
      429,
      430,
      431,
      432,
      433,
      434,
      435,
      436,
      437,
      438,
      439,
      440,
      441,
      442,
      443,
      444,
      445,
      446,
      447,
      448,
      449,
      450,
      451,
      452,
      453,
      454,
      455,
      456,
      457,
      458,
      459,
      460,
      461,
      462,
      463,
      464,
      465,
      466,
      467,
      468,
      470,
      471,
      472,
      473,
      474,
      475,
      476,
      477,
      478,
      479,
      480,
      481,
      482,
      483,
      484,
      485,
      486,
      487,
      488,
      489,
      490,
      491,
      492,
      493,
      494,
      495,
      496,
      497,
      498,
      499,
      500,
      501,
      502,
      503,
      504,
      505,
      506,
      507,
      508,
      509,
      510,
      511,
      512,
      513,
      514,
      515,
      516,
      517,
      518,
      519,
      520,
      521,
      522,
      523,
      524,
      525,
      526,
      527,
      528,
      529,
      530,
      531,
      532,
      533,
      534,
      535,
      536,
      537,
      538,
      539,
      540,
      541,
      542,
      543,
      544,
      545,
      546,
      547,
      548,
      549,
      550,
      551,
      552,
      553,
      554,
      555,
      556,
      557,
      558,
      559,
      560,
      561,
      562,
      563,
      564,
      565,
      566,
      567,
      568,
      569,
      570,
      571,
      572,
      573,
      574,
      575,
      576,
      577,
      578,
      579,
      580,
      581,
      582,
      583,
      584,
      585,
      586,
      587,
      588,
      589,
      590,
      591,
      592,
      593,
      594,
      595,
      596,
      597,
      598,
      599,
      601,
      602,
      603,
      604,
      605,
      606,
      607,
      608,
      609,
      610,
      611,
      612,
      613,
      614,
      615,
      616,
      617,
      618,
      619,
      620,
      621,
      622,
      623,
      624,
      625,
      626,
      627,
      628,
      629,
      630,
      631,
      632,
      633,
      634,
      635,
      636,
      637,
      638,
      639,
      640,
      641,
      642,
      643,
      644,
      645,
      646,
      647,
      648,
      649,
      650,
      651,
      652,
      653,
      654,
      655,
      656,
      657,
      658,
      659,
      660,
      661,
      662,
      663,
      664,
      665,
      666,
      667,
      668,
      669,
      670,
      671,
      672,
      673,
      674,
      675,
      676,
      677,
      678,
      679,
      680,
      681,
      682,
      683,
      684,
      685,
      686,
      687,
      688,
      689,
      690,
      691,
      692,
      693,
      694,
      695,
      696,
      697,
      698,
      699,
      700,
      701,
      702,
      703,
      704,
      705,
      706,
      707,
      708,
      709,
      710,
      711,
      712,
      713,
      714,
      715,
      716,
      717,
      718,
      719,
      720,
      721,
      722,
      723,
      724,
      725,
      726,
      727,
      728,
      729,
      730,
      731,
      732,
      733,
      734,
      735,
      736,
      737,
      738,
      739,
      740,
      741,
      742,
      743,
      744,
      745,
      746,
      747,
      748,
      749,
      750,
      751,
      752,
      753,
      754,
      755,
      756,
      757,
      758,
      759,
      760,
      761,
      762,
      763,
      764,
      765,
      766,
      767,
      768,
      769,
      770,
      771,
      772,
      773,
      774,
      775,
      776,
      777,
      778,
      779,
      780,
      781,
      782,
      783,
      784,
      785,
      786,
      787,
      788,
      789,
      790,
      791,
      792,
      793,
      794,
      795,
      796,
      797,
      798,
      799,
      800,
      801,
      802,
      803,
      804,
      805,
      806,
      807,
      808,
      809,
      810,
      811,
      812,
      813,
      814,
      815,
      816,
      817,
      818,
      819,
      820,
      821,
      822,
      823,
      824,
      825,
      826,
      827,
      828,
      829,
      830,
      831,
      832,
      833,
      834,
      835,
      836,
      837,
      838,
      839,
      840,
      841,
      842,
      843,
      844,
      845,
      846,
      847,
      848,
      849,
      850,
      851,
      852,
      853,
      854,
      855,
      856,
      857,
      858,
      859,
      860,
      861,
      862,
      863,
      864,
      865,
      866,
      867,
      868,
      869,
      870,
      871,
      872,
      873,
      874,
      875,
      876,
      877,
      878,
      879,
      880,
      881,
      882,
      883,
      884,
      885,
      886,
      887,
      888,
      889,
      890,
      891,
      892,
      893,
      894,
      895,
      896,
      897,
      898,
      899,
      901,
      902,
      903,
      904,
      905,
      906,
      907,
      908,
      909,
      910,
      911,
      912,
      913,
      914,
      915,
      916,
      917,
      918,
      919,
      920,
      921,
      922,
      923,
      924,
      925,
      926,
      927,
      928,
      929,
      930,
      931,
      932,
      933,
      934,
      935,
      936,
      937,
      938,
      939,
      940,
      941,
      942,
      943,
      944,
      945,
      946,
      947,
      948,
      949,
      950,
      951,
      952,
      953,
      954,
      955,
      956,
      957,
      958,
      959
    ],
    "temporal_baseline_readback_count": 0,
    "temporal_baseline_readback_frame_indices": null,
    "additional_artifact_readback_count": 1,
    "additional_artifact_readback_frame_indices": [
      960
    ],
    "timing_scope": "Every simulation frame calls the primary renderer once, advances history and exposure, and enters phase statistics without outlier filtering. Any initial exposure warm-up submissions drain before primary frame 0; their count and timing policy appear in submission_timing. Encode timing includes validation, fitting, uploads, encoding, submission, and optional diagnostics. The wait column includes oldest-submission admission in bounded mode, current completion in serial mode, and selected pixel copy/mapping/extraction. Unselected frames omit pixel operations. Pipelined PNG writes and progress logs occur after final drain; serial captures retain their historical writes. Repeated comparisons and extra readbacks are excluded from the historical component sum but retained in continuous iteration timing. Temporal comparisons remain serial and preserve all-frame pixel readback and warmed paired intervals."
  },
  "temporal_texture_diagnostics": {
    "enabled": false,
    "timing_acceptance_available": true,
    "method": "Only requested sequence frames allocate a snapshot of the single-sample HDR scene and copy it in the primary encoder after color/MSAA resolve, immediately before temporal processing. The final primary snapshot is retained if internal warm-ups also render. After the primary frame, two auxiliary draws (four and two color attachments, within the portable four-attachment floor) read actual resolved RG8 coverage (separate lit-body R and additive-FX G), negative saved-history alpha, current HDR before temporal resolve, newly written history RGB, and HDR after sharpening. RGBA8 outputs use identical (max(rgb,0)/(1+max(rgb,0)))^(1/2.2) display mapping for all three RGB stages. Readback advances no camera, history, exposure, or simulation. White history pixels are nonretainable. The snapshot copy is inside any enabled primary GPU timestamp span; auxiliary submissions/readback leave the primary timers unchanged. Allocation, copy, extra submissions, mapping, and PNG work are diagnostic overhead; this mode establishes no timing gate.",
    "frames": []
  },
  "width": 1920,
  "height": 1080,
  "fps": 60.0,
  "steps_per_frame": 1,
  "quality": "high",
  "effective_quality": "high",
  "particle_budget": 2048,
  "frame_budget_ms": 16.66666603088379,
  "impact_layers": [
    "flash",
    "stretched_sparks_one_bounce",
    "cooling_fireball",
    "ground_dust_ring",
    "projected_scorch",
    "smolder",
    "distance_shake"
  ],
  "trail": "Connected camera-facing ribbon widening and cooling behind the rock, with retained smoke and embers.",
  "adapter": {
    "name": "Apple M5 Max",
    "vendor": 0,
    "device": 0,
    "backend": "Metal",
    "device_type": "IntegratedGpu"
  },
  "light_settled_before_capture": true,
  "destruction_relighting_enabled": true,
  "rebuild_capture": {
    "pristine_image": "pristine.png",
    "restored_image": "restored.png",
    "pristine_frame": 0,
    "restoration_frame": 960,
    "after_simulation_frame": 959,
    "simulation_seconds": 15.983333587646484,
    "stage_time": 0.0,
    "shot": {
      "eye": [
        -34.560752868652344,
        8.5,
        -69.30223083496094
      ],
      "target": [
        -55.0,
        7.5,
        -7.0
      ]
    },
    "pristine_view": {
      "eye": [
        -34.560752868652344,
        8.5,
        -69.30223083496094
      ],
      "view_proj": [
        [
          -0.9783461093902588,
          -0.008701224811375141,
          -0.31173041462898254,
          -0.31168362498283386
        ],
        [
          0.0,
          1.830275058746338,
          -0.01525155920535326,
          -0.01524927094578743
        ],
        [
          -0.32096216082572937,
          0.026522783562541008,
          0.9502061605453491,
          0.9500635862350464
        ],
        [
          -56.0557746887207,
          -14.019970893859863,
          54.9073600769043,
          55.199119567871094
        ]
      ]
    },
    "restored_view": {
      "eye": [
        -34.560752868652344,
        8.5,
        -69.30223083496094
      ],
      "view_proj": [
        [
          -0.9783461093902588,
          -0.008701224811375141,
          -0.31173041462898254,
          -0.31168362498283386
        ],
        [
          0.0,
          1.830275058746338,
          -0.01525155920535326,
          -0.01524927094578743
        ],
        [
          -0.32096216082572937,
          0.026522783562541008,
          0.9502061605453491,
          0.9500635862350464
        ],
        [
          -56.0557746887207,
          -14.019970893859863,
          54.9073600769043,
          55.199119567871094
        ]
      ]
    },
    "method": "Applies the same rebuild intent as R after the final simulation frame, then renders with the saved pristine camera and stage without advancing simulation. The runtime clock and character state continue; exact pristine bake restoration is checked by unit tests."
  },
  "gpu_timestamp_features_supported": true,
  "gpu_timestamps_flag": false,
  "gpu_timestamps_requested": false,
  "gpu_timestamp_diagnostics_enabled": false,
  "gpu_timestamp_diagnostics_method": "Ordinary captures omit both timestamp marker draws, counter resolve/copy, and query mapping/readback. --gpu-timestamps and every comparison mode request diagnostics; unsupported devices omit them. Rendering, history, exposure, serial queue submission, and the existing completion wait remain unchanged. Enabled diagnostics use two one-pixel marker draws and four queries; invalid durations remain null. --readback-every-frame plus --gpu-timestamps reproduces the original pixel and timer workload.",
  "gpu_timestamps_available": false,
  "flash_lights_enabled": true,
  "impact_frame": 469,
  "smoke_frame": 600,
  "particle_lighting_enabled": true,
  "soft_particles_enabled": true,
  "temporal_aa_available": true,
  "temporal_aa_enabled": true,
  "temporal_comparison": null,
  "sprite_area_method": "Sum of half-width times (half-width plus half-tail) over squared camera distance, before GPU clipping; an angular overdraw proxy, not pixel coverage.",
  "particle_comparison": null,
  "flash_light_comparison": null,
  "phases": {
    "before": {
      "frames": 330,
      "frame_ms": {
        "p50": 2.001415967941284,
        "p99": 2.8019161224365234,
        "max": 4404.787109375
      },
      "continuous_iteration_ms": {
        "p50": 2.001415967941284,
        "p99": 2.8019161224365234,
        "max": 4404.787109375
      },
      "component_sum_ms": {
        "p50": 1.997623085975647,
        "p99": 2.793790102005005,
        "max": 4404.2626953125
      },
      "tick_ms": {
        "p50": 0.14066700637340546,
        "p99": 0.476624995470047,
        "max": 0.5242919921875
      },
      "dynamic_mesh_ms": {
        "p50": 0.8742079734802246,
        "p99": 1.1207499504089355,
        "max": 1.1603330373764038
      },
      "encode_ms": {
        "p50": 0.8990409970283508,
        "p99": 1.5579999685287476,
        "max": 4377.0615234375
      },
      "gpu_wait_ms": {
        "p50": 0.0007910000276751816,
        "p99": 0.054625000804662704,
        "max": 26.040998458862305
      },
      "town_swarm_ms": {
        "p50": 0.0010420000180602074,
        "p99": 0.00445799995213747,
        "max": 0.02162499912083149
      },
      "town_physics_ms": {
        "p50": 0.0001669999910518527,
        "p99": 0.001167000038549304,
        "max": 0.020083000883460045
      },
      "physics_detect_ms": {
        "p50": 0.0,
        "p99": 0.0,
        "max": 0.0
      },
      "physics_solve_ms": {
        "p50": 0.0,
        "p99": 0.0,
        "max": 0.0
      },
      "physics_step_ms": {
        "p50": 0.0,
        "p99": 0.0,
        "max": 0.0
      },
      "physics_steps_max": 0,
      "geometry_updates_max": 0,
      "body_records_max": 1,
      "collider_records_max": 1,
      "town_sync_ms": {
        "p50": 0.0016659999964758754,
        "p99": 0.3510420024394989,
        "max": 0.3999999761581421
      },
      "town_pose_ms": {
        "p50": 0.0002500000118743628,
        "p99": 0.0008329999982379377,
        "max": 0.00145800004247576
      },
      "town_solids_ms": {
        "p50": 0.0,
        "p99": 0.0,
        "max": 0.0012499999720603228
      },
      "chunks_max": 0,
      "posed_vertices_max": 0,
      "rigid_instances_max": 0,
      "awake_bodies_max": 0,
      "sleeping_bodies_max": 0,
      "merged_chunks_max": 0,
      "static_parts_max": 0,
      "static_groups_max": 0,
      "static_vertices_max": 0,
      "static_transformed_vertices_cumulative": 0,
      "static_rebuilds_cumulative": 0,
      "contact_points_max": 0,
      "warm_candidates_max": 0,
      "debris_end": {
        "frame": 329,
        "rigid_instances": 0,
        "awake_bodies": 0,
        "sleeping_bodies": 0,
        "merged_chunks": 0,
        "contact_points": 0,
        "warm_candidates": 0,
        "static_parts": 0,
        "static_groups": 0,
        "static_vertices": 0,
        "static_transformed_vertices_cumulative": 0,
        "static_rebuilds_cumulative": 0
      },
      "sprites_max": 66,
      "ribbons_max": 0,
      "ribbon_segments_max": 0,
      "draws_max": 636,
      "triangles_max": 552198,
      "flash_lights_selected_max": 0,
      "lit_alpha_max": 0,
      "density_max": 0.0,
      "most_sprites_snapshot": {
        "frame": 270,
        "sprites": 66,
        "lit_alpha": 0,
        "density_max": 0.0,
        "sprite_angular_area": 0.0032892124727368355,
        "lit_alpha_angular_area": 0.0
      },
      "most_sprite_area_snapshot": {
        "frame": 320,
        "sprites": 65,
        "lit_alpha": 0,
        "density_max": 0.0,
        "sprite_angular_area": 0.003439171239733696,
        "lit_alpha_angular_area": 0.0
      },
      "most_lit_alpha_area_snapshot": {
        "frame": 329,
        "sprites": 60,
        "lit_alpha": 0,
        "density_max": 0.0,
        "sprite_angular_area": 0.003237051423639059,
        "lit_alpha_angular_area": 0.0
      }
    },
    "swarm": {
      "frames": 360,
      "frame_ms": {
        "p50": 8.520624160766602,
        "p99": 12.388958930969238,
        "max": 15.675958633422852
      },
      "continuous_iteration_ms": {
        "p50": 8.520624160766602,
        "p99": 12.388958930969238,
        "max": 15.675958633422852
      },
      "component_sum_ms": {
        "p50": 8.508125305175781,
        "p99": 12.374500274658203,
        "max": 15.011043548583984
      },
      "tick_ms": {
        "p50": 4.86175012588501,
        "p99": 7.563834190368652,
        "max": 8.891791343688965
      },
      "dynamic_mesh_ms": {
        "p50": 1.0792499780654907,
        "p99": 1.3525840044021606,
        "max": 2.3248331546783447
      },
      "encode_ms": {
        "p50": 2.0972089767456055,
        "p99": 3.6827919483184814,
        "max": 4.699542045593262
      },
      "gpu_wait_ms": {
        "p50": 0.03520900011062622,
        "p99": 1.5531260967254639,
        "max": 6.24541711807251
      },
      "town_swarm_ms": {
        "p50": 0.009999999776482582,
        "p99": 0.14862500131130219,
        "max": 0.39366698265075684
      },
      "town_physics_ms": {
        "p50": 4.315459251403809,
        "p99": 6.6099162101745605,
        "max": 7.921459197998047
      },
      "physics_detect_ms": {
        "p50": 1.6045000553131104,
        "p99": 2.0312509536743164,
        "max": 2.127208948135376
      },
      "physics_solve_ms": {
        "p50": 2.3344991207122803,
        "p99": 4.705165863037109,
        "max": 5.641208171844482
      },
      "physics_step_ms": {
        "p50": 4.092207908630371,
        "p99": 6.297124862670898,
        "max": 7.557624816894531
      },
      "physics_steps_max": 2,
      "geometry_updates_max": 1020,
      "body_records_max": 746,
      "collider_records_max": 1160,
      "town_sync_ms": {
        "p50": 0.020625000819563866,
        "p99": 1.3634589910507202,
        "max": 2.161208152770996
      },
      "town_pose_ms": {
        "p50": 0.234375,
        "p99": 0.6433749794960022,
        "max": 0.8018749952316284
      },
      "town_solids_ms": {
        "p50": 0.0,
        "p99": 0.0048340000212192535,
        "max": 0.011083999648690224
      },
      "chunks_max": 509,
      "posed_vertices_max": 0,
      "rigid_instances_max": 1071,
      "awake_bodies_max": 509,
      "sleeping_bodies_max": 195,
      "merged_chunks_max": 0,
      "static_parts_max": 0,
      "static_groups_max": 0,
      "static_vertices_max": 0,
      "static_transformed_vertices_cumulative": 0,
      "static_rebuilds_cumulative": 2,
      "contact_points_max": 3492,
      "warm_candidates_max": 10437,
      "debris_end": {
        "frame": 689,
        "rigid_instances": 1071,
        "awake_bodies": 314,
        "sleeping_bodies": 195,
        "merged_chunks": 0,
        "contact_points": 1267,
        "warm_candidates": 3175,
        "static_parts": 0,
        "static_groups": 0,
        "static_vertices": 0,
        "static_transformed_vertices_cumulative": 0,
        "static_rebuilds_cumulative": 2
      },
      "sprites_max": 1710,
      "ribbons_max": 8,
      "ribbon_segments_max": 96,
      "draws_max": 2958,
      "triangles_max": 615517,
      "flash_lights_selected_max": 8,
      "lit_alpha_max": 986,
      "density_max": 1.5,
      "most_sprites_snapshot": {
        "frame": 482,
        "sprites": 1710,
        "lit_alpha": 985,
        "density_max": 1.5,
        "sprite_angular_area": 2.03385853767395,
        "lit_alpha_angular_area": 1.3971647024154663
      },
      "most_sprite_area_snapshot": {
        "frame": 515,
        "sprites": 1379,
        "lit_alpha": 874,
        "density_max": 1.5,
        "sprite_angular_area": 2.412501096725464,
        "lit_alpha_angular_area": 1.730587124824524
      },
      "most_lit_alpha_area_snapshot": {
        "frame": 514,
        "sprites": 1380,
        "lit_alpha": 871,
        "density_max": 1.5,
        "sprite_angular_area": 2.407709836959839,
        "lit_alpha_angular_area": 1.7330440282821655
      }
    },
    "after": {
      "frames": 270,
      "frame_ms": {
        "p50": 6.004542350769043,
        "p99": 8.526290893554688,
        "max": 12.50733470916748
      },
      "continuous_iteration_ms": {
        "p50": 6.004542350769043,
        "p99": 8.526290893554688,
        "max": 12.50733470916748
      },
      "component_sum_ms": {
        "p50": 5.997708320617676,
        "p99": 8.517043113708496,
        "max": 11.804584503173828
      },
      "tick_ms": {
        "p50": 1.3467499017715454,
        "p99": 3.727540969848633,
        "max": 3.8784592151641846
      },
      "dynamic_mesh_ms": {
        "p50": 1.0418750047683716,
        "p99": 2.348583936691284,
        "max": 2.396834135055542
      },
      "encode_ms": {
        "p50": 1.8917080163955688,
        "p99": 4.951042175292969,
        "max": 5.084875106811523
      },
      "gpu_wait_ms": {
        "p50": 0.003750000149011612,
        "p99": 0.061750996857881546,
        "max": 5.200582981109619
      },
      "town_swarm_ms": {
        "p50": 0.0065830000676214695,
        "p99": 0.00979200005531311,
        "max": 0.01445899996906519
      },
      "town_physics_ms": {
        "p50": 0.9020000100135803,
        "p99": 3.301833152770996,
        "max": 3.462125062942505
      },
      "physics_detect_ms": {
        "p50": 0.28608399629592896,
        "p99": 1.2362079620361328,
        "max": 1.428083896636963
      },
      "physics_solve_ms": {
        "p50": 0.3493329882621765,
        "p99": 1.722416877746582,
        "max": 1.7512500286102295
      },
      "physics_step_ms": {
        "p50": 0.6736670136451721,
        "p99": 3.017292022705078,
        "max": 3.1635420322418213
      },
      "physics_steps_max": 2,
      "geometry_updates_max": 564,
      "body_records_max": 746,
      "collider_records_max": 1551,
      "town_sync_ms": {
        "p50": 0.02145799994468689,
        "p99": 0.19245900213718414,
        "max": 0.3026660084724426
      },
      "town_pose_ms": {
        "p50": 0.21858298778533936,
        "p99": 0.2761250138282776,
        "max": 0.3121660053730011
      },
      "town_solids_ms": {
        "p50": 0.0,
        "p99": 0.0,
        "max": 0.0
      },
      "chunks_max": 509,
      "posed_vertices_max": 0,
      "rigid_instances_max": 1071,
      "awake_bodies_max": 314,
      "sleeping_bodies_max": 458,
      "merged_chunks_max": 391,
      "static_parts_max": 674,
      "static_groups_max": 148,
      "static_vertices_max": 53550,
      "static_transformed_vertices_cumulative": 53550,
      "static_rebuilds_cumulative": 85,
      "contact_points_max": 1253,
      "warm_candidates_max": 3138,
      "debris_end": {
        "frame": 959,
        "rigid_instances": 545,
        "awake_bodies": 0,
        "sleeping_bodies": 118,
        "merged_chunks": 391,
        "contact_points": 2,
        "warm_candidates": 4,
        "static_parts": 674,
        "static_groups": 148,
        "static_vertices": 53550,
        "static_transformed_vertices_cumulative": 53550,
        "static_rebuilds_cumulative": 85
      },
      "sprites_max": 393,
      "ribbons_max": 0,
      "ribbon_segments_max": 0,
      "draws_max": 2704,
      "triangles_max": 420686,
      "flash_lights_selected_max": 4,
      "lit_alpha_max": 248,
      "density_max": 1.5,
      "most_sprites_snapshot": {
        "frame": 702,
        "sprites": 393,
        "lit_alpha": 237,
        "density_max": 1.5,
        "sprite_angular_area": 1.1053115129470825,
        "lit_alpha_angular_area": 1.0428416728973389
      },
      "most_sprite_area_snapshot": {
        "frame": 921,
        "sprites": 299,
        "lit_alpha": 239,
        "density_max": 1.0,
        "sprite_angular_area": 1.1207674741744995,
        "lit_alpha_angular_area": 1.0663511753082275
      },
      "most_lit_alpha_area_snapshot": {
        "frame": 921,
        "sprites": 299,
        "lit_alpha": 239,
        "density_max": 1.0,
        "sprite_angular_area": 1.1207674741744995,
        "lit_alpha_angular_area": 1.0663511753082275
      }
    }
  }
}
slowest frame to render: 4404 ms; most sprites in a frame: 1710
